percentage,execution,k_s_sup,s_k_sub,t_k_sup,ns_s_sup,s_ns_sub,r_ar_sup,ar_r_sub,ns_sub_r,ks_sf_in,sub_r_r,n_r_t,ns_s_spe,nk_k_sup,s_nsup_k,nrs_ns_r,total_time
20,5,1.1399999493733048e-05,0.0002040999970631674,1.0700008715502918e-05,1.309998333454132e-05,0.00020219999714754522,0.0066441999952076,8.279999019578099e-05,2.1000014385208488e-06,1.030000566970557e-05,1.4699995517730713e-05,6.200003554113209e-06,4.999994416721165e-06,0.0006671000010101125,0.0004571000026771799,6.799993570894003e-06,0.008337799969012849
