percentage,execution,ar_r_sub,k_s_sup,ks_sf_in,n_r_t,nk_k_sup,nrs_ns_r,ns_s_spe,ns_s_sup,ns_sub_r,r_ar_sup,s_k_sub,s_ns_sub,s_nsup_k,sub_r_r,t_k_sup,total_time
50,9,0.00014330027624964714,1.1199619621038437e-05,1.0599847882986069e-05,6.500165909528732e-06,0.0020929002203047276,6.5998174250125885e-06,4.8996880650520325e-06,9.600073099136353e-06,1.6004778444766998e-06,0.006913600489497185,0.005256200209259987,0.017869700212031603,0.0014651003293693066,1.360056921839714e-05,1.0699965059757233e-05,0.03381610196083784
