percentage,execution,ar_r_sub,k_s_sup,ks_sf_in,n_r_t,nk_k_sup,nrs_ns_r,ns_s_spe,ns_s_sup,ns_sub_r,r_ar_sup,s_k_sub,s_ns_sub,s_nsup_k,sub_r_r,t_k_sup,total_time
20,7,9.659992065280676e-05,1.189985778182745e-05,1.1599971912801266e-05,7.200054824352264e-06,0.0007395000429823995,7.300055585801601e-06,5.400041118264198e-06,1.0699965059757233e-05,1.999898813664913e-06,0.006862199865281582,0.00023090001195669174,0.0002280999906361103,0.0005135000683367252,1.5399884432554245e-05,1.179997343569994e-05,0.008754099602811038
