percentage,execution,k_s_sup,s_k_sub,t_k_sup,ns_s_sup,s_ns_sub,r_ar_sup,ar_r_sub,ns_sub_r,ks_sf_in,sub_r_r,n_r_t,ns_s_spe,nk_k_sup,s_nsup_k,nrs_ns_r,total_time
30,8,8.189999789465219e-05,0.013766200005193241,0.004592800003592856,1.0299991117790341e-05,0.04256629999144934,0.002471800005878322,0.00011400000948924571,1.8999853637069464e-06,9.599985787644982e-06,1.2799995602108538e-05,6.099988240748644e-06,4.599991370923817e-06,0.002039999992121011,0.0016866999940248206,6.499991286545992e-06,0.06737149992841296
