percentage,execution,ar_r_sub,k_s_sup,ks_sf_in,n_r_t,nk_k_sup,nrs_ns_r,ns_s_spe,ns_s_sup,ns_sub_r,r_ar_sup,s_k_sub,s_ns_sub,s_nsup_k,sub_r_r,t_k_sup,total_time
60,10,1.0100000508828089e-05,7.780000032653334e-05,1.2099999366910197e-05,5.7999995988211595e-06,0.0005652999998346786,5.300000339047983e-06,4.5000006139162e-06,9.500000487605575e-06,1.8000000636675395e-06,0.0016951999996308587,0.0030588999998144573,0.009114599999520578,0.0004662000001189881,1.0299999303242657e-05,0.003680200000417244,0.018717599999945378
