percentage,execution,ar_r_sub,k_s_sup,ks_sf_in,n_r_t,nk_k_sup,nrs_ns_r,ns_s_spe,ns_s_sup,ns_sub_r,r_ar_sup,s_k_sub,s_ns_sub,s_nsup_k,sub_r_r,t_k_sup,total_time
90,6,0.0003035999834537506,9.990006219595671e-05,1.2499978765845299e-05,7.300055585801601e-06,0.002274300088174641,6.300047971308231e-06,6.00004568696022e-06,1.2400094419717789e-05,2.300017513334751e-06,0.011368699953891337,0.014330900041386485,0.017892900039441884,0.0019521000795066357,1.5700003132224083e-05,0.004990400047972798,0.05327530053909868
