percentage,execution,ar_r_sub,k_s_sup,ks_sf_in,n_r_t,nk_k_sup,nrs_ns_r,ns_s_spe,ns_s_sup,ns_sub_r,r_ar_sup,s_k_sub,s_ns_sub,s_nsup_k,sub_r_r,t_k_sup,total_time
20,10,8.9899986051023e-05,1.200009137392044e-05,1.109996810555458e-05,7.300055585801601e-06,0.0007390000391751528,7.5999414548277855e-06,5.600042641162872e-06,1.3899989426136017e-05,2.100015990436077e-06,0.006792900036089122,0.00022439996246248484,0.00022089993581175804,0.0005107999313622713,1.5399884432554245e-05,1.1600088328123093e-05,0.008664499968290329
