percentage,execution,ar_r_sub,k_s_sup,ks_sf_in,n_r_t,nk_k_sup,nrs_ns_r,ns_s_spe,ns_s_sup,ns_sub_r,r_ar_sup,s_k_sub,s_ns_sub,s_nsup_k,sub_r_r,t_k_sup,total_time
90,10,0.00020369933918118477,7.930025458335876e-05,1.0800082236528397e-05,6.400048732757568e-06,0.002049699891358614,5.400273948907852e-06,5.100388079881668e-06,1.0400079190731049e-05,1.80024653673172e-06,0.012261899653822184,0.012544699478894472,0.01680340012535453,0.001686600036919117,1.380033791065216e-05,0.0042861998081207275,0.04996920004487038
