percentage,execution,ar_r_sub,k_s_sup,ks_sf_in,n_r_t,nk_k_sup,nrs_ns_r,ns_s_spe,ns_s_sup,ns_sub_r,r_ar_sup,s_k_sub,s_ns_sub,s_nsup_k,sub_r_r,t_k_sup,total_time
10,9,1.100008375942707e-05,1.1199968867003918e-05,1.0599847882986069e-05,6.8999361246824265e-06,0.0002767000114545226,7.200054824352264e-06,5.100038833916187e-06,9.399955160915852e-06,2.00001522898674e-06,0.004972299910150468,8.460006210952997e-05,8.190004155039787e-05,0.00019099994096904993,1.479999627918005e-05,1.0199961252510548e-05,0.00569489982444793
