percentage,execution,k_s_sup,s_k_sub,t_k_sup,ns_s_sup,s_ns_sub,r_ar_sup,ar_r_sub,ns_sub_r,ks_sf_in,sub_r_r,n_r_t,ns_s_spe,nk_k_sup,s_nsup_k,nrs_ns_r,total_time
50,5,1.3500000932253897e-05,0.0003723999980138615,1.0899995686486363e-05,1.139998494181782e-05,0.0003606999962357804,0.010612900005071424,7.929999264888465e-05,1.6999983927235007e-06,9.899988071992993e-06,1.3299984857439995e-05,6.50000583846122e-06,5.0000089686363935e-06,0.001310200008447282,0.0009616000024834648,6.200003554113209e-06,0.013775499974144623
