percentage,execution,k_s_sup,s_k_sub,t_k_sup,ns_s_sup,s_ns_sub,r_ar_sup,ar_r_sub,ns_sub_r,ks_sf_in,sub_r_r,n_r_t,ns_s_spe,nk_k_sup,s_nsup_k,nrs_ns_r,total_time
30,2,1.0899995686486363e-05,0.00026130001060664654,1.0599993402138352e-05,9.399998816661537e-06,0.000259000007645227,0.006137700009276159,0.00015749999147374183,2.600019797682762e-06,1.0299991117790341e-05,1.3500000932253897e-05,6.200003554113209e-06,4.899993655271828e-06,0.0008369999995920807,0.0005763000081060454,6.699992809444666e-06,0.008303900016471744
