percentage,execution,ar_r_sub,k_s_sup,ks_sf_in,n_r_t,nk_k_sup,nrs_ns_r,ns_s_spe,ns_s_sup,ns_sub_r,r_ar_sup,s_k_sub,s_ns_sub,s_nsup_k,sub_r_r,t_k_sup,total_time
30,8,0.00016409996896982193,1.0899733752012253e-05,1.0099727660417557e-05,6.70040026307106e-06,0.0008163000456988811,6.600283086299896e-06,4.800036549568176e-06,2.7599744498729706e-05,1.8994323909282684e-06,0.006382100284099579,0.0002696998417377472,0.0002679000608623028,0.0005538999103009701,1.3699755072593689e-05,1.0600313544273376e-05,0.008546899538487196
