percentage,execution,ar_r_sub,k_s_sup,ks_sf_in,n_r_t,nk_k_sup,nrs_ns_r,ns_s_spe,ns_s_sup,ns_sub_r,r_ar_sup,s_k_sub,s_ns_sub,s_nsup_k,sub_r_r,t_k_sup,total_time
80,10,0.00015799992252141237,0.00013370008673518896,1.5600002370774746e-05,7.200054824352264e-06,0.002329499926418066,6.400048732757568e-06,5.700043402612209e-06,1.1699972674250603e-05,2.200016751885414e-06,0.011694099986925721,0.01498169987462461,0.026449199998751283,0.0020041000097990036,1.8200022168457508e-05,0.005211999989114702,0.06302929995581508
