percentage,execution,ar_r_sub,k_s_sup,ks_sf_in,n_r_t,nk_k_sup,nrs_ns_r,ns_s_spe,ns_s_sup,ns_sub_r,r_ar_sup,s_k_sub,s_ns_sub,s_nsup_k,sub_r_r,t_k_sup,total_time
80,4,0.0003583999996408238,7.800000093993731e-05,1.6000000869098585e-05,9.200000022246968e-06,0.001955400000042573,7.099999493220821e-06,7.900000127847306e-06,1.1099999937869143e-05,2.100000529026147e-06,0.009715500000311295,0.010912400000052003,0.019926199998735683,0.0017631999999139225,1.770000108081149e-05,0.0046934000001783716,0.04947360000187473
