percentage,execution,ar_r_sub,k_s_sup,ks_sf_in,n_r_t,nk_k_sup,nrs_ns_r,ns_s_spe,ns_s_sup,ns_sub_r,r_ar_sup,s_k_sub,s_ns_sub,s_nsup_k,sub_r_r,t_k_sup,total_time
20,1,1.070043072104454e-05,8.509960025548935e-05,1.0299962013959885e-05,6.100162863731384e-06,0.0020240996964275837,6.6999346017837524e-06,4.70038503408432e-06,1.00000761449337e-05,1.600012183189392e-06,0.002517899964004755,0.013735899701714516,0.04542259965091944,0.0017344001680612564,1.3299752026796341e-05,0.004513099789619446,0.070096499286592
