percentage,execution,k_s_sup,s_k_sub,t_k_sup,ns_s_sup,s_ns_sub,r_ar_sup,ar_r_sub,ns_sub_r,ks_sf_in,sub_r_r,n_r_t,ns_s_spe,nk_k_sup,s_nsup_k,nrs_ns_r,total_time
20,10,1.0199990356341004e-05,0.00020429999858606607,1.0200004908256233e-05,9.299983503296971e-06,0.0001967999996850267,1.069999416358769e-05,0.00019529998826328665,1.7999991541728377e-06,1.0000003385357559e-05,1.2799995602108538e-05,6.50000583846122e-06,4.8000074457377195e-06,0.000567900002351962,0.00035859999479725957,6.999995093792677e-06,0.0016061999631347135
