percentage,execution,ar_r_sub,k_s_sup,ks_sf_in,n_r_t,nk_k_sup,nrs_ns_r,ns_s_spe,ns_s_sup,ns_sub_r,r_ar_sup,s_k_sub,s_ns_sub,s_nsup_k,sub_r_r,t_k_sup,total_time
40,1,0.0001982000003408757,1.2200001037854236e-05,1.06999996205559e-05,6.400000529538374e-06,0.0022245999998631305,6.799999937356915e-06,4.900000021734741e-06,9.999999747378752e-06,1.8000000636675395e-06,0.003762999999707972,0.006360200000926852,0.023832499999116408,0.0015514999995502876,1.3299999409355223e-05,1.160000010713702e-05,0.038007699999980105
