percentage,execution,k_s_sup,s_k_sub,t_k_sup,ns_s_sup,s_ns_sub,r_ar_sup,ar_r_sub,ns_sub_r,ks_sf_in,sub_r_r,n_r_t,ns_s_spe,nk_k_sup,s_nsup_k,nrs_ns_r,total_time
70,9,1.3199998647905886e-05,0.004896200000075623,1.09999964479357e-05,9.700001101009548e-06,0.004829599987715483,0.01304470001196023,8.099999104160815e-05,2.2000021999701858e-06,1.0299991117790341e-05,1.2999997125007212e-05,6.699992809444666e-06,8.000002708286047e-06,0.0018924000032711774,0.0013442999916151166,5.89998671784997e-06,0.02616819995455444
