percentage,execution,ar_r_sub,k_s_sup,ks_sf_in,n_r_t,nk_k_sup,nrs_ns_r,ns_s_spe,ns_s_sup,ns_sub_r,r_ar_sup,s_k_sub,s_ns_sub,s_nsup_k,sub_r_r,t_k_sup,total_time
50,3,0.00022559997159987688,1.2299860827624798e-05,1.1299969628453255e-05,7.100054062902927e-06,0.0013460000045597553,7.500057108700275e-06,5.400041118264198e-06,1.0600080713629723e-05,2.09989957511425e-06,0.008372099953703582,0.00042209995444864035,0.0004146000137552619,0.0009246000554412603,1.5199882909655571e-05,1.1899974197149277e-05,0.011788399773649871
