percentage,execution,ar_r_sub,k_s_sup,ks_sf_in,n_r_t,nk_k_sup,nrs_ns_r,ns_s_spe,ns_s_sup,ns_sub_r,r_ar_sup,s_k_sub,s_ns_sub,s_nsup_k,sub_r_r,t_k_sup,total_time
30,7,0.00022850011009722948,1.179997343569994e-05,1.1399970389902592e-05,6.6999346017837524e-06,0.0008640000596642494,7.200054824352264e-06,5.300040356814861e-06,1.0899966582655907e-05,2.00001522898674e-06,0.004916600068099797,0.000287500093691051,0.00028309994377195835,0.0005812000017613173,1.4999881386756897e-05,1.1400086805224419e-05,0.00724260020069778
