percentage,execution,ar_r_sub,k_s_sup,ks_sf_in,n_r_t,nk_k_sup,nrs_ns_r,ns_s_spe,ns_s_sup,ns_sub_r,r_ar_sup,s_k_sub,s_ns_sub,s_nsup_k,sub_r_r,t_k_sup,total_time
40,3,0.00022839999292045832,1.2100092135369778e-05,1.209997572004795e-05,7.2999391704797745e-06,0.0011377999326214194,7.300055585801601e-06,5.399924702942371e-06,1.0999967344105244e-05,2.00001522898674e-06,0.0068104000529274344,0.00036550010554492474,0.00035690004006028175,0.0007706000469624996,1.5399884432554245e-05,1.2100092135369778e-05,0.009754300117492676
