execution,k_s_sup,s_k_sub,t_k_sup,ns_s_sup,s_ns_sub,r_ar_sup,ar_r_sub,ns_sub_r,ks_sf_in,sub_r_r,n_r_t,ns_s_spe,nk_k_sup,s_nsup_k,nrs_ns_r,total_time
1,1.0200019460171461e-05,0.0027242000214755535,2.7300033252686262e-05,9.899958968162537e-06,0.013370300002861768,1.1400028597563505e-05,0.01701019995380193,2.100015990436077e-06,1.0100018698722124e-05,0.003364300006069243,6.099988240748644e-06,4.600035026669502e-06,0.0010082999942824244,0.0007035000016912818,5.599984433501959e-06,0.03826810006285086
2,0.009227699949406087,8.44000605866313e-05,0.00010800000745803118,0.0009796000085771084,8.169998181983829e-05,0.006098499987274408,1.3599987141788006e-05,1.8999562598764896e-06,9.700015652924776e-06,1.160003012046218e-05,5.800044164061546e-06,0.0010989999864250422,6.999995093792677e-06,5.299982149153948e-06,5.499983672052622e-06,0.01773929997580126
3,8.960004197433591e-05,0.004705999977886677,0.0011032999609597027,9.499955922365189e-06,0.01972459995886311,8.069997420534492e-05,9.000010322779417e-06,1.800013706088066e-06,8.999952115118504e-06,1.0999967344105244e-05,5.300040356814861e-06,4.700035788118839e-06,0.0007769999792799354,0.000673400005325675,6.399990525096655e-06,0.027211299864575267
4,0.0087486999691464,8.060003165155649e-05,0.00013240001862868667,0.0009796000085771084,8.060003165155649e-05,0.005978100001811981,1.2599979527294636e-05,1.9000144675374031e-06,9.200011845678091e-06,1.1499971151351929e-05,5.699985194951296e-06,0.0009412000072188675,5.499983672052622e-06,4.699977580457926e-06,4.999979864805937e-06,0.016997299971990287
5,0.00910729996394366,8.139997953549027e-05,0.00012259994400665164,0.000997799972537905,0.00010299996938556433,0.006246200005989522,1.2499978765845299e-05,2.00001522898674e-06,1.2100092135369778e-05,1.4200049918144941e-05,5.800044164061546e-06,0.0010445999796502292,5.499983672052622e-06,4.999979864805937e-06,5.399982910603285e-06,0.017765399941708893
