execution,k_s_sup,s_k_sub,t_k_sup,ns_s_sup,s_ns_sub,r_ar_sup,ar_r_sub,ns_sub_r,ks_sf_in,sub_r_r,n_r_t,ns_s_spe,nk_k_sup,s_nsup_k,nrs_ns_r,total_time
1,7.969996659085155e-05,0.0010435999720357358,0.001106100040487945,9.500014130026102e-06,0.004594199941493571,7.939996430650353e-05,8.600007276982069e-06,1.9000144675374031e-06,9.09995287656784e-06,9.800016414374113e-06,4.699977580457926e-06,4.199973773211241e-06,0.00016330002108588815,0.0001289999927394092,7.499998901039362e-06,0.0072505998541601
2,9.09995287656784e-06,8.190004155039787e-05,8.899951353669167e-06,8.299946784973145e-06,7.670000195503235e-05,0.0026508999872021377,9.899958968162537e-06,2.00001522898674e-06,9.299954399466515e-06,1.0599964298307896e-05,5.199981387704611e-06,4.399975296109915e-06,0.00021929998183622956,0.00013160001253709197,1.1299969628453255e-05,0.003239399695303291
