percentage,execution,ar_r_sub,k_s_sup,ks_sf_in,n_r_t,nk_k_sup,nrs_ns_r,ns_s_spe,ns_s_sup,ns_sub_r,r_ar_sup,s_k_sub,s_ns_sub,s_nsup_k,sub_r_r,t_k_sup,total_time
60,3,0.020298700000239478,0.004812600001059764,1.2799999240087345e-05,6.999999641266186e-06,7.100000402715523e-06,6.199999916134402e-06,0.01269990000037069,0.019678700000440585,2.1999994714860804e-06,0.005479500000546977,0.00019320000046718633,0.00019599999995989492,5.599999894911889e-06,1.7899999875226058e-05,0.0002237999997305451,0.06364120000125695
