percentage,execution,k_s_sup,s_k_sub,t_k_sup,ns_s_sup,s_ns_sub,r_ar_sup,ar_r_sub,ns_sub_r,ks_sf_in,sub_r_r,n_r_t,ns_s_spe,nk_k_sup,s_nsup_k,nrs_ns_r,total_time
40,7,0.0065421000035712495,9.549999958835542e-05,0.00012009999772999436,0.026060400006826967,9.940000018104911e-05,0.004524899995885789,0.011361400000168942,3.2999960239976645e-06,1.8400009139440954e-05,2.649999805726111e-05,8.999995770864189e-06,0.016536399998585694,1.3100012438371778e-05,6.799993570894003e-06,8.29999044071883e-06,0.06542559999797959
