percentage,execution,k_s_sup,s_k_sub,t_k_sup,ns_s_sup,s_ns_sub,r_ar_sup,ar_r_sub,ns_sub_r,ks_sf_in,sub_r_r,n_r_t,ns_s_spe,nk_k_sup,s_nsup_k,nrs_ns_r,total_time
20,4,0.010409600014099851,0.00010239999392069876,0.00012539999443106353,0.03090310000698082,0.000106100007542409,0.013319500008947216,0.014241400000173599,2.6999914553016424e-06,1.750000228639692e-05,2.479999966453761e-05,9.099996532313526e-06,0.016773299998021685,8.90000956133008e-06,7.099995855242014e-06,9.199997293762863e-06,0.08606010001676623
