percentage,execution,ar_r_sub,k_s_sup,ks_sf_in,n_r_t,nk_k_sup,nrs_ns_r,ns_s_spe,ns_s_sup,ns_sub_r,r_ar_sup,s_k_sub,s_ns_sub,s_nsup_k,sub_r_r,t_k_sup,total_time
10,6,0.010788200073875487,1.1599971912801266e-05,1.119985245168209e-05,6.8999361246824265e-06,5.800044164061546e-06,7.300055585801601e-06,0.008123099920339882,0.018824199913069606,1.800013706088066e-06,1.1800089851021767e-05,9.599956683814526e-06,1.1899974197149277e-05,5.199923180043697e-06,1.780001912266016e-05,1.0400079190731049e-05,0.03784679982345551
