percentage,execution,ar_r_sub,k_s_sup,ks_sf_in,n_r_t,nk_k_sup,nrs_ns_r,ns_s_spe,ns_s_sup,ns_sub_r,r_ar_sup,s_k_sub,s_ns_sub,s_nsup_k,sub_r_r,t_k_sup,total_time
80,8,0.003290499999820895,0.004612799999449635,1.1599999197642319e-05,7.0000005507608876e-06,6.8999997893115506e-06,5.599999894911889e-06,0.018271199999617238,0.03305770000042685,1.8000000636675395e-06,0.011712400000760681,0.0001954000008481671,0.0001971000001503853,5.800000508315861e-06,1.6900000446185004e-05,0.00021699999979318818,0.07160970000131783
