percentage,execution,ar_r_sub,k_s_sup,ks_sf_in,n_r_t,nk_k_sup,nrs_ns_r,ns_s_spe,ns_s_sup,ns_sub_r,r_ar_sup,s_k_sub,s_ns_sub,s_nsup_k,sub_r_r,t_k_sup,total_time
40,7,0.000141299999995681,0.006461900000431342,1.1399999493733048e-05,7.3999999585794285e-06,7.300000106624793e-06,7.200000254670158e-06,0.011796499999945809,0.019848799999635958,1.8999999156221747e-06,0.011323199999424105,0.00014339999961521244,0.0001443999999537482,5.699999746866524e-06,1.8700000509852543e-05,0.00015929999881336698,0.05007839999780117
