percentage,execution,k_s_sup,s_k_sub,t_k_sup,ns_s_sup,s_ns_sub,r_ar_sup,ar_r_sub,ns_sub_r,ks_sf_in,sub_r_r,n_r_t,ns_s_spe,nk_k_sup,s_nsup_k,nrs_ns_r,total_time
80,6,0.008463099977234378,0.00043929999810643494,0.0003823999868473038,0.039008299994748086,0.000341799997841008,0.017680999982985668,0.020665100004407577,2.7000060072168708e-06,1.619999238755554e-05,2.6599998818710446e-05,9.499999578110874e-06,0.02485319999686908,9.099996532313526e-06,7.499998901039362e-06,6.999995093792677e-06,0.11191279992635828
