percentage,execution,ar_r_sub,k_s_sup,ks_sf_in,n_r_t,nk_k_sup,nrs_ns_r,ns_s_spe,ns_s_sup,ns_sub_r,r_ar_sup,s_k_sub,s_ns_sub,s_nsup_k,sub_r_r,t_k_sup,total_time
80,8,0.011502699926495552,0.010530999978072941,1.309998333454132e-05,7.999944500625134e-06,7.6000578701496124e-06,5.799927748739719e-06,0.021492900094017386,0.03574420011136681,2.300017513334751e-06,0.01581630005966872,0.0002986999461427331,0.0002986000617966056,6.800051778554916e-06,1.9099912606179714e-05,0.00033249997068196535,0.09607960004359484
