percentage,execution,ar_r_sub,k_s_sup,ks_sf_in,n_r_t,nk_k_sup,nrs_ns_r,ns_s_spe,ns_s_sup,ns_sub_r,r_ar_sup,s_k_sub,s_ns_sub,s_nsup_k,sub_r_r,t_k_sup,total_time
20,7,0.033253700006753206,0.008209999999962747,1.1600088328123093e-05,7.100054062902927e-06,6.200047209858894e-06,6.7999353632330894e-06,0.009414599975571036,0.014119699946604669,2.100015990436077e-06,0.00989290012512356,8.36000544950366e-05,8.0699915997684e-05,8.200062438845634e-06,1.8999911844730377e-05,9.659992065280676e-05,0.07521280006039888
