percentage,execution,k_s_sup,s_k_sub,t_k_sup,ns_s_sup,s_ns_sub,r_ar_sup,ar_r_sub,ns_sub_r,ks_sf_in,sub_r_r,n_r_t,ns_s_spe,nk_k_sup,s_nsup_k,nrs_ns_r,total_time
50,2,0.008116199998767115,0.00017040000238921493,0.00019230000907555223,0.027401300016208552,0.00017920001118909568,0.014744099986273795,0.030370599997695535,2.900007530115545e-06,1.550000160932541e-05,2.1200001356191933e-05,8.600007276982069e-06,0.016791400004876778,8.799994247965515e-06,6.799993570894003e-06,7.399998139590025e-06,0.0980367000302067
