percentage,execution,ar_r_sub,k_s_sup,ks_sf_in,n_r_t,nk_k_sup,nrs_ns_r,ns_s_spe,ns_s_sup,ns_sub_r,r_ar_sup,s_k_sub,s_ns_sub,s_nsup_k,sub_r_r,t_k_sup,total_time
90,5,0.014323000330477953,0.00515380036085844,1.550000160932541e-05,7.4999406933784485e-06,7.4999406933784485e-06,5.499925464391708e-06,0.019216699991375208,0.022847699467092752,1.8994323909282684e-06,0.011987099889665842,0.0002022995613515377,0.00026640016585588455,6.00004568696022e-06,1.7399899661540985e-05,0.00022989977151155472,0.07428819872438908
