percentage,execution,ar_r_sub,k_s_sup,ks_sf_in,n_r_t,nk_k_sup,nrs_ns_r,ns_s_spe,ns_s_sup,ns_sub_r,r_ar_sup,s_k_sub,s_ns_sub,s_nsup_k,sub_r_r,t_k_sup,total_time
60,5,0.0235726999999315,0.004758800000672636,1.359999987471383e-05,7.200000254670158e-06,6.399999620043673e-06,6.100000064179767e-06,0.015474400000130117,0.021449299999403593,1.9000008251168765e-06,0.008342799999809358,7.639999967068434e-05,7.729999924777076e-05,5.599999894911889e-06,1.700000029813964e-05,9.159999990515644e-05,0.07390109999960259
