percentage,execution,ar_r_sub,k_s_sup,ks_sf_in,n_r_t,nk_k_sup,nrs_ns_r,ns_s_spe,ns_s_sup,ns_sub_r,r_ar_sup,s_k_sub,s_ns_sub,s_nsup_k,sub_r_r,t_k_sup,total_time
70,5,0.02421360043808818,0.0050302003510296345,1.180032268166542e-05,6.90016895532608e-06,9.499955922365189e-06,5.700159817934036e-06,0.014045999851077795,0.019375700037926435,1.900363713502884e-06,0.01158299995586276,0.000202300027012825,0.0002055000513792038,5.600042641162872e-06,1.71000137925148e-05,0.00023279991000890732,0.07494760164991021
