percentage,execution,ar_r_sub,k_s_sup,ks_sf_in,n_r_t,nk_k_sup,nrs_ns_r,ns_s_spe,ns_s_sup,ns_sub_r,r_ar_sup,s_k_sub,s_ns_sub,s_nsup_k,sub_r_r,t_k_sup,total_time
20,2,0.00020820000099774916,1.2099999366910197e-05,1.1999999514955562e-05,7.3999999585794285e-06,6.399999620043673e-06,6.8999997893115506e-06,0.014984200000071723,0.03782049999972514,1.9000008251168765e-06,0.00854180000078486,1.0400000064691994e-05,1.539999993838137e-05,5.800000508315861e-06,1.83000001925393e-05,1.199999860546086e-05,0.06166329999996378
