percentage,execution,ar_r_sub,k_s_sup,ks_sf_in,n_r_t,nk_k_sup,nrs_ns_r,ns_s_spe,ns_s_sup,ns_sub_r,r_ar_sup,s_k_sub,s_ns_sub,s_nsup_k,sub_r_r,t_k_sup,total_time
50,1,1.1499971151351929e-05,1.1899974197149277e-05,1.0500196367502213e-05,6.600283086299896e-06,0.0019586998969316483,6.300397217273712e-06,0.0010680998675525188,7.849978283047676e-05,1.7997808754444122e-06,0.023422699887305498,0.0025782999582588673,0.0024124998599290848,0.0015215999446809292,1.890026032924652e-05,1.12997367978096e-05,0.0331191997975111
