percentage,execution,ar_r_sub,k_s_sup,ks_sf_in,n_r_t,nk_k_sup,nrs_ns_r,ns_s_spe,ns_s_sup,ns_sub_r,r_ar_sup,s_k_sub,s_ns_sub,s_nsup_k,sub_r_r,t_k_sup,total_time
40,2,1.1599622666835785e-05,0.001702600158751011,1.0599847882986069e-05,6.6999346017837524e-06,0.0026226998306810856,6.800051778554916e-06,0.0010319002903997898,8.609984070062637e-05,1.80024653673172e-06,0.012357799801975489,0.013678399845957756,0.04202920012176037,0.002367400098592043,1.6300007700920105e-05,0.015065600164234638,0.09099549986422062
