percentage,execution,k_s_sup,s_k_sub,t_k_sup,ns_s_sup,s_ns_sub,r_ar_sup,ar_r_sub,ns_sub_r,ks_sf_in,sub_r_r,n_r_t,ns_s_spe,nk_k_sup,s_nsup_k,nrs_ns_r,total_time
40,8,1.0799994925037026e-05,9.399984264746308e-06,1.0000003385357559e-05,0.03220399998826906,1.0800009476952255e-05,0.0054112000070745125,0.0010459000041009858,1.8999853637069464e-06,1.0399991879239678e-05,1.5400000847876072e-05,6.300004315562546e-06,0.010950199997751042,5.49999822396785e-06,4.999994416721165e-06,5.800000508315861e-06,0.049702599964803085
