percentage,execution,ar_r_sub,k_s_sup,ks_sf_in,n_r_t,nk_k_sup,nrs_ns_r,ns_s_spe,ns_s_sup,ns_sub_r,r_ar_sup,s_k_sub,s_ns_sub,s_nsup_k,sub_r_r,t_k_sup,total_time
50,9,0.012207399937324226,1.0699848644435406e-05,1.0400079190731049e-05,6.300047971308231e-06,9.300070814788342e-06,9.699957445263863e-06,0.01199060003273189,0.033271800144575536,2.00001522898674e-06,0.005311699933372438,9.200070053339005e-06,1.0599964298307896e-05,9.00006853044033e-06,1.4899997040629387e-05,9.89984255284071e-06,0.06288350000977516
