percentage,execution,ar_r_sub,k_s_sup,ks_sf_in,n_r_t,nk_k_sup,nrs_ns_r,ns_s_spe,ns_s_sup,ns_sub_r,r_ar_sup,s_k_sub,s_ns_sub,s_nsup_k,sub_r_r,t_k_sup,total_time
80,5,1.089985016733408e-05,0.0016621999675408006,9.900075383484364e-06,6.199930794537067e-06,0.002463200013153255,5.900044925510883e-06,0.0009712000610306859,7.720012217760086e-05,1.9000144675374031e-06,0.024114400031976402,0.013297499972395599,0.02249369991477579,0.0022381999297067523,1.919991336762905e-05,0.012762500089593232,0.08013409993145615
