percentage,execution,ar_r_sub,k_s_sup,ks_sf_in,n_r_t,nk_k_sup,nrs_ns_r,ns_s_spe,ns_s_sup,ns_sub_r,r_ar_sup,s_k_sub,s_ns_sub,s_nsup_k,sub_r_r,t_k_sup,total_time
80,9,1.1300086043775082e-05,0.001663300092332065,1.009996049106121e-05,6.500049494206905e-06,0.002554600010626018,5.999929271638393e-06,0.0009914999827742577,7.929990533739328e-05,1.9000144675374031e-06,0.015396000002510846,0.013956399983726442,0.023429500055499375,0.0023358999751508236,1.5300000086426735e-05,0.013029700028710067,0.07348730007652193
