percentage,execution,k_s_sup,s_k_sub,t_k_sup,ns_s_sup,s_ns_sub,r_ar_sup,ar_r_sub,ns_sub_r,ks_sf_in,sub_r_r,n_r_t,ns_s_spe,nk_k_sup,s_nsup_k,nrs_ns_r,total_time
70,1,1.0800009476952255e-05,9.399998816661537e-06,1.2699994840659201e-05,0.02350869998917915,1.1000025551766157e-05,0.0036016999947605655,0.01447149999148678,2.0000006770715117e-06,1.0700008715502918e-05,1.4700010069645941e-05,6.499991286545992e-06,0.01169579999987036,5.599998985417187e-06,5.0000089686363935e-06,5.099995178170502e-06,0.053371200017863885
