percentage,execution,ar_r_sub,k_s_sup,ks_sf_in,n_r_t,nk_k_sup,nrs_ns_r,ns_s_spe,ns_s_sup,ns_sub_r,r_ar_sup,s_k_sub,s_ns_sub,s_nsup_k,sub_r_r,t_k_sup,total_time
70,8,1.3199867680668831e-05,0.004198000067844987,1.0599964298307896e-05,6.199930794537067e-06,0.0024590000975877047,5.599926225841045e-06,0.001003699959255755,8.160003926604986e-05,2.300017513334751e-06,0.027299400069750845,0.00593690003734082,0.005918500013649464,0.0019369999645277858,1.5900004655122757e-05,0.0033559000585228205,0.052243800018914044
