percentage,execution,ar_r_sub,k_s_sup,ks_sf_in,n_r_t,nk_k_sup,nrs_ns_r,ns_s_spe,ns_s_sup,ns_sub_r,r_ar_sup,s_k_sub,s_ns_sub,s_nsup_k,sub_r_r,t_k_sup,total_time
80,7,0.009328400250524282,1.4800112694501877e-05,1.569977030158043e-05,7.300172001123428e-06,6.1998143792152405e-06,5.600042641162872e-06,0.013669199775904417,0.03409889992326498,2.600252628326416e-06,0.008701700251549482,1.3799872249364853e-05,1.5099998563528061e-05,5.600042641162872e-06,3.00002284348011e-05,1.5200115740299225e-05,0.06593010062351823
