percentage,execution,k_s_sup,s_k_sub,t_k_sup,ns_s_sup,s_ns_sub,r_ar_sup,ar_r_sub,ns_sub_r,ks_sf_in,sub_r_r,n_r_t,ns_s_spe,nk_k_sup,s_nsup_k,nrs_ns_r,total_time
40,4,0.004931800009217113,0.012277799993171357,0.013180099995224737,7.660000119358301e-05,0.03471969999372959,0.019281099986983463,1.0700008715502918e-05,1.800013706088066e-06,1.1900003300979733e-05,1.610000617802143e-05,6.299989763647318e-06,0.0010283000010531396,0.0025514000008115545,0.002234999992651865,6.399990525096655e-06,0.09033499998622574
