percentage,execution,ar_r_sub,k_s_sup,ks_sf_in,n_r_t,nk_k_sup,nrs_ns_r,ns_s_spe,ns_s_sup,ns_sub_r,r_ar_sup,s_k_sub,s_ns_sub,s_nsup_k,sub_r_r,t_k_sup,total_time
20,4,1.079996582120657e-05,0.004079699981957674,1.0200077667832375e-05,6.299931555986404e-06,0.002160400035791099,7.1999384090304375e-06,0.0010219999821856618,7.790001109242439e-05,1.7998972907662392e-06,0.005884799989871681,0.011444699950516224,0.03377119998913258,0.0020222000312060118,1.4999997802078724e-05,0.00988979998510331,0.07040399976540357
