percentage,execution,k_s_sup,s_k_sub,t_k_sup,ns_s_sup,s_ns_sub,r_ar_sup,ar_r_sub,ns_sub_r,ks_sf_in,sub_r_r,n_r_t,ns_s_spe,nk_k_sup,s_nsup_k,nrs_ns_r,total_time
60,3,0.0017156999965664,0.013411799998721108,0.013471300000674091,7.71000050008297e-05,0.0325066999939736,0.017162300006020814,1.0800009476952255e-05,1.8999999156221747e-06,1.0399991879239678e-05,1.550000160932541e-05,6.299989763647318e-06,0.000996499991742894,0.0025390999944647774,0.0023462000099243596,6.000002031214535e-06,0.08427759999176487
