percentage,execution,ar_r_sub,k_s_sup,ks_sf_in,n_r_t,nk_k_sup,nrs_ns_r,ns_s_spe,ns_s_sup,ns_sub_r,r_ar_sup,s_k_sub,s_ns_sub,s_nsup_k,sub_r_r,t_k_sup,total_time
60,6,0.00014030048623681068,0.0025016996078193188,1.070043072104454e-05,6.70040026307106e-06,6.00004568696022e-06,5.600042641162872e-06,0.010171399917453527,0.023473100271075964,1.8998980522155762e-06,0.009879499673843384,7.899990305304527e-05,8.279969915747643e-05,5.3998082876205444e-06,1.769931986927986e-05,9.230058640241623e-05,0.0464741000905633
