percentage,execution,ar_r_sub,k_s_sup,ks_sf_in,n_r_t,nk_k_sup,nrs_ns_r,ns_s_spe,ns_s_sup,ns_sub_r,r_ar_sup,s_k_sub,s_ns_sub,s_nsup_k,sub_r_r,t_k_sup,total_time
50,7,7.729989010840654e-05,1.0699965059757233e-05,1.0600080713629723e-05,6.400048732757568e-06,0.0002821000525727868,6.299931555986404e-06,0.007907800027169287,0.017083600047044456,1.9000144675374031e-06,0.015134299988858402,7.599999662488699e-05,7.690000347793102e-05,0.00021139997988939285,1.4899997040629387e-05,1.0299962013959885e-05,0.04091049998532981
