percentage,execution,ar_r_sub,k_s_sup,ks_sf_in,n_r_t,nk_k_sup,nrs_ns_r,ns_s_spe,ns_s_sup,ns_sub_r,r_ar_sup,s_k_sub,s_ns_sub,s_nsup_k,sub_r_r,t_k_sup,total_time
60,7,0.0008983000880107284,0.005718400003388524,1.0699965059757233e-05,6.600050255656242e-06,0.0002905000001192093,6.09993003308773e-06,0.008096399949863553,0.014951599994674325,1.7998972907662392e-06,0.015479700057767332,0.0001368998782709241,0.00014260003808885813,0.00022430007811635733,1.5200115740299225e-05,9.14999982342124e-05,0.04607060004491359
