percentage,execution,k_s_sup,s_k_sub,t_k_sup,ns_s_sup,s_ns_sub,r_ar_sup,ar_r_sub,ns_sub_r,ks_sf_in,sub_r_r,n_r_t,ns_s_spe,nk_k_sup,s_nsup_k,nrs_ns_r,total_time
70,7,0.007041599994408898,0.0008685000066179782,0.002607899994472973,0.0222805000084918,0.0008672999974805862,0.015356900010374375,0.0009109999955398962,2.1000014385208488e-06,1.0799994925037026e-05,1.5300000086426735e-05,6.700007361359894e-06,0.009723600000143051,0.00024210000992752612,0.00021100000594742596,5.89998671784997e-06,0.0601512000139337
