percentage,execution,ar_r_sub,k_s_sup,ks_sf_in,n_r_t,nk_k_sup,nrs_ns_r,ns_s_spe,ns_s_sup,ns_sub_r,r_ar_sup,s_k_sub,s_ns_sub,s_nsup_k,sub_r_r,t_k_sup,total_time
40,5,0.01613169990014285,1.0699965059757233e-05,1.0699965059757233e-05,6.400048732757568e-06,5.400041118264198e-06,5.800044164061546e-06,0.009240400046110153,0.021614099969156086,1.800013706088066e-06,0.005145999952219427,9.70007386058569e-06,1.1299969628453255e-05,4.900037311017513e-06,1.5500118024647236e-05,1.0199961252510548e-05,0.052224600105546415
