percentage,execution,k_s_sup,s_k_sub,t_k_sup,ns_s_sup,s_ns_sub,r_ar_sup,ar_r_sub,ns_sub_r,ks_sf_in,sub_r_r,n_r_t,ns_s_spe,nk_k_sup,s_nsup_k,nrs_ns_r,total_time
80,10,0.0016604999982519075,0.013416399990092032,0.013113500011968426,9.790000331122428e-05,0.024160100001608953,0.02074749999155756,3.029998333659023e-05,2.1000014385208488e-06,1.069999416358769e-05,1.5700003132224083e-05,6.399990525096655e-06,0.0009833999938564375,0.002565099988714792,0.002409099994110875,5.999987479299307e-06,0.07922469993354753
