percentage,execution,ar_r_sub,k_s_sup,ks_sf_in,n_r_t,nk_k_sup,nrs_ns_r,ns_s_spe,ns_s_sup,ns_sub_r,r_ar_sup,s_k_sub,s_ns_sub,s_nsup_k,sub_r_r,t_k_sup,total_time
60,4,7.670000195503235e-05,0.004606299917213619,1.0500079952180386e-05,6.200047209858894e-06,6.00004568696022e-06,5.400041118264198e-06,0.0077553000301122665,0.01718500000424683,1.700012944638729e-06,0.01188369991723448,0.00014169991482049227,0.00013740011490881443,5.300040356814861e-06,1.4899997040629387e-05,0.00016440008766949177,0.042000500252470374
