percentage,execution,ar_r_sub,k_s_sup,ks_sf_in,n_r_t,nk_k_sup,nrs_ns_r,ns_s_spe,ns_s_sup,ns_sub_r,r_ar_sup,s_k_sub,s_ns_sub,s_nsup_k,sub_r_r,t_k_sup,total_time
20,2,1.2000001333944965e-05,0.004091499999958614,1.0499999007151928e-05,6.300000677583739e-06,0.0018024000000878004,8.399999387620483e-06,0.0010338000001866021,8.160000015777769e-05,1.6999993022182025e-06,0.009800499999983003,0.003321000000141794,0.016321099999913713,0.0014587000005121808,1.7100001059588976e-05,0.0032818999998198706,0.041248500001529464
