percentage,execution,k_s_sup,s_k_sub,t_k_sup,ns_s_sup,s_ns_sub,r_ar_sup,ar_r_sub,ns_sub_r,ks_sf_in,sub_r_r,n_r_t,ns_s_spe,nk_k_sup,s_nsup_k,nrs_ns_r,total_time
90,9,0.0017152999935206026,0.013028899993514642,0.013491899997461587,7.730000652372837e-05,0.016450200011604466,0.02607969999371562,1.1500014807097614e-05,1.9999861251562834e-06,1.0000003385357559e-05,1.5199999324977398e-05,6.200003554113209e-06,0.0009865000029094517,0.0024951999948825687,0.0022713000071235,5.4000120144337416e-06,0.0766466000204673
