percentage,execution,k_s_sup,s_k_sub,t_k_sup,ns_s_sup,s_ns_sub,r_ar_sup,ar_r_sub,ns_sub_r,ks_sf_in,sub_r_r,n_r_t,ns_s_spe,nk_k_sup,s_nsup_k,nrs_ns_r,total_time
50,1,0.004151399989495985,0.010495900001842529,0.00976240000454709,7.950000872369856e-05,0.026775200007250533,0.02259540000522975,1.069999416358769e-05,1.800013706088066e-06,9.900002623908222e-06,1.5700003132224083e-05,6.099988240748644e-06,0.0010601999965729192,0.0025741999997990206,0.0022277999960351735,6.100002792663872e-06,0.07977230001415592
