percentage,execution,ar_r_sub,k_s_sup,ks_sf_in,n_r_t,nk_k_sup,nrs_ns_r,ns_s_spe,ns_s_sup,ns_sub_r,r_ar_sup,s_k_sub,s_ns_sub,s_nsup_k,sub_r_r,t_k_sup,total_time
10,5,0.00564350001513958,1.389987301081419e-05,1.0300078429281712e-05,6.200047209858894e-06,5.299923941493034e-06,6.8999361246824265e-06,0.004579100059345365,0.014650300028733909,2.200016751885414e-06,1.0799849405884743e-05,1.2199976481497288e-05,1.00000761449337e-05,4.900037311017513e-06,1.610000617802143e-05,1.0199961252510548e-05,0.024981899885460734
