percentage,execution,ar_r_sub,k_s_sup,ks_sf_in,n_r_t,nk_k_sup,nrs_ns_r,ns_s_spe,ns_s_sup,ns_sub_r,r_ar_sup,s_k_sub,s_ns_sub,s_nsup_k,sub_r_r,t_k_sup,total_time
40,10,1.0800082236528397e-05,1.0799616575241089e-05,1.0299962013959885e-05,6.299931555986404e-06,0.0021175998263061047,6.5998174250125885e-06,5.09992241859436e-06,1.12997367978096e-05,1.5995465219020844e-06,0.01904210029169917,0.004692499991506338,0.007629199884831905,0.0016694003716111183,1.5700235962867737e-05,1.2999866157770157e-05,0.03524229908362031
