percentage,execution,ar_r_sub,k_s_sup,ks_sf_in,n_r_t,nk_k_sup,nrs_ns_r,ns_s_spe,ns_s_sup,ns_sub_r,r_ar_sup,s_k_sub,s_ns_sub,s_nsup_k,sub_r_r,t_k_sup,total_time
50,8,2.659996971487999e-05,0.0017903996631503105,1.659942790865898e-05,8.099712431430817e-06,0.00794879999011755,2.330029383301735e-05,0.00207290006801486,0.00010810000821948051,2.9997900128364563e-06,0.024128700140863657,0.011572299990803003,0.03600259963423014,0.005336799658834934,2.1999236196279526e-05,0.006899000611156225,0.09595919819548726
