percentage,execution,ar_r_sub,k_s_sup,ks_sf_in,n_r_t,nk_k_sup,nrs_ns_r,ns_s_spe,ns_s_sup,ns_sub_r,r_ar_sup,s_k_sub,s_ns_sub,s_nsup_k,sub_r_r,t_k_sup,total_time
10,9,1.019984483718872e-05,1.0200310498476028e-05,1.019984483718872e-05,6.0996972024440765e-06,0.00025059981271624565,7.0999376475811005e-06,4.600267857313156e-06,9.09995287656784e-06,1.5995465219020844e-06,0.004515400156378746,7.75996595621109e-05,8.080014958977699e-05,0.0001771003007888794,1.529976725578308e-05,1.00000761449337e-05,0.0051858993247151375
