percentage,execution,ar_r_sub,k_s_sup,ks_sf_in,n_r_t,nk_k_sup,nrs_ns_r,ns_s_spe,ns_s_sup,ns_sub_r,r_ar_sup,s_k_sub,s_ns_sub,s_nsup_k,sub_r_r,t_k_sup,total_time
90,1,0.012433100026100874,1.400010660290718e-05,1.5099998563528061e-05,8.500181138515472e-06,7.799826562404633e-06,6.6999346017837524e-06,0.01647000014781952,0.029703599866479635,2.3995526134967804e-06,0.004773800261318684,1.1999625712633133e-05,1.530023291707039e-05,6.500165909528732e-06,2.039968967437744e-05,1.3700220733880997e-05,0.06350289983674884
