percentage,execution,k_s_sup,s_k_sub,t_k_sup,ns_s_sup,s_ns_sub,r_ar_sup,ar_r_sub,ns_sub_r,ks_sf_in,sub_r_r,n_r_t,ns_s_spe,nk_k_sup,s_nsup_k,nrs_ns_r,total_time
30,1,0.004082999992533587,0.011188699994818307,0.009576199998264201,7.699998968746513e-05,0.03367889999935869,0.011503800007631071,1.3299999409355223e-05,1.800013706088066e-06,9.800001862458885e-06,1.5400000847876072e-05,6.000002031214535e-06,0.0010268999903928488,0.0024889999913284555,0.0021428000036394224,6.800008122809231e-06,0.07581939999363385
