percentage,execution,k_s_sup,s_k_sub,t_k_sup,ns_s_sup,s_ns_sub,r_ar_sup,ar_r_sub,ns_sub_r,ks_sf_in,sub_r_r,n_r_t,ns_s_spe,nk_k_sup,s_nsup_k,nrs_ns_r,total_time
10,10,1.0200004908256233e-05,8.999995770864189e-06,1.0000003385357559e-05,0.0142582999978913,1.2100004823878407e-05,1.0900010238401592e-05,0.006335700003546663,2.00001522898674e-06,1.3500015484169126e-05,1.7000013031065464e-05,6.200003554113209e-06,0.004877300001680851,6.299989763647318e-06,4.5000051613897085e-06,6.600006599910557e-06,0.025579600071068853
