percentage,execution,k_s_sup,s_k_sub,t_k_sup,ns_s_sup,s_ns_sub,r_ar_sup,ar_r_sub,ns_sub_r,ks_sf_in,sub_r_r,n_r_t,ns_s_spe,nk_k_sup,s_nsup_k,nrs_ns_r,total_time
50,6,1.0700008715502918e-05,9.799987310543656e-06,1.0499992640689015e-05,0.02761560000362806,1.060000795405358e-05,0.004363999993074685,0.01439820000086911,2.4000037228688598e-06,1.1500000255182385e-05,1.6700010746717453e-05,7.299997378140688e-06,0.011264699991443194,5.800000508315861e-06,5.199995939619839e-06,5.699999746866524e-06,0.05773869999393355
