percentage,execution,k_s_sup,s_k_sub,t_k_sup,ns_s_sup,s_ns_sub,r_ar_sup,ar_r_sub,ns_sub_r,ks_sf_in,sub_r_r,n_r_t,ns_s_spe,nk_k_sup,s_nsup_k,nrs_ns_r,total_time
80,1,0.00721920000796672,0.0008682000043336302,0.002879400009987876,0.01452870000503026,0.0009015999967232347,0.013787100004265085,0.0009263999963877723,2.200016751885414e-06,1.0900010238401592e-05,1.4700010069645941e-05,6.400005077011883e-06,0.008847800010698847,0.00024219999613706023,0.0003515999997034669,5.800000508315861e-06,0.05059220007387921
