percentage,execution,ar_r_sub,k_s_sup,ks_sf_in,n_r_t,nk_k_sup,nrs_ns_r,ns_s_spe,ns_s_sup,ns_sub_r,r_ar_sup,s_k_sub,s_ns_sub,s_nsup_k,sub_r_r,t_k_sup,total_time
60,5,0.00014030000056663994,0.005693699999937962,1.0900000233959872e-05,6.600000233447645e-06,0.0002886000002035871,6.599999323952943e-06,0.00902570000016567,0.019049300000006042,1.8999999156221747e-06,0.014783699999497912,0.00015149999944696901,0.00013899999976274557,0.00021879999985685572,1.650000012887176e-05,9.309999950346537e-05,0.049626199998783704
