percentage,execution,ar_r_sub,k_s_sup,ks_sf_in,n_r_t,nk_k_sup,nrs_ns_r,ns_s_spe,ns_s_sup,ns_sub_r,r_ar_sup,s_k_sub,s_ns_sub,s_nsup_k,sub_r_r,t_k_sup,total_time
90,8,1.1699739843606949e-05,0.0008478001691401005,2.4600420147180557e-05,6.400048732757568e-06,0.0030447999015450478,6.00004568696022e-06,0.001649599988013506,7.539987564086914e-05,2.00001522898674e-06,0.02702460065484047,0.006404499989002943,0.007349200081080198,0.002448499668389559,1.569977030158043e-05,0.0031603998504579067,0.05207120021805167
