percentage,execution,ar_r_sub,k_s_sup,ks_sf_in,n_r_t,nk_k_sup,nrs_ns_r,ns_s_spe,ns_s_sup,ns_sub_r,r_ar_sup,s_k_sub,s_ns_sub,s_nsup_k,sub_r_r,t_k_sup,total_time
80,3,0.0009244998218491673,0.006181700038723648,1.070008147507906e-05,6.199930794537067e-06,0.00023879995569586754,5.799927748739719e-06,0.009638400049880147,0.022571399924345315,1.700012944638729e-06,0.016666300012730062,0.0009966000216081738,0.0041562000988051295,0.00021540001034736633,1.5600002370774746e-05,0.0025811000959947705,0.06421039998531342
