percentage,execution,ar_r_sub,k_s_sup,ks_sf_in,n_r_t,nk_k_sup,nrs_ns_r,ns_s_spe,ns_s_sup,ns_sub_r,r_ar_sup,s_k_sub,s_ns_sub,s_nsup_k,sub_r_r,t_k_sup,total_time
20,1,7.919967174530029e-05,0.014819599688053131,1.0699965059757233e-05,6.800051778554916e-06,0.0002641999162733555,7.0999376475811005e-06,0.005901200231164694,0.01348760025575757,1.8994323909282684e-06,0.009864499792456627,0.0011290996335446835,0.004168400075286627,0.00021329987794160843,1.620035618543625e-05,0.0026066997088491917,0.052576498594135046
