percentage,execution,k_s_sup,s_k_sub,t_k_sup,ns_s_sup,s_ns_sub,r_ar_sup,ar_r_sub,ns_sub_r,ks_sf_in,sub_r_r,n_r_t,ns_s_spe,nk_k_sup,s_nsup_k,nrs_ns_r,total_time
20,2,0.012002899995422922,0.0001357000001007691,9.410000347997993e-05,0.0077114999876357615,0.00013399998715613037,0.01544129999820143,1.1099997209385037e-05,2.00001522898674e-06,9.900002623908222e-06,1.5700003132224083e-05,6.400005077011883e-06,0.005185200003325008,0.0002835000050254166,0.00021440000273287296,6.600006599910557e-06,0.04125430001295172
