percentage,execution,ar_r_sub,k_s_sup,ks_sf_in,n_r_t,nk_k_sup,nrs_ns_r,ns_s_spe,ns_s_sup,ns_sub_r,r_ar_sup,s_k_sub,s_ns_sub,s_nsup_k,sub_r_r,t_k_sup,total_time
20,7,1.0899966582655907e-05,1.1100084520876408e-05,9.7999582067132e-06,5.999929271638393e-06,0.001016399939544499,8.00006091594696e-06,4.700035788118839e-06,9.00006853044033e-06,2.200016751885414e-06,0.018111600074917078,0.00020480016246438026,0.0001919999485835433,0.0007576000643894076,1.6699894331395626e-05,1.0299845598638058e-05,0.020371100050397217
