percentage,execution,ar_r_sub,k_s_sup,ks_sf_in,n_r_t,nk_k_sup,nrs_ns_r,ns_s_spe,ns_s_sup,ns_sub_r,r_ar_sup,s_k_sub,s_ns_sub,s_nsup_k,sub_r_r,t_k_sup,total_time
10,2,0.0052495000418275595,1.0399962775409222e-05,1.0399962775409222e-05,6.600050255656242e-06,5.300040356814861e-06,6.500049494206905e-06,0.003105200012214482,0.008783500059507787,1.800013706088066e-06,1.0399962775409222e-05,1.1800089851021767e-05,1.0299962013959885e-05,4.599918611347675e-06,1.550000160932541e-05,9.999843314290047e-06,0.017241799971088767
