percentage,execution,ar_r_sub,k_s_sup,ks_sf_in,n_r_t,nk_k_sup,nrs_ns_r,ns_s_spe,ns_s_sup,ns_sub_r,r_ar_sup,s_k_sub,s_ns_sub,s_nsup_k,sub_r_r,t_k_sup,total_time
40,8,1.1099502444267273e-05,0.00419900007545948,1.0099727660417557e-05,6.1998143792152405e-06,0.002377800177782774,6.4997002482414246e-06,0.0010176999494433403,7.849978283047676e-05,1.7997808754444122e-06,0.0144726000726223,0.012169999536126852,0.02743500005453825,0.0021313996985554695,1.5399884432554245e-05,0.009705000091344118,0.0736380978487432
