percentage,execution,ar_r_sub,k_s_sup,ks_sf_in,n_r_t,nk_k_sup,nrs_ns_r,ns_s_spe,ns_s_sup,ns_sub_r,r_ar_sup,s_k_sub,s_ns_sub,s_nsup_k,sub_r_r,t_k_sup,total_time
30,9,1.0899733752012253e-05,0.004374399781227112,1.0400079190731049e-05,6.5998174250125885e-06,0.0016477000899612904,7.000286132097244e-06,0.0010726000182330608,7.970025762915611e-05,1.6996636986732483e-06,0.01620829990133643,0.0032053999602794647,0.009568999987095594,0.0013486999087035656,1.6700010746717453e-05,0.0033534998074173927,0.04091259930282831
