percentage,execution,ar_r_sub,k_s_sup,ks_sf_in,n_r_t,nk_k_sup,nrs_ns_r,ns_s_spe,ns_s_sup,ns_sub_r,r_ar_sup,s_k_sub,s_ns_sub,s_nsup_k,sub_r_r,t_k_sup,total_time
30,8,0.021654900163412094,1.1199619621038437e-05,1.109996810555458e-05,6.5998174250125885e-06,5.500391125679016e-06,6.200280040502548e-06,0.006294500082731247,0.0128007004968822,1.900363713502884e-06,0.0035147997550666332,9.29972156882286e-06,1.0799616575241089e-05,4.999805241823196e-06,1.6499776393175125e-05,1.0599847882986069e-05,0.04435959970578551
