percentage,execution,ar_r_sub,k_s_sup,ks_sf_in,n_r_t,nk_k_sup,nrs_ns_r,ns_s_spe,ns_s_sup,ns_sub_r,r_ar_sup,s_k_sub,s_ns_sub,s_nsup_k,sub_r_r,t_k_sup,total_time
20,8,1.1199968867003918e-05,0.004122400074265897,1.0400079190731049e-05,6.199930794537067e-06,0.0024625000078231096,6.9999368861317635e-06,0.0010364999761804938,7.839989848434925e-05,2.200016751885414e-06,0.016818800009787083,0.010715699987486005,0.036424400052055717,0.0021138000302016735,1.580000389367342e-05,0.009791100048460066,0.08361640002112836
