percentage,execution,ar_r_sub,k_s_sup,ks_sf_in,n_r_t,nk_k_sup,nrs_ns_r,ns_s_spe,ns_s_sup,ns_sub_r,r_ar_sup,s_k_sub,s_ns_sub,s_nsup_k,sub_r_r,t_k_sup,total_time
80,1,0.003711799974553287,1.1499971151351929e-05,1.179997343569994e-05,6.3999323174357414e-06,5.899928510189056e-06,5.00003807246685e-06,0.013163499999791384,0.03154760005418211,2.200016751885414e-06,0.005941100069321692,1.0100076906383038e-05,1.2500095181167126e-05,5.200039595365524e-06,3.650004509836435e-05,1.0399962775409222e-05,0.05448150017764419
