percentage,execution,k_s_sup,s_k_sub,t_k_sup,ns_s_sup,s_ns_sub,r_ar_sup,ar_r_sub,ns_sub_r,ks_sf_in,sub_r_r,n_r_t,ns_s_spe,nk_k_sup,s_nsup_k,nrs_ns_r,total_time
50,2,1.0599993402138352e-05,0.004093199982889928,1.1199997970834374e-05,9.700001101009548e-06,0.010147000008146279,0.02191879999008961,1.0599993402138352e-05,1.7999991541728377e-06,9.800001862458885e-06,1.5600002370774746e-05,6.099988240748644e-06,5.199995939619839e-06,0.00253730000986252,0.0019305999885546044,6.400005077011883e-06,0.04071389995806385
