percentage,execution,ar_r_sub,k_s_sup,ks_sf_in,n_r_t,nk_k_sup,nrs_ns_r,ns_s_spe,ns_s_sup,ns_sub_r,r_ar_sup,s_k_sub,s_ns_sub,s_nsup_k,sub_r_r,t_k_sup,total_time
10,7,1.3300101272761822e-05,1.0899966582655907e-05,1.0400079190731049e-05,6.100046448409557e-06,5.400041118264198e-06,6.100046448409557e-06,0.0032290000235661864,0.009691599989309907,2.00001522898674e-06,0.0063483999110758305,8.900067768990993e-06,1.309998333454132e-05,4.700035788118839e-06,1.6499892808496952e-05,9.600073099136353e-06,0.019376000273041427
