percentage,execution,ar_r_sub,k_s_sup,ks_sf_in,n_r_t,nk_k_sup,nrs_ns_r,ns_s_spe,ns_s_sup,ns_sub_r,r_ar_sup,s_k_sub,s_ns_sub,s_nsup_k,sub_r_r,t_k_sup,total_time
30,3,8.319970220327377e-05,0.011588700115680695,1.0500196367502213e-05,6.800051778554916e-06,6.0996972024440765e-06,6.00004568696022e-06,0.005896700080484152,0.012910900171846151,1.7997808754444122e-06,0.010246600024402142,0.0001420998014509678,0.00014240015298128128,5.400273948907852e-06,1.58003531396389e-05,0.00016480032354593277,0.04122780077159405
