percentage,execution,ar_r_sub,k_s_sup,ks_sf_in,n_r_t,nk_k_sup,nrs_ns_r,ns_s_spe,ns_s_sup,ns_sub_r,r_ar_sup,s_k_sub,s_ns_sub,s_nsup_k,sub_r_r,t_k_sup,total_time
40,5,7.810001261532307e-05,0.003890700056217611,1.0200077667832375e-05,6.3999323174357414e-06,0.0002440999960526824,8.600065484642982e-06,0.006780100055038929,0.017252599936909974,1.600012183189392e-06,0.006137100048363209,0.0009792998898774385,0.0040252001490443945,0.00021570001263171434,1.500011421740055e-05,0.002464899909682572,0.04210960026830435
