percentage,execution,k_s_sup,s_k_sub,t_k_sup,ns_s_sup,s_ns_sub,r_ar_sup,ar_r_sub,ns_sub_r,ks_sf_in,sub_r_r,n_r_t,ns_s_spe,nk_k_sup,s_nsup_k,nrs_ns_r,total_time
80,5,1.1199997970834374e-05,9.900002623908222e-06,1.0200004908256233e-05,0.029543299999204464,1.0799994925037026e-05,0.004305399997974746,0.011737400011043064,2.3000029614195228e-06,1.1800002539530396e-05,1.8300008377991617e-05,6.699992809444666e-06,0.013123099997756071,5.699999746866524e-06,5.199995939619839e-06,4.999994416721165e-06,0.058806300003197975
