percentage,execution,ar_r_sub,k_s_sup,ks_sf_in,n_r_t,nk_k_sup,nrs_ns_r,ns_s_spe,ns_s_sup,ns_sub_r,r_ar_sup,s_k_sub,s_ns_sub,s_nsup_k,sub_r_r,t_k_sup,total_time
50,10,0.0008494001813232899,0.004835100378841162,1.0699965059757233e-05,6.500165909528732e-06,0.00023990031331777573,6.299931555986404e-06,0.006996599957346916,0.012398400343954563,1.8994323909282684e-06,0.008269399870187044,0.0008221003226935863,0.0008065002039074898,0.00021500000730156898,1.5399884432554245e-05,0.0024283993989229202,0.03790160035714507
