percentage,execution,ar_r_sub,k_s_sup,ks_sf_in,n_r_t,nk_k_sup,nrs_ns_r,ns_s_spe,ns_s_sup,ns_sub_r,r_ar_sup,s_k_sub,s_ns_sub,s_nsup_k,sub_r_r,t_k_sup,total_time
90,7,1.0800082236528397e-05,0.0017151999054476619,2.9099988751113415e-05,6.300047971308231e-06,0.0025098000187426805,5.599926225841045e-06,0.0010316999396309257,8.110003545880318e-05,1.7998972907662392e-06,0.024844199884682894,0.013724899967201054,0.017118300078436732,0.002292199991643429,1.479999627918005e-05,0.013351300032809377,0.0767370997928083
