percentage,execution,ar_r_sub,k_s_sup,ks_sf_in,n_r_t,nk_k_sup,nrs_ns_r,ns_s_spe,ns_s_sup,ns_sub_r,r_ar_sup,s_k_sub,s_ns_sub,s_nsup_k,sub_r_r,t_k_sup,total_time
30,10,1.0599847882986069e-05,1.050066202878952e-05,1.0499730706214905e-05,6.200280040502548e-06,0.0015002000145614147,6.90016895532608e-06,0.0011950996704399586,7.799966260790825e-05,1.600012183189392e-06,0.011734000407159328,0.003692499827593565,0.006765999831259251,0.0011753998696804047,1.560058444738388e-05,1.0899733752012253e-05,0.026214000303298235
