percentage,execution,k_s_sup,s_k_sub,t_k_sup,ns_s_sup,s_ns_sub,r_ar_sup,ar_r_sub,ns_sub_r,ks_sf_in,sub_r_r,n_r_t,ns_s_spe,nk_k_sup,s_nsup_k,nrs_ns_r,total_time
40,7,1.0800009476952255e-05,0.003923700001905672,1.0499992640689015e-05,9.100011084228754e-06,0.010109500013641082,0.013990799998282455,1.0399991879239678e-05,1.7999991541728377e-06,1.0100004146806896e-05,1.4900011592544615e-05,6.000002031214535e-06,4.899993655271828e-06,0.0023505999997723848,0.001804900006391108,6.800008122809231e-06,0.03226480004377663
