percentage,execution,ar_r_sub,k_s_sup,ks_sf_in,n_r_t,nk_k_sup,nrs_ns_r,ns_s_spe,ns_s_sup,ns_sub_r,r_ar_sup,s_k_sub,s_ns_sub,s_nsup_k,sub_r_r,t_k_sup,total_time
20,7,1.1100433766841888e-05,0.004182199947535992,1.0699965059757233e-05,6.600283086299896e-06,0.002191700041294098,7.4999406933784485e-06,0.0010517998598515987,7.990002632141113e-05,1.80024653673172e-06,0.005901399999856949,0.010549100115895271,0.033946600276976824,0.0019729002378880978,1.5200115740299225e-05,0.009957400150597095,0.06988590164110065
