percentage,execution,ar_r_sub,k_s_sup,ks_sf_in,n_r_t,nk_k_sup,nrs_ns_r,ns_s_spe,ns_s_sup,ns_sub_r,r_ar_sup,s_k_sub,s_ns_sub,s_nsup_k,sub_r_r,t_k_sup,total_time
70,7,7.84001313149929e-05,0.009339999873191118,1.0599847882986069e-05,6.600283086299896e-06,0.0002430998720228672,5.899928510189056e-06,0.008646499831229448,0.016691500321030617,1.700129359960556e-06,0.01723580015823245,0.000995599664747715,0.004184599965810776,0.00021120021119713783,1.530023291707039e-05,0.002656499855220318,0.060323300305753946
