percentage,execution,k_s_sup,s_k_sub,t_k_sup,ns_s_sup,s_ns_sub,r_ar_sup,ar_r_sub,ns_sub_r,ks_sf_in,sub_r_r,n_r_t,ns_s_spe,nk_k_sup,s_nsup_k,nrs_ns_r,total_time
40,2,1.0899995686486363e-05,9.2999980552122e-06,1.0599993402138352e-05,0.015332700000726618,1.0900010238401592e-05,0.0028040000033797696,0.018382299997028895,2.1000014385208488e-06,1.0599993402138352e-05,1.580000389367342e-05,6.400005077011883e-06,0.008146100008161739,5.399997462518513e-06,5.199995939619839e-06,5.800000508315861e-06,0.04475810000440106
