percentage,execution,ar_r_sub,k_s_sup,ks_sf_in,n_r_t,nk_k_sup,nrs_ns_r,ns_s_spe,ns_s_sup,ns_sub_r,r_ar_sup,s_k_sub,s_ns_sub,s_nsup_k,sub_r_r,t_k_sup,total_time
20,10,0.015710099999523663,1.0599999768601265e-05,1.0900000233959872e-05,6.299999768089037e-06,5.300000339047983e-06,6.100000064179767e-06,0.005911100000048464,0.016400900000007823,1.6999993022182025e-06,7.93999997767969e-05,9.100000170292333e-06,1.0999999176419806e-05,4.900000021734741e-06,1.609999981155852e-05,1.3099999705445953e-05,0.038196599997718295
