percentage,execution,k_s_sup,s_k_sub,t_k_sup,ns_s_sup,s_ns_sub,r_ar_sup,ar_r_sub,ns_sub_r,ks_sf_in,sub_r_r,n_r_t,ns_s_spe,nk_k_sup,s_nsup_k,nrs_ns_r,total_time
10,4,1.0100004146806896e-05,7.949999417178333e-05,9.99998883344233e-06,8.799994247965515e-06,7.249999907799065e-05,0.004358400008641183,9.800001862458885e-06,4.5000051613897085e-06,9.399998816661537e-06,1.4699995517730713e-05,6.000002031214535e-06,4.699992132373154e-06,0.00024110000231303275,0.00016780001169536263,6.800008122809231e-06,0.005004100006772205
