percentage,execution,ar_r_sub,k_s_sup,ks_sf_in,n_r_t,nk_k_sup,nrs_ns_r,ns_s_spe,ns_s_sup,ns_sub_r,r_ar_sup,s_k_sub,s_ns_sub,s_nsup_k,sub_r_r,t_k_sup,total_time
70,2,2.9900111258029938e-05,0.007815700024366379,2.1600164473056793e-05,1.3700220733880997e-05,0.009806300047785044,1.4699995517730713e-05,0.007021300029009581,0.0034972005523741245,2.4699606001377106e-05,0.027955999597907066,0.012294599320739508,0.025184000376611948,0.0029278001748025417,4.480034112930298e-05,0.021105499006807804,0.11775779956951737
