percentage,execution,ar_r_sub,k_s_sup,ks_sf_in,n_r_t,nk_k_sup,nrs_ns_r,ns_s_spe,ns_s_sup,ns_sub_r,r_ar_sup,s_k_sub,s_ns_sub,s_nsup_k,sub_r_r,t_k_sup,total_time
30,2,2.7399975806474686e-05,0.00790120055899024,2.299947664141655e-05,1.3600103557109833e-05,0.010044599883258343,1.5500467270612717e-05,0.0047123003751039505,0.0019385996274650097,0.0003523007035255432,0.0167992003262043,0.014095600228756666,0.0341151999309659,0.0028284997679293156,3.240024670958519e-05,0.022099200170487165,0.11499860184267163
