percentage,execution,ar_r_sub,k_s_sup,ks_sf_in,n_r_t,nk_k_sup,nrs_ns_r,ns_s_spe,ns_s_sup,ns_sub_r,r_ar_sup,s_k_sub,s_ns_sub,s_nsup_k,sub_r_r,t_k_sup,total_time
60,4,2.1699998796975706e-05,0.0055061999992176425,1.990000055229757e-05,1.269999938813271e-05,0.008076899999650777,1.2800000149582047e-05,0.0042025000002468005,0.0017306999998254469,2.119999953720253e-05,0.024563099999795668,0.008141000001160137,0.010960699999486678,0.0018148999997720239,3.0499999411404133e-05,0.011268999998719664,0.07638379999571043
