percentage,execution,ar_r_sub,k_s_sup,ks_sf_in,n_r_t,nk_k_sup,nrs_ns_r,ns_s_spe,ns_s_sup,ns_sub_r,r_ar_sup,s_k_sub,s_ns_sub,s_nsup_k,sub_r_r,t_k_sup,total_time
80,5,1.1799391359090805e-05,0.0036801001988351345,1.380033791065216e-05,6.500165909528732e-06,0.0016815001145005226,6.400048732757568e-06,0.0037687998265028,0.001715799793601036,1.1899508535861969e-05,0.015262199565768242,0.007667199708521366,0.013863499742001295,0.0014500003308057785,2.0499806851148605e-05,0.012391600292176008,0.06155159883201122
