percentage,execution,ar_r_sub,k_s_sup,ks_sf_in,n_r_t,nk_k_sup,nrs_ns_r,ns_s_spe,ns_s_sup,ns_sub_r,r_ar_sup,s_k_sub,s_ns_sub,s_nsup_k,sub_r_r,t_k_sup,total_time
70,9,0.0032581998966634274,8.620042353868484e-05,1.0600313544273376e-05,7.0999376475811005e-06,0.00109479995444417,5.7998113334178925e-06,0.0016536000184714794,0.0001389002427458763,2.000480890274048e-06,7.67996534705162e-05,0.0011765998788177967,0.0011832001619040966,0.0008187000639736652,1.4299992471933365e-05,0.0016990997828543186,0.011225900612771511
