percentage,execution,ar_r_sub,k_s_sup,ks_sf_in,n_r_t,nk_k_sup,nrs_ns_r,ns_s_spe,ns_s_sup,ns_sub_r,r_ar_sup,s_k_sub,s_ns_sub,s_nsup_k,sub_r_r,t_k_sup,total_time
40,2,0.01890250004362315,9.489990770816803e-05,1.1999974958598614e-05,8.200062438845634e-06,0.0006936999270692468,0.00012400001287460327,0.001882400014437735,0.00016039994079619646,2.300017513334751e-06,9.059999138116837e-05,0.002080799895338714,0.00918579997960478,0.0005660000024363399,1.740013249218464e-05,0.0036850000033155084,0.037505999905988574
