percentage,execution,k_s_sup,s_k_sub,t_k_sup,ns_s_sup,s_ns_sub,r_ar_sup,ar_r_sub,ns_sub_r,ks_sf_in,sub_r_r,n_r_t,ns_s_spe,nk_k_sup,s_nsup_k,nrs_ns_r,total_time
90,6,0.0009426999895367771,0.0277848000114318,0.003330799998366274,8.129999332595617e-05,0.03413439998985268,0.04107870001462288,1.2600008631125093e-05,2.1000014385208488e-06,1.1600001016631722e-05,1.7700018361210823e-05,7.599999662488699e-06,0.0014146000030450523,0.004518700006883591,0.0040529999969294295,6.399990525096655e-06,0.11739700002362952
