percentage,execution,ar_r_sub,k_s_sup,ks_sf_in,n_r_t,nk_k_sup,nrs_ns_r,ns_s_spe,ns_s_sup,ns_sub_r,r_ar_sup,s_k_sub,s_ns_sub,s_nsup_k,sub_r_r,t_k_sup,total_time
80,2,1.1899998753506225e-05,0.0039731000006213435,1.0900000233959872e-05,6.8999997893115506e-06,0.004270800000085728,6.399999620043673e-06,0.0013235000005806796,7.859999914217042e-05,1.7000002117129043e-06,0.041371600000275066,0.022711900000103924,0.03189369999927294,0.003818900000624126,1.7600000319362152e-05,0.003402599999390077,0.11290009999902395
