percentage,execution,ar_r_sub,k_s_sup,ks_sf_in,n_r_t,nk_k_sup,nrs_ns_r,ns_s_spe,ns_s_sup,ns_sub_r,r_ar_sup,s_k_sub,s_ns_sub,s_nsup_k,sub_r_r,t_k_sup,total_time
90,9,0.000581799540668726,0.011270199902355671,1.1799857020378113e-05,7.799826562404633e-06,0.0022708000615239143,6.299931555986404e-06,0.0038650999777019024,0.0016186004504561424,1.8998980522155762e-06,0.010018700268119574,0.005260299891233444,0.005009799730032682,0.0019125998951494694,1.7600134015083313e-05,0.014411899726837873,0.05626519909128547
