percentage,execution,k_s_sup,s_k_sub,t_k_sup,ns_s_sup,s_ns_sub,r_ar_sup,ar_r_sub,ns_sub_r,ks_sf_in,sub_r_r,n_r_t,ns_s_spe,nk_k_sup,s_nsup_k,nrs_ns_r,total_time
70,5,0.0009140999900409952,0.0273511999839684,0.0032799000036902726,7.96000094851479e-05,0.046829900005832314,0.03405740000016522,1.2199991033412516e-05,2.100015990436077e-06,1.1199997970834374e-05,1.7300000763498247e-05,7.199996616691351e-06,0.001377900000079535,0.004390100002638064,0.004057700003613718,6.700007361359894e-06,0.1223945000092499
