percentage,execution,k_s_sup,s_k_sub,t_k_sup,ns_s_sup,s_ns_sub,r_ar_sup,ar_r_sub,ns_sub_r,ks_sf_in,sub_r_r,n_r_t,ns_s_spe,nk_k_sup,s_nsup_k,nrs_ns_r,total_time
50,10,1.0799994925037026e-05,0.0005997000116622075,1.09999964479357e-05,9.900002623908222e-06,0.0005919999966863543,0.034147099999245256,1.2100004823878407e-05,2.1000014385208488e-06,1.0499992640689015e-05,1.7800004570744932e-05,6.999995093792677e-06,5.199995939619839e-06,0.003465000001597218,0.0023132999922381714,7.099995855242014e-06,0.041210599985788576
