percentage,execution,ar_r_sub,k_s_sup,ks_sf_in,n_r_t,nk_k_sup,nrs_ns_r,ns_s_spe,ns_s_sup,ns_sub_r,r_ar_sup,s_k_sub,s_ns_sub,s_nsup_k,sub_r_r,t_k_sup,total_time
40,5,1.2599979527294636e-05,1.309998333454132e-05,1.1899974197149277e-05,1.0999967344105244e-05,0.005371400038711727,8.399947546422482e-06,5.899928510189056e-06,1.179997343569994e-05,1.9000144675374031e-06,0.030190099962055683,0.014671999961137772,0.046277500106953084,0.0042215000139549375,2.0499923266470432e-05,1.3399985618889332e-05,0.1008429997600615
