percentage,execution,ar_r_sub,k_s_sup,ks_sf_in,n_r_t,nk_k_sup,nrs_ns_r,ns_s_spe,ns_s_sup,ns_sub_r,r_ar_sup,s_k_sub,s_ns_sub,s_nsup_k,sub_r_r,t_k_sup,total_time
40,6,2.090027555823326e-05,0.004317199811339378,1.3200100511312485e-05,6.899703294038773e-06,0.004519499838352203,7.4999406933784485e-06,0.001395499799400568,8.110050112009048e-05,2.7995556592941284e-06,0.02193569950759411,0.026700299698859453,0.06492199981585145,0.004113000351935625,2.4100299924612045e-05,0.0034073996357619762,0.13146709883585572
