percentage,execution,ar_r_sub,k_s_sup,ks_sf_in,n_r_t,nk_k_sup,nrs_ns_r,ns_s_spe,ns_s_sup,ns_sub_r,r_ar_sup,s_k_sub,s_ns_sub,s_nsup_k,sub_r_r,t_k_sup,total_time
40,2,0.0003223000094294548,0.013248200062662363,1.109996810555458e-05,7.100403308868408e-06,0.0015473002567887306,6.90016895532608e-06,0.0037718997336924076,0.0015402003191411495,1.6996636986732483e-06,0.009504800196737051,0.0019023003987967968,0.005096900276839733,0.0012356000952422619,1.5900004655122757e-05,0.00470460020005703,0.04291680175811052
