percentage,execution,ar_r_sub,k_s_sup,ks_sf_in,n_r_t,nk_k_sup,nrs_ns_r,ns_s_spe,ns_s_sup,ns_sub_r,r_ar_sup,s_k_sub,s_ns_sub,s_nsup_k,sub_r_r,t_k_sup,total_time
20,3,0.00015900004655122757,0.010382800013758242,1.1999974958598614e-05,7.800059393048286e-06,0.0013458000030368567,8.199946023523808e-06,0.0028113999869674444,0.00015870004426687956,2.100015990436077e-06,0.007782400120049715,0.003606799989938736,0.01401910011190921,0.0011395999463275075,1.8299906514585018e-05,0.01014749996829778,0.05160150013398379
