percentage,execution,ar_r_sub,k_s_sup,ks_sf_in,n_r_t,nk_k_sup,nrs_ns_r,ns_s_spe,ns_s_sup,ns_sub_r,r_ar_sup,s_k_sub,s_ns_sub,s_nsup_k,sub_r_r,t_k_sup,total_time
80,7,0.0004362002946436405,0.010601500049233437,1.1300202459096909e-05,7.299706339836121e-06,0.0016396003775298595,6.200280040502548e-06,0.003766399808228016,0.001559399999678135,1.700129359960556e-06,0.009299399796873331,0.0050568003207445145,0.004753000568598509,0.0014542997814714909,1.640012487769127e-05,0.013759300112724304,0.052368801552802324
