percentage,execution,ar_r_sub,k_s_sup,ks_sf_in,n_r_t,nk_k_sup,nrs_ns_r,ns_s_spe,ns_s_sup,ns_sub_r,r_ar_sup,s_k_sub,s_ns_sub,s_nsup_k,sub_r_r,t_k_sup,total_time
50,10,1.3300101272761822e-05,1.3199867680668831e-05,1.2399978004395962e-05,8.00006091594696e-06,0.0056715999962762,7.800059393048286e-06,0.0015963999321684241,9.129999671131372e-05,2.500019036233425e-06,0.027938500163145363,0.016938599990680814,0.04595370008610189,0.00428029999602586,2.00001522898674e-05,1.3599987141788006e-05,0.10256120038684458
