percentage,execution,k_s_sup,s_k_sub,t_k_sup,ns_s_sup,s_ns_sub,r_ar_sup,ar_r_sub,ns_sub_r,ks_sf_in,sub_r_r,n_r_t,ns_s_spe,nk_k_sup,s_nsup_k,nrs_ns_r,total_time
55,2,1.1500087566673756e-05,0.01444170018658042,1.2299860827624798e-05,7.260008715093136e-05,0.043700499925762415,0.03925650008022785,1.300009898841381e-05,2.600019797682762e-06,1.1499971151351929e-05,1.9200029782950878e-05,1.0800082236528397e-05,0.0014626000775024295,0.0060359000926837325,0.006473500048741698,1.8200022168457508e-05,0.11154240067116916
