percentage,execution,ar_r_sub,k_s_sup,ks_sf_in,n_r_t,nk_k_sup,nrs_ns_r,ns_s_spe,ns_s_sup,ns_sub_r,r_ar_sup,s_k_sub,s_ns_sub,s_nsup_k,sub_r_r,t_k_sup,total_time
40,4,0.005361900000025344,8.100000013655517e-05,1.0399999155197293e-05,7.100000402715523e-06,0.0005907000004299334,0.00010649999967426993,0.0008181000002878136,7.720000030531082e-05,1.7000002117129043e-06,7.470000036846614e-05,0.001787299999705283,0.0047582999995938735,0.00047090000043681357,1.3399999261309858e-05,0.003297999999631429,0.017457199999626027
