percentage,execution,k_s_sup,s_k_sub,t_k_sup,ns_s_sup,s_ns_sub,r_ar_sup,ar_r_sub,ns_sub_r,ks_sf_in,sub_r_r,n_r_t,ns_s_spe,nk_k_sup,s_nsup_k,nrs_ns_r,total_time
40,9,1.1500000255182385e-05,0.004021700005978346,1.1199997970834374e-05,7.420001202262938e-05,0.016341500013368204,0.022816000011516735,1.1299998732283711e-05,2.0000006770715117e-06,1.0499992640689015e-05,1.719998545013368e-05,6.800008122809231e-06,0.001377299995510839,0.0032784000068204477,0.0024916999973356724,7.399998139590025e-06,0.05047870002454147
