percentage,execution,ar_r_sub,k_s_sup,ks_sf_in,n_r_t,nk_k_sup,nrs_ns_r,ns_s_spe,ns_s_sup,ns_sub_r,r_ar_sup,s_k_sub,s_ns_sub,s_nsup_k,sub_r_r,t_k_sup,total_time
60,8,0.00043439993169158697,0.019075899966992438,1.2499978765845299e-05,8.200062438845634e-06,0.002430699998512864,7.70005863159895e-06,0.0041649000486359,0.0016910999547690153,2.300017513334751e-06,0.01434660004451871,0.005430000019259751,0.015776700107380748,0.002051800023764372,1.8300022929906845e-05,0.01488280005287379,0.0803339002886787
