percentage,execution,ar_r_sub,k_s_sup,ks_sf_in,n_r_t,nk_k_sup,nrs_ns_r,ns_s_spe,ns_s_sup,ns_sub_r,r_ar_sup,s_k_sub,s_ns_sub,s_nsup_k,sub_r_r,t_k_sup,total_time
60,3,0.010944000000563392,0.00019250000059400918,1.0300000212737359e-05,7.100000402715523e-06,0.0008773999998084037,0.00020189999941067072,0.0007777000000714906,7.719999939581612e-05,1.8999999156221747e-06,0.00018930000078398734,0.003953699999328819,0.00988130000041565,0.0008017000000108965,1.289999909204198e-05,0.007903800000349293,0.035832700000355544
