percentage,execution,ar_r_sub,k_s_sup,ks_sf_in,n_r_t,nk_k_sup,nrs_ns_r,ns_s_spe,ns_s_sup,ns_sub_r,r_ar_sup,s_k_sub,s_ns_sub,s_nsup_k,sub_r_r,t_k_sup,total_time
40,1,0.00022660009562969208,0.008442000020295382,1.2200092896819115e-05,8.300063200294971e-06,0.002160299918614328,8.100061677396297e-06,0.0028357000555843115,0.00015680002979934216,2.300017513334751e-06,0.007011800073087215,0.005413999897427857,0.022884100093506277,0.0018360000103712082,2.1600048057734966e-05,0.015013399999588728,0.06603320047724992
