percentage,execution,ar_r_sub,k_s_sup,ks_sf_in,n_r_t,nk_k_sup,nrs_ns_r,ns_s_spe,ns_s_sup,ns_sub_r,r_ar_sup,s_k_sub,s_ns_sub,s_nsup_k,sub_r_r,t_k_sup,total_time
20,6,1.2000000424450263e-05,1.2100000276404899e-05,1.3600000784208532e-05,7.499999810534064e-06,0.0012225000000398722,7.800000275892671e-06,5.599999894911889e-06,1.0599999768601265e-05,1.8000009731622413e-06,0.017948300001080497,0.00027090000003227033,0.000263200000517827,0.000894299999345094,1.900000006571645e-05,1.160000010713702e-05,0.02070080000339658
