percentage,execution,k_s_sup,s_k_sub,t_k_sup,ns_s_sup,s_ns_sub,r_ar_sup,ar_r_sub,ns_sub_r,ks_sf_in,sub_r_r,n_r_t,ns_s_spe,nk_k_sup,s_nsup_k,nrs_ns_r,total_time
20,2,1.0000003385357559e-05,0.0001390999968862161,9.700001101009548e-06,8.699993486516178e-06,0.00013410000246949494,1.5199999324977398e-05,0.0001317000132985413,1.6999983927235007e-06,9.199982741847634e-06,1.2300006346777081e-05,7.000009645707905e-06,4.5000051613897085e-06,0.0004841999907512218,0.0003358999965712428,6.50000583846122e-06,0.0013098000054014847
