percentage,execution,k_s_sup,s_k_sub,t_k_sup,ns_s_sup,s_ns_sub,r_ar_sup,ar_r_sub,ns_sub_r,ks_sf_in,sub_r_r,n_r_t,ns_s_spe,nk_k_sup,s_nsup_k,nrs_ns_r,total_time
90,7,0.0009472000092500821,0.028267899993807077,0.003379400004632771,7.88999896030873e-05,0.03426549999858253,0.04243750000023283,1.4399993233382702e-05,2.2999884095042944e-06,1.09999964479357e-05,1.7300000763498247e-05,7.399998139590025e-06,0.0013787999923806638,0.0044895999890286475,0.00400999998964835,6.200003554113209e-06,0.11931339994771406
