percentage,execution,k_s_sup,s_k_sub,t_k_sup,ns_s_sup,s_ns_sub,r_ar_sup,ar_r_sub,ns_sub_r,ks_sf_in,sub_r_r,n_r_t,ns_s_spe,nk_k_sup,s_nsup_k,nrs_ns_r,total_time
20,9,0.006157700001494959,0.0033121000014944,0.00923400001192931,0.00013950001448392868,0.012610399993718602,0.004827000011573546,8.230000094044954e-05,1.8999999156221747e-06,1.0400006431154907e-05,1.5700003132224083e-05,7.099995855242014e-06,0.002529499994125217,0.0009235000034095719,0.0008325999951921403,7.299997378140688e-06,0.04069100003107451
