percentage,execution,k_s_sup,s_k_sub,t_k_sup,ns_s_sup,s_ns_sub,r_ar_sup,ar_r_sub,ns_sub_r,ks_sf_in,sub_r_r,n_r_t,ns_s_spe,nk_k_sup,s_nsup_k,nrs_ns_r,total_time
50,8,1.1099997209385037e-05,0.001331100007519126,1.0900010238401592e-05,9.899988071992993e-06,0.0012672000011662021,0.03259569998772349,1.1500000255182385e-05,1.9999861251562834e-06,1.0799994925037026e-05,1.720000000204891e-05,7.099995855242014e-06,5.299996701069176e-06,0.0032959000091068447,0.0024073999957181513,9.800001862458885e-06,0.04099289997247979
