percentage,execution,ar_r_sub,k_s_sup,ks_sf_in,n_r_t,nk_k_sup,nrs_ns_r,ns_s_spe,ns_s_sup,ns_sub_r,r_ar_sup,s_k_sub,s_ns_sub,s_nsup_k,sub_r_r,t_k_sup,total_time
60,8,0.00047369999992952216,0.007360999999946216,1.1699999959091656e-05,7.600000571983401e-06,0.002049800000349933,7.0000005507608876e-06,0.002537800000027346,0.00014650000048277434,1.8000000636675395e-06,0.006112999999459134,0.003562100000635837,0.0068310000006022165,0.0016476000000693602,1.7500000467407517e-05,0.009802100000342762,0.04057020000345801
