percentage,execution,k_s_sup,s_k_sub,t_k_sup,ns_s_sup,s_ns_sub,r_ar_sup,ar_r_sub,ns_sub_r,ks_sf_in,sub_r_r,n_r_t,ns_s_spe,nk_k_sup,s_nsup_k,nrs_ns_r,total_time
60,1,0.0008751999994274229,0.026263800013111904,0.0037402000016300008,7.769999501761049e-05,0.0538137999974424,0.027636200000415556,1.139998494181782e-05,2.00001522898674e-06,1.1099997209385037e-05,1.7699989257380366e-05,7.199996616691351e-06,0.0013688999897567555,0.004413200003909878,0.003935599990654737,6.799993570894003e-06,0.12218079996819142
