percentage,execution,ar_r_sub,k_s_sup,ks_sf_in,n_r_t,nk_k_sup,nrs_ns_r,ns_s_spe,ns_s_sup,ns_sub_r,r_ar_sup,s_k_sub,s_ns_sub,s_nsup_k,sub_r_r,t_k_sup,total_time
90,1,0.004116799682378769,0.0001467997208237648,1.0599847882986069e-05,7.200054824352264e-06,0.000980400014668703,5.7998113334178925e-06,0.002367400098592043,0.00020750006660819054,1.7997808754444122e-06,0.00014360016211867332,0.0032648001797497272,0.00313840014860034,0.000821900088340044,1.3699755072593689e-05,0.006398600060492754,0.021625299472361803
