percentage,execution,k_s_sup,s_k_sub,t_k_sup,ns_s_sup,s_ns_sub,r_ar_sup,ar_r_sub,ns_sub_r,ks_sf_in,sub_r_r,n_r_t,ns_s_spe,nk_k_sup,s_nsup_k,nrs_ns_r,total_time
60,5,8.080001862253994e-05,0.0018386000010650605,0.0032121999975061044,0.00021610000112559646,0.004953600000590086,8.129999332595617e-05,0.012855599998147227,1.8999853637069464e-06,1.0399991879239678e-05,1.3199998647905886e-05,7.099995855242014e-06,0.002413399997749366,0.0008190000080503523,0.0006420999998226762,0.00010299999848939478,0.027248299986240454
