percentage,execution,ar_r_sub,k_s_sup,ks_sf_in,n_r_t,nk_k_sup,nrs_ns_r,ns_s_spe,ns_s_sup,ns_sub_r,r_ar_sup,s_k_sub,s_ns_sub,s_nsup_k,sub_r_r,t_k_sup,total_time
40,8,0.00024990000019897707,0.005997400000524067,1.049999991664663e-05,6.999999641266186e-06,0.0016732000003685243,7.200000254670158e-06,0.0023963000003277557,0.00013670000043930486,1.8000000636675395e-06,0.004784900000231573,0.0032811999999466934,0.012296799999603536,0.0013706999998248648,1.5999999959603883e-05,0.008780699999988428,0.04101030000128958
