percentage,execution,k_s_sup,s_k_sub,t_k_sup,ns_s_sup,s_ns_sub,r_ar_sup,ar_r_sub,ns_sub_r,ks_sf_in,sub_r_r,n_r_t,ns_s_spe,nk_k_sup,s_nsup_k,nrs_ns_r,total_time
15,3,0.0040565000381320715,0.020771399955265224,0.003276499919593334,7.82000133767724e-05,0.07443170004989952,0.012513400055468082,1.1699972674250603e-05,2.100015990436077e-06,1.0899966582655907e-05,1.8000020645558834e-05,7.100054062902927e-06,0.0013652999186888337,0.0043339000549167395,0.0038762999465689063,7.999944500625134e-06,0.12476099992636591
