percentage,execution,ar_r_sub,k_s_sup,ks_sf_in,n_r_t,nk_k_sup,nrs_ns_r,ns_s_spe,ns_s_sup,ns_sub_r,r_ar_sup,s_k_sub,s_ns_sub,s_nsup_k,sub_r_r,t_k_sup,total_time
50,5,2.8799870051443577e-05,1.3599987141788006e-05,2.6099965907633305e-05,2.529995981603861e-05,0.008183400030247867,8.699949830770493e-06,1.8400023691356182e-05,1.200009137392044e-05,3.1999079510569572e-06,0.043768799980171025,0.005313499947078526,0.01211939996574074,0.0030804999405518174,3.969995304942131e-05,1.3999990187585354e-05,0.07265539956279099
