percentage,execution,ar_r_sub,k_s_sup,ks_sf_in,n_r_t,nk_k_sup,nrs_ns_r,ns_s_spe,ns_s_sup,ns_sub_r,r_ar_sup,s_k_sub,s_ns_sub,s_nsup_k,sub_r_r,t_k_sup,total_time
20,8,1.2100092135369778e-05,1.1899974197149277e-05,1.2299977242946625e-05,8.00006091594696e-06,0.0020520000252872705,8.899951353669167e-06,5.800044164061546e-06,1.1299969628453255e-05,1.8998980522155762e-06,0.0170729000819847,0.0027576000429689884,0.00965089991223067,0.0015548999654129148,2.0700041204690933e-05,1.2699980288743973e-05,0.03319390001706779
