percentage,execution,ar_r_sub,k_s_sup,ks_sf_in,n_r_t,nk_k_sup,nrs_ns_r,ns_s_spe,ns_s_sup,ns_sub_r,r_ar_sup,s_k_sub,s_ns_sub,s_nsup_k,sub_r_r,t_k_sup,total_time
80,2,1.0000000656873453e-05,7.80000000304426e-05,1.2700000297627412e-05,4.999999873689376e-06,0.0006466999993790523,5.2999994295532815e-06,4.599999556376133e-06,9.399999726156238e-06,1.6999993022182025e-06,0.003255200000239711,0.004510000000664149,0.007895000000644359,0.0005426999996416271,1.1199999789823778e-05,0.001874199999292614,0.018861699998524273
