percentage,execution,k_s_sup,s_k_sub,t_k_sup,ns_s_sup,s_ns_sub,r_ar_sup,ar_r_sub,ns_sub_r,ks_sf_in,sub_r_r,n_r_t,ns_s_spe,nk_k_sup,s_nsup_k,nrs_ns_r,total_time
10,9,1.0100018698722124e-05,7.930000720079988e-05,9.700001101009548e-06,8.600007276982069e-06,7.220001134555787e-05,9.199997293762863e-06,7.619999814778566e-05,2.0000006770715117e-06,9.2999980552122e-06,1.2600008631125093e-05,6.900008884258568e-06,4.5000051613897085e-06,0.00025830000231508166,0.00017610000213608146,6.299989763647318e-06,0.0007413000566884875
