percentage,execution,ar_r_sub,k_s_sup,ks_sf_in,n_r_t,nk_k_sup,nrs_ns_r,ns_s_spe,ns_s_sup,ns_sub_r,r_ar_sup,s_k_sub,s_ns_sub,s_nsup_k,sub_r_r,t_k_sup,total_time
80,8,1.3699871487915516e-05,1.3499986380338669e-05,1.27000967040658e-05,8.399947546422482e-06,0.00615620007738471,7.4999406933784485e-06,0.0015396000817418098,8.399994112551212e-05,2.200016751885414e-06,0.04516999993938953,0.016590700019150972,0.028686999925412238,0.004455800051800907,2.0299921743571758e-05,1.3999990187585354e-05,0.10277559980750084
