percentage,execution,ar_r_sub,k_s_sup,ks_sf_in,n_r_t,nk_k_sup,nrs_ns_r,ns_s_spe,ns_s_sup,ns_sub_r,r_ar_sup,s_k_sub,s_ns_sub,s_nsup_k,sub_r_r,t_k_sup,total_time
40,2,9.299999874201603e-06,0.0009488999985478586,8.899998647393659e-06,8.400000297115184e-06,5.20000139658805e-06,4.900000931229442e-06,0.00048600000081933104,8.170000000973232e-05,9.60000033956021e-06,0.000910100001419778,7.879999975557439e-05,7.270000060088933e-05,4.499999704421498e-06,1.5499999790336005e-05,9.279999903810676e-05,0.002737300001172116
