percentage,execution,ar_r_sub,k_s_sup,ks_sf_in,n_r_t,nk_k_sup,nrs_ns_r,ns_s_spe,ns_s_sup,ns_sub_r,r_ar_sup,s_k_sub,s_ns_sub,s_nsup_k,sub_r_r,t_k_sup,total_time
20,4,9.999999747378752e-06,0.0042094000018551014,9.299999874201603e-06,5.399999281507917e-06,5.40000110049732e-06,4.700001227320172e-06,0.00046010000005480833,7.960000039020088e-05,0.00016830000095069408,0.002845600000000559,8.229999912146013e-05,7.399999958579428e-05,4.599998646881431e-06,1.06999996205559e-05,9.490000047662761e-05,0.008064300001933589
