execution,ar_r_sub,k_s_sup,ks_sf_in,n_r_t,nk_k_sup,nrs_ns_r,ns_s_spe,ns_s_sup,ns_sub_r,r_ar_sup,s_k_sub,s_ns_sub,s_nsup_k,sub_r_r,t_k_sup,total_time
1,1.0699965059757233e-05,0.004618899896740913,1.00000761449337e-05,6.400048732757568e-06,6.00004568696022e-06,5.200039595365524e-06,0.0004556998610496521,7.880013436079025e-05,2.00001522898674e-06,0.003193099983036518,8.230004459619522e-05,7.739989086985588e-05,4.7995708882808685e-06,1.270044595003128e-05,0.00011089956387877464,0.008674899581819773
2,1.0299962013959885e-05,0.004339999984949827,9.700190275907516e-06,5.3998082876205444e-06,5.499925464391708e-06,5.09992241859436e-06,0.0004154001362621784,7.949955761432648e-05,1.8998980522155762e-06,0.002967400010675192,8.440017700195312e-05,7.760012522339821e-05,4.90015372633934e-06,1.0999850928783417e-05,9.739957749843597e-05,0.008115499280393124
3,1.0299496352672577e-05,0.004254200030118227,9.199604392051697e-06,5.499925464391708e-06,5.499925464391708e-06,8.00006091594696e-06,0.00041109975427389145,8.369982242584229e-05,2.00001522898674e-06,0.0028933994472026825,7.970025762915611e-05,7.569976150989532e-05,4.800036549568176e-06,1.3700686395168304e-05,9.460002183914185e-05,0.007951398845762014
4,8.899718523025513e-06,8.149957284331322e-05,9.000301361083984e-06,4.999805241823196e-06,0.0004455000162124634,8.400063961744308e-06,4.4996850192546844e-06,9.599607437849045e-06,1.7997808754444122e-06,8.699996396899223e-05,0.002617400139570236,0.012352699879556894,0.0003673001192510128,1.0299962013959885e-05,0.0028227996081113815,0.01883169822394848
