execution,ar_r_sub,k_s_sup,ks_sf_in,n_r_t,nk_k_sup,nrs_ns_r,ns_s_spe,ns_s_sup,ns_sub_r,r_ar_sup,s_k_sub,s_ns_sub,s_nsup_k,sub_r_r,t_k_sup,total_time
1,1.880002673715353e-05,8.370005525648594e-05,1.6700010746717453e-05,9.999959729611874e-06,0.0067816999508067966,1.0300078429281712e-05,1.0600080713629723e-05,1.6700010746717453e-05,1.7499784007668495e-05,0.003267599968239665,0.0016979000065475702,0.0049009001813828945,0.0003836000105366111,1.9200146198272705e-05,0.0018521000165492296,0.019087300286628306
2,8.300063200294971e-06,7.79998954385519e-05,8.299946784973145e-06,4.599918611347675e-06,0.0003853000234812498,5.300040356814861e-06,4.100031219422817e-06,8.600065484642982e-06,8.599949069321156e-06,7.349997758865356e-05,0.001738599967211485,0.008043800015002489,0.0002442999975755811,9.300070814788342e-06,0.001905699959024787,0.012526299920864403
3,1.8300022929906845e-05,8.379982318729162e-05,1.659989356994629e-05,9.499955922365189e-06,0.006341600092127919,9.599956683814526e-06,1.1499971151351929e-05,1.6800127923488617e-05,1.7600134015083313e-05,0.0034804000752046704,0.0017299000173807144,0.004878099891357124,0.0003695000195875764,1.910002902150154e-05,0.001949499943293631,0.018951799953356385
