percentage,execution,k_s_sup,s_k_sub,t_k_sup,ns_s_sup,s_ns_sub,r_ar_sup,ar_r_sub,ns_sub_r,ks_sf_in,sub_r_r,n_r_t,ns_s_spe,nk_k_sup,s_nsup_k,nrs_ns_r,total_time
50,9,8.010001329239458e-05,0.020711700009997003,0.0019841000030282885,1.069999416358769e-05,0.042645600013202056,0.0008836000051815063,0.00751470000250265,1.170000177808106e-05,1.0299991117790341e-05,0.0012456999975256622,7.199996616691351e-06,5.3000112529844046e-06,0.0029442000086419284,0.0024784999986877665,7.199996616691351e-06,0.08054060004360508
