percentage,execution,k_s_sup,s_k_sub,t_k_sup,ns_s_sup,s_ns_sub,r_ar_sup,ar_r_sub,ns_sub_r,ks_sf_in,sub_r_r,n_r_t,ns_s_spe,nk_k_sup,s_nsup_k,nrs_ns_r,total_time
30,8,8.349999552592635e-05,0.01946440000028815,0.0018485000036889687,1.060000795405358e-05,0.05226469998888206,0.0008623999892733991,0.016307700003380887,1.200000406242907e-05,1.0200004908256233e-05,0.003119400003924966,7.100010407157242e-06,5.299996701069176e-06,0.0028904000064358115,0.0026662000018404797,6.89999433234334e-06,0.09955930001160596
