percentage,execution,ar_r_sub,k_s_sup,ks_sf_in,n_r_t,nk_k_sup,nrs_ns_r,ns_s_spe,ns_s_sup,ns_sub_r,r_ar_sup,s_k_sub,s_ns_sub,s_nsup_k,sub_r_r,t_k_sup,total_time
60,4,9.899999895424116e-06,0.005703499999981432,9.000000318337698e-06,4.999999873689376e-06,5.4000001910026185e-06,4.599999556376133e-06,0.000404299999900104,7.569999979750719e-05,0.00015239999993355013,0.004384900000331982,0.00020089999998162966,0.00019319999955769163,4.599999556376133e-06,1.0500000826141331e-05,0.0002297000000908156,0.011393599999792059
