percentage,execution,ar_r_sub,k_s_sup,ks_sf_in,n_r_t,nk_k_sup,nrs_ns_r,ns_s_spe,ns_s_sup,ns_sub_r,r_ar_sup,s_k_sub,s_ns_sub,s_nsup_k,sub_r_r,t_k_sup,total_time
40,2,0.0003494000002319808,9.14999991437071e-05,1.4399999599845614e-05,7.800000275892671e-06,0.003239399999984016,7.700000423938036e-06,5.7999995988211595e-06,1.2299999070819467e-05,1.2400000741763506e-05,8.890000026440248e-05,0.019144900000355847,0.057346399999914865,0.0027479999998831772,1.6399999367422424e-05,0.002089999999952852,0.08517529999880935
