percentage,execution,k_s_sup,s_k_sub,t_k_sup,ns_s_sup,s_ns_sub,r_ar_sup,ar_r_sub,ns_sub_r,ks_sf_in,sub_r_r,n_r_t,ns_s_spe,nk_k_sup,s_nsup_k,nrs_ns_r,total_time
30,4,8.97999998414889e-05,0.026404000003822148,0.0018114999984391034,2.0899999071843922e-05,0.057100799996987917,0.0030232999997679144,0.014961600012611598,2.3199987481348217e-05,2.090001362375915e-05,0.002598899998702109,1.4299992471933365e-05,1.0399991879239678e-05,0.011133199994219467,0.004810600003111176,1.3700002455152571e-05,0.1220370999944862
