percentage,execution,ar_r_sub,k_s_sup,ks_sf_in,n_r_t,nk_k_sup,nrs_ns_r,ns_s_spe,ns_s_sup,ns_sub_r,r_ar_sup,s_k_sub,s_ns_sub,s_nsup_k,sub_r_r,t_k_sup,total_time
20,2,0.011025700019672513,1.1499971151351929e-05,9.900075383484364e-06,6.9999368861317635e-06,0.0014577999245375395,6.8999361246824265e-06,4.900037311017513e-06,9.899958968162537e-06,1.1400086805224419e-05,1.179997343569994e-05,0.0018165000947192311,0.008108400041237473,0.0010417000157758594,0.0020308998646214604,1.209997572004795e-05,0.02556639991234988
