percentage,execution,ar_r_sub,k_s_sup,ks_sf_in,n_r_t,nk_k_sup,nrs_ns_r,ns_s_spe,ns_s_sup,ns_sub_r,r_ar_sup,s_k_sub,s_ns_sub,s_nsup_k,sub_r_r,t_k_sup,total_time
60,5,0.00047869933769106865,8.270004764199257e-05,1.0899733752012253e-05,6.9998204708099365e-06,0.002936599776148796,6.800051778554916e-06,5.200039595365524e-06,1.12997367978096e-05,1.1399853974580765e-05,0.0016507003456354141,0.02159180026501417,0.039324700366705656,0.0026282002218067646,1.5099998563528061e-05,0.001921599730849266,0.07068269932642579
