percentage,execution,k_s_sup,s_k_sub,t_k_sup,ns_s_sup,s_ns_sub,r_ar_sup,ar_r_sub,ns_sub_r,ks_sf_in,sub_r_r,n_r_t,ns_s_spe,nk_k_sup,s_nsup_k,nrs_ns_r,total_time
20,9,8.509999315720052e-05,0.018039700007648207,0.0018491999944671988,1.0400006431154907e-05,0.056653799998457544,7.729999197181314e-05,0.010216599999694154,1.1600001016631722e-05,1.0700008715502918e-05,0.0020395000028656796,7.099995855242014e-06,5.099995178170502e-06,0.0028935000009369105,0.0025525999953970313,6.999995093792677e-06,0.09445919998688623
