percentage,execution,ar_r_sub,k_s_sup,ks_sf_in,n_r_t,nk_k_sup,nrs_ns_r,ns_s_spe,ns_s_sup,ns_sub_r,r_ar_sup,s_k_sub,s_ns_sub,s_nsup_k,sub_r_r,t_k_sup,total_time
20,3,1.0599964298307896e-05,0.012082900037057698,1.0199961252510548e-05,6.200047209858894e-06,5.800044164061546e-06,6.00004568696022e-06,0.0025892999256029725,0.0009246000554412603,0.00040579994674772024,0.008310599951073527,0.00013670010957866907,0.00013749999925494194,4.899920895695686e-06,1.3599987141788006e-05,0.00016190006863325834,0.02480660006403923
