percentage,execution,k_s_sup,s_k_sub,t_k_sup,ns_s_sup,s_ns_sub,r_ar_sup,ar_r_sub,ns_sub_r,ks_sf_in,sub_r_r,n_r_t,ns_s_spe,nk_k_sup,s_nsup_k,nrs_ns_r,total_time
45,2,0.03296850004699081,0.07860100001562387,0.1931618000380695,0.024044000194408,0.18324120005127043,0.1664615998743102,0.0004259999841451645,0.0003714998019859195,3.7900288589298725e-05,0.0001398000167682767,3.170000854879618e-05,0.10526729992125183,0.043067999999038875,0.022314899950288236,4.019984044134617e-05,0.8501754000317305
