percentage,execution,k_s_sup,s_k_sub,t_k_sup,ns_s_sup,s_ns_sub,r_ar_sup,ar_r_sub,ns_sub_r,ks_sf_in,sub_r_r,n_r_t,ns_s_spe,nk_k_sup,s_nsup_k,nrs_ns_r,total_time
80,7,0.04666439999709837,0.07777489999716636,0.19201969999994617,0.019639899997855537,0.10817440001119394,0.2905308000044897,0.00041970002348534763,0.006215700021130033,4.020000051241368e-05,0.00012859998969361186,3.100000321865082e-05,0.10106820000510197,0.039324600002146326,0.024462400004267693,2.02999945031479e-05,0.9065148000518093
