percentage,execution,ar_r_sub,k_s_sup,ks_sf_in,n_r_t,nk_k_sup,nrs_ns_r,ns_s_spe,ns_s_sup,ns_sub_r,r_ar_sup,s_k_sub,s_ns_sub,s_nsup_k,sub_r_r,t_k_sup,total_time
20,3,7.969999933266081e-05,8.130000060191378e-05,1.1600001016631722e-05,7.79999936639797e-06,0.0051223999998910585,9.299999874201603e-06,6.099999154685065e-06,1.2300002708798274e-05,1.2399999832268804e-05,0.006030500000633765,0.030166900000040187,0.10738620000120136,0.0043893000001844484,2.4400000256719068e-05,0.01244100000076287,0.16578120000485796
