percentage,execution,ar_r_sub,k_s_sup,ks_sf_in,n_r_t,nk_k_sup,nrs_ns_r,ns_s_spe,ns_s_sup,ns_sub_r,r_ar_sup,s_k_sub,s_ns_sub,s_nsup_k,sub_r_r,t_k_sup,total_time
40,2,0.0010501001961529255,7.850024849176407e-05,0.0002950001507997513,6.5998174250125885e-06,0.0024779001250863075,8.400063961744308e-06,5.09992241859436e-06,1.1600088328123093e-05,1.0999850928783417e-05,0.0009012995287775993,0.0119310999289155,0.04427849967032671,0.0018546003848314285,1.530023291707039e-05,0.011721800081431866,0.07464680029079318
