percentage,execution,k_s_sup,s_k_sub,t_k_sup,ns_s_sup,s_ns_sub,r_ar_sup,ar_r_sub,ns_sub_r,ks_sf_in,sub_r_r,n_r_t,ns_s_spe,nk_k_sup,s_nsup_k,nrs_ns_r,total_time
40,1,0.03488279995508492,0.06696960015688092,0.1529154001036659,0.021522799972444773,0.1612146000843495,0.1806945001007989,0.00019560009241104126,0.0012698998907580972,4.329998046159744e-05,0.00015460001304745674,3.029999788850546e-05,0.09672650007996708,0.05415529990568757,0.02167709998320788,4.529999569058418e-05,0.7924976003123447
