percentage,execution,ar_r_sub,k_s_sup,ks_sf_in,n_r_t,nk_k_sup,nrs_ns_r,ns_s_spe,ns_s_sup,ns_sub_r,r_ar_sup,s_k_sub,s_ns_sub,s_nsup_k,sub_r_r,t_k_sup,total_time
10,3,1.1300086043775082e-05,0.012999200029298663,1.1299969628453255e-05,8.599949069321156e-06,0.0006841000868007541,8.200062438845634e-06,0.004286299925297499,0.0009540000464767218,0.0004093999741598964,0.009014799958094954,0.0024519000435248017,0.011991000035777688,0.0005951001076027751,1.789990346878767e-05,0.006399299832992256,0.04984240001067519
