percentage,execution,k_s_sup,s_k_sub,t_k_sup,ns_s_sup,s_ns_sub,r_ar_sup,ar_r_sub,ns_sub_r,ks_sf_in,sub_r_r,n_r_t,ns_s_spe,nk_k_sup,s_nsup_k,nrs_ns_r,total_time
80,6,0.0014915000065229833,0.0069823000085307285,0.00564350001513958,0.00011890001769643277,0.010054300000774674,0.0014967999886721373,0.006776300011551939,1.679999695625156e-05,1.4699980965815485e-05,0.001263199999812059,1.300001167692244e-05,0.0014611999940825626,0.011490199991385452,0.0017795000021578744,1.0000003385357559e-05,0.04861220002931077
