percentage,execution,ar_r_sub,k_s_sup,ks_sf_in,n_r_t,nk_k_sup,nrs_ns_r,ns_s_spe,ns_s_sup,ns_sub_r,r_ar_sup,s_k_sub,s_ns_sub,s_nsup_k,sub_r_r,t_k_sup,total_time
40,6,1.359999987471383e-05,4.6099999963189475e-05,1.3100001524435356e-05,9.900000804918818e-06,0.0069891000021016225,1.0399999155197293e-05,8.700000762473792e-06,1.320000046689529e-05,1.3299999409355223e-05,0.003777599999011727,0.003915299999789568,0.00982060000023921,0.0010886999989452306,1.620000330149196e-05,0.0009309999968536431,0.026666800002203672
