percentage,execution,ar_r_sub,k_s_sup,ks_sf_in,n_r_t,nk_k_sup,nrs_ns_r,ns_s_spe,ns_s_sup,ns_sub_r,r_ar_sup,s_k_sub,s_ns_sub,s_nsup_k,sub_r_r,t_k_sup,total_time
40,2,1.0399999155197293e-05,0.005845900001077098,9.800000043469481e-06,5.600000804406591e-06,5.599998985417187e-06,5.199999577598646e-06,0.0006277999982557958,7.540000115113799e-05,0.0001742999993439298,0.004453400000784313,0.0002046999979938846,0.0001975999985006638,4.900000931229442e-06,1.2000000424450263e-05,0.00022589999935007654,0.011858499996378669
