percentage,execution,ar_r_sub,k_s_sup,ks_sf_in,n_r_t,nk_k_sup,nrs_ns_r,ns_s_spe,ns_s_sup,ns_sub_r,r_ar_sup,s_k_sub,s_ns_sub,s_nsup_k,sub_r_r,t_k_sup,total_time
20,2,1.2099742889404297e-05,0.017071600072085857,1.1699739843606949e-05,7.599592208862305e-06,7.0999376475811005e-06,8.00006091594696e-06,0.005278300028294325,0.002613300457596779,0.0005383999086916447,0.012902000453323126,0.00033239973708987236,0.00033590011298656464,5.8002769947052e-06,1.9600149244070053e-05,0.0003764997236430645,0.03952029999345541
