percentage,execution,k_s_sup,s_k_sub,t_k_sup,ns_s_sup,s_ns_sub,r_ar_sup,ar_r_sub,ns_sub_r,ks_sf_in,sub_r_r,n_r_t,ns_s_spe,nk_k_sup,s_nsup_k,nrs_ns_r,total_time
30,1,9.140001202467829e-05,0.01729889996931888,0.00991190000786446,2.409997978247702e-05,0.052654099999926984,0.013947500003268942,2.5199988158419728e-05,2.1499989088624716e-05,1.9799990695901215e-05,3.519999154377729e-05,1.2400007108226418e-05,1.0500007192604244e-05,0.009766599992872216,0.0028771000070264563,1.3800003216601908e-05,0.10670999994908925
