percentage,execution,k_s_sup,s_k_sub,t_k_sup,ns_s_sup,s_ns_sub,r_ar_sup,ar_r_sub,ns_sub_r,ks_sf_in,sub_r_r,n_r_t,ns_s_spe,nk_k_sup,s_nsup_k,nrs_ns_r,total_time
40,4,0.00011610001092776656,0.042436799994902685,0.01251889999548439,2.540001878514886e-05,0.11005449999356642,0.037493700001505204,0.01830909999262076,2.6900001103058457e-05,2.6500012609176338e-05,0.0036284999951021746,1.6999998479150236e-05,1.2400007108226418e-05,0.015304999993531965,0.007615800001076423,1.6000005416572094e-05,0.24760260002221912
