percentage,execution,ar_r_sub,k_s_sup,ks_sf_in,n_r_t,nk_k_sup,nrs_ns_r,ns_s_spe,ns_s_sup,ns_sub_r,r_ar_sup,s_k_sub,s_ns_sub,s_nsup_k,sub_r_r,t_k_sup,total_time
60,6,0.006575300001713913,0.001486799999838695,1.730000258248765e-05,1.2799999240087345e-05,0.011401899997508735,1.0800000382005237e-05,0.001438500001313514,0.00011699999959091656,1.6400001186411828e-05,0.0015029000005597482,0.0062242000003607245,0.015285299999959534,0.0017520999990665587,0.001237299997228547,0.005706399999326095,0.05278499999985797
