percentage,execution,ar_r_sub,k_s_sup,ks_sf_in,n_r_t,nk_k_sup,nrs_ns_r,ns_s_spe,ns_s_sup,ns_sub_r,r_ar_sup,s_k_sub,s_ns_sub,s_nsup_k,sub_r_r,t_k_sup,total_time
30,6,0.0004038996994495392,0.02245549950748682,3.5400036722421646e-05,2.8700102120637894e-05,0.03599480027332902,2.800021320581436e-05,0.06712000025436282,0.021616599522531033,0.003850099630653858,0.12126170052215457,0.053245799615979195,0.13243379956111312,0.016241000033915043,0.00013139937072992325,0.11668259976431727,0.5915292981080711
