percentage,execution,k_s_sup,s_k_sub,t_k_sup,ns_s_sup,s_ns_sub,r_ar_sup,ar_r_sub,ns_sub_r,ks_sf_in,sub_r_r,n_r_t,ns_s_spe,nk_k_sup,s_nsup_k,nrs_ns_r,total_time
10,2,0.017477000001235865,0.0018006999889621511,0.003576300005079247,0.0017592000076547265,0.008165599996573292,0.011983700009295717,1.2299991794861853e-05,0.0005875000060768798,1.1800002539530396e-05,2.1799991372972727e-05,8.799994247965515e-06,0.007484899993869476,0.00039829999150242656,0.0003384999872650951,8.999995770864189e-06,0.05363539996324107
