percentage,execution,ar_r_sub,k_s_sup,ks_sf_in,n_r_t,nk_k_sup,nrs_ns_r,ns_s_spe,ns_s_sup,ns_sub_r,r_ar_sup,s_k_sub,s_ns_sub,s_nsup_k,sub_r_r,t_k_sup,total_time
40,2,8.900000466383062e-06,7.619999996677507e-05,8.600000001024455e-06,4.699999408330768e-06,0.0006427999996958533,5.40000110049732e-06,4.399998942972161e-06,8.900000466383062e-06,8.999999408842996e-06,0.0009127000012085773,0.004475100000490784,0.013511500001186505,0.0005421999994723592,1.0800000382005237e-05,0.0018954999995912658,0.02211670000178856
