percentage,execution,ar_r_sub,k_s_sup,ks_sf_in,n_r_t,nk_k_sup,nrs_ns_r,ns_s_spe,ns_s_sup,ns_sub_r,r_ar_sup,s_k_sub,s_ns_sub,s_nsup_k,sub_r_r,t_k_sup,total_time
60,4,0.00027689989656209946,9.210023563355207e-05,2.0599691197276115e-05,1.3800105080008507e-05,0.010539599927142262,1.2899981811642647e-05,1.100008375942707e-05,2.1099927835166454e-05,2.240017056465149e-05,0.01721770002041012,0.025851399870589375,0.040454900125041604,0.004190200008451939,3.070023376494646e-05,0.008550600032322109,0.10730590031016618
