percentage,execution,ar_r_sub,k_s_sup,ks_sf_in,n_r_t,nk_k_sup,nrs_ns_r,ns_s_spe,ns_s_sup,ns_sub_r,r_ar_sup,s_k_sub,s_ns_sub,s_nsup_k,sub_r_r,t_k_sup,total_time
60,9,0.0002978000011353288,9.350000073027331e-05,2.3599999622092582e-05,1.6599999071331695e-05,0.015262599999914528,1.5300000086426735e-05,1.2200001947348937e-05,2.499999936844688e-05,2.59000007645227e-05,0.048412400001325295,0.0508945000001404,0.08598320000237436,0.007963799998833565,4.919999810226727e-05,0.01269279999905848,0.22176840000247466
