percentage,execution,ar_r_sub,k_s_sup,ks_sf_in,n_r_t,nk_k_sup,nrs_ns_r,ns_s_spe,ns_s_sup,ns_sub_r,r_ar_sup,s_k_sub,s_ns_sub,s_nsup_k,sub_r_r,t_k_sup,total_time
40,2,0.0003385995514690876,0.02583630057051778,3.539957106113434e-05,2.950010821223259e-05,0.0617508003488183,2.5700312107801437e-05,0.0941286999732256,0.024044599384069443,0.0008852002210915089,0.18546219915151596,0.05256250035017729,0.14768310030922294,0.018862000200897455,0.00012930063530802727,0.12408610014244914,0.7358600008301437
