percentage,execution,ar_r_sub,k_s_sup,ks_sf_in,n_r_t,nk_k_sup,nrs_ns_r,ns_s_spe,ns_s_sup,ns_sub_r,r_ar_sup,s_k_sub,s_ns_sub,s_nsup_k,sub_r_r,t_k_sup,total_time
80,10,0.00011080000149377156,0.005001599998649908,1.3700000636163168e-05,1.3799999578623101e-05,0.009666999998444226,9.60000033956021e-06,0.0010762999991129618,0.00011139999696752056,1.4999999621068127e-05,0.004933000000164611,0.0008364000004803529,0.0008264999978564447,0.00034299999970244244,1.7100001059588976e-05,0.0012224999991303775,0.02419769999323762
