percentage,execution,k_s_sup,s_k_sub,t_k_sup,ns_s_sup,s_ns_sub,r_ar_sup,ar_r_sub,ns_sub_r,ks_sf_in,sub_r_r,n_r_t,ns_s_spe,nk_k_sup,s_nsup_k,nrs_ns_r,total_time
10,9,8.800001523923129e-05,0.022529299996676855,0.008268299992778338,1.9399987650103867e-05,0.059361800012993626,0.004588900017552078,2.090001362375915e-05,2.060001133941114e-05,1.8799997633323073e-05,2.9400005587376654e-05,1.2300006346777081e-05,2.3899992811493576e-05,0.010424899999634363,0.003675999992992729,1.5599987818859518e-05,0.10909810003067832
