percentage,execution,ar_r_sub,k_s_sup,ks_sf_in,n_r_t,nk_k_sup,nrs_ns_r,ns_s_spe,ns_s_sup,ns_sub_r,r_ar_sup,s_k_sub,s_ns_sub,s_nsup_k,sub_r_r,t_k_sup,total_time
80,5,7.90999984019436e-05,0.006670999999187188,9.499999578110874e-06,5.500000042957254e-06,0.00019699999938893598,5.100000635138713e-06,0.0005535999989660922,7.619999996677507e-05,0.00018399999862594996,0.0053808000011486,0.0011080000003858004,0.0011035999996238388,0.0001660999987507239,1.170000177808106e-05,0.0019709999996848637,0.017522199996165
