percentage,execution,ar_r_sub,k_s_sup,ks_sf_in,n_r_t,nk_k_sup,nrs_ns_r,ns_s_spe,ns_s_sup,ns_sub_r,r_ar_sup,s_k_sub,s_ns_sub,s_nsup_k,sub_r_r,t_k_sup,total_time
30,9,1.2400094419717789e-05,0.021468900609761477,1.2099742889404297e-05,7.3998235166072845e-06,7.799826562404633e-06,7.100403308868408e-06,0.005088899750262499,0.0025471001863479614,0.0005169999785721302,0.01735939970239997,0.0005107000470161438,0.0005138004198670387,6.0996972024440765e-06,1.9399449229240417e-05,0.0005589001812040806,0.048636999912559986
