percentage,execution,k_s_sup,s_k_sub,t_k_sup,ns_s_sup,s_ns_sub,r_ar_sup,ar_r_sub,ns_sub_r,ks_sf_in,sub_r_r,n_r_t,ns_s_spe,nk_k_sup,s_nsup_k,nrs_ns_r,total_time
30,5,9.200001659337431e-05,0.03759710001759231,0.011597699995036237,2.400000812485814e-05,0.10880829999223351,0.029665100024431013,0.012788800013368018,2.6200024876743555e-05,2.6400011847727e-05,0.0023678999859839678,1.6300007700920105e-05,1.2199991033412516e-05,0.01377160000265576,0.006913500008522533,1.68999977177009e-05,0.2237240000977181
