percentage,execution,k_s_sup,s_k_sub,t_k_sup,ns_s_sup,s_ns_sub,r_ar_sup,ar_r_sub,ns_sub_r,ks_sf_in,sub_r_r,n_r_t,ns_s_spe,nk_k_sup,s_nsup_k,nrs_ns_r,total_time
30,1,8.659996092319489e-05,0.033078899956308305,0.01254309993237257,1.9499915651977062e-05,0.11400449997745454,0.006777800037525594,8.650007657706738e-05,1.3399985618889332e-05,1.5799887478351593e-05,2.9399991035461426e-05,8.400063961744308e-06,6.400048732757568e-06,0.005739299929700792,0.004878200008533895,1.009996049106121e-05,0.1772978997323662
