percentage,execution,k_s_sup,s_k_sub,t_k_sup,ns_s_sup,s_ns_sub,r_ar_sup,ar_r_sub,ns_sub_r,ks_sf_in,sub_r_r,n_r_t,ns_s_spe,nk_k_sup,s_nsup_k,nrs_ns_r,total_time
60,8,0.00039510001079179347,0.005434399994555861,0.00978090001444798,0.002614099983475171,0.012056799998390488,0.0003758999810088426,0.024366099998587742,1.920000067912042e-05,1.8600010662339628e-05,2.3800006601959467e-05,2.0100007532164454e-05,0.007058400005917065,0.03201850000186823,0.0020123000140301883,0.002181799995014444,0.09837600002356339
