percentage,execution,k_s_sup,s_k_sub,t_k_sup,ns_s_sup,s_ns_sub,r_ar_sup,ar_r_sub,ns_sub_r,ks_sf_in,sub_r_r,n_r_t,ns_s_spe,nk_k_sup,s_nsup_k,nrs_ns_r,total_time
10,4,0.0105650998884812,0.04982890002429485,0.013065299950540066,0.022791100083850324,0.13917029998265207,0.008067800081335008,0.046929000061936677,0.0010741997975856066,4.5599997974932194e-05,0.008816700079478323,7.759989239275455e-05,0.2992575998650864,0.03904780012089759,0.018846299964934587,8.300004992634058e-05,0.6576662998413667
