percentage,execution,k_s_sup,s_k_sub,t_k_sup,ns_s_sup,s_ns_sub,r_ar_sup,ar_r_sub,ns_sub_r,ks_sf_in,sub_r_r,n_r_t,ns_s_spe,nk_k_sup,s_nsup_k,nrs_ns_r,total_time
90,9,0.0010975000041071326,0.005186199996387586,0.004939599995850585,9.500001033302397e-05,0.008305899988044985,0.0010735999967437238,0.0016082999936770648,1.1299998732283711e-05,9.900002623908222e-06,0.00024899998970795423,6.200003554113209e-06,0.0007293999951798469,0.0010483999940333888,0.0008875000057742,5.599998985417187e-06,0.025253399973735213
