percentage,execution,k_s_sup,s_k_sub,t_k_sup,ns_s_sup,s_ns_sub,r_ar_sup,ar_r_sub,ns_sub_r,ks_sf_in,sub_r_r,n_r_t,ns_s_spe,nk_k_sup,s_nsup_k,nrs_ns_r,total_time
40,1,8.249998791143298e-05,0.03009369999927003,0.012539499992271885,1.239999255631119e-05,0.10000060001038946,0.02323850001266692,0.0002541000139899552,1.309999788645655e-05,1.1600001016631722e-05,2.339998900424689e-05,7.800001185387373e-06,6.000002031214535e-06,0.005378299989388324,0.004616499994881451,8.000002708286047e-06,0.176285999987158
