percentage,execution,k_s_sup,s_k_sub,t_k_sup,ns_s_sup,s_ns_sub,r_ar_sup,ar_r_sub,ns_sub_r,ks_sf_in,sub_r_r,n_r_t,ns_s_spe,nk_k_sup,s_nsup_k,nrs_ns_r,total_time
40,1,0.0002429999876767397,0.002993000001879409,0.005456200000480749,0.0012898999993922189,0.0030812000040896237,0.0002401999954599887,0.03176119999261573,1.790000533219427e-05,1.5599987818859518e-05,2.370000584051013e-05,1.680001150816679e-05,0.0048137999983737245,0.01043049999861978,0.0010947999980999157,1.309999788645655e-05,0.061490899985074066
