percentage,execution,ar_r_sub,k_s_sup,ks_sf_in,n_r_t,nk_k_sup,nrs_ns_r,ns_s_spe,ns_s_sup,ns_sub_r,r_ar_sup,s_k_sub,s_ns_sub,s_nsup_k,sub_r_r,t_k_sup,total_time
10,10,0.0002690000692382455,9.14999982342124e-05,1.9399914890527725e-05,1.300009898841381e-05,0.012010500067844987,1.4399993233382702e-05,9.999843314290047e-06,1.9700033590197563e-05,2.080004196614027e-05,8.719996549189091e-05,0.012153399991802871,0.05324459995608777,0.002193999942392111,3.08002345263958e-05,0.01138020004145801,0.09155850019305944
