percentage,execution,ar_r_sub,k_s_sup,ks_sf_in,n_r_t,nk_k_sup,nrs_ns_r,ns_s_spe,ns_s_sup,ns_sub_r,r_ar_sup,s_k_sub,s_ns_sub,s_nsup_k,sub_r_r,t_k_sup,total_time
50,3,0.14150979998521507,0.15088899980764836,0.01162299991119653,0.0001580000389367342,0.22251989995129406,0.0017140000127255917,4.369832500000484,0.09872369992081076,0.006255800137296319,0.740692500025034,0.4129887002054602,0.7544570000609383,0.13270909991115332,0.011180599918588996,0.4943702998571098,7.549623899743892
