percentage,execution,k_s_sup,s_k_sub,t_k_sup,ns_s_sup,s_ns_sub,r_ar_sup,ar_r_sub,ns_sub_r,ks_sf_in,sub_r_r,n_r_t,ns_s_spe,nk_k_sup,s_nsup_k,nrs_ns_r,total_time
85,3,8.9899986051023e-05,0.03559390001464635,0.013460700050927699,1.4299876056611538e-05,0.05292129993904382,0.03385040001012385,0.006847699987702072,1.6200006939470768e-05,1.3800105080008507e-05,0.0012377998791635036,8.800067007541656e-06,6.800051778554916e-06,0.005171800032258034,0.004529799916781485,8.600065484642982e-06,0.15377179998904467
