percentage,execution,k_s_sup,s_k_sub,t_k_sup,ns_s_sup,s_ns_sub,r_ar_sup,ar_r_sub,ns_sub_r,ks_sf_in,sub_r_r,n_r_t,ns_s_spe,nk_k_sup,s_nsup_k,nrs_ns_r,total_time
10,10,0.004886599985184148,0.0001584000128787011,0.0001812999980757013,7.950000872369856e-05,0.0001534000039100647,0.0036887000023853034,1.1199997970834374e-05,0.000202499984879978,1.0599993402138352e-05,1.999999221879989e-05,7.299997378140688e-06,0.0014150000060908496,6.100002792663872e-06,5.399997462518513e-06,7.099995855242014e-06,0.010833099979208782
