percentage,execution,ar_r_sub,k_s_sup,ks_sf_in,n_r_t,nk_k_sup,nrs_ns_r,ns_s_spe,ns_s_sup,ns_sub_r,r_ar_sup,s_k_sub,s_ns_sub,s_nsup_k,sub_r_r,t_k_sup,total_time
20,8,1.1900090612471104e-05,0.013147500110790133,1.1900090612471104e-05,7.400056347250938e-06,0.0005051000043749809,8.399947546422482e-06,0.003396199899725616,0.0009033000096678734,0.0003931999672204256,0.010451499954797328,0.001916400040499866,0.008385700057260692,0.0004382999613881111,1.9600032828748226e-05,0.005222299951128662,0.04481870017480105
