percentage,execution,ar_r_sub,k_s_sup,ks_sf_in,n_r_t,nk_k_sup,nrs_ns_r,ns_s_spe,ns_s_sup,ns_sub_r,r_ar_sup,s_k_sub,s_ns_sub,s_nsup_k,sub_r_r,t_k_sup,total_time
60,5,7.979990914463997e-05,8.030002936720848e-05,9.599840268492699e-06,5.899928510189056e-06,0.0016379998996853828,6.00004568696022e-06,7.900060154497623e-06,1.0400079190731049e-05,1.0900082997977734e-05,0.005615200032480061,0.01102169998921454,0.023792399908415973,0.0014057999942451715,1.2200092896819115e-05,0.0035149999894201756,0.04721109988167882
