percentage,execution,ar_r_sub,k_s_sup,ks_sf_in,n_r_t,nk_k_sup,nrs_ns_r,ns_s_spe,ns_s_sup,ns_sub_r,r_ar_sup,s_k_sub,s_ns_sub,s_nsup_k,sub_r_r,t_k_sup,total_time
30,6,1.2400094419717789e-05,0.026395800057798624,1.3100099749863148e-05,8.800067007541656e-06,0.0014552000211551785,8.400063961744308e-06,0.009957099915482104,0.003284499980509281,0.006465299986302853,0.020895899971947074,0.005284299957565963,0.02456809999421239,0.00129029992967844,2.329994458705187e-05,0.014869799953885376,0.1145323000382632
