percentage,execution,ar_r_sub,k_s_sup,ks_sf_in,n_r_t,nk_k_sup,nrs_ns_r,ns_s_spe,ns_s_sup,ns_sub_r,r_ar_sup,s_k_sub,s_ns_sub,s_nsup_k,sub_r_r,t_k_sup,total_time
10,10,1.3600103557109833e-05,0.01054139994084835,1.309998333454132e-05,8.500181138515472e-06,7.4999406933784485e-06,8.500181138515472e-06,0.0038408003747463226,0.0010823998600244522,0.0004525999538600445,0.007476999890059233,0.00016609998419880867,0.00016249995678663254,6.1998143792152405e-06,2.2899825125932693e-05,0.00018559955060482025,0.023988699540495872
