percentage,execution,ar_r_sub,k_s_sup,ks_sf_in,n_r_t,nk_k_sup,nrs_ns_r,ns_s_spe,ns_s_sup,ns_sub_r,r_ar_sup,s_k_sub,s_ns_sub,s_nsup_k,sub_r_r,t_k_sup,total_time
60,9,0.006427500002246234,0.000128099998619291,0.0009055999980773777,1.4399998690350913e-05,0.004603800000040792,0.0011044000002584653,1.1499998436192982e-05,2.510000194888562e-05,1.9400000383029692e-05,0.004687500000727596,0.02007440000124916,0.03947109999899112,0.0038544999988516793,3.5400000342633575e-05,0.0244583000021521,0.10582100000101491
