percentage,execution,k_s_sup,s_k_sub,t_k_sup,ns_s_sup,s_ns_sub,r_ar_sup,ar_r_sub,ns_sub_r,ks_sf_in,sub_r_r,n_r_t,ns_s_spe,nk_k_sup,s_nsup_k,nrs_ns_r,total_time
5,3,0.0009692000458016992,0.01621779997367412,0.02040619996841997,0.019619900034740567,0.06849019997753203,0.021942100021988153,0.00030040007550269365,0.0009090001694858074,3.3600255846977234e-05,0.00014329981058835983,2.810009755194187e-05,0.04857040010392666,0.01645070011727512,0.004686999949626625,3.739993553608656e-05,0.2188053005374968
