percentage,execution,ar_r_sub,k_s_sup,ks_sf_in,n_r_t,nk_k_sup,nrs_ns_r,ns_s_spe,ns_s_sup,ns_sub_r,r_ar_sup,s_k_sub,s_ns_sub,s_nsup_k,sub_r_r,t_k_sup,total_time
30,5,0.0003168000839650631,0.03126479999627918,3.6400044336915016e-05,2.8999987989664078e-05,0.0379379999358207,2.7799978852272034e-05,0.09143799997400492,0.02488439972512424,0.0041726999916136265,0.11103679984807968,0.06129580002743751,0.15767990017775446,0.018021399970166385,0.00013539998326450586,0.140197700005956,0.6784748997306451
