percentage,execution,ar_r_sub,k_s_sup,ks_sf_in,n_r_t,nk_k_sup,nrs_ns_r,ns_s_spe,ns_s_sup,ns_sub_r,r_ar_sup,s_k_sub,s_ns_sub,s_nsup_k,sub_r_r,t_k_sup,total_time
80,7,0.00013410000246949494,7.699999878241215e-05,0.00044439999874157365,5.399999281507917e-06,0.001017800001136493,5.199999577598646e-06,4.499999704421498e-06,9.20000093174167e-06,9.800000043469481e-06,0.004999799999495735,0.0057263999988208525,0.012452400000256603,0.0008605000002717134,1.2200000128359534e-05,0.004339099998105667,0.030097799997747643
