percentage,execution,ar_r_sub,k_s_sup,ks_sf_in,n_r_t,nk_k_sup,nrs_ns_r,ns_s_spe,ns_s_sup,ns_sub_r,r_ar_sup,s_k_sub,s_ns_sub,s_nsup_k,sub_r_r,t_k_sup,total_time
10,3,2.480007242411375e-05,9.359989780932665e-05,2.5600078515708447e-05,1.5300116501748562e-05,0.014036299893632531,1.950003206729889e-05,1.1299969628453255e-05,2.6099965907633305e-05,2.4399952962994576e-05,0.011410700157284737,0.04665580007713288,0.1334983998676762,0.006917100050486624,4.850002005696297e-05,0.01254500006325543,0.22535240021534264
