percentage,execution,ar_r_sub,k_s_sup,ks_sf_in,n_r_t,nk_k_sup,nrs_ns_r,ns_s_spe,ns_s_sup,ns_sub_r,r_ar_sup,s_k_sub,s_ns_sub,s_nsup_k,sub_r_r,t_k_sup,total_time
10,10,1.0500079952180386e-05,1.079996582120657e-05,9.300070814788342e-06,5.999929271638393e-06,0.0004786000354215503,7.00005330145359e-06,4.800036549568176e-06,9.400071576237679e-06,1.0299845598638058e-05,0.005978099885396659,0.00014000001829117537,0.0001314998371526599,0.00035009998828172684,1.5600002370774746e-05,1.0300078429281712e-05,0.007172299898229539
