percentage,execution,k_s_sup,s_k_sub,t_k_sup,ns_s_sup,s_ns_sub,r_ar_sup,ar_r_sub,ns_sub_r,ks_sf_in,sub_r_r,n_r_t,ns_s_spe,nk_k_sup,s_nsup_k,nrs_ns_r,total_time
20,1,0.00018579998868517578,0.0026383000222267583,0.0043329999898560345,1.8000006093643606e-05,0.005736400009482168,0.00018940000154543668,0.0002156999835278839,1.679999695625156e-05,1.5700003132224083e-05,2.649999805726111e-05,1.6900012269616127e-05,1.030000566970557e-05,0.020695999992312863,0.0010473000002093613,1.6699996194802225e-05,0.035162800006219186
