percentage,execution,ar_r_sub,k_s_sup,ks_sf_in,n_r_t,nk_k_sup,nrs_ns_r,ns_s_spe,ns_s_sup,ns_sub_r,r_ar_sup,s_k_sub,s_ns_sub,s_nsup_k,sub_r_r,t_k_sup,total_time
50,4,0.00016439985483884811,9.180000051856041e-05,1.9500497728586197e-05,1.2200325727462769e-05,0.009227999951690435,1.2400094419717789e-05,9.700190275907516e-06,2.079969272017479e-05,2.1599233150482178e-05,0.013248699717223644,0.01688099978491664,0.02926929946988821,0.002794299740344286,2.619996666908264e-05,0.003731999546289444,0.07553189806640148
