percentage,execution,ar_r_sub,k_s_sup,ks_sf_in,n_r_t,nk_k_sup,nrs_ns_r,ns_s_spe,ns_s_sup,ns_sub_r,r_ar_sup,s_k_sub,s_ns_sub,s_nsup_k,sub_r_r,t_k_sup,total_time
80,4,0.01987590012140572,0.0004436001181602478,1.1599855497479439e-05,7.4999406933784485e-06,0.0013349000364542007,0.00012700003571808338,0.0012103000190109015,7.98000255599618e-05,1.3400102034211159e-05,0.00044039986096322536,0.005853599985130131,0.008971299976110458,0.0011190999066457152,1.6000005416572094e-05,0.011507099959999323,0.05101149994879961
