percentage,execution,k_s_sup,s_k_sub,t_k_sup,ns_s_sup,s_ns_sub,r_ar_sup,ar_r_sub,ns_sub_r,ks_sf_in,sub_r_r,n_r_t,ns_s_spe,nk_k_sup,s_nsup_k,nrs_ns_r,total_time
70,7,8.22000001790002e-05,0.011692399988532998,0.011295999996946193,1.0799994925037026e-05,0.02794539999740664,0.002381099999183789,0.0011195999977644533,1.1299998732283711e-05,0.000796499996795319,1.5199999324977398e-05,6.799993570894003e-06,5.099995178170502e-06,0.0020742000051541254,0.0017411000007996336,6.100002792663872e-06,0.05918379996728618
