percentage,execution,ar_r_sub,k_s_sup,ks_sf_in,n_r_t,nk_k_sup,nrs_ns_r,ns_s_spe,ns_s_sup,ns_sub_r,r_ar_sup,s_k_sub,s_ns_sub,s_nsup_k,sub_r_r,t_k_sup,total_time
10,1,1.2400094419717789e-05,0.01082920003682375,1.1100433766841888e-05,7.300172001123428e-06,6.899703294038773e-06,7.0999376475811005e-06,0.003230100031942129,0.0012576999142765999,0.0003667999990284443,0.007746799848973751,0.0001370999962091446,0.00016240030527114868,8.699949830770493e-06,1.7200130969285965e-05,0.0002468000166118145,0.02404760057106614
