percentage,execution,ar_r_sub,k_s_sup,ks_sf_in,n_r_t,nk_k_sup,nrs_ns_r,ns_s_spe,ns_s_sup,ns_sub_r,r_ar_sup,s_k_sub,s_ns_sub,s_nsup_k,sub_r_r,t_k_sup,total_time
80,2,0.0001976000003196532,4.569999873638153e-05,0.0006466999984695576,1.0300000212737359e-05,0.006972799999857671,9.299999874201603e-06,8.700000762473792e-06,1.3199998647905886e-05,1.3799997759633698e-05,0.003828099999736878,0.0037723000004916685,0.0037403999995149206,0.0010746000007202383,1.7200001821038313e-05,0.0009388000016770093,0.02128949999860197
