percentage,execution,k_s_sup,s_k_sub,t_k_sup,ns_s_sup,s_ns_sub,r_ar_sup,ar_r_sub,ns_sub_r,ks_sf_in,sub_r_r,n_r_t,ns_s_spe,nk_k_sup,s_nsup_k,nrs_ns_r,total_time
30,5,0.016036900007748045,0.0019287000031908974,0.0036943000013707206,0.0009442999871680513,0.008290100013255142,0.012253099994268268,1.170000177808106e-05,0.0004689999914262444,1.1299998732283711e-05,1.759998849593103e-05,7.399998139590025e-06,0.004207099991617724,0.00038389999826904386,0.0003333999920869246,7.90000194683671e-06,0.048596699969493784
