percentage,execution,k_s_sup,s_k_sub,t_k_sup,ns_s_sup,s_ns_sub,r_ar_sup,ar_r_sub,ns_sub_r,ks_sf_in,sub_r_r,n_r_t,ns_s_spe,nk_k_sup,s_nsup_k,nrs_ns_r,total_time
20,9,1.5699988580308855e-05,0.007605199993122369,1.6900012269616127e-05,1.4200006262399256e-05,0.03543760000320617,0.02876860002288595,0.00020059999951627105,1.6000005416572094e-05,1.4199991710484028e-05,4.469999112188816e-05,1.0799994925037026e-05,7.199996616691351e-06,0.006762299992260523,0.005140599998412654,1.2699994840659201e-05,0.08406729999114759
