percentage,execution,k_s_sup,s_k_sub,t_k_sup,ns_s_sup,s_ns_sub,r_ar_sup,ar_r_sub,ns_sub_r,ks_sf_in,sub_r_r,n_r_t,ns_s_spe,nk_k_sup,s_nsup_k,nrs_ns_r,total_time
30,6,0.00010359998850617558,0.019016799997189082,0.008667000001878478,2.6599984266795218e-05,0.053444300006958656,0.010252099978970364,0.00017359999765176326,2.3999979021027684e-05,1.999999221879989e-05,3.409999771974981e-05,1.2400007108226418e-05,1.0000017937272787e-05,0.009917199990013614,0.0032799999898998067,1.340000017080456e-05,0.10499509992951062
