percentage,execution,k_s_sup,s_k_sub,t_k_sup,ns_s_sup,s_ns_sub,r_ar_sup,ar_r_sub,ns_sub_r,ks_sf_in,sub_r_r,n_r_t,ns_s_spe,nk_k_sup,s_nsup_k,nrs_ns_r,total_time
10,2,0.004734599991934374,0.0001407000090694055,0.00015520000306423753,7.37999944249168e-05,0.00013810000382363796,0.00344770000083372,1.069999416358769e-05,0.00018879999697674066,1.0899995686486363e-05,1.8800012185238302e-05,7.200011168606579e-06,0.0016579999937675893,6.000002031214535e-06,5.399997462518513e-06,7.599999662488699e-06,0.010603500006254762
