percentage,execution,ar_r_sub,k_s_sup,ks_sf_in,n_r_t,nk_k_sup,nrs_ns_r,ns_s_spe,ns_s_sup,ns_sub_r,r_ar_sup,s_k_sub,s_ns_sub,s_nsup_k,sub_r_r,t_k_sup,total_time
80,1,0.0015497000003961148,7.750000077066943e-05,9.199999112752266e-06,5.099998816149309e-06,0.0007863000009820098,4.999999873689376e-06,4.499999704421498e-06,9.2999980552122e-06,1.190000148199033e-05,7.689999983995222e-05,0.0055061999992176425,0.00839540000015404,0.0006797999994887505,0.0002507999979570741,0.0009740000004967442,0.018341599996347213
