percentage,execution,ar_r_sub,k_s_sup,ks_sf_in,n_r_t,nk_k_sup,nrs_ns_r,ns_s_spe,ns_s_sup,ns_sub_r,r_ar_sup,s_k_sub,s_ns_sub,s_nsup_k,sub_r_r,t_k_sup,total_time
20,6,1.0000001566368155e-05,0.005031200002122205,9.499999578110874e-06,5.599998985417187e-06,5.500000042957254e-06,5.100000635138713e-06,0.0006207999995240243,8.610000077169389e-05,0.00018629999794939067,0.0036343000010674587,0.00014209999972081278,0.00013760000183538068,4.800000169780105e-06,1.1499998436192982e-05,0.00016320000031555537,0.010053600002720486
