percentage,execution,ar_r_sub,k_s_sup,ks_sf_in,n_r_t,nk_k_sup,nrs_ns_r,ns_s_spe,ns_s_sup,ns_sub_r,r_ar_sup,s_k_sub,s_ns_sub,s_nsup_k,sub_r_r,t_k_sup,total_time
20,4,1.2399999832268804e-05,0.008741900001041358,1.1400001312722452e-05,6.600001142942347e-06,0.0009872999999060994,7.0000005507608876e-06,0.0018531000005168607,0.0009437999997317092,0.00033539999822096433,0.006104800000684918,0.004393399998662062,0.020739000001412933,0.0008569000001443783,1.739999970595818e-05,0.009088900000278954,0.05409930000314489
