percentage,execution,k_s_sup,s_k_sub,t_k_sup,ns_s_sup,s_ns_sub,r_ar_sup,ar_r_sub,ns_sub_r,ks_sf_in,sub_r_r,n_r_t,ns_s_spe,nk_k_sup,s_nsup_k,nrs_ns_r,total_time
55,2,0.00010840001050382853,0.03579180012457073,0.012968900031410158,3.350013867020607e-05,0.08393940003588796,0.021457099937833846,0.01269300002604723,1.5900004655122757e-05,1.27000967040658e-05,0.002320999978110194,8.499948307871819e-06,6.299931555986404e-06,0.005292200017720461,0.004485100042074919,9.00006853044033e-06,0.179142800392583
