percentage,execution,k_s_sup,s_k_sub,t_k_sup,ns_s_sup,s_ns_sub,r_ar_sup,ar_r_sub,ns_sub_r,ks_sf_in,sub_r_r,n_r_t,ns_s_spe,nk_k_sup,s_nsup_k,nrs_ns_r,total_time
10,5,0.007781799999065697,7.589999586343765e-05,9.250000584870577e-05,0.000828799995360896,7.589999586343765e-05,0.005203399996389635,9.799987310543656e-06,0.00026390000130049884,9.399998816661537e-06,1.2900010915473104e-05,6.000002031214535e-06,0.0016999999934341758,5.2000104915350676e-06,4.699992132373154e-06,5.800000508315861e-06,0.0160759999853326
