percentage,execution,ar_r_sub,k_s_sup,ks_sf_in,n_r_t,nk_k_sup,nrs_ns_r,ns_s_spe,ns_s_sup,ns_sub_r,r_ar_sup,s_k_sub,s_ns_sub,s_nsup_k,sub_r_r,t_k_sup,total_time
20,7,1.0800000382005237e-05,0.014018899999427958,1.0099998689838685e-05,5.899999450775795e-06,6.800000846851617e-06,5.800000508315861e-06,0.0019103999984508846,0.0018444999986968469,0.00040830000216374174,0.010055700000521028,0.00014229999942472205,0.0001426999988325406,5.100000635138713e-06,1.340000017080456e-05,0.00016599999980826396,0.028746699998009717
