percentage,execution,k_s_sup,s_k_sub,t_k_sup,ns_s_sup,s_ns_sub,r_ar_sup,ar_r_sub,ns_sub_r,ks_sf_in,sub_r_r,n_r_t,ns_s_spe,nk_k_sup,s_nsup_k,nrs_ns_r,total_time
65,2,8.890009485185146e-05,0.036191900027915835,0.012917600106447935,1.400010660290718e-05,0.07417820009868592,0.033394900034181774,0.011380699928849936,1.5700003132224083e-05,1.2599863111972809e-05,0.0021852999925613403,8.900067768990993e-06,6.700051017105579e-06,0.005860699922777712,0.004583799978718162,8.900067768990993e-06,0.18084880034439266
