percentage,execution,ar_r_sub,k_s_sup,ks_sf_in,n_r_t,nk_k_sup,nrs_ns_r,ns_s_spe,ns_s_sup,ns_sub_r,r_ar_sup,s_k_sub,s_ns_sub,s_nsup_k,sub_r_r,t_k_sup,total_time
90,8,0.0024452004581689835,8.66008922457695e-05,1.2599863111972809e-05,8.400063961744308e-06,0.00512919994071126,6.800051778554916e-06,6.200280040502548e-06,1.3499986380338669e-05,1.400010660290718e-05,0.030546499881893396,0.03587760031223297,0.04595239972695708,0.0044985003769397736,0.0003346996381878853,0.01249089976772666,0.1374231013469398
