percentage,execution,ar_r_sub,k_s_sup,ks_sf_in,n_r_t,nk_k_sup,nrs_ns_r,ns_s_spe,ns_s_sup,ns_sub_r,r_ar_sup,s_k_sub,s_ns_sub,s_nsup_k,sub_r_r,t_k_sup,total_time
60,4,0.00039219995960593224,8.249981328845024e-05,0.0005773999728262424,6.800051778554916e-06,0.002176899928599596,6.600283086299896e-06,5.200039595365524e-06,1.2599863111972809e-05,1.12997367978096e-05,0.0026110997423529625,0.012155800126492977,0.031713500153273344,0.0018028998747467995,1.5700235962867737e-05,0.012268400285393,0.06383890006691217
