percentage,execution,ar_r_sub,k_s_sup,ks_sf_in,n_r_t,nk_k_sup,nrs_ns_r,ns_s_spe,ns_s_sup,ns_sub_r,r_ar_sup,s_k_sub,s_ns_sub,s_nsup_k,sub_r_r,t_k_sup,total_time
60,3,1.590000101714395e-05,4.850000004807953e-05,1.469999915570952e-05,1.309999788645655e-05,0.009164600000076462,1.1500002074171789e-05,9.699999282020144e-06,1.480000173614826e-05,1.5499999790336005e-05,0.020427199997357093,0.009584700001141755,0.015452400000867783,0.0030270999995991588,2.1300000298651867e-05,0.0013702999985980568,0.059191299998929026
