percentage,execution,ar_r_sub,k_s_sup,ks_sf_in,n_r_t,nk_k_sup,nrs_ns_r,ns_s_spe,ns_s_sup,ns_sub_r,r_ar_sup,s_k_sub,s_ns_sub,s_nsup_k,sub_r_r,t_k_sup,total_time
40,7,0.0006204000674188137,8.9199747890234e-05,0.0011722994968295097,1.4099758118391037e-05,0.009225399699062109,1.4800578355789185e-05,1.0600313544273376e-05,2.110004425048828e-05,2.1100975573062897e-05,0.003185800276696682,0.012623799499124289,0.039856499992311,0.002521299757063389,5.079992115497589e-05,0.011721799615770578,0.08114899974316359
