percentage,execution,ar_r_sub,k_s_sup,ks_sf_in,n_r_t,nk_k_sup,nrs_ns_r,ns_s_spe,ns_s_sup,ns_sub_r,r_ar_sup,s_k_sub,s_ns_sub,s_nsup_k,sub_r_r,t_k_sup,total_time
40,10,0.00011320000339765102,0.008883999998943182,1.449999945180025e-05,1.2299999070819467e-05,0.01054640000074869,1.1699999959091656e-05,0.0031534999998257263,0.001307600001382525,0.00043849999929079786,0.010900600000240956,0.0007581999998365063,0.0007822999996278668,0.0009592999995220453,1.920000067912042e-05,0.0009603999988030409,0.03886170000077982
