percentage,execution,ar_r_sub,k_s_sup,ks_sf_in,n_r_t,nk_k_sup,nrs_ns_r,ns_s_spe,ns_s_sup,ns_sub_r,r_ar_sup,s_k_sub,s_ns_sub,s_nsup_k,sub_r_r,t_k_sup,total_time
20,8,1.2399628758430481e-05,0.027667300309985876,1.1600088328123093e-05,8.19982960820198e-06,0.0004938999190926552,7.799826562404633e-06,0.008872299920767546,0.003459800034761429,0.0008231997489929199,0.01995430001989007,0.001957499887794256,0.013458400033414364,0.0004322999157011509,1.8099788576364517e-05,0.005190299823880196,0.08236739877611399
