percentage,execution,k_s_sup,s_k_sub,t_k_sup,ns_s_sup,s_ns_sub,r_ar_sup,ar_r_sub,ns_sub_r,ks_sf_in,sub_r_r,n_r_t,ns_s_spe,nk_k_sup,s_nsup_k,nrs_ns_r,total_time
10,5,0.00502399995457381,0.00014519994147121906,0.0001647999742999673,7.639999967068434e-05,0.00013910001143813133,0.0036543000023812056,1.0999967344105244e-05,0.00021049997303634882,1.109996810555458e-05,1.8000020645558834e-05,7.2999391704797745e-06,0.0035325000062584877,2.3099943064153194e-05,1.4699995517730713e-05,1.880002673715353e-05,0.01305079972371459
