percentage,execution,ar_r_sub,k_s_sup,ks_sf_in,n_r_t,nk_k_sup,nrs_ns_r,ns_s_spe,ns_s_sup,ns_sub_r,r_ar_sup,s_k_sub,s_ns_sub,s_nsup_k,sub_r_r,t_k_sup,total_time
90,9,0.0023576999083161354,8.329993579536676e-05,1.2899981811642647e-05,8.300063200294971e-06,0.005222299951128662,6.8999361246824265e-06,6.299931555986404e-06,1.3200100511312485e-05,1.400010660290718e-05,0.032685899874195457,0.03485090006142855,0.04483640019316226,0.0044879000633955,0.00033409998286515474,0.012282900046557188,0.1372030001366511
