percentage,execution,ar_r_sub,k_s_sup,ks_sf_in,n_r_t,nk_k_sup,nrs_ns_r,ns_s_spe,ns_s_sup,ns_sub_r,r_ar_sup,s_k_sub,s_ns_sub,s_nsup_k,sub_r_r,t_k_sup,total_time
20,7,1.0099727660417557e-05,0.005067700054496527,9.799841791391373e-06,6.5998174250125885e-06,5.600042641162872e-06,8.90018418431282e-06,0.000915400218218565,7.610023021697998e-05,0.00016980012878775597,0.0037326994352042675,0.0001437002792954445,0.0001349998638033867,4.70038503408432e-06,1.3600103557109833e-05,0.00016719987615942955,0.010466900188475847
