percentage,execution,ar_r_sub,k_s_sup,ks_sf_in,n_r_t,nk_k_sup,nrs_ns_r,ns_s_spe,ns_s_sup,ns_sub_r,r_ar_sup,s_k_sub,s_ns_sub,s_nsup_k,sub_r_r,t_k_sup,total_time
10,8,1.4299992471933365e-05,1.2099742889404297e-05,1.1000316590070724e-05,8.200295269489288e-06,0.0004096999764442444,8.200295269489288e-06,9.100418537855148e-06,1.0100193321704865e-05,1.1899974197149277e-05,0.0077240001410245895,8.959975093603134e-05,8.910009637475014e-05,0.00026539992541074753,1.9199680536985397e-05,1.1399853974580765e-05,0.008693300653249025
