percentage,execution,k_s_sup,s_k_sub,t_k_sup,ns_s_sup,s_ns_sub,r_ar_sup,ar_r_sub,ns_sub_r,ks_sf_in,sub_r_r,n_r_t,ns_s_spe,nk_k_sup,s_nsup_k,nrs_ns_r,total_time
55,3,0.044495300156995654,0.0941514001460746,0.2334196000592783,0.021753999986685812,0.19228540000040084,0.2449983999831602,0.00021070009097456932,0.0057073000352829695,5.559995770454407e-05,0.00018429988995194435,3.290001768618822e-05,0.10330019996035844,0.05138879991136491,0.029081899905577302,4.449998959898949e-05,1.0211103000910953
