percentage,execution,ar_r_sub,k_s_sup,ks_sf_in,n_r_t,nk_k_sup,nrs_ns_r,ns_s_spe,ns_s_sup,ns_sub_r,r_ar_sup,s_k_sub,s_ns_sub,s_nsup_k,sub_r_r,t_k_sup,total_time
50,7,0.001240699551999569,0.006690800189971924,3.4499913454055786e-05,2.6099849492311478e-05,0.03144419984892011,3.330036997795105e-05,0.01914129965007305,0.0001879003830254078,0.003348500467836857,0.13416609959676862,0.18204829981550574,0.27076940052211285,0.02829949976876378,0.0001000002957880497,0.03662420064210892,0.7141548008657992
