percentage,execution,ar_r_sub,k_s_sup,ks_sf_in,n_r_t,nk_k_sup,nrs_ns_r,ns_s_spe,ns_s_sup,ns_sub_r,r_ar_sup,s_k_sub,s_ns_sub,s_nsup_k,sub_r_r,t_k_sup,total_time
80,6,0.0004211999475955963,0.037984800059348345,3.7499237805604935e-05,3.0700117349624634e-05,0.039350700099021196,2.0100269466638565e-05,0.0898357005789876,0.02281680004671216,4.3099746108055115e-05,0.2946703005582094,0.08145479951053858,0.11726910015568137,0.02449110010638833,0.00012969970703125,0.2012265999801457,0.9097822001203895
