percentage,execution,k_s_sup,s_k_sub,t_k_sup,ns_s_sup,s_ns_sub,r_ar_sup,ar_r_sub,ns_sub_r,ks_sf_in,sub_r_r,n_r_t,ns_s_spe,nk_k_sup,s_nsup_k,nrs_ns_r,total_time
20,6,0.014952800003811717,0.0607222999969963,0.12718010002572555,0.007934299996122718,0.1520025999925565,0.05935040001349989,0.0001731000083964318,0.0003394000086700544,3.379998088348657e-05,0.000166199984960258,2.859998494386673e-05,0.04462690000946168,0.02334139999584295,0.015272700009518303,3.0099996365606785e-05,0.5061547000077553
