percentage,execution,ar_r_sub,k_s_sup,ks_sf_in,n_r_t,nk_k_sup,nrs_ns_r,ns_s_spe,ns_s_sup,ns_sub_r,r_ar_sup,s_k_sub,s_ns_sub,s_nsup_k,sub_r_r,t_k_sup,total_time
60,5,0.00045469985343515873,0.03896230005193502,4.220008850097656e-05,2.9499991796910763e-05,0.05640949995722622,2.2099935449659824e-05,0.10223750001750886,0.026410199818201363,0.0037118999753147364,0.24911700002849102,0.06515380006749183,0.13775829994119704,0.023516900022514164,0.00013459986075758934,0.1687307000393048,0.8726911996491253
