percentage,execution,ar_r_sub,k_s_sup,ks_sf_in,n_r_t,nk_k_sup,nrs_ns_r,ns_s_spe,ns_s_sup,ns_sub_r,r_ar_sup,s_k_sub,s_ns_sub,s_nsup_k,sub_r_r,t_k_sup,total_time
20,2,1.569977030158043e-05,0.03249570028856397,1.4299992471933365e-05,2.9900111258029938e-05,7.799826562404633e-06,7.6000578701496124e-06,0.013232099823653698,0.004992700181901455,0.009533699601888657,0.026149400044232607,0.0003205002285540104,0.0003391001373529434,5.899928510189056e-06,2.6999972760677338e-05,0.00039629964157938957,0.08756769960746169
