percentage,execution,ar_r_sub,k_s_sup,ks_sf_in,n_r_t,nk_k_sup,nrs_ns_r,ns_s_spe,ns_s_sup,ns_sub_r,r_ar_sup,s_k_sub,s_ns_sub,s_nsup_k,sub_r_r,t_k_sup,total_time
40,1,0.0004143000114709139,0.005733099998906255,1.780001912266016e-05,1.2499978765845299e-05,0.01471380004659295,1.2400094419717789e-05,0.003982799942605197,9.730004239827394e-05,0.003193999989889562,0.05508029996417463,0.07684570003766567,0.19567869999445975,0.013083200086839497,4.890013951808214e-05,0.018222599988803267,0.38713740033563226
