percentage,execution,ar_r_sub,k_s_sup,ks_sf_in,n_r_t,nk_k_sup,nrs_ns_r,ns_s_spe,ns_s_sup,ns_sub_r,r_ar_sup,s_k_sub,s_ns_sub,s_nsup_k,sub_r_r,t_k_sup,total_time
10,1,0.01968800008762628,0.0009322999976575375,4.8600020818412304e-05,7.860001642256975e-05,0.029267400037497282,5.010003224015236e-05,0.21035259985364974,0.012032800004817545,0.0007134998450055718,0.002987300045788288,0.06682680000085384,0.21271950006484985,0.01658209995366633,0.004433499998413026,0.01569439982995391,0.5924074997892603
