percentage,execution,k_s_sup,s_k_sub,t_k_sup,ns_s_sup,s_ns_sub,r_ar_sup,ar_r_sub,ns_sub_r,ks_sf_in,sub_r_r,n_r_t,ns_s_spe,nk_k_sup,s_nsup_k,nrs_ns_r,total_time
35,3,0.0018836000235751271,0.12232179997954518,0.024934699875302613,0.00012829992920160294,0.2546229000436142,0.06683929974678904,0.000506900018081069,2.629996743053198e-05,2.3500178940594196e-05,6.969983223825693e-05,2.389994915574789e-05,0.017979900003410876,0.029155299998819828,0.025514999986626208,3.6800047382712364e-05,0.5440678995801136
