percentage,execution,ar_r_sub,k_s_sup,ks_sf_in,n_r_t,nk_k_sup,nrs_ns_r,ns_s_spe,ns_s_sup,ns_sub_r,r_ar_sup,s_k_sub,s_ns_sub,s_nsup_k,sub_r_r,t_k_sup,total_time
90,7,0.0008834004402160645,0.0018154000863432884,1.6499776393175125e-05,1.2500211596488953e-05,0.014099300373345613,8.699949830770493e-06,0.0038789999671280384,8.379993960261345e-05,1.820037141442299e-05,0.09368149982765317,0.09276749938726425,0.11251159990206361,0.012567500118166208,4.459964111447334e-05,0.016539699863642454,0.34892919985577464
