percentage,execution,k_s_sup,s_k_sub,t_k_sup,ns_s_sup,s_ns_sub,r_ar_sup,ar_r_sub,ns_sub_r,ks_sf_in,sub_r_r,n_r_t,ns_s_spe,nk_k_sup,s_nsup_k,nrs_ns_r,total_time
90,5,0.027740499936044216,0.06809630000498146,0.15236219996586442,0.016115100122988224,0.08304049994330853,0.24454930005595088,0.000237800064496696,3.260001540184021e-05,2.769986167550087e-05,0.00010520010255277157,3.0499999411404133e-05,0.10240269999485463,0.04130550008267164,0.026041400036774576,3.360002301633358e-05,0.7621209002099931
