percentage,execution,ar_r_sub,k_s_sup,ks_sf_in,n_r_t,nk_k_sup,nrs_ns_r,ns_s_spe,ns_s_sup,ns_sub_r,r_ar_sup,s_k_sub,s_ns_sub,s_nsup_k,sub_r_r,t_k_sup,total_time
80,6,1.0300000212737359e-05,0.008113600000797305,9.20000093174167e-06,5.599998985417187e-06,5.699999746866524e-06,4.499999704421498e-06,0.0006336000005831011,7.650000043213367e-05,0.00017750000006344635,0.006755899999916437,0.0003617999991547549,0.0003600000000005821,4.900000931229442e-06,1.1099999028374441e-05,0.00039710000055492856,0.016927300001043477
