percentage,execution,ar_r_sub,k_s_sup,ks_sf_in,n_r_t,nk_k_sup,nrs_ns_r,ns_s_spe,ns_s_sup,ns_sub_r,r_ar_sup,s_k_sub,s_ns_sub,s_nsup_k,sub_r_r,t_k_sup,total_time
60,5,9.699999282020144e-06,0.004872699999395991,9.300001693191007e-06,5.600000804406591e-06,0.00090979999913543,5.300000339047983e-06,0.000606700001299032,7.759999789413996e-05,0.002838500000507338,0.008322200001202873,0.0038782999999966705,0.009900200000629411,0.0007939000006444985,1.179999890155159e-05,0.00867629999993369,0.04091790000165929
