percentage,execution,ar_r_sub,k_s_sup,ks_sf_in,n_r_t,nk_k_sup,nrs_ns_r,ns_s_spe,ns_s_sup,ns_sub_r,r_ar_sup,s_k_sub,s_ns_sub,s_nsup_k,sub_r_r,t_k_sup,total_time
20,1,2.1899997591390274e-05,9.4600000011269e-05,1.9400000383029692e-05,1.3299999409355223e-05,0.008935999998357147,1.5499999790336005e-05,9.799998224480078e-06,1.9400002202019095e-05,2.0599998606485315e-05,0.011124399999971502,0.010778100000607083,0.03537200000027951,0.0020881000000372296,2.939999831141904e-05,0.002699599997868063,0.07124209999165032
