percentage,execution,ar_r_sub,k_s_sup,ks_sf_in,n_r_t,nk_k_sup,nrs_ns_r,ns_s_spe,ns_s_sup,ns_sub_r,r_ar_sup,s_k_sub,s_ns_sub,s_nsup_k,sub_r_r,t_k_sup,total_time
50,6,3.429991193115711e-05,0.02215150010306388,1.189985778182745e-05,7.2999391704797745e-06,8.800067007541656e-06,6.00004568696022e-06,0.004445299971848726,0.0017938001547008753,0.0033598000882193446,0.019281300017610192,0.0006211000727489591,0.0006198000628501177,5.999929271638393e-06,2.0200037397444248e-05,0.0006628999253734946,0.05303000018466264
