percentage,execution,ar_r_sub,k_s_sup,ks_sf_in,n_r_t,nk_k_sup,nrs_ns_r,ns_s_spe,ns_s_sup,ns_sub_r,r_ar_sup,s_k_sub,s_ns_sub,s_nsup_k,sub_r_r,t_k_sup,total_time
20,1,8.700000762473792e-06,7.699999878241215e-05,8.799999704933725e-06,4.899999112240039e-06,0.0006607999985135393,5.500000042957254e-06,4.399998942972161e-06,9.399998816661537e-06,8.799999704933725e-06,7.490000098187011e-05,0.0039794999993318925,0.016635600000881823,0.0005542999988392694,1.0500001735636033e-05,0.0018849000007321592,0.023927999996885774
