percentage,execution,ar_r_sub,k_s_sup,ks_sf_in,n_r_t,nk_k_sup,nrs_ns_r,ns_s_spe,ns_s_sup,ns_sub_r,r_ar_sup,s_k_sub,s_ns_sub,s_nsup_k,sub_r_r,t_k_sup,total_time
70,1,0.0008048000745475292,0.0018360000103712082,1.6099889762699604e-05,1.4199991710484028e-05,0.0137802999233827,9.299954399466515e-06,0.0036837999941781163,8.639995940029621e-05,2.0099920220673084e-05,0.07198410003911704,0.07982849993277341,0.13788550009485334,0.012186700012534857,4.390010144561529e-05,0.01630509993992746,0.3384847998386249
