percentage,execution,ar_r_sub,k_s_sup,ks_sf_in,n_r_t,nk_k_sup,nrs_ns_r,ns_s_spe,ns_s_sup,ns_sub_r,r_ar_sup,s_k_sub,s_ns_sub,s_nsup_k,sub_r_r,t_k_sup,total_time
20,8,0.0001333998516201973,1.0100193321704865e-05,9.399838745594025e-06,7.0999376475811005e-06,0.0005160002037882805,6.299931555986404e-06,4.600267857313156e-06,8.999835699796677e-06,1.360056921839714e-05,9.999610483646393e-06,0.00013810023665428162,0.00013479962944984436,0.0003440999425947666,1.2600328773260117e-05,1.0100193321704865e-05,0.0013592005707323551
