percentage,execution,ar_r_sub,k_s_sup,ks_sf_in,n_r_t,nk_k_sup,nrs_ns_r,ns_s_spe,ns_s_sup,ns_sub_r,r_ar_sup,s_k_sub,s_ns_sub,s_nsup_k,sub_r_r,t_k_sup,total_time
20,4,2.0500001483014785e-05,8.55999987834366e-05,1.8400000044493936e-05,1.2799999240087345e-05,0.008013000000573811,1.340000017080456e-05,9.100000170292333e-06,1.8799999452312477e-05,1.950000114447903e-05,0.01071580000098038,0.009857900002316455,0.032968900000923895,0.002055900002233102,2.7900003260583617e-05,0.0027294000010442687,0.06656690001182142
