percentage,execution,ar_r_sub,k_s_sup,ks_sf_in,n_r_t,nk_k_sup,nrs_ns_r,ns_s_spe,ns_s_sup,ns_sub_r,r_ar_sup,s_k_sub,s_ns_sub,s_nsup_k,sub_r_r,t_k_sup,total_time
90,9,0.006593899917788804,0.0012393000070005655,1.070008147507906e-05,6.6999346017837524e-06,0.0010715000098571181,5.300040356814861e-06,0.0007839000318199396,8.499994874000549e-05,1.3699871487915516e-05,0.0011113000800833106,0.0055858000414446,0.008899300009943545,0.0009466999908909202,0.001326399971731007,0.005097100045531988,0.032776599982753396
