percentage,execution,ar_r_sub,k_s_sup,ks_sf_in,n_r_t,nk_k_sup,nrs_ns_r,ns_s_spe,ns_s_sup,ns_sub_r,r_ar_sup,s_k_sub,s_ns_sub,s_nsup_k,sub_r_r,t_k_sup,total_time
70,8,0.006059799809008837,0.001079500187188387,9.899958968162537e-06,6.400048732757568e-06,0.0008447999134659767,5.499925464391708e-06,0.000742100179195404,7.680011913180351e-05,1.4200340956449509e-05,0.001019799616187811,0.004931600298732519,0.007817000150680542,0.0007451996207237244,0.0012051998637616634,0.003378900233656168,0.027936700265854597
