percentage,execution,ar_r_sub,k_s_sup,ks_sf_in,n_r_t,nk_k_sup,nrs_ns_r,ns_s_spe,ns_s_sup,ns_sub_r,r_ar_sup,s_k_sub,s_ns_sub,s_nsup_k,sub_r_r,t_k_sup,total_time
20,2,0.03801310000017111,0.1027102999996714,0.003491099996608682,0.00015969999913068023,0.19003040000097826,0.0001050000009854557,2.475685399998838,0.036711799999466166,0.006698900002447772,0.3764281000003393,0.3475610000004963,0.7951038000010158,0.11057020000225748,0.008452899999610963,0.4180555999973876,4.909777299999405
