percentage,execution,k_s_sup,s_k_sub,t_k_sup,ns_s_sup,s_ns_sub,r_ar_sup,ar_r_sub,ns_sub_r,ks_sf_in,sub_r_r,n_r_t,ns_s_spe,nk_k_sup,s_nsup_k,nrs_ns_r,total_time
10,1,0.009661299991421402,0.00014999997802078724,0.00017360015772283077,0.0009304000996053219,0.00014290015678852797,0.006497399997897446,1.1899974197149277e-05,0.0003868999192491174,1.1899974197149277e-05,1.9999919459223747e-05,7.70005863159895e-06,0.0034194999607279897,6.3999323174357414e-06,5.700043402612209e-06,7.79994297772646e-06,0.021433400106616318
