percentage,execution,ar_r_sub,k_s_sup,ks_sf_in,n_r_t,nk_k_sup,nrs_ns_r,ns_s_spe,ns_s_sup,ns_sub_r,r_ar_sup,s_k_sub,s_ns_sub,s_nsup_k,sub_r_r,t_k_sup,total_time
80,1,0.0027739000506699085,8.84002074599266e-05,1.5099998563528061e-05,1.0599847882986069e-05,0.00642049964517355,1.2800097465515137e-05,8.100178092718124e-06,1.4199875295162201e-05,1.7999671399593353e-05,0.03875399939715862,0.03884309995919466,0.06752980034798384,0.005873300135135651,0.0003967997618019581,0.013185199815779924,0.17394379898905754
