percentage,execution,ar_r_sub,k_s_sup,ks_sf_in,n_r_t,nk_k_sup,nrs_ns_r,ns_s_spe,ns_s_sup,ns_sub_r,r_ar_sup,s_k_sub,s_ns_sub,s_nsup_k,sub_r_r,t_k_sup,total_time
20,8,5.020014941692352e-05,0.01763539994135499,3.3400021493434906e-05,3.0399765819311142e-05,0.034411399625241756,3.00002284348011e-05,0.033529800362885,0.004912199918180704,0.0003544003702700138,0.0852024001069367,0.0501013002358377,0.15428929962217808,0.015155400149524212,0.0001297001726925373,0.09271620027720928,0.48858150094747543
