percentage,execution,k_s_sup,s_k_sub,t_k_sup,ns_s_sup,s_ns_sub,r_ar_sup,ar_r_sub,ns_sub_r,ks_sf_in,sub_r_r,n_r_t,ns_s_spe,nk_k_sup,s_nsup_k,nrs_ns_r,total_time
20,10,0.1057961000042269,0.2269881000247551,0.18641509998997208,0.0374011999956565,0.5339553999947384,0.3627307999995537,0.07329879997996613,0.004096100004971959,0.00522189999173861,0.0027185000071767718,0.00015640001220162958,2.3658748000016203,0.13677800001460128,0.07041709999612067,0.0017006999987643212,4.113549000016064
