percentage,execution,ar_r_sub,k_s_sup,ks_sf_in,n_r_t,nk_k_sup,nrs_ns_r,ns_s_spe,ns_s_sup,ns_sub_r,r_ar_sup,s_k_sub,s_ns_sub,s_nsup_k,sub_r_r,t_k_sup,total_time
30,9,7.539999205619097e-05,8.299993351101875e-05,1.009996049106121e-05,6.200047209858894e-06,0.002702499972656369,7.70005863159895e-06,4.999921657145023e-06,1.0699965059757233e-05,1.0899966582655907e-05,0.006467100000008941,0.018928200006484985,0.05418990005273372,0.002232500002719462,1.5600002370774746e-05,0.008766000042669475,0.09351079992484301
