percentage,execution,ar_r_sub,k_s_sup,ks_sf_in,n_r_t,nk_k_sup,nrs_ns_r,ns_s_spe,ns_s_sup,ns_sub_r,r_ar_sup,s_k_sub,s_ns_sub,s_nsup_k,sub_r_r,t_k_sup,total_time
40,3,1.0300002031726763e-05,0.005627900000035879,9.500001397100277e-06,5.500000042957254e-06,5.399999281507917e-06,4.999999873689376e-06,0.0006059000006644055,7.559999903605785e-05,0.00018529999942984432,0.004363899999589194,0.00019489999976940453,0.00019009999959962443,4.699999408330768e-06,1.1099999028374441e-05,0.00022259999968810007,0.011517699998876196
