percentage,execution,ar_r_sub,k_s_sup,ks_sf_in,n_r_t,nk_k_sup,nrs_ns_r,ns_s_spe,ns_s_sup,ns_sub_r,r_ar_sup,s_k_sub,s_ns_sub,s_nsup_k,sub_r_r,t_k_sup,total_time
70,4,0.0023250000085681677,8.60999571159482e-05,1.2300093658268452e-05,8.299946784973145e-06,0.005133799975737929,7.300055585801601e-06,6.4999330788850784e-06,1.2999866157770157e-05,1.389987301081419e-05,0.02217080001719296,0.033956100000068545,0.06269190006423742,0.004391800030134618,0.00032309989910572767,0.012148499954491854,0.14328839967492968
