percentage,execution,k_s_sup,s_k_sub,t_k_sup,ns_s_sup,s_ns_sub,r_ar_sup,ar_r_sub,ns_sub_r,ks_sf_in,sub_r_r,n_r_t,ns_s_spe,nk_k_sup,s_nsup_k,nrs_ns_r,total_time
20,8,0.00011860000086016953,0.0009960999886970967,0.0018077000131597742,9.700015652924776e-06,0.004088999980012886,7.619999814778566e-05,7.26999860489741e-05,9.700001101009548e-06,9.700001101009548e-06,1.2599994079209864e-05,6.699992809444666e-06,4.7000066842883825e-06,0.00048519999836571515,0.0004121000092709437,6.400005077011883e-06,0.008117099991068244
