percentage,execution,ar_r_sub,k_s_sup,ks_sf_in,n_r_t,nk_k_sup,nrs_ns_r,ns_s_spe,ns_s_sup,ns_sub_r,r_ar_sup,s_k_sub,s_ns_sub,s_nsup_k,sub_r_r,t_k_sup,total_time
10,5,0.00015890086069703102,9.449943900108337e-05,1.9999686628580093e-05,1.309998333454132e-05,0.008485999889671803,1.4500226825475693e-05,9.999610483646393e-06,2.059992402791977e-05,2.119923010468483e-05,0.003290199674665928,0.012473500333726406,0.05365619994699955,0.002102500293403864,2.9399991035461426e-05,0.011716800276190042,0.09210739936679602
