percentage,execution,ar_r_sub,k_s_sup,ks_sf_in,n_r_t,nk_k_sup,nrs_ns_r,ns_s_spe,ns_s_sup,ns_sub_r,r_ar_sup,s_k_sub,s_ns_sub,s_nsup_k,sub_r_r,t_k_sup,total_time
90,7,0.0008144999155774713,0.005172199918888509,1.6400008462369442e-05,1.209997572004795e-05,0.013822900014929473,8.00006091594696e-06,0.003748399903997779,8.829997386783361e-05,0.0028097000904381275,0.09915780008304864,0.09265449992381036,0.10811809997539967,0.012440499966032803,4.1899969801306725e-05,0.016412400058470666,0.355317699839361
