percentage,execution,ar_r_sub,k_s_sup,ks_sf_in,n_r_t,nk_k_sup,nrs_ns_r,ns_s_spe,ns_s_sup,ns_sub_r,r_ar_sup,s_k_sub,s_ns_sub,s_nsup_k,sub_r_r,t_k_sup,total_time
20,7,1.939999856404029e-05,8.410000009462237e-05,1.7800002751755528e-05,1.049999991664663e-05,0.007184699998106225,1.1300000551273115e-05,8.700000762473792e-06,1.7899999875226058e-05,1.8599999748403206e-05,0.008264699999926961,0.006167300001834519,0.02289540000128909,0.001150699999925564,2.2799998987466097e-05,0.004410300000017742,0.05028420000235201
