percentage,execution,ar_r_sub,k_s_sup,ks_sf_in,n_r_t,nk_k_sup,nrs_ns_r,ns_s_spe,ns_s_sup,ns_sub_r,r_ar_sup,s_k_sub,s_ns_sub,s_nsup_k,sub_r_r,t_k_sup,total_time
90,8,0.0003983998904004693,0.027920699794776738,2.740020863711834e-05,2.9499991796910763e-05,0.03419549984391779,2.070015762001276e-05,0.10977670003194362,0.019203099887818098,3.159989137202501e-05,0.22035359998699278,0.06754770001862198,0.08909350004978478,0.025592699996195734,9.559979662299156e-05,0.1657494999235496,0.7600361994700506
