percentage,execution,ar_r_sub,k_s_sup,ks_sf_in,n_r_t,nk_k_sup,nrs_ns_r,ns_s_spe,ns_s_sup,ns_sub_r,r_ar_sup,s_k_sub,s_ns_sub,s_nsup_k,sub_r_r,t_k_sup,total_time
40,3,9.700001101009548e-06,0.0017380000008415664,8.900000466383062e-06,6.299998858594336e-06,5.199999577598646e-06,4.800000169780105e-06,0.0005545000003621681,7.850000110920519e-05,1.2600001355167478e-05,0.0017427000020688865,0.0001385000014124671,0.0001326000001427019,4.700001227320172e-06,1.1899999663000926e-05,0.00015729999904579017,0.00460620000740164
