percentage,execution,ar_r_sub,k_s_sup,ks_sf_in,n_r_t,nk_k_sup,nrs_ns_r,ns_s_spe,ns_s_sup,ns_sub_r,r_ar_sup,s_k_sub,s_ns_sub,s_nsup_k,sub_r_r,t_k_sup,total_time
40,8,0.00110549945384264,0.0030559999868273735,3.280024975538254e-05,2.589961513876915e-05,0.03637710027396679,3.660004585981369e-05,0.008677900303155184,0.00020380038768053055,3.659958019852638e-05,0.09816890023648739,0.15652080019935966,0.27452419977635145,0.026379100047051907,0.00010359939187765121,0.018724999390542507,0.6239737989380956
