percentage,execution,k_s_sup,s_k_sub,t_k_sup,ns_s_sup,s_ns_sub,r_ar_sup,ar_r_sub,ns_sub_r,ks_sf_in,sub_r_r,n_r_t,ns_s_spe,nk_k_sup,s_nsup_k,nrs_ns_r,total_time
10,8,0.00795320002362132,7.609999738633633e-05,9.009998757392168e-05,0.0009212000004481524,7.409998215734959e-05,0.005434399994555861,9.99998883344233e-06,0.00029030001314822584,9.900002623908222e-06,1.270000939257443e-05,5.699999746866524e-06,0.0016813999973237514,5.399997462518513e-06,5.399997462518513e-06,6.000002031214535e-06,0.016575899993767962
