percentage,execution,ar_r_sub,k_s_sup,ks_sf_in,n_r_t,nk_k_sup,nrs_ns_r,ns_s_spe,ns_s_sup,ns_sub_r,r_ar_sup,s_k_sub,s_ns_sub,s_nsup_k,sub_r_r,t_k_sup,total_time
40,5,0.00019179999981133733,8.290000005217735e-05,0.0002916000012191944,6.099999154685065e-06,0.002096000000165077,6.70000008540228e-06,7.99999907030724e-06,1.0599998859106563e-05,1.1000000085914508e-05,0.0025062000004254514,0.012589199999638367,0.04414040000119712,0.0018081000016536564,1.579999843670521e-05,0.011602599997786456,0.07536699999764096
