percentage,execution,k_s_sup,s_k_sub,t_k_sup,ns_s_sup,s_ns_sub,r_ar_sup,ar_r_sub,ns_sub_r,ks_sf_in,sub_r_r,n_r_t,ns_s_spe,nk_k_sup,s_nsup_k,nrs_ns_r,total_time
5,5,0.0026499999221414328,0.032354299910366535,0.05180869996547699,0.019783300114795566,0.13074790011160076,0.027926300070248544,0.00020299991592764854,0.0009111999534070492,3.510015085339546e-05,0.0001412000274285674,3.070000093430281e-05,0.049090799991972744,0.02193819999229163,0.00817819987423718,4.360009916126728e-05,0.3458425001008436
