percentage,execution,ar_r_sub,k_s_sup,ks_sf_in,n_r_t,nk_k_sup,nrs_ns_r,ns_s_spe,ns_s_sup,ns_sub_r,r_ar_sup,s_k_sub,s_ns_sub,s_nsup_k,sub_r_r,t_k_sup,total_time
30,2,0.0001987998839467764,0.00033629999961704016,1.5799771063029766e-05,1.5700003132224083e-05,0.011733699939213693,1.650000922381878e-05,1.0599964298307896e-05,1.7399899661540985e-05,1.6900128684937954e-05,0.00032970006577670574,0.0043086998630315065,0.010471399989910424,0.00142990006133914,2.4300185032188892e-05,0.007922500022687018,0.03684819978661835
