percentage,execution,ar_r_sub,k_s_sup,ks_sf_in,n_r_t,nk_k_sup,nrs_ns_r,ns_s_spe,ns_s_sup,ns_sub_r,r_ar_sup,s_k_sub,s_ns_sub,s_nsup_k,sub_r_r,t_k_sup,total_time
40,5,0.03886119998060167,0.00039680011104792356,2.1899817511439323e-05,1.6399892047047615e-05,0.02241840003989637,0.0014659999869763851,0.0024233999429270625,0.0001178000820800662,2.7399975806474686e-05,0.00042709987610578537,0.005279499921016395,0.011954400106333196,0.00168009998742491,2.5700079277157784e-05,0.009432499995455146,0.09454859979450703
