percentage,execution,ar_r_sub,k_s_sup,ks_sf_in,n_r_t,nk_k_sup,nrs_ns_r,ns_s_spe,ns_s_sup,ns_sub_r,r_ar_sup,s_k_sub,s_ns_sub,s_nsup_k,sub_r_r,t_k_sup,total_time
30,4,0.00040360004641115665,0.005644400021992624,4.740012809634209e-05,2.129992935806513e-05,0.027551199891604483,2.219993621110916e-05,0.016462699975818396,0.00015970016829669476,0.0030402999836951494,0.07518119993619621,0.158023199881427,0.26952580001670867,0.02461290010251105,8.469994645565748e-05,0.03148700017482042,0.612267600139603
