percentage,execution,k_s_sup,s_k_sub,t_k_sup,ns_s_sup,s_ns_sub,r_ar_sup,ar_r_sub,ns_sub_r,ks_sf_in,sub_r_r,n_r_t,ns_s_spe,nk_k_sup,s_nsup_k,nrs_ns_r,total_time
90,3,0.006079700076952577,0.15478549990803003,0.023095799959264696,0.00011199992150068283,0.1613172999350354,0.14430659997742623,0.0010061999782919884,0.004340300103649497,2.4900073185563087e-05,6.700004450976849e-05,1.4699995517730713e-05,0.004644899978302419,0.017891000024974346,0.01505289995111525,1.550000160932541e-05,0.5327542999293655
