percentage,execution,ar_r_sub,k_s_sup,ks_sf_in,n_r_t,nk_k_sup,nrs_ns_r,ns_s_spe,ns_s_sup,ns_sub_r,r_ar_sup,s_k_sub,s_ns_sub,s_nsup_k,sub_r_r,t_k_sup,total_time
20,2,1.1800089851021767e-05,0.013142799958586693,1.1300086043775082e-05,7.2999391704797745e-06,0.00048340007197111845,8.599949069321156e-06,0.0033128000795841217,0.0008734998991712928,0.0003749999450519681,0.010520000010728836,0.0018512000096961856,0.008137199911288917,0.00042699999175965786,1.95999164134264e-05,0.005094700027257204,0.04427619988564402
