percentage,execution,ar_r_sub,k_s_sup,ks_sf_in,n_r_t,nk_k_sup,nrs_ns_r,ns_s_spe,ns_s_sup,ns_sub_r,r_ar_sup,s_k_sub,s_ns_sub,s_nsup_k,sub_r_r,t_k_sup,total_time
10,7,1.3300101272761822e-05,0.01063329994212836,1.2800097465515137e-05,9.499955922365189e-06,7.400056347250938e-06,9.899958968162537e-06,0.006193300010636449,0.0008846999844536185,0.0031710999319329858,0.008340500062331557,0.0002601000014692545,0.00026380002964287996,6.300047971308231e-06,3.3199903555214405e-05,0.00029639992862939835,0.030135600012727082
