percentage,execution,k_s_sup,s_k_sub,t_k_sup,ns_s_sup,s_ns_sub,r_ar_sup,ar_r_sub,ns_sub_r,ks_sf_in,sub_r_r,n_r_t,ns_s_spe,nk_k_sup,s_nsup_k,nrs_ns_r,total_time
10,10,1.4899997040629387e-05,0.0028088999970350415,1.550000160932541e-05,1.3200013199821115e-05,0.011826800007838756,0.017329399997834116,0.00013710001076105982,1.4399993233382702e-05,1.309999788645655e-05,4.329998046159744e-05,1.0399991879239678e-05,6.699992809444666e-06,0.003279700002167374,0.0026369999977760017,1.6400008462369442e-05,0.038166799989994615
