percentage,execution,ar_r_sub,k_s_sup,ks_sf_in,n_r_t,nk_k_sup,nrs_ns_r,ns_s_spe,ns_s_sup,ns_sub_r,r_ar_sup,s_k_sub,s_ns_sub,s_nsup_k,sub_r_r,t_k_sup,total_time
80,4,0.018359800002144766,0.0007210999992821598,1.599999814061448e-05,1.579999843670521e-05,0.0021593999990727752,0.001032100000884384,0.006846300000688643,0.0025341000018670456,1.9099999917671084e-05,0.0005578000018431339,0.007614200001626159,0.010372799999458948,0.001872100001492072,2.3999999029911123e-05,0.014473899998847628,0.06661850000273262
