percentage,execution,k_s_sup,s_k_sub,t_k_sup,ns_s_sup,s_ns_sub,r_ar_sup,ar_r_sub,ns_sub_r,ks_sf_in,sub_r_r,n_r_t,ns_s_spe,nk_k_sup,s_nsup_k,nrs_ns_r,total_time
30,1,0.009730199992191046,0.0002032999909715727,0.00016200001118704677,0.0008883999980753288,0.00020199999562464654,0.008637799997814,1.09999964479357e-05,0.0003065000055357814,1.0499992640689015e-05,1.2999982573091984e-05,6.000002031214535e-06,0.0016176999924937263,0.00024399999529123306,0.00017639998986851424,6.200003554113209e-06,0.02221499994629994
