percentage,execution,ar_r_sub,k_s_sup,ks_sf_in,n_r_t,nk_k_sup,nrs_ns_r,ns_s_spe,ns_s_sup,ns_sub_r,r_ar_sup,s_k_sub,s_ns_sub,s_nsup_k,sub_r_r,t_k_sup,total_time
40,10,0.0076045000005251495,0.00011180000001331791,0.0008797000009508338,1.0399999155197293e-05,0.011050200000681798,0.00020059999951627105,8.500001058564521e-06,1.7800000932766125e-05,2.019999737967737e-05,9.1799998699571e-05,0.007088500000463682,0.01584510000066075,0.001088399998479872,2.3499998860643245e-05,0.0028011000013066223,0.046842099998684716
