percentage,execution,k_s_sup,s_k_sub,t_k_sup,ns_s_sup,s_ns_sub,r_ar_sup,ar_r_sub,ns_sub_r,ks_sf_in,sub_r_r,n_r_t,ns_s_spe,nk_k_sup,s_nsup_k,nrs_ns_r,total_time
40,2,0.00010109995491802692,0.04468709998764098,0.012406399939209223,2.5899847969412804e-05,0.1107223000144586,0.03567519993521273,0.013769800076261163,2.7999980375170708e-05,2.54001934081316e-05,0.0025299000553786755,1.750001683831215e-05,1.309998333454132e-05,0.014852299937047064,0.007472499972209334,1.950003206729889e-05,0.24234599992632866
