percentage,execution,ar_r_sub,k_s_sup,ks_sf_in,n_r_t,nk_k_sup,nrs_ns_r,ns_s_spe,ns_s_sup,ns_sub_r,r_ar_sup,s_k_sub,s_ns_sub,s_nsup_k,sub_r_r,t_k_sup,total_time
10,10,1.1699972674250603e-05,0.011794199934229255,1.1600088328123093e-05,8.199946023523808e-06,0.002358799916692078,9.299954399466515e-06,0.00565679999999702,0.00019389984663575888,0.0004120999947190285,0.008078099926933646,0.008612800040282309,0.04265800002031028,0.0020688000367954373,2.1699932403862476e-05,0.019829500000923872,0.10172549961134791
