percentage,execution,ar_r_sub,k_s_sup,ks_sf_in,n_r_t,nk_k_sup,nrs_ns_r,ns_s_spe,ns_s_sup,ns_sub_r,r_ar_sup,s_k_sub,s_ns_sub,s_nsup_k,sub_r_r,t_k_sup,total_time
30,7,1.0699965059757233e-05,7.830001413822174e-05,9.899958968162537e-06,6.1998143792152405e-06,0.002525900024920702,7.199589163064957e-06,4.999805241823196e-06,1.0099727660417557e-05,1.0500196367502213e-05,0.006316200364381075,0.016670700162649155,0.05427190009504557,0.0021742996759712696,1.8100254237651825e-05,0.008648400194942951,0.09076339984312654
