percentage,execution,k_s_sup,s_k_sub,t_k_sup,ns_s_sup,s_ns_sub,r_ar_sup,ar_r_sub,ns_sub_r,ks_sf_in,sub_r_r,n_r_t,ns_s_spe,nk_k_sup,s_nsup_k,nrs_ns_r,total_time
20,9,0.032936600007815287,0.06885239999974146,0.1666620000032708,0.009779600004549138,0.2052726999972947,0.0821647000266239,3.679998917505145e-05,0.0008889000164344907,3.4900003811344504e-05,0.00013410000246949494,2.8599999495781958e-05,0.06764280000061262,0.040567899981397204,0.01974460000928957,3.499999002087861e-05,0.6947816000320017
