percentage,execution,ar_r_sub,k_s_sup,ks_sf_in,n_r_t,nk_k_sup,nrs_ns_r,ns_s_spe,ns_s_sup,ns_sub_r,r_ar_sup,s_k_sub,s_ns_sub,s_nsup_k,sub_r_r,t_k_sup,total_time
90,10,0.001743899891152978,0.001154600060544908,1.0200077667832375e-05,6.600050255656242e-06,0.0010441000340506434,5.599926225841045e-06,0.0007540000369772315,8.409994188696146e-05,1.1400086805224419e-05,0.0011228000512346625,0.0056467000395059586,0.008813000051304698,0.0009110999526455998,0.0002562000881880522,0.005143300048075616,0.026707600336521864
