percentage,execution,k_s_sup,s_k_sub,t_k_sup,ns_s_sup,s_ns_sub,r_ar_sup,ar_r_sub,ns_sub_r,ks_sf_in,sub_r_r,n_r_t,ns_s_spe,nk_k_sup,s_nsup_k,nrs_ns_r,total_time
10,1,1.5199999324977398e-05,0.006144400016637519,1.7699989257380366e-05,1.3800003216601908e-05,0.021421299999929033,0.01608499999565538,0.00021680002100765705,1.550000160932541e-05,1.3999990187585354e-05,4.739999712910503e-05,1.1199997970834374e-05,7.299997378140688e-06,0.004414800001541153,0.0036834999918937683,2.160000440198928e-05,0.05212950000714045
