percentage,execution,k_s_sup,s_k_sub,t_k_sup,ns_s_sup,s_ns_sub,r_ar_sup,ar_r_sub,ns_sub_r,ks_sf_in,sub_r_r,n_r_t,ns_s_spe,nk_k_sup,s_nsup_k,nrs_ns_r,total_time
10,10,0.05811859999084845,0.1559531000239076,0.08572770000318997,0.041370700011611916,0.3704196000180673,0.14584799998556264,0.12833759999193717,0.0034195999905932695,0.002156899994588457,0.004987899985280819,0.00015910000365693122,2.3205633999896236,0.06994859999394976,0.04278760000306647,9.560000034980476e-05,3.429893999986234
