percentage,execution,ar_r_sub,k_s_sup,ks_sf_in,n_r_t,nk_k_sup,nrs_ns_r,ns_s_spe,ns_s_sup,ns_sub_r,r_ar_sup,s_k_sub,s_ns_sub,s_nsup_k,sub_r_r,t_k_sup,total_time
80,1,0.001120300032198429,0.001886500045657158,2.3799948394298553e-05,2.4100299924612045e-05,0.028310300316661596,1.7600134015083313e-05,0.013687300495803356,0.0001292000524699688,2.6700086891651154e-05,0.13559410022571683,0.10849229991436005,0.1393583002500236,0.025250999722629786,6.800051778554916e-05,0.008516999892890453,0.4625065019354224
