percentage,execution,ar_r_sub,k_s_sup,ks_sf_in,n_r_t,nk_k_sup,nrs_ns_r,ns_s_spe,ns_s_sup,ns_sub_r,r_ar_sup,s_k_sub,s_ns_sub,s_nsup_k,sub_r_r,t_k_sup,total_time
10,9,0.00019899988546967506,4.939967766404152e-05,1.569977030158043e-05,1.6499310731887817e-05,0.009740500245243311,1.380033791065216e-05,0.00478440010920167,0.0046052997931838036,0.0002849996089935303,5.280040204524994e-05,0.0005202996544539928,0.0005053989589214325,0.000354900024831295,2.310005947947502e-05,0.0008458993397653103,0.022011997178196907
