percentage,execution,k_s_sup,s_k_sub,t_k_sup,ns_s_sup,s_ns_sub,r_ar_sup,ar_r_sub,ns_sub_r,ks_sf_in,sub_r_r,n_r_t,ns_s_spe,nk_k_sup,s_nsup_k,nrs_ns_r,total_time
40,6,0.00033999999868683517,0.004390999994939193,0.008159400007571094,0.0013112999877193943,0.010504199977731332,0.0003257000062149018,0.03643839998403564,1.9600018276832998e-05,1.5600002370774746e-05,2.78999941656366e-05,1.7000013031065464e-05,0.004629799994290806,0.011327999993227422,0.0015088999934960157,0.0013810999953420833,0.08039789996109903
