percentage,execution,ar_r_sub,k_s_sup,ks_sf_in,n_r_t,nk_k_sup,nrs_ns_r,ns_s_spe,ns_s_sup,ns_sub_r,r_ar_sup,s_k_sub,s_ns_sub,s_nsup_k,sub_r_r,t_k_sup,total_time
10,1,1.1199968867003918e-05,0.008651599986478686,1.089985016733408e-05,7.1999384090304375e-06,6.199930794537067e-06,7.400056347250938e-06,0.0032269000075757504,0.0008648999501019716,0.0003670001169666648,0.006203899974934757,0.00013860000763088465,0.00013630010653287172,5.00003807246685e-06,1.8500140868127346e-05,0.00015760003589093685,0.019813200109638274
