percentage,execution,k_s_sup,s_k_sub,t_k_sup,ns_s_sup,s_ns_sub,r_ar_sup,ar_r_sub,ns_sub_r,ks_sf_in,sub_r_r,n_r_t,ns_s_spe,nk_k_sup,s_nsup_k,nrs_ns_r,total_time
10,1,0.053061999977217056,0.12051439999777358,0.09159399999771267,0.027947300011874177,0.3861532000009902,0.18168159999186173,0.09682160000375006,0.0035420999920461327,0.0017984000005526468,0.007585899991681799,0.0001584999990882352,1.5806394999963231,0.08513780000794213,0.04714010001043789,0.0011475999926915392,2.684923999971943
