percentage,execution,k_s_sup,s_k_sub,t_k_sup,ns_s_sup,s_ns_sub,r_ar_sup,ar_r_sub,ns_sub_r,ks_sf_in,sub_r_r,n_r_t,ns_s_spe,nk_k_sup,s_nsup_k,nrs_ns_r,total_time
70,2,0.0016900000046007335,0.07410020001407247,0.01576070000010077,8.320000779349357e-05,0.1424523999885423,0.080546700002742,0.0006141000048955902,1.6699996194802225e-05,1.4899997040629387e-05,4.3799998820759356e-05,1.1800002539530396e-05,0.0038406000094255432,0.013959899995825253,0.012391399999614805,9.199997293762863e-06,0.34553560001950245
