percentage,execution,ar_r_sub,k_s_sup,ks_sf_in,n_r_t,nk_k_sup,nrs_ns_r,ns_s_spe,ns_s_sup,ns_sub_r,r_ar_sup,s_k_sub,s_ns_sub,s_nsup_k,sub_r_r,t_k_sup,total_time
20,4,0.00015040009748190641,8.890009485185146e-05,1.9900035113096237e-05,1.2399861589074135e-05,0.010295299929566681,1.3600103557109833e-05,1.0100076906383038e-05,2.0400038920342922e-05,2.099981065839529e-05,0.00614109996240586,0.023410200024954975,0.05763570009730756,0.0037951000267639756,3.0199880711734295e-05,0.008482599863782525,0.11012689990457147
