percentage,execution,k_s_sup,s_k_sub,t_k_sup,ns_s_sup,s_ns_sub,r_ar_sup,ar_r_sub,ns_sub_r,ks_sf_in,sub_r_r,n_r_t,ns_s_spe,nk_k_sup,s_nsup_k,nrs_ns_r,total_time
40,1,0.1371991999913007,0.2647593000147026,0.33528539999679197,0.10117000000900589,0.585806600007345,0.6197159999865107,0.07561139998142608,0.01261890001478605,0.009300499994424172,0.00857039999391418,0.00015940000594127923,3.9757247000088682,0.1962997000082396,0.0996461000177078,0.0017284000059589744,6.423596000036923
