percentage,execution,ar_r_sub,k_s_sup,ks_sf_in,n_r_t,nk_k_sup,nrs_ns_r,ns_s_spe,ns_s_sup,ns_sub_r,r_ar_sup,s_k_sub,s_ns_sub,s_nsup_k,sub_r_r,t_k_sup,total_time
60,4,1.0000001566368155e-05,7.74000000092201e-05,9.100001989281736e-06,4.999999873689376e-06,0.0009661000003688969,5.40000110049732e-06,4.399998942972161e-06,9.499999578110874e-06,9.699999282020144e-06,0.002523000001019682,0.006356699999741977,0.015003500000602799,0.0008106999994197395,1.1199997970834374e-05,0.003613999999288353,0.02941570000075444
