percentage,execution,ar_r_sub,k_s_sup,ks_sf_in,n_r_t,nk_k_sup,nrs_ns_r,ns_s_spe,ns_s_sup,ns_sub_r,r_ar_sup,s_k_sub,s_ns_sub,s_nsup_k,sub_r_r,t_k_sup,total_time
60,9,1.2899748980998993e-05,8.089980110526085e-05,1.0799150913953781e-05,6.299931555986404e-06,0.002874199766665697,1.0099727660417557e-05,5.1995739340782166e-06,1.0800082236528397e-05,1.2999866157770157e-05,0.015004199463874102,0.018004300072789192,0.03971529984846711,0.0022823000326752663,3.3000484108924866e-05,0.008976600132882595,0.08703989768400788
