percentage,execution,ar_r_sub,k_s_sup,ks_sf_in,n_r_t,nk_k_sup,nrs_ns_r,ns_s_spe,ns_s_sup,ns_sub_r,r_ar_sup,s_k_sub,s_ns_sub,s_nsup_k,sub_r_r,t_k_sup,total_time
40,5,7.559987716376781e-05,0.00014579994603991508,1.0099844075739384e-05,6.500049494206905e-06,0.0008687999797984958,6.3999323174357414e-06,0.0007739999564364552,8.429994340986013e-05,1.1200085282325745e-05,0.00020569993648678064,0.0041955000488087535,0.013758599990978837,0.0007667000172659755,1.3400102034211159e-05,0.003315699868835509,0.02423829957842827
