percentage,execution,ar_r_sub,k_s_sup,ks_sf_in,n_r_t,nk_k_sup,nrs_ns_r,ns_s_spe,ns_s_sup,ns_sub_r,r_ar_sup,s_k_sub,s_ns_sub,s_nsup_k,sub_r_r,t_k_sup,total_time
10,7,0.0002019992098212242,5.1099807024002075e-05,1.569977030158043e-05,1.6600359231233597e-05,0.009981899987906218,1.4599878340959549e-05,0.0049692001193761826,0.00473620044067502,0.000287800095975399,5.100062116980553e-05,0.0005330001004040241,0.0005103000439703465,0.00035849958658218384,2.3399945348501205e-05,0.0008597993291914463,0.022611099295318127
