percentage,execution,ar_r_sub,k_s_sup,ks_sf_in,n_r_t,nk_k_sup,nrs_ns_r,ns_s_spe,ns_s_sup,ns_sub_r,r_ar_sup,s_k_sub,s_ns_sub,s_nsup_k,sub_r_r,t_k_sup,total_time
40,6,0.005505400000402005,0.00011800000174844172,0.0008001000005606329,1.2299999070819467e-05,0.004152499997871928,0.0010005999993154546,1.0199999451288022e-05,1.619999784452375e-05,1.720000000204891e-05,0.0024711000005481765,0.017528300000776653,0.04817379999803961,0.003575200000341283,2.2899999748915434e-05,0.017300700001214864,0.10070449999693665
