percentage,execution,ar_r_sub,k_s_sup,ks_sf_in,n_r_t,nk_k_sup,nrs_ns_r,ns_s_spe,ns_s_sup,ns_sub_r,r_ar_sup,s_k_sub,s_ns_sub,s_nsup_k,sub_r_r,t_k_sup,total_time
10,5,0.00010930001735687256,1.529976725578308e-05,2.71000899374485e-05,1.0699965059757233e-05,0.0035944003611803055,1.309998333454132e-05,7.0999376475811005e-06,1.3099517673254013e-05,3.789970651268959e-05,0.020800000056624413,0.004302400164306164,0.016965399961918592,0.0027926000766456127,4.540011286735535e-05,1.600012183189392e-05,0.048749799840152264
