percentage,execution,k_s_sup,s_k_sub,t_k_sup,ns_s_sup,s_ns_sub,r_ar_sup,ar_r_sub,ns_sub_r,ks_sf_in,sub_r_r,n_r_t,ns_s_spe,nk_k_sup,s_nsup_k,nrs_ns_r,total_time
60,7,8.340000931639224e-05,0.03267929999856278,0.01195719999668654,1.2600008631125093e-05,0.07275780000782106,0.02032770001096651,0.0022881000040797517,1.3200013199821115e-05,1.2200005585327744e-05,0.00032639999699313194,8.29999044071883e-06,6.100002792663872e-06,0.005095800006529316,0.004391200011014007,7.800001185387373e-06,0.14996710006380454
