percentage,execution,k_s_sup,s_k_sub,t_k_sup,ns_s_sup,s_ns_sub,r_ar_sup,ar_r_sub,ns_sub_r,ks_sf_in,sub_r_r,n_r_t,ns_s_spe,nk_k_sup,s_nsup_k,nrs_ns_r,total_time
50,9,0.0002700999903026968,0.003490400005830452,0.006183199991937727,0.002420800010440871,0.0062950000137789175,0.0002567000046838075,0.026436300002387725,1.819999306462705e-05,1.5699988580308855e-05,2.3499989765696228e-05,1.650000922381878e-05,0.006674899996141903,0.02069109999865759,0.001267400017241016,0.0010233999928459525,0.07508320000488311
