percentage,execution,ar_r_sub,k_s_sup,ks_sf_in,n_r_t,nk_k_sup,nrs_ns_r,ns_s_spe,ns_s_sup,ns_sub_r,r_ar_sup,s_k_sub,s_ns_sub,s_nsup_k,sub_r_r,t_k_sup,total_time
20,10,7.989999721758068e-05,1.610000072105322e-05,1.3299999409355223e-05,9.999999747378752e-06,0.0064497999992454425,1.2000000424450263e-05,0.0038568999989365693,8.229999912146013e-05,1.4100000043981709e-05,0.03253779999977269,0.009250700000848155,0.03256900000087626,0.004763200000525103,4.6799999836366624e-05,1.4999997802078724e-05,0.08971689999452792
