percentage,execution,k_s_sup,s_k_sub,t_k_sup,ns_s_sup,s_ns_sub,r_ar_sup,ar_r_sub,ns_sub_r,ks_sf_in,sub_r_r,n_r_t,ns_s_spe,nk_k_sup,s_nsup_k,nrs_ns_r,total_time
60,2,8.009999874047935e-05,0.009016299998620525,0.0026169999910052866,1.0100004146806896e-05,0.019114900002023205,0.014650000011897646,1.0200004908256233e-05,1.0000017937272787e-05,9.399984264746308e-06,1.4099990949034691e-05,9.100011084228754e-06,4.699992132373154e-06,0.0017907000001287088,0.0015313000039895996,8.800008799880743e-06,0.04887670002062805
