percentage,execution,ar_r_sub,k_s_sup,ks_sf_in,n_r_t,nk_k_sup,nrs_ns_r,ns_s_spe,ns_s_sup,ns_sub_r,r_ar_sup,s_k_sub,s_ns_sub,s_nsup_k,sub_r_r,t_k_sup,total_time
40,3,1.1099999028374441e-05,0.01885009999932663,1.1199997970834374e-05,6.399999620043673e-06,0.0002573000001575565,6.399999620043673e-06,0.002674299999853247,0.0009910999997373438,0.00043899999946006574,0.014761600001293118,0.0012068000014551217,0.004419700000653393,0.0002275000006193295,1.449999945180025e-05,0.0029177000014897203,0.04679469999973662
