percentage,execution,k_s_sup,s_k_sub,t_k_sup,ns_s_sup,s_ns_sub,r_ar_sup,ar_r_sub,ns_sub_r,ks_sf_in,sub_r_r,n_r_t,ns_s_spe,nk_k_sup,s_nsup_k,nrs_ns_r,total_time
40,4,0.0004232999781379476,0.005545100008021109,0.010491600012755953,0.003888599996571429,0.01499889999104198,0.0004120999947190285,0.00028709998878184706,0.00032580000697635114,1.610002072993666e-05,2.4199995095841587e-05,1.8699982319958508e-05,0.004729599997517653,0.011352800007443875,0.001712900004349649,1.3699987903237343e-05,0.0542404999723658
