percentage,execution,ar_r_sub,k_s_sup,ks_sf_in,n_r_t,nk_k_sup,nrs_ns_r,ns_s_spe,ns_s_sup,ns_sub_r,r_ar_sup,s_k_sub,s_ns_sub,s_nsup_k,sub_r_r,t_k_sup,total_time
20,5,0.00015759999587316997,9.560000034980476e-05,2.30999976338353e-05,1.5800000255694613e-05,0.012589699999807635,1.8199998521595262e-05,1.1699998140102252e-05,2.6799998522619717e-05,2.4600001779617742e-05,0.014350900000863476,0.03754819999994652,0.11094230000162497,0.005860500001290347,5.140000212122686e-05,0.012626700001419522,0.19434309999815014
