percentage,execution,ar_r_sub,k_s_sup,ks_sf_in,n_r_t,nk_k_sup,nrs_ns_r,ns_s_spe,ns_s_sup,ns_sub_r,r_ar_sup,s_k_sub,s_ns_sub,s_nsup_k,sub_r_r,t_k_sup,total_time
80,8,0.0004205000586807728,0.0004350002855062485,1.1499971151351929e-05,7.4999406933784485e-06,0.001361799892038107,6.100162863731384e-06,0.0023102001287043095,0.0035799997858703136,0.00018690014258027077,0.00043400004506111145,0.006048699840903282,0.009172799997031689,0.0011134003289043903,1.58003531396389e-05,0.011604100000113249,0.036708300933241844
