percentage,execution,ar_r_sub,k_s_sup,ks_sf_in,n_r_t,nk_k_sup,nrs_ns_r,ns_s_spe,ns_s_sup,ns_sub_r,r_ar_sup,s_k_sub,s_ns_sub,s_nsup_k,sub_r_r,t_k_sup,total_time
40,7,1.8700000509852543e-05,8.429999979853164e-05,1.7199998183059506e-05,9.999999747378752e-06,0.006699199999275152,1.0500001735636033e-05,8.799999704933725e-06,1.8200000340584666e-05,1.8700000509852543e-05,0.004836399997657281,0.0032066000039776554,0.009427399998457986,0.0006943000007595401,2.099999983329326e-05,0.0036806999996770173,0.028752000000167754
