percentage,execution,ar_r_sub,k_s_sup,ks_sf_in,n_r_t,nk_k_sup,nrs_ns_r,ns_s_spe,ns_s_sup,ns_sub_r,r_ar_sup,s_k_sub,s_ns_sub,s_nsup_k,sub_r_r,t_k_sup,total_time
30,3,0.0003030000953003764,0.02179749996867031,3.670004662126303e-05,2.9099988751113415e-05,0.04028320009820163,2.759997732937336e-05,0.06737150007393211,0.01558820006903261,0.0009340000106021762,0.15697949985042214,0.033667600131593645,0.11333830002695322,0.013819099985994399,0.00013910012785345316,0.06791830016300082,0.5322327006142586
