percentage,execution,ar_r_sub,k_s_sup,ks_sf_in,n_r_t,nk_k_sup,nrs_ns_r,ns_s_spe,ns_s_sup,ns_sub_r,r_ar_sup,s_k_sub,s_ns_sub,s_nsup_k,sub_r_r,t_k_sup,total_time
30,4,7.71000050008297e-05,0.01345600001513958,1.0099844075739384e-05,6.3999323174357414e-06,0.00039460009429603815,6.199930794537067e-06,0.0025307999458163977,0.001715000020340085,0.0003839000128209591,0.009476599982008338,0.0001938999630510807,0.00019449996761977673,0.00026890006847679615,1.680001150816679e-05,0.00015799992252141237,0.028888799715787172
