percentage,execution,ar_r_sub,k_s_sup,ks_sf_in,n_r_t,nk_k_sup,nrs_ns_r,ns_s_spe,ns_s_sup,ns_sub_r,r_ar_sup,s_k_sub,s_ns_sub,s_nsup_k,sub_r_r,t_k_sup,total_time
40,3,0.001090799998564762,0.0001295000001846347,0.000574100000449107,6.100000973674469e-06,0.0021868999992875615,6.7999990278622136e-06,5.099998816149309e-06,1.0399999155197293e-05,1.1800000720540993e-05,0.004290900000341935,0.012510300000940333,0.045545700000729994,0.001876599999377504,1.5899999198154546e-05,0.01158220000070287,0.07984309999847028
