percentage,execution,ar_r_sub,k_s_sup,ks_sf_in,n_r_t,nk_k_sup,nrs_ns_r,ns_s_spe,ns_s_sup,ns_sub_r,r_ar_sup,s_k_sub,s_ns_sub,s_nsup_k,sub_r_r,t_k_sup,total_time
40,6,0.000283800000033807,0.0004154999987804331,1.5400000847876072e-05,1.4999999621068127e-05,0.011013900000762078,1.340000017080456e-05,1.0199999451288022e-05,1.6600002709310502e-05,1.5700003132224083e-05,0.0004103999981452944,0.005510300001333235,0.011504899999636109,0.0015824000001884997,2.3599999622092582e-05,0.010426499999084626,0.041257600003518746
