percentage,execution,ar_r_sub,k_s_sup,ks_sf_in,n_r_t,nk_k_sup,nrs_ns_r,ns_s_spe,ns_s_sup,ns_sub_r,r_ar_sup,s_k_sub,s_ns_sub,s_nsup_k,sub_r_r,t_k_sup,total_time
70,2,0.0014961003325879574,0.005983599927276373,3.169989213347435e-05,2.3399945348501205e-05,0.02853529993444681,1.8700025975704193e-05,0.013570900075137615,0.00017919950187206268,0.0030200998298823833,0.16774059971794486,0.1513826004229486,0.1985305999405682,0.025749800261110067,8.75997357070446e-05,0.01710430020466447,0.6134544997476041
