percentage,execution,ar_r_sub,k_s_sup,ks_sf_in,n_r_t,nk_k_sup,nrs_ns_r,ns_s_spe,ns_s_sup,ns_sub_r,r_ar_sup,s_k_sub,s_ns_sub,s_nsup_k,sub_r_r,t_k_sup,total_time
40,5,7.520000144722871e-05,7.96999975136714e-05,8.900000466383062e-06,5.399999281507917e-06,0.0009368999999423977,5.800000508315861e-06,4.499999704421498e-06,9.999999747378752e-06,9.700001101009548e-06,0.0010646999999153195,0.005652899997585337,0.017970700000660145,0.0007836000004317611,1.1500000255182385e-05,0.003853599999274593,0.03047309999783465
