percentage,execution,ar_r_sub,k_s_sup,ks_sf_in,n_r_t,nk_k_sup,nrs_ns_r,ns_s_spe,ns_s_sup,ns_sub_r,r_ar_sup,s_k_sub,s_ns_sub,s_nsup_k,sub_r_r,t_k_sup,total_time
90,10,0.01414459990337491,0.0006168000400066376,1.619989052414894e-05,1.5099998563528061e-05,0.011997700086794794,0.001063999836333096,0.006858999957330525,0.0024859998375177383,1.9900035113096237e-05,0.0005983001319691539,0.007856200099922717,0.010987899964675307,0.0022317999973893166,2.3700064048171043e-05,0.01495819992851466,0.0738753997720778
