percentage,execution,k_s_sup,s_k_sub,t_k_sup,ns_s_sup,s_ns_sub,r_ar_sup,ar_r_sub,ns_sub_r,ks_sf_in,sub_r_r,n_r_t,ns_s_spe,nk_k_sup,s_nsup_k,nrs_ns_r,total_time
10,2,0.002390699999523349,0.028622600017115474,0.04968440000084229,0.011030199995730072,0.11585040001955349,0.05815660000371281,3.190001007169485e-05,0.0006076999998185784,3.340000694151968e-05,0.0001303000026382506,4.2400002712383866e-05,0.03385670001443941,0.022334099994623102,0.009018600001581945,3.0399998649954796e-05,0.3318204000679543
