percentage,execution,ar_r_sub,k_s_sup,ks_sf_in,n_r_t,nk_k_sup,nrs_ns_r,ns_s_spe,ns_s_sup,ns_sub_r,r_ar_sup,s_k_sub,s_ns_sub,s_nsup_k,sub_r_r,t_k_sup,total_time
20,8,2.219993621110916e-05,9.17995348572731e-05,2.0699575543403625e-05,1.2899748980998993e-05,0.010079299565404654,1.6500242054462433e-05,1.0299962013959885e-05,2.1399930119514465e-05,2.1799933165311813e-05,0.012314099818468094,0.02076360071077943,0.060094899497926235,0.003435500431805849,3.409944474697113e-05,0.009180400054901838,0.1161194983869791
