percentage,execution,ar_r_sub,k_s_sup,ks_sf_in,n_r_t,nk_k_sup,nrs_ns_r,ns_s_spe,ns_s_sup,ns_sub_r,r_ar_sup,s_k_sub,s_ns_sub,s_nsup_k,sub_r_r,t_k_sup,total_time
20,4,0.12388939980883151,0.07439339999109507,0.003787999739870429,0.00015790003817528486,0.15742569998838007,0.0009809000184759498,2.099993099924177,0.03439879999496043,0.0046042000176385045,0.36573419999331236,0.3029911998892203,0.6774694999912754,0.09632099990267307,0.017152099986560643,0.22682979993987828,4.186129199224524
