percentage,execution,ar_r_sub,k_s_sup,ks_sf_in,n_r_t,nk_k_sup,nrs_ns_r,ns_s_spe,ns_s_sup,ns_sub_r,r_ar_sup,s_k_sub,s_ns_sub,s_nsup_k,sub_r_r,t_k_sup,total_time
80,6,0.00985479960218072,0.00047209998592734337,1.550000160932541e-05,1.5099998563528061e-05,0.030162399634718895,1.0500196367502213e-05,0.00685460027307272,0.002521200105547905,1.8499791622161865e-05,0.00046400027349591255,0.006501799914985895,0.006239099428057671,0.0021947999484837055,2.380041405558586e-05,0.012582499999552965,0.07793069956824183
