percentage,execution,ar_r_sub,k_s_sup,ks_sf_in,n_r_t,nk_k_sup,nrs_ns_r,ns_s_spe,ns_s_sup,ns_sub_r,r_ar_sup,s_k_sub,s_ns_sub,s_nsup_k,sub_r_r,t_k_sup,total_time
40,1,9.40000063565094e-06,8.160000106727239e-05,8.800001523923129e-06,4.900000931229442e-06,0.0005582000012509525,5.399999281507917e-06,4.300000000512227e-06,9.299999874201603e-06,9.499999578110874e-06,0.000913399999262765,0.003254799998103408,0.012478600001486484,0.00046470000052067917,1.0399999155197293e-05,0.003714300000865478,0.021527600003537373
