percentage,execution,ar_r_sub,k_s_sup,ks_sf_in,n_r_t,nk_k_sup,nrs_ns_r,ns_s_spe,ns_s_sup,ns_sub_r,r_ar_sup,s_k_sub,s_ns_sub,s_nsup_k,sub_r_r,t_k_sup,total_time
70,5,0.00017039990052580833,0.04500409960746765,4.260009154677391e-05,3.9599835872650146e-05,0.04276210023090243,2.7599744498729706e-05,0.09387350035831332,0.017856299877166748,0.006215699948370457,0.2786932005546987,0.09313840046525002,0.14872710034251213,0.026624799706041813,0.0001413002610206604,0.2229773998260498,0.9762941007502377
