percentage,execution,ar_r_sub,k_s_sup,ks_sf_in,n_r_t,nk_k_sup,nrs_ns_r,ns_s_spe,ns_s_sup,ns_sub_r,r_ar_sup,s_k_sub,s_ns_sub,s_nsup_k,sub_r_r,t_k_sup,total_time
60,5,8.310051634907722e-05,8.230004459619522e-05,1.0500196367502213e-05,6.399583071470261e-06,0.0026849997229874134,6.600283086299896e-06,2.3999717086553574e-05,1.0500196367502213e-05,1.1899974197149277e-05,0.013010900001972914,0.0187975000590086,0.0396552998572588,0.0022953003644943237,1.6800127923488617e-05,0.00896880030632019,0.08566490095108747
