percentage,execution,k_s_sup,s_k_sub,t_k_sup,ns_s_sup,s_ns_sub,r_ar_sup,ar_r_sub,ns_sub_r,ks_sf_in,sub_r_r,n_r_t,ns_s_spe,nk_k_sup,s_nsup_k,nrs_ns_r,total_time
70,8,0.0004763999895658344,0.006425999992643483,0.011803400018834509,0.0025307999894721434,0.013056800002232194,0.0005724000075133517,0.01873499999055639,1.9800005247816443e-05,1.6299993149004877e-05,2.5300003471784294e-05,1.6700010746717453e-05,0.006854199993540533,0.03088749999005813,0.0022338999988278374,0.0012793000059900805,0.09493379999184981
