percentage,execution,ar_r_sub,k_s_sup,ks_sf_in,n_r_t,nk_k_sup,nrs_ns_r,ns_s_spe,ns_s_sup,ns_sub_r,r_ar_sup,s_k_sub,s_ns_sub,s_nsup_k,sub_r_r,t_k_sup,total_time
20,3,0.00014480000027106144,1.6400001186411828e-05,1.359999987471383e-05,1.06999996205559e-05,0.0065407000001869164,1.2700000297627412e-05,6.8999997893115506e-06,1.4299999747890979e-05,1.4799999917158857e-05,0.03591249999954016,0.007804200000464334,0.02939949999927194,0.0050196999982290436,4.6099999963189475e-05,1.6699999832781032e-05,0.0849735999981931
