percentage,execution,k_s_sup,s_k_sub,t_k_sup,ns_s_sup,s_ns_sub,r_ar_sup,ar_r_sub,ns_sub_r,ks_sf_in,sub_r_r,n_r_t,ns_s_spe,nk_k_sup,s_nsup_k,nrs_ns_r,total_time
10,9,7.96000094851479e-05,0.012375500009511597,0.0019074000010732561,9.500014130026102e-06,0.04709259999799542,7.929999264888465e-05,9.599985787644982e-06,9.899988071992993e-06,9.100011084228754e-06,1.2800010154023767e-05,5.999987479299307e-06,4.899993655271828e-06,0.0020297000010032207,0.001847999999881722,6.699992809444666e-06,0.06548059999477118
