percentage,execution,ar_r_sub,k_s_sup,ks_sf_in,n_r_t,nk_k_sup,nrs_ns_r,ns_s_spe,ns_s_sup,ns_sub_r,r_ar_sup,s_k_sub,s_ns_sub,s_nsup_k,sub_r_r,t_k_sup,total_time
30,8,0.0009237000485882163,0.000888700014911592,2.9600108973681927e-05,2.259993925690651e-05,0.03145169990602881,2.3699947632849216e-05,0.007874400005675852,0.00021689990535378456,5.019991658627987e-05,0.0630652999971062,0.10826740006450564,0.23331809998489916,0.022118399967439473,8.639995940029621e-05,0.017164599965326488,0.4855016997316852
