percentage,execution,ar_r_sub,k_s_sup,ks_sf_in,n_r_t,nk_k_sup,nrs_ns_r,ns_s_spe,ns_s_sup,ns_sub_r,r_ar_sup,s_k_sub,s_ns_sub,s_nsup_k,sub_r_r,t_k_sup,total_time
30,7,0.00011220015585422516,0.00042450055480003357,1.5099532902240753e-05,1.5100464224815369e-05,0.01121750008314848,1.4099758118391037e-05,1.00000761449337e-05,1.5500467270612717e-05,1.5700235962867737e-05,0.0004580994136631489,0.005841999780386686,0.018216299824416637,0.001660199835896492,2.3399945348501205e-05,0.010930899996310472,0.04897060012444854
