percentage,execution,ar_r_sub,k_s_sup,ks_sf_in,n_r_t,nk_k_sup,nrs_ns_r,ns_s_spe,ns_s_sup,ns_sub_r,r_ar_sup,s_k_sub,s_ns_sub,s_nsup_k,sub_r_r,t_k_sup,total_time
40,5,0.00014879999980621506,8.849999903759453e-05,0.0005090999984531663,1.06999996205559e-05,0.006866399999125861,1.4100001862971112e-05,8.999999408842996e-06,1.8099997760145925e-05,1.8699996871873736e-05,0.0032754000003478723,0.0041384999985893955,0.013621299998703762,0.0008421000002272194,2.2799998987466097e-05,0.004730800001198077,0.03431429999000102
