percentage,execution,ar_r_sub,k_s_sup,ks_sf_in,n_r_t,nk_k_sup,nrs_ns_r,ns_s_spe,ns_s_sup,ns_sub_r,r_ar_sup,s_k_sub,s_ns_sub,s_nsup_k,sub_r_r,t_k_sup,total_time
80,5,7.620000178576447e-05,7.609999920532573e-05,0.00023460000011255033,5.100000635138713e-06,0.0005427000014606165,4.900000931229442e-06,4.300000000512227e-06,9.100000170292333e-06,9.299999874201603e-06,0.001714799998808303,0.0030857000001560664,0.006025500000760076,0.00044829999933426734,1.0600000678095967e-05,0.0037413000009109965,0.015988500004823436
