percentage,execution,k_s_sup,s_k_sub,t_k_sup,ns_s_sup,s_ns_sub,r_ar_sup,ar_r_sub,ns_sub_r,ks_sf_in,sub_r_r,n_r_t,ns_s_spe,nk_k_sup,s_nsup_k,nrs_ns_r,total_time
70,4,8.389998401980847e-05,0.03274769999552518,0.011867099994560704,1.309999788645655e-05,0.062441599991871044,0.024321100005181506,0.0066353000001981854,1.400001929141581e-05,1.2100004823878407e-05,0.0012535999849205837,8.59999272506684e-06,6.200003554113209e-06,0.00508119999722112,0.0043341999989934266,7.200011168606579e-06,0.1488268999819411
