percentage,execution,ar_r_sub,k_s_sup,ks_sf_in,n_r_t,nk_k_sup,nrs_ns_r,ns_s_spe,ns_s_sup,ns_sub_r,r_ar_sup,s_k_sub,s_ns_sub,s_nsup_k,sub_r_r,t_k_sup,total_time
40,6,1.470046117901802e-05,0.023764799814671278,1.3700220733880997e-05,8.800067007541656e-06,0.0003399001434445381,8.800067007541656e-06,0.003617900423705578,0.001319199800491333,0.0005653002299368382,0.019135499838739634,0.001576900016516447,0.0058399997651577,0.0002962001599371433,1.8499791622161865e-05,0.003793099895119667,0.0603133006952703
