percentage,execution,ar_r_sub,k_s_sup,ks_sf_in,n_r_t,nk_k_sup,nrs_ns_r,ns_s_spe,ns_s_sup,ns_sub_r,r_ar_sup,s_k_sub,s_ns_sub,s_nsup_k,sub_r_r,t_k_sup,total_time
20,6,0.0003870998043566942,9.190000128000975e-05,0.0012024000752717257,1.379998866468668e-05,0.012769099907018244,1.4600111171603203e-05,1.0199961252510548e-05,2.0399922505021095e-05,2.1200161427259445e-05,8.830009028315544e-05,0.012153700110502541,0.0506744998274371,0.0023271000245586038,3.0800001695752144e-05,0.011452100006863475,0.09125719999428838
