percentage,execution,ar_r_sub,k_s_sup,ks_sf_in,n_r_t,nk_k_sup,nrs_ns_r,ns_s_spe,ns_s_sup,ns_sub_r,r_ar_sup,s_k_sub,s_ns_sub,s_nsup_k,sub_r_r,t_k_sup,total_time
20,9,9.60000033956021e-06,0.0040841999998519896,9.399998816661537e-06,5.40000110049732e-06,0.0001993000005313661,5.500000042957254e-06,0.000528900000063004,7.410000034724362e-05,0.00015669999993406236,0.002828599999702419,0.0009173000016744481,0.0039729999989503995,0.00017130000014731195,1.1000000085914508e-05,0.0017553999987285351,0.01472970000031637
