percentage,execution,ar_r_sub,k_s_sup,ks_sf_in,n_r_t,nk_k_sup,nrs_ns_r,ns_s_spe,ns_s_sup,ns_sub_r,r_ar_sup,s_k_sub,s_ns_sub,s_nsup_k,sub_r_r,t_k_sup,total_time
40,8,0.00014740000005986076,8.779999916441739e-05,0.00042099999882339034,1.0100000508828089e-05,0.00696589999824937,1.0399999155197293e-05,8.500001058564521e-06,1.7600003047846258e-05,1.8400000044493936e-05,0.0029771999979857355,0.005918899998505367,0.011730400001397356,0.0009642000004532747,2.2900001567904837e-05,0.0018101999994541984,0.031110899999475805
