percentage,execution,k_s_sup,s_k_sub,t_k_sup,ns_s_sup,s_ns_sub,r_ar_sup,ar_r_sub,ns_sub_r,ks_sf_in,sub_r_r,n_r_t,ns_s_spe,nk_k_sup,s_nsup_k,nrs_ns_r,total_time
15,1,0.009551999974064529,0.001847699866630137,0.003642000025138259,0.00014140002895146608,0.008183499914593995,0.0065475000301375985,1.1399853974580765e-05,0.00034730008337646723,1.0699965059757233e-05,1.8400023691356182e-05,7.699942216277122e-06,0.0029897999484091997,0.00039579998701810837,0.00033980002626776695,7.999944500625134e-06,0.03404299961403012
