percentage,execution,k_s_sup,s_k_sub,t_k_sup,ns_s_sup,s_ns_sub,r_ar_sup,ar_r_sub,ns_sub_r,ks_sf_in,sub_r_r,n_r_t,ns_s_spe,nk_k_sup,s_nsup_k,nrs_ns_r,total_time
70,7,0.0006241000082809478,0.00749550000182353,0.014179399993736297,0.0012933000107295811,0.014238299991120584,0.0005868999869562685,0.02748089999658987,1.920000067912042e-05,1.6599995433352888e-05,2.5299974367953837e-05,1.6200006939470768e-05,0.004874099991866387,0.002363999985391274,0.002092900002025999,0.0021176000009290874,0.07742429994686972
