percentage,execution,ar_r_sub,k_s_sup,ks_sf_in,n_r_t,nk_k_sup,nrs_ns_r,ns_s_spe,ns_s_sup,ns_sub_r,r_ar_sup,s_k_sub,s_ns_sub,s_nsup_k,sub_r_r,t_k_sup,total_time
50,4,0.0010148999281227589,8.279993198812008e-05,0.00028330006171017885,5.999929271638393e-06,0.0021096999989822507,6.500049494206905e-06,4.800036549568176e-06,1.1299969628453255e-05,1.179997343569994e-05,0.0016680000117048621,0.012349900091066957,0.03684870002325624,0.001795699936337769,1.489988062530756e-05,0.011853299918584526,0.06806159974075854
