percentage,execution,k_s_sup,s_k_sub,t_k_sup,ns_s_sup,s_ns_sub,r_ar_sup,ar_r_sub,ns_sub_r,ks_sf_in,sub_r_r,n_r_t,ns_s_spe,nk_k_sup,s_nsup_k,nrs_ns_r,total_time
20,8,0.00011239999730605632,0.033067099982872605,0.012288099998841062,2.3100001271814108e-05,0.11549999999988358,0.027525899989996105,2.4200009647756815e-05,2.3900007363408804e-05,2.2499996703118086e-05,4.7599998652003706e-05,1.550000160932541e-05,1.3500000932253897e-05,0.013362799989408813,0.005885399994440377,1.7600003047846258e-05,0.20792959997197613
