percentage,execution,k_s_sup,s_k_sub,t_k_sup,ns_s_sup,s_ns_sub,r_ar_sup,ar_r_sub,ns_sub_r,ks_sf_in,sub_r_r,n_r_t,ns_s_spe,nk_k_sup,s_nsup_k,nrs_ns_r,total_time
95,4,8.929986506700516e-05,0.0343093000119552,0.012578599969856441,1.7400016076862812e-05,0.04442139994353056,0.03665540006477386,0.0024587000953033566,1.500011421740055e-05,1.3199984095990658e-05,0.0003496999852359295,8.499948307871819e-06,6.600050255656242e-06,0.005228399997577071,0.004479199997149408,7.70005863159895e-06,0.1406384001020342
