percentage,execution,ar_r_sub,k_s_sup,ks_sf_in,n_r_t,nk_k_sup,nrs_ns_r,ns_s_spe,ns_s_sup,ns_sub_r,r_ar_sup,s_k_sub,s_ns_sub,s_nsup_k,sub_r_r,t_k_sup,total_time
60,9,0.00015249999705702066,8.629984222352505e-05,2.0099920220673084e-05,1.2600095942616463e-05,0.01122800016310066,1.2599863111972809e-05,2.429983578622341e-05,2.050003968179226e-05,2.0900042727589607e-05,0.017227399861440063,0.02544510003644973,0.041284400038421154,0.004334599943831563,2.9700109735131264e-05,0.008178699878044426,0.10807769966777414
