percentage,execution,k_s_sup,s_k_sub,t_k_sup,ns_s_sup,s_ns_sub,r_ar_sup,ar_r_sub,ns_sub_r,ks_sf_in,sub_r_r,n_r_t,ns_s_spe,nk_k_sup,s_nsup_k,nrs_ns_r,total_time
20,2,0.005670999991707504,0.15935379998700228,0.03157769999234006,0.00016440001490991563,0.31261789999553,0.04408929997589439,0.0005177999992156401,0.002980100005515851,2.9099988751113415e-05,8.530000923201442e-05,2.2100008209235966e-05,0.01684570001089014,0.02789049998682458,0.024822100007440895,2.3100001271814108e-05,0.6266898999747355
