percentage,execution,ar_r_sub,k_s_sup,ks_sf_in,n_r_t,nk_k_sup,nrs_ns_r,ns_s_spe,ns_s_sup,ns_sub_r,r_ar_sup,s_k_sub,s_ns_sub,s_nsup_k,sub_r_r,t_k_sup,total_time
20,7,1.2300000889808871e-05,8.39000003907131e-05,9.899998985929415e-06,6.70000008540228e-06,0.001802700000553159,6.70000008540228e-06,5.20000139658805e-06,1.0099998689838685e-05,1.0800000382005237e-05,0.005630699999528588,0.008967400000983616,0.03515329999936512,0.0015766999986226438,1.4600000213249587e-05,0.002704899998207111,0.05599589999837917
