percentage,execution,ar_r_sub,k_s_sup,ks_sf_in,n_r_t,nk_k_sup,nrs_ns_r,ns_s_spe,ns_s_sup,ns_sub_r,r_ar_sup,s_k_sub,s_ns_sub,s_nsup_k,sub_r_r,t_k_sup,total_time
60,10,7.480000022042077e-05,8.060000072873663e-05,0.0002630000017234124,5.300000339047983e-06,0.000543199999810895,5.199999577598646e-06,4.300000000512227e-06,9.399998816661537e-06,9.500001397100277e-06,0.0011530000010679942,0.0035748000009334646,0.010120400000232621,0.0004552000009425683,1.1200001608813182e-05,0.004099900001165224,0.02040980000856507
