percentage,execution,ar_r_sub,k_s_sup,ks_sf_in,n_r_t,nk_k_sup,nrs_ns_r,ns_s_spe,ns_s_sup,ns_sub_r,r_ar_sup,s_k_sub,s_ns_sub,s_nsup_k,sub_r_r,t_k_sup,total_time
80,9,0.005895500000406173,8.100000195554458e-05,0.0006372999996528961,5.500000042957254e-06,0.0007741000008536503,9.989999853132758e-05,7.300001016119495e-06,9.199999112752266e-06,1.04000027931761e-05,7.569999979750719e-05,0.005140999999639462,0.008076800002527307,0.0006517999991046963,1.1300000551273115e-05,0.002756500000032247,0.02423330000601709
