percentage,execution,k_s_sup,s_k_sub,t_k_sup,ns_s_sup,s_ns_sub,r_ar_sup,ar_r_sub,ns_sub_r,ks_sf_in,sub_r_r,n_r_t,ns_s_spe,nk_k_sup,s_nsup_k,nrs_ns_r,total_time
30,3,0.01441680001153145,0.001712299999780953,0.0034018000005744398,0.00249580001400318,0.007997900000191294,0.010460200006491505,1.069999416358769e-05,0.00039700001070741564,1.0199990356341004e-05,1.3600016245618463e-05,6.100002792663872e-06,0.0024625999940326437,0.00039289999403990805,0.00032780000765342265,6.100002792663872e-06,0.044111800045357086
