percentage,execution,k_s_sup,s_k_sub,t_k_sup,ns_s_sup,s_ns_sub,r_ar_sup,ar_r_sub,ns_sub_r,ks_sf_in,sub_r_r,n_r_t,ns_s_spe,nk_k_sup,s_nsup_k,nrs_ns_r,total_time
20,10,0.009939499999745749,0.00014470001042354852,0.00016280000272672623,0.0009178000036627054,0.00013939999917056412,0.007307899999432266,1.2999997125007212e-05,0.0002969999914057553,1.0399991879239678e-05,1.3900003978051245e-05,9.2999980552122e-06,0.0017770999984350055,5.800000508315861e-06,5.199995939619839e-06,5.900001269765198e-06,0.02074969999375753
