percentage,execution,ar_r_sub,k_s_sup,ks_sf_in,n_r_t,nk_k_sup,nrs_ns_r,ns_s_spe,ns_s_sup,ns_sub_r,r_ar_sup,s_k_sub,s_ns_sub,s_nsup_k,sub_r_r,t_k_sup,total_time
30,4,1.640012487769127e-05,0.01186820026487112,1.2499745935201645e-05,7.3998235166072845e-06,0.0003194003365933895,7.3998235166072845e-06,0.002047500107437372,0.0011423001997172832,0.0003728000447154045,0.010577400214970112,0.0003146999515593052,0.00024869944900274277,0.00020690029487013817,1.6600359231233597e-05,0.00020060036331415176,0.02735880110412836
