execution,k_s_sup,s_k_sub,t_k_sup,ns_s_sup,s_ns_sub,r_ar_sup,ar_r_sub,ns_sub_r,ks_sf_in,sub_r_r,n_r_t,ns_s_spe,nk_k_sup,s_nsup_k,nrs_ns_r,total_time
1,1.0999967344105244e-05,0.0019910000264644623,1.0800024028867483e-05,1.2400036212056875e-05,0.008884500071872026,1.839996548369527e-05,0.010511800006497651,2.200016751885414e-06,1.0700023267418146e-05,0.0020872000022791326,1.1499971151351929e-05,7.399998139590025e-06,0.0007463999791070819,0.00045980000868439674,6.199989002197981e-06,0.02477130008628592
2,9.600014891475439e-06,7.760000880807638e-05,9.299954399466515e-06,8.499948307871819e-06,7.389998063445091e-05,9.200011845678091e-06,7.650000043213367e-05,1.600012183189392e-06,9.100011084228754e-06,1.0399962775409222e-05,5.199981387704611e-06,4.499976057559252e-06,0.00025779998395591974,0.0001776000135578215,5.600042641162872e-06,0.0007363999029621482
3,9.600014891475439e-06,7.650000043213367e-05,9.200070053339005e-06,8.299946784973145e-06,7.319997530430555e-05,9.09995287656784e-06,7.250002818182111e-05,1.700012944638729e-06,8.70006624609232e-06,1.0299962013959885e-05,5.299982149153948e-06,4.500034265220165e-06,0.0002516999957151711,0.00017590000061318278,5.699985194951296e-06,0.000722200027666986
4,9.599956683814526e-06,7.609999738633633e-05,9.199953638017178e-06,8.200062438845634e-06,7.229996845126152e-05,9.00006853044033e-06,7.559999357908964e-05,1.9000144675374031e-06,9.300012607127428e-06,1.0699965059757233e-05,5.399982910603285e-06,4.500034265220165e-06,0.00021089997608214617,0.00012559996685013175,5.399982910603285e-06,0.0006336999358609319
5,8.070003241300583e-05,0.0047827999806031585,0.0027883999864570796,1.580000389367342e-05,0.02148780005518347,7.780001033097506e-05,8.90000956133008e-06,1.700012944638729e-06,9.300012607127428e-06,1.1000025551766157e-05,5.200039595365524e-06,4.599976819008589e-06,0.0008196000126190484,0.0006893999525345862,5.89998671784997e-06,0.030788900097832084
6,9.599956683814526e-06,7.589999586343765e-05,8.90000956133008e-06,8.400063961744308e-06,7.350003579631448e-05,8.800067007541656e-06,7.24999699741602e-05,1.800013706088066e-06,8.800008799880743e-06,1.0300078429281712e-05,5.099980626255274e-06,4.199973773211241e-06,0.00020459998631849885,0.00013050000416114926,5.799985956400633e-06,0.0006287001306191087
