execution,ar_r_sub,k_s_sup,ks_sf_in,n_r_t,nk_k_sup,nrs_ns_r,ns_s_spe,ns_s_sup,ns_sub_r,r_ar_sup,s_k_sub,s_ns_sub,s_nsup_k,sub_r_r,t_k_sup,total_time
1,7.460033521056175e-05,8.90018418431282e-06,8.800067007541656e-06,4.800036549568176e-06,0.000202300027012825,5.200039595365524e-06,4.100147634744644e-06,7.899478077888489e-06,2.1997839212417603e-06,8.599832653999329e-06,7.400009781122208e-05,7.569976150989532e-05,0.0001250002533197403,9.499955922365189e-06,8.599832653999329e-06,0.0006201998330652714
2,8.699949830770493e-06,7.769977673888206e-05,8.999835699796677e-06,4.600267857313156e-06,0.00015320023521780968,4.90015372633934e-06,4.100147634744644e-06,8.899718523025513e-06,1.700129359960556e-06,7.489975541830063e-05,0.0009353999048471451,0.004066299647092819,0.0001229001209139824,9.400304406881332e-06,0.0009993002749979496,0.00648100022226572
