execution,ar_r_sub,k_s_sup,ks_sf_in,n_r_t,nk_k_sup,nrs_ns_r,ns_s_spe,ns_s_sup,ns_sub_r,r_ar_sup,s_k_sub,s_ns_sub,s_nsup_k,sub_r_r,t_k_sup,total_time
1,0.010895700193941593,1.0100193321704865e-05,1.0099727660417557e-05,5.7998113334178925e-06,0.0006552999839186668,5.600042641162872e-06,4.400033503770828e-06,8.999835699796677e-06,2.100132405757904e-06,1.0400079190731049e-05,0.0018397998064756393,0.008034699596464634,0.0004503997042775154,0.002077499870210886,1.1499971151351929e-05,0.024022398982197046
2,7.209973409771919e-05,9.799841791391373e-06,8.899718523025513e-06,5.3998082876205444e-06,0.00025589996948838234,5.700159817934036e-06,4.400033503770828e-06,8.299946784973145e-06,1.7997808754444122e-06,9.300187230110168e-06,7.879966869950294e-05,7.249973714351654e-05,0.00017310027033090591,1.0400544852018356e-05,9.000301361083984e-06,0.0007253997027873993
3,7.600011304020882e-05,9.700190275907516e-06,8.800067007541656e-06,5.500391125679016e-06,0.0002564997412264347,5.600042641162872e-06,4.500150680541992e-06,8.400063961744308e-06,1.8998980522155762e-06,9.399838745594025e-06,7.619988173246384e-05,7.720058783888817e-05,0.00017979973927140236,1.0099727660417557e-05,9.200070053339005e-06,0.0007388005033135414
4,7.299985736608505e-05,9.300187230110168e-06,9.000301361083984e-06,6.00004568696022e-06,0.00021719979122281075,5.7998113334178925e-06,4.299916326999664e-06,8.299946784973145e-06,1.8998980522155762e-06,9.29972156882286e-06,7.96997919678688e-05,7.310044020414352e-05,0.0001246999017894268,1.090019941329956e-05,9.300187230110168e-06,0.0006417999975383282
5,8.999835699796677e-06,8.25999304652214e-05,9.100418537855148e-06,5.09992241859436e-06,0.0008128001354634762,5.7998113334178925e-06,4.599802196025848e-06,9.799841791391373e-06,1.8998980522155762e-06,7.890025153756142e-05,0.004715700168162584,0.020472699776291847,0.0007001999765634537,1.1099502444267273e-05,0.0027287998236715794,0.029648099094629288
6,7.329974323511124e-05,9.499955922365189e-06,8.800067007541656e-06,5.400273948907852e-06,0.00019579986110329628,5.7998113334178925e-06,4.400033503770828e-06,8.699949830770493e-06,1.80024653673172e-06,9.300187230110168e-06,7.619988173246384e-05,7.379986345767975e-05,0.0001278999261558056,1.0699499398469925e-05,9.09995287656784e-06,0.0006204992532730103
