execution,k_s_sup,s_k_sub,t_k_sup,ns_s_sup,s_ns_sub,r_ar_sup,ar_r_sub,ns_sub_r,ks_sf_in,sub_r_r,n_r_t,ns_s_spe,nk_k_sup,s_nsup_k,nrs_ns_r,total_time
1,1.0199961252510548e-05,0.0017031999304890633,1.0399962775409222e-05,8.79995059221983e-06,0.007935800007544458,1.4099874533712864e-05,0.010479200049303472,1.700012944638729e-06,9.500072337687016e-06,0.0020454999757930636,5.800044164061546e-06,4.600035026669502e-06,0.0006466000340878963,0.0004455999005585909,5.700043402612209e-06,0.023326699854806066
2,9.400071576237679e-06,0.0001047999830916524,9.599956683814526e-06,8.500064723193645e-06,7.379997987300158e-05,9.399955160915852e-06,7.30000901967287e-05,1.800013706088066e-06,9.299954399466515e-06,1.0899966582655907e-05,5.600042641162872e-06,4.300032742321491e-06,0.00026570004411041737,0.00017179991118609905,5.900044925510883e-06,0.0007638001115992665
3,9.600073099136353e-06,7.850013207644224e-05,9.19983722269535e-06,8.500064723193645e-06,7.599988020956516e-05,9.09995287656784e-06,7.220008410513401e-05,1.700012944638729e-06,8.79995059221983e-06,1.079996582120657e-05,5.400041118264198e-06,4.400033503770828e-06,0.00025189993903040886,0.0001724000321701169,5.899928510189056e-06,0.0007243999280035496
4,9.499955922365189e-06,7.589999586343765e-05,9.199953638017178e-06,8.200062438845634e-06,7.409986574202776e-05,9.200070053339005e-06,7.309985812753439e-05,1.600012183189392e-06,8.800067007541656e-06,1.0699965059757233e-05,5.600042641162872e-06,4.400033503770828e-06,0.00020160002168267965,0.0001276000402867794,5.600042641162872e-06,0.0006250999867916107
5,7.869990076869726e-05,0.004777300055138767,0.0027317999629303813,9.300070814788342e-06,0.020502999890595675,7.940002251416445e-05,1.1499971151351929e-05,1.9000144675374031e-06,9.100069291889668e-06,1.1499854736030102e-05,5.300040356814861e-06,4.400033503770828e-06,0.0008168999338522553,0.0006666999543085694,5.900044925510883e-06,0.029712699819356203
6,1.00000761449337e-05,0.00012390012852847576,1.1999858543276787e-05,8.600065484642982e-06,7.459986954927444e-05,9.500072337687016e-06,7.27999722585082e-05,1.700012944638729e-06,8.899951353669167e-06,1.0800082236528397e-05,5.600042641162872e-06,4.299916326999664e-06,0.00020190002396702766,0.00012610002886503935,5.700043402612209e-06,0.000676400144584477
