execution,ar_r_sub,k_s_sup,ks_sf_in,n_r_t,nk_k_sup,nrs_ns_r,ns_s_spe,ns_s_sup,ns_sub_r,r_ar_sup,s_k_sub,s_ns_sub,s_nsup_k,sub_r_r,t_k_sup,total_time
1,1.2699980288743973e-05,8.800532668828964e-06,9.000301361083984e-06,5.09992241859436e-06,0.00019780034199357033,5.300156772136688e-06,4.1997991502285e-06,8.400529623031616e-06,1.80024653673172e-06,0.002310400363057852,7.469998672604561e-05,7.689977064728737e-05,0.00012369966134428978,9.899493306875229e-06,8.599832653999329e-06,0.0028573009185492992
2,9.399838745594025e-06,8.660042658448219e-05,1.0100193321704865e-05,6.399583071470261e-06,0.00032559968531131744,5.499925464391708e-06,4.699919372797012e-06,9.29972156882286e-06,2.0996667444705963e-06,8.060038089752197e-05,0.002004500012844801,0.00884110014885664,0.00023989984765648842,1.1499971151351929e-05,0.0019637998193502426,0.013601099140942097
3,9.699724614620209e-06,9.499490261077881e-06,1.2400094419717789e-05,4.999805241823196e-06,0.0001946999691426754,5.300156772136688e-06,4.500150680541992e-06,8.300412446260452e-06,1.80024653673172e-06,0.0023666000925004482,7.71000050008297e-05,7.780035957694054e-05,0.00012859981507062912,1.0499730706214905e-05,9.200070053339005e-06,0.002921000123023987
