percentage,execution,ar_r_sub,k_s_sup,ks_sf_in,n_r_t,nk_k_sup,nrs_ns_r,ns_s_spe,ns_s_sup,ns_sub_r,r_ar_sup,s_k_sub,s_ns_sub,s_nsup_k,sub_r_r,t_k_sup,total_time
80,10,0.0058158999991064775,0.00013499999931809725,9.500000487605575e-06,5.599999894911889e-06,0.0003646000004664529,0.00011900000026798807,0.00041030000011232914,7.529999857069924e-05,1.899999006127473e-06,0.0001322999996773433,0.0017400000006091432,0.004784699999618169,0.00031630000012228265,1.1100000847363845e-05,0.003159599999889906,0.017081099997994897
