percentage,execution,ar_r_sub,k_s_sup,ks_sf_in,n_r_t,nk_k_sup,nrs_ns_r,ns_s_spe,ns_s_sup,ns_sub_r,r_ar_sup,s_k_sub,s_ns_sub,s_nsup_k,sub_r_r,t_k_sup,total_time
80,8,0.0001326000001427019,8.69999994392856e-05,0.0004763999995702761,7.499999810534064e-06,0.0005731000001105713,5.000000783184078e-06,6.70000008540228e-06,8.999999408842996e-06,1.7000002117129043e-06,0.0008382000005440204,0.0029864999996789265,0.006236499999431544,0.0005383999996411148,1.06999996205559e-05,0.0034817000005205045,0.015390999998999177
