percentage,execution,ar_r_sub,k_s_sup,ks_sf_in,n_r_t,nk_k_sup,nrs_ns_r,ns_s_spe,ns_s_sup,ns_sub_r,r_ar_sup,s_k_sub,s_ns_sub,s_nsup_k,sub_r_r,t_k_sup,total_time
40,9,7.449999884556746e-05,7.74000000092201e-05,9.100000170292333e-06,5.4000001910026185e-06,0.00019640000027720816,5.199999577598646e-06,4.499999704421498e-06,9.700000191514846e-06,1.600000359758269e-06,7.549999918410322e-05,0.000849200000629935,0.0008193000003302586,0.0001658000001043547,1.089999932446517e-05,0.0016984999992928351,0.004002999998192536
