percentage,execution,ar_r_sub,k_s_sup,ks_sf_in,n_r_t,nk_k_sup,nrs_ns_r,ns_s_spe,ns_s_sup,ns_sub_r,r_ar_sup,s_k_sub,s_ns_sub,s_nsup_k,sub_r_r,t_k_sup,total_time
60,5,0.00026279990561306477,8.260004688054323e-05,0.0007076999172568321,5.900044925510883e-06,0.001298899995163083,6.09993003308773e-06,4.999921657145023e-06,1.0299962013959885e-05,1.0599964298307896e-05,0.000896700075827539,0.007057600072585046,0.019667800050228834,0.0011001999955624342,1.2999982573091984e-05,0.007084800046868622,0.0382099999114871
