percentage,execution,ar_r_sub,k_s_sup,ks_sf_in,n_r_t,nk_k_sup,nrs_ns_r,ns_s_spe,ns_s_sup,ns_sub_r,r_ar_sup,s_k_sub,s_ns_sub,s_nsup_k,sub_r_r,t_k_sup,total_time
20,6,0.00026530027389526367,9.099999442696571e-05,0.0005272999405860901,1.2499745935201645e-05,0.01089319959282875,1.219986006617546e-05,9.29972156882286e-06,1.8300022929906845e-05,1.87004916369915e-05,9.019998833537102e-05,0.007122200448065996,0.029227399732917547,0.0013057999312877655,2.7299858629703522e-05,0.007078099530190229,0.05669879913330078
