percentage,execution,ar_r_sub,k_s_sup,ks_sf_in,n_r_t,nk_k_sup,nrs_ns_r,ns_s_spe,ns_s_sup,ns_sub_r,r_ar_sup,s_k_sub,s_ns_sub,s_nsup_k,sub_r_r,t_k_sup,total_time
40,8,0.0003893000002790359,8.739999975659885e-05,0.0009007999988170923,1.1299999641778413e-05,0.007612100000187638,1.1699999959091656e-05,9.20000093174167e-06,1.8700000509852543e-05,2.0399999812070746e-05,0.003163600001244049,0.007107700000233308,0.0226634999999078,0.0015361999994638609,2.570000015111873e-05,0.006831700001384888,0.050389300002279924
