percentage,execution,k_s_sup,s_k_sub,t_k_sup,ns_s_sup,s_ns_sub,r_ar_sup,ar_r_sub,ns_sub_r,ks_sf_in,sub_r_r,n_r_t,ns_s_spe,nk_k_sup,s_nsup_k,nrs_ns_r,total_time
80,3,8.249998791143298e-05,0.007133200007956475,0.006878100000903942,1.0599993402138352e-05,0.01320109999505803,0.0008591000078013167,0.00036950000503566116,1.340000017080456e-05,0.0009560000180499628,1.2899996363557875e-05,6.200003554113209e-06,5.0000089686363935e-06,0.0012750000023515895,0.0010578000074019656,5.49999822396785e-06,0.031865900033153594
