percentage,execution,k_s_sup,s_k_sub,t_k_sup,ns_s_sup,s_ns_sub,r_ar_sup,ar_r_sub,ns_sub_r,ks_sf_in,sub_r_r,n_r_t,ns_s_spe,nk_k_sup,s_nsup_k,nrs_ns_r,total_time
10,10,7.999999797903001e-05,0.007060600008117035,0.006915000005392358,9.399998816661537e-06,0.035294100001920015,7.40000104997307e-05,8.899995009414852e-06,9.800001862458885e-06,9.000010322779417e-06,1.2399978004395962e-05,5.399997462518513e-06,4.5000051613897085e-06,0.0013039000041317195,0.001069099991582334,6.200003554113209e-06,0.051862300009815954
