percentage,execution,ar_r_sub,k_s_sup,ks_sf_in,n_r_t,nk_k_sup,nrs_ns_r,ns_s_spe,ns_s_sup,ns_sub_r,r_ar_sup,s_k_sub,s_ns_sub,s_nsup_k,sub_r_r,t_k_sup,total_time
20,3,0.0001526004634797573,8.660042658448219e-05,0.0005328003317117691,1.1200550943613052e-05,0.007806099951267242,1.2600328773260117e-05,9.399838745594025e-06,2.2299587726593018e-05,1.9600149244070053e-05,0.003427200485020876,0.008328400552272797,0.03013129997998476,0.0015083001926541328,2.5399960577487946e-05,0.007045700680464506,0.05911950347945094
