percentage,execution,k_s_sup,s_k_sub,t_k_sup,ns_s_sup,s_ns_sub,r_ar_sup,ar_r_sub,ns_sub_r,ks_sf_in,sub_r_r,n_r_t,ns_s_spe,nk_k_sup,s_nsup_k,nrs_ns_r,total_time
20,10,8.990000060293823e-05,0.0072847000119509175,0.00692349998280406,1.8799997633323073e-05,0.02908370000659488,8.469999011140317e-05,0.0002614000259200111,1.930000144056976e-05,0.0005241999897407368,2.8199981898069382e-05,1.1600001016631722e-05,9.200011845678091e-06,0.010949300005449913,0.0013048999971942976,1.1900003300979733e-05,0.05660530000750441
