percentage,execution,ar_r_sub,k_s_sup,ks_sf_in,n_r_t,nk_k_sup,nrs_ns_r,ns_s_spe,ns_s_sup,ns_sub_r,r_ar_sup,s_k_sub,s_ns_sub,s_nsup_k,sub_r_r,t_k_sup,total_time
80,1,0.00037479959428310394,8.020037785172462e-05,0.0009419005364179611,5.999580025672913e-06,0.001382799819111824,5.7998113334178925e-06,5.09992241859436e-06,9.999610483646393e-06,1.039961352944374e-05,0.0009254999458789825,0.007403000257909298,0.014146599918603897,0.0011785002425312996,1.5500467270612717e-05,0.007255299482494593,0.03374139918014407
