percentage,execution,ar_r_sub,k_s_sup,ks_sf_in,n_r_t,nk_k_sup,nrs_ns_r,ns_s_spe,ns_s_sup,ns_sub_r,r_ar_sup,s_k_sub,s_ns_sub,s_nsup_k,sub_r_r,t_k_sup,total_time
20,3,0.0002629999989949283,8.649999836052302e-05,2.1499999093066435e-05,1.1699999049596954e-05,0.01087660000030155,1.269999938813271e-05,8.89999955688836e-06,1.900000006571645e-05,2.27999998969608e-05,8.39000003907131e-05,0.007230799998069415,0.0291309000003821,0.0013024999998378917,2.479999966453761e-05,0.00695600000108243,0.05605159999413445
