percentage,execution,ar_r_sub,k_s_sup,ks_sf_in,n_r_t,nk_k_sup,nrs_ns_r,ns_s_spe,ns_s_sup,ns_sub_r,r_ar_sup,s_k_sub,s_ns_sub,s_nsup_k,sub_r_r,t_k_sup,total_time
40,10,0.00013589998707175255,8.110003545880318e-05,0.0004949000431224704,5.599926225841045e-06,0.0013659000396728516,8.999952115118504e-06,4.800036549568176e-06,9.70007386058569e-06,1.0100076906383038e-05,0.0009504999034106731,0.007450999924913049,0.027920300024561584,0.001154900062829256,1.559988595545292e-05,0.007344300043769181,0.04695360001642257
