percentage,execution,ar_r_sub,k_s_sup,ks_sf_in,n_r_t,nk_k_sup,nrs_ns_r,ns_s_spe,ns_s_sup,ns_sub_r,r_ar_sup,s_k_sub,s_ns_sub,s_nsup_k,sub_r_r,t_k_sup,total_time
20,2,0.00015929993242025375,9.04994085431099e-05,0.0005193999968469143,1.16005539894104e-05,0.00757740018889308,1.4999881386756897e-05,9.200070053339005e-06,1.9099563360214233e-05,1.949956640601158e-05,0.0031360997818410397,0.008338899351656437,0.03003709902986884,0.0014529996551573277,2.5600194931030273e-05,0.006979700177907944,0.05839139735326171
