percentage,execution,ar_r_sub,k_s_sup,ks_sf_in,n_r_t,nk_k_sup,nrs_ns_r,ns_s_spe,ns_s_sup,ns_sub_r,r_ar_sup,s_k_sub,s_ns_sub,s_nsup_k,sub_r_r,t_k_sup,total_time
40,5,0.0005111999989821925,0.00639849999879516,0.001743200000419165,1.650000012887176e-05,0.015587099999720522,1.6200000573007856e-05,0.013350400000490481,0.006553100000019185,0.0005927000001975102,0.01916629999959696,0.01588290000017878,0.03109559999938938,0.0034993999997823266,4.340000123193022e-05,0.008242700001574121,0.12269920000107959
