percentage,execution,ar_r_sub,k_s_sup,ks_sf_in,n_r_t,nk_k_sup,nrs_ns_r,ns_s_spe,ns_s_sup,ns_sub_r,r_ar_sup,s_k_sub,s_ns_sub,s_nsup_k,sub_r_r,t_k_sup,total_time
80,10,0.001138400286436081,0.00747270043939352,0.0009269001893699169,8.500181138515472e-06,0.002854699734598398,7.299706339836121e-06,0.011650899890810251,0.008217200171202421,0.0003014998510479927,0.016020500101149082,0.01291080005466938,0.029005299787968397,0.0024797003716230392,2.2800173610448837e-05,0.010209599509835243,0.10322680044919252
