percentage,execution,ar_r_sub,k_s_sup,ks_sf_in,n_r_t,nk_k_sup,nrs_ns_r,ns_s_spe,ns_s_sup,ns_sub_r,r_ar_sup,s_k_sub,s_ns_sub,s_nsup_k,sub_r_r,t_k_sup,total_time
60,4,0.002251699998851109,0.0032700999990993296,0.001757500000167056,1.6199999663513154e-05,0.01584259999981441,1.4500000361294951e-05,0.022253099999943515,0.012425400001120579,0.00024670000038895523,0.01982840000073338,0.015552399999251065,0.03071379999983037,0.003945999999814376,4.2100000428035855e-05,0.00797830000101385,0.13613880000048084
