percentage,execution,ar_r_sub,k_s_sup,ks_sf_in,n_r_t,nk_k_sup,nrs_ns_r,ns_s_spe,ns_s_sup,ns_sub_r,r_ar_sup,s_k_sub,s_ns_sub,s_nsup_k,sub_r_r,t_k_sup,total_time
20,10,0.011883999997735373,0.0008483000019623432,1.8500000805943273e-05,1.0300000212737359e-05,1.06999996205559e-05,9.700001101009548e-06,0.012240799998835428,0.010815800000273157,0.0005085999982838985,0.0027336000002833316,8.420000085607171e-05,8.540000089851674e-05,9.0000012278324e-06,2.249999852210749e-05,9.59999997576233e-05,0.03937740000037593
