percentage,execution,ar_r_sub,k_s_sup,ks_sf_in,n_r_t,nk_k_sup,nrs_ns_r,ns_s_spe,ns_s_sup,ns_sub_r,r_ar_sup,s_k_sub,s_ns_sub,s_nsup_k,sub_r_r,t_k_sup,total_time
80,2,1.0799999472510535e-05,0.00472170000011829,9.299998964706901e-06,5.500000042957254e-06,5.7999995988211595e-06,4.800000169780105e-06,0.0009429000001546228,0.0008641999993415084,1.0200000360782724e-05,0.005413599999883445,0.0001998999996430939,0.0001968000005945214,5.099999725644011e-06,1.1199999789823778e-05,0.0002182000007451279,0.012619999998605635
