percentage,execution,ar_r_sub,k_s_sup,ks_sf_in,n_r_t,nk_k_sup,nrs_ns_r,ns_s_spe,ns_s_sup,ns_sub_r,r_ar_sup,s_k_sub,s_ns_sub,s_nsup_k,sub_r_r,t_k_sup,total_time
60,8,9.499998668616172e-06,0.0033861000001707,8.999999408842996e-06,5.300000339047983e-06,5.599999894911889e-06,4.900000021734741e-06,0.000906100000065635,0.0009411000000909553,1.2500000593718141e-05,0.0038294999994832324,0.00013719999969907803,0.00017870000010589138,6.000000212225132e-06,1.0600000678095967e-05,0.00016390000018873252,0.009605999999621417
