execution,k_s_sup,s_k_sub,t_k_sup,ns_s_sup,s_ns_sub,r_ar_sup,ar_r_sub,ns_sub_r,ks_sf_in,sub_r_r,n_r_t,ns_s_spe,nk_k_sup,s_nsup_k,nrs_ns_r,total_time
1,4.770001396536827e-05,0.0006124000065028667,0.0005513000651262701,1.2499978765845299e-05,0.000527299998793751,4.919996717944741e-05,0.0001170000177808106,1.3599928934127092e-05,1.2899981811642647e-05,1.4499993994832039e-05,9.699957445263863e-06,9.000010322779417e-06,0.010092200012877584,0.00029450003057718277,9.600073099136353e-06,0.012373400037176907
2,8.229998638853431e-05,0.0010003999341279268,0.001050200022291392,8.800008799880743e-06,0.004279899992980063,8.50000069476664e-05,9.600014891475439e-06,1.009996049106121e-05,9.600014891475439e-06,1.0299962013959885e-05,5.299982149153948e-06,5.00003807246685e-06,0.0001786999637261033,0.0001289999927394092,5.099980626255274e-06,0.006869299861136824
