execution,ar_r_sub,k_s_sup,ks_sf_in,n_r_t,nk_k_sup,nrs_ns_r,ns_s_spe,ns_s_sup,ns_sub_r,r_ar_sup,s_k_sub,s_ns_sub,s_nsup_k,sub_r_r,t_k_sup,total_time
1,1.4999881386756897e-05,4.9200840294361115e-05,1.4100223779678345e-05,9.700190275907516e-06,0.006759100127965212,1.0000541806221008e-05,9.29972156882286e-06,1.3300217688083649e-05,1.4699529856443405e-05,0.0028941002674400806,0.0005276999436318874,0.0005110003985464573,0.0002756998874247074,1.550000160932541e-05,0.0005351998843252659,0.01165360165759921
2,9.500421583652496e-06,8.230004459619522e-05,9.29972156882286e-06,1.2999866157770157e-05,0.00018560001626610756,1.2299977242946625e-05,5.499925464391708e-06,1.019984483718872e-05,1.0299962013959885e-05,8.219992741942406e-05,0.001203599851578474,0.004788100253790617,0.00016189971938729286,1.1200550943613052e-05,0.001178900245577097,0.007763900328427553
