execution,k_s_sup,s_k_sub,t_k_sup,ns_s_sup,s_ns_sub,r_ar_sup,ar_r_sub,ns_sub_r,ks_sf_in,sub_r_r,n_r_t,ns_s_spe,nk_k_sup,s_nsup_k,nrs_ns_r,total_time
1,8.679996244609356e-05,0.00633840006776154,0.002102999947965145,1.0600080713629723e-05,0.02458590001333505,8.659996092319489e-05,1.1900090612471104e-05,1.0199961252510548e-05,1.0199961252510548e-05,1.300009898841381e-05,5.700043402612209e-06,4.900037311017513e-06,0.0010350000811740756,0.0009555000578984618,6.900052540004253e-06,0.03526460041757673
2,0.00010099995415657759,0.0066148999612778425,0.0021385999862104654,2.050003968179226e-05,0.020822099992074072,0.003685800009407103,2.7600093744695187e-05,2.0600040443241596e-05,2.0000035874545574e-05,2.550007775425911e-05,1.1800089851021767e-05,9.89984255284071e-06,0.007887399988248944,0.001052799983881414,1.2599979527294636e-05,0.04245110007468611
3,0.012139500002376735,0.0035918999928981066,0.01093290001153946,0.0019807000644505024,0.010640099993906915,0.010246999794617295,2.169981598854065e-05,0.0066288000671193,2.1000043489038944e-05,2.52000754699111e-05,1.580000389367342e-05,0.012479000026360154,0.001031199935823679,0.0009305999847128987,1.219986006617546e-05,0.07069759967271239
4,1.0199961252510548e-05,8.36000544950366e-05,1.0299962013959885e-05,9.599956683814526e-06,8.300004992634058e-05,0.007371799903921783,1.1399853974580765e-05,1.0199961252510548e-05,9.800074622035027e-06,1.2900098226964474e-05,5.799927748739719e-06,4.900037311017513e-06,0.00032810005359351635,0.0002413999754935503,6.09993003308773e-06,0.008199099800549448
5,1.0199961252510548e-05,8.260004688054323e-05,1.0399962775409222e-05,9.600073099136353e-06,0.00012770004104822874,0.007201100001111627,1.0200077667832375e-05,1.019984483718872e-05,1.2699980288743973e-05,1.2500095181167126e-05,5.499925464391708e-06,4.799920134246349e-06,0.0003605000674724579,0.0002476000227034092,6.299931555986404e-06,0.008111899951472878
6,0.006369599956087768,0.007627900107763708,0.0039012001361697912,0.00017310003750026226,0.01917189988307655,0.004998999880626798,2.1400046534836292e-05,0.003355500055477023,2.080004196614027e-05,2.5600078515708447e-05,1.1999974958598614e-05,0.011648499988950789,0.0015416000969707966,0.001297699986025691,1.2800097465515137e-05,0.060178600368089974
