percentage,execution,ar_r_sub,k_s_sup,ks_sf_in,n_r_t,nk_k_sup,nrs_ns_r,ns_s_spe,ns_s_sup,ns_sub_r,r_ar_sup,s_k_sub,s_ns_sub,s_nsup_k,sub_r_r,t_k_sup,total_time
50,6,0.000399900134652853,9.080010931938887e-05,0.0013951000291854143,1.2899981811642647e-05,0.008923799963667989,1.2699980288743973e-05,9.999959729611874e-06,2.0300154574215412e-05,2.529984340071678e-05,0.011564200045540929,0.013055399991571903,0.03415219997987151,0.0026035000337287784,2.850010059773922e-05,0.006213100044988096,0.07850770035292953
