percentage,execution,ar_r_sub,k_s_sup,ks_sf_in,n_r_t,nk_k_sup,nrs_ns_r,ns_s_spe,ns_s_sup,ns_sub_r,r_ar_sup,s_k_sub,s_ns_sub,s_nsup_k,sub_r_r,t_k_sup,total_time
80,1,0.0001382000045850873,8.160003926604986e-05,0.00047480000648647547,6.00004568696022e-06,0.001969599979929626,6.200047209858894e-06,5.100038833916187e-06,1.0999967344105244e-05,1.109996810555458e-05,0.008765799924731255,0.012145399930886924,0.021796599961817265,0.001583100063726306,1.7299898900091648e-05,0.0064140999456867576,0.05342589982319623
