percentage,execution,k_s_sup,s_k_sub,t_k_sup,ns_s_sup,s_ns_sub,r_ar_sup,ar_r_sub,ns_sub_r,ks_sf_in,sub_r_r,n_r_t,ns_s_spe,nk_k_sup,s_nsup_k,nrs_ns_r,total_time
60,7,8.050001633819193e-05,0.010180999990552664,0.006049200004781596,1.0799994925037026e-05,0.027396100005717017,0.010825899997144006,0.00013699999544769526,1.069999416358769e-05,0.00047569999878760427,1.4599994756281376e-05,6.200003554113209e-06,4.8000074457377195e-06,0.0019336000113980845,0.0018020999996224418,7.199996616691351e-06,0.05893540001125075
