percentage,execution,ar_r_sub,k_s_sup,ks_sf_in,n_r_t,nk_k_sup,nrs_ns_r,ns_s_spe,ns_s_sup,ns_sub_r,r_ar_sup,s_k_sub,s_ns_sub,s_nsup_k,sub_r_r,t_k_sup,total_time
80,5,9.499999578110874e-06,7.60000002628658e-05,8.900000466383062e-06,4.899999112240039e-06,0.0005361999992601341,5.099999725644011e-06,4.200000148557592e-06,8.900000466383062e-06,9.399999726156238e-06,0.0024075000001175795,0.002997200000208977,0.006113099998401594,0.00044210000032762764,9.999999747378752e-06,0.003558299999895098,0.01619129999744473
