percentage,execution,ar_r_sub,k_s_sup,ks_sf_in,n_r_t,nk_k_sup,nrs_ns_r,ns_s_spe,ns_s_sup,ns_sub_r,r_ar_sup,s_k_sub,s_ns_sub,s_nsup_k,sub_r_r,t_k_sup,total_time
30,5,0.0002755998866632581,8.759985212236643e-05,0.0009555000578984618,1.4199875295162201e-05,0.008814399945549667,1.309998333454132e-05,1.0300078429281712e-05,1.9300030544400215e-05,2.1200045011937618e-05,0.008508299826644361,0.012836699839681387,0.040227499906904995,0.0023944999556988478,2.839986700564623e-05,0.006092300056479871,0.08029889920726418
