percentage,execution,k_s_sup,s_k_sub,t_k_sup,ns_s_sup,s_ns_sub,r_ar_sup,ar_r_sub,ns_sub_r,ks_sf_in,sub_r_r,n_r_t,ns_s_spe,nk_k_sup,s_nsup_k,nrs_ns_r,total_time
90,9,8.019998495001346e-05,0.011881300000823103,0.006155900002340786,1.0900010238401592e-05,0.015503899994655512,0.008814299988443963,0.00026040001830551773,1.1799987987615168e-05,0.0010071999859064817,2.7299989596940577e-05,6.600006599910557e-06,5.199995939619839e-06,0.0018808000022545457,0.0015987000078894198,5.399997462518513e-06,0.04724989997339435
