percentage,execution,k_s_sup,s_k_sub,t_k_sup,ns_s_sup,s_ns_sub,r_ar_sup,ar_r_sub,ns_sub_r,ks_sf_in,sub_r_r,n_r_t,ns_s_spe,nk_k_sup,s_nsup_k,nrs_ns_r,total_time
40,3,9.380000119563192e-05,0.013012500014156103,0.006219799994141795,2.039998071268201e-05,0.03618340000684839,0.013208899996243417,0.0001640999980736524,2.1400017431005836e-05,0.0004998999938834459,2.929999027401209e-05,1.2899981811642647e-05,1.030000566970557e-05,0.008896600003936328,0.002484899989212863,1.309999788645655e-05,0.08087129997147713
