percentage,execution,ar_r_sub,k_s_sup,ks_sf_in,n_r_t,nk_k_sup,nrs_ns_r,ns_s_spe,ns_s_sup,ns_sub_r,r_ar_sup,s_k_sub,s_ns_sub,s_nsup_k,sub_r_r,t_k_sup,total_time
40,4,1.0500079952180386e-05,7.920002099126577e-05,9.600073099136353e-06,6.09993003308773e-06,0.0018585999496281147,6.4999330788850784e-06,5.100038833916187e-06,1.0300078429281712e-05,1.079996582120657e-05,0.0047867001267150044,0.012294599902816117,0.037492699921131134,0.0015791000332683325,1.3299868442118168e-05,0.006126800086349249,0.06428990000858903
