percentage,execution,ar_r_sub,k_s_sup,ks_sf_in,n_r_t,nk_k_sup,nrs_ns_r,ns_s_spe,ns_s_sup,ns_sub_r,r_ar_sup,s_k_sub,s_ns_sub,s_nsup_k,sub_r_r,t_k_sup,total_time
20,3,1.1500000255182385e-05,8.030000026337802e-05,9.40000063565094e-06,4.70000031782547e-06,0.0005604999996648985,5.7999995988211595e-06,4.200000148557592e-06,9.100000170292333e-06,1.1500000255182385e-05,7.369999912043568e-05,0.003297299999758252,0.015615899999829708,0.000503000000207976,1.0500000826141331e-05,0.0036738999997396604,0.023871300000791962
