percentage,execution,ar_r_sub,k_s_sup,ks_sf_in,n_r_t,nk_k_sup,nrs_ns_r,ns_s_spe,ns_s_sup,ns_sub_r,r_ar_sup,s_k_sub,s_ns_sub,s_nsup_k,sub_r_r,t_k_sup,total_time
40,4,1.1200550943613052e-05,8.770031854510307e-05,9.999610483646393e-06,6.100162863731384e-06,0.0019592996686697006,6.800051778554916e-06,5.2996911108493805e-06,1.0299962013959885e-05,1.0800082236528397e-05,0.0068720001727342606,0.011477500200271606,0.03790950030088425,0.0016684001311659813,1.4500226825475693e-05,0.006261900067329407,0.06631130119785666
