percentage,execution,ar_r_sub,k_s_sup,ks_sf_in,n_r_t,nk_k_sup,nrs_ns_r,ns_s_spe,ns_s_sup,ns_sub_r,r_ar_sup,s_k_sub,s_ns_sub,s_nsup_k,sub_r_r,t_k_sup,total_time
20,6,9.100000170292333e-06,7.660000028408831e-05,8.600000001024455e-06,4.900000021734741e-06,0.000570500000321772,5.500000042957254e-06,4.399999852466863e-06,9.299999874201603e-06,8.89999955688836e-06,8.029999935388332e-05,0.003174199999193661,0.015373799999906623,0.00045700000009674113,1.0000000656873453e-05,0.003579899999749614,0.023372999999082822
