percentage,execution,k_s_sup,s_k_sub,t_k_sup,ns_s_sup,s_ns_sub,r_ar_sup,ar_r_sub,ns_sub_r,ks_sf_in,sub_r_r,n_r_t,ns_s_spe,nk_k_sup,s_nsup_k,nrs_ns_r,total_time
40,6,8.060000254772604e-05,0.01230099999520462,0.006252499995753169,1.0499992640689015e-05,0.03715530000044964,0.0016518000047653913,0.00014269999519456178,1.0599993402138352e-05,0.00048170001537073404,1.3999990187585354e-05,6.299989763647318e-06,4.899993655271828e-06,0.0018823999998858199,0.0016389999946113676,6.50000583846122e-06,0.061639799969270825
