percentage,execution,ar_r_sub,k_s_sup,ks_sf_in,n_r_t,nk_k_sup,nrs_ns_r,ns_s_spe,ns_s_sup,ns_sub_r,r_ar_sup,s_k_sub,s_ns_sub,s_nsup_k,sub_r_r,t_k_sup,total_time
70,4,0.00020440015941858292,8.410029113292694e-05,0.000727199949324131,7.300172001123428e-06,0.0020154998637735844,7.3998235166072845e-06,5.6996941566467285e-06,1.109996810555458e-05,1.109996810555458e-05,0.0056938002817332745,0.012124400120228529,0.026224799919873476,0.0016571003943681717,1.4399643987417221e-05,0.006357599515467882,0.05514589976519346
