percentage,execution,k_s_sup,s_k_sub,t_k_sup,ns_s_sup,s_ns_sub,r_ar_sup,ar_r_sub,ns_sub_r,ks_sf_in,sub_r_r,n_r_t,ns_s_spe,nk_k_sup,s_nsup_k,nrs_ns_r,total_time
10,9,9.899988071992993e-06,7.660000119358301e-05,9.69998654909432e-06,8.999995770864189e-06,7.259999983943999e-05,0.004406099993502721,1.0000017937272787e-05,9.99998883344233e-06,9.099996532313526e-06,1.379998866468668e-05,6.000002031214535e-06,4.599991370923817e-06,0.0002426999999443069,0.00016539999342057854,6.50000583846122e-06,0.005051999949500896
