percentage,execution,ar_r_sub,k_s_sup,ks_sf_in,n_r_t,nk_k_sup,nrs_ns_r,ns_s_spe,ns_s_sup,ns_sub_r,r_ar_sup,s_k_sub,s_ns_sub,s_nsup_k,sub_r_r,t_k_sup,total_time
50,6,8.289981633424759e-05,8.25999304652214e-05,0.0002544000744819641,6.1998143792152405e-06,0.0019116001203656197,6.4997002482414246e-06,5.000270903110504e-06,1.0699965059757233e-05,1.0899733752012253e-05,0.0040741004049777985,0.012261699885129929,0.034359300043433905,0.0016267001628875732,1.4599878340959549e-05,0.006220499984920025,0.06092769978567958
