percentage,execution,ar_r_sub,k_s_sup,ks_sf_in,n_r_t,nk_k_sup,nrs_ns_r,ns_s_spe,ns_s_sup,ns_sub_r,r_ar_sup,s_k_sub,s_ns_sub,s_nsup_k,sub_r_r,t_k_sup,total_time
80,4,9.800000043469481e-06,7.900000036897836e-05,8.69999985297909e-06,4.900000021734741e-06,0.0005404000003181864,4.999999873689376e-06,4.300000000512227e-06,8.89999955688836e-06,3.130000004603062e-05,0.0023946999999679974,0.003027299999303068,0.005810299999211566,0.0004427999992913101,1.0199999451288022e-05,0.0034832000001188135,0.01586079999742651
