percentage,execution,ar_r_sub,k_s_sup,ks_sf_in,n_r_t,nk_k_sup,nrs_ns_r,ns_s_spe,ns_s_sup,ns_sub_r,r_ar_sup,s_k_sub,s_ns_sub,s_nsup_k,sub_r_r,t_k_sup,total_time
20,10,1.8400000044493936e-05,8.200000138458563e-05,1.7100000150094274e-05,1.0300000212737359e-05,0.006612399999539775,1.1000000085914508e-05,8.600000001024455e-06,1.720000091154361e-05,1.8200000340584666e-05,0.003010000000358559,0.0037186999998084502,0.015844799999285897,0.0006853000004412024,2.080000103887869e-05,0.004310199999054021,0.03438500000265776
