percentage,execution,ar_r_sub,k_s_sup,ks_sf_in,n_r_t,nk_k_sup,nrs_ns_r,ns_s_spe,ns_s_sup,ns_sub_r,r_ar_sup,s_k_sub,s_ns_sub,s_nsup_k,sub_r_r,t_k_sup,total_time
30,1,2.2199470549821854e-05,9.180000051856041e-05,1.9399914890527725e-05,1.2299977242946625e-05,0.008982700295746326,1.3200100511312485e-05,1.0200310498476028e-05,2.020038664340973e-05,2.1099578589200974e-05,0.014882000163197517,0.013276099693030119,0.040923899970948696,0.0024122996255755424,2.789963036775589e-05,0.006294699851423502,0.08700999896973372
