percentage,execution,ar_r_sub,k_s_sup,ks_sf_in,n_r_t,nk_k_sup,nrs_ns_r,ns_s_spe,ns_s_sup,ns_sub_r,r_ar_sup,s_k_sub,s_ns_sub,s_nsup_k,sub_r_r,t_k_sup,total_time
20,10,1.8199999431089964e-05,8.189999880414689e-05,1.6799999684735667e-05,1.0000000656873453e-05,0.006283300000177405,1.0599999768601265e-05,8.50000014906982e-06,1.6999999388644937e-05,2.100000074278796e-05,0.003021499999704247,0.0031645999997635954,0.012843900000007125,0.0005673000005117501,2.009999934671214e-05,0.003554900000381167,0.02963959999851795
