percentage,execution,ar_r_sub,k_s_sup,ks_sf_in,n_r_t,nk_k_sup,nrs_ns_r,ns_s_spe,ns_s_sup,ns_sub_r,r_ar_sup,s_k_sub,s_ns_sub,s_nsup_k,sub_r_r,t_k_sup,total_time
30,7,0.00040659960359334946,9.449990466237068e-05,0.0014373990707099438,1.3200100511312485e-05,0.00892899977043271,1.4400109648704529e-05,9.999610483646393e-06,2.0299572497606277e-05,2.180039882659912e-05,0.0031586000695824623,0.013233900535851717,0.03933750046417117,0.002425499726086855,3.2700132578611374e-05,0.006241100374609232,0.07537649944424629
