percentage,execution,k_s_sup,s_k_sub,t_k_sup,ns_s_sup,s_ns_sub,r_ar_sup,ar_r_sub,ns_sub_r,ks_sf_in,sub_r_r,n_r_t,ns_s_spe,nk_k_sup,s_nsup_k,nrs_ns_r,total_time
40,5,9.329999738838524e-05,0.010664999994332902,0.006057999984477647,2.0000006770715117e-05,0.034961599987582304,0.013945800004876219,0.0003026000049430877,2.1299987565726042e-05,0.0009512000106042251,3.0399998649954796e-05,1.2499993317760527e-05,1.0000003385357559e-05,0.008455999995931052,0.0022428000083891675,1.2800010154023767e-05,0.07778329998836853
