percentage,execution,ar_r_sub,k_s_sup,ks_sf_in,n_r_t,nk_k_sup,nrs_ns_r,ns_s_spe,ns_s_sup,ns_sub_r,r_ar_sup,s_k_sub,s_ns_sub,s_nsup_k,sub_r_r,t_k_sup,total_time
80,3,0.0002514000007067807,7.830000049580121e-05,0.0011977999993177946,1.2100000276404899e-05,0.0019997999997940497,6.299999768089037e-06,1.5900000107649248e-05,1.0399999155197293e-05,1.3599998965219129e-05,0.006335099999887461,0.011518500000420318,0.020812499999919964,0.0015481999998883111,2.1599999854515772e-05,0.006020100000569073,0.04984159999912663
