percentage,execution,ar_r_sub,k_s_sup,ks_sf_in,n_r_t,nk_k_sup,nrs_ns_r,ns_s_spe,ns_s_sup,ns_sub_r,r_ar_sup,s_k_sub,s_ns_sub,s_nsup_k,sub_r_r,t_k_sup,total_time
40,4,1.8700000509852543e-05,8.410000009462237e-05,1.8099998669640627e-05,1.0600000678095967e-05,0.006801399999858404,1.1100000847363845e-05,9.100000170292333e-06,1.759999850037275e-05,1.900000006571645e-05,0.004739199999676202,0.0038608000013482524,0.013168799998311442,0.000810000000456057,2.130000211764127e-05,0.0044551999990289914,0.03404500000033295
