percentage,execution,ar_r_sub,k_s_sup,ks_sf_in,n_r_t,nk_k_sup,nrs_ns_r,ns_s_spe,ns_s_sup,ns_sub_r,r_ar_sup,s_k_sub,s_ns_sub,s_nsup_k,sub_r_r,t_k_sup,total_time
80,9,9.700000191514846e-06,7.63000007282244e-05,8.600000001024455e-06,4.999999873689376e-06,0.0006776000000172644,4.999999873689376e-06,4.399999852466863e-06,9.40000063565094e-06,1.2399999832268804e-05,0.00321429999985412,0.0036861000007775147,0.006594400000722089,0.0005621000000246568,1.0500000826141331e-05,0.004465800000616582,0.019341600003826898
