percentage,execution,k_s_sup,s_k_sub,t_k_sup,ns_s_sup,s_ns_sub,r_ar_sup,ar_r_sub,ns_sub_r,ks_sf_in,sub_r_r,n_r_t,ns_s_spe,nk_k_sup,s_nsup_k,nrs_ns_r,total_time
90,10,8.110000635497272e-05,0.0108580000087386,0.0060981999995419756,1.0799994925037026e-05,0.015651399997295812,0.011993600011919625,0.00025790001382119954,1.1099997209385037e-05,0.0009209999989252537,1.4099990949034691e-05,6.300004315562546e-06,4.999994416721165e-06,0.001855099995736964,0.0015732000028947368,5.49999822396785e-06,0.04934230001526885
