percentage,execution,ar_r_sub,k_s_sup,ks_sf_in,n_r_t,nk_k_sup,nrs_ns_r,ns_s_spe,ns_s_sup,ns_sub_r,r_ar_sup,s_k_sub,s_ns_sub,s_nsup_k,sub_r_r,t_k_sup,total_time
80,1,1.4699998246214818e-05,4.600000011123484e-05,1.2999999853491317e-05,1.0299999303242657e-05,0.007041699999717821,9.60000033956021e-06,8.800000614428427e-06,1.320000046689529e-05,1.3700000636163168e-05,0.0073763999998845975,0.00204080000094109,0.0020100000001548324,0.0011065999997299514,1.5600000551785342e-05,0.0021582999997917796,0.021878700000343088
