percentage,execution,ar_r_sub,k_s_sup,ks_sf_in,n_r_t,nk_k_sup,nrs_ns_r,ns_s_spe,ns_s_sup,ns_sub_r,r_ar_sup,s_k_sub,s_ns_sub,s_nsup_k,sub_r_r,t_k_sup,total_time
80,2,9.700000191514846e-06,7.450000066455686e-05,8.89999955688836e-06,5.200000487093348e-06,0.000666099999762082,5.199999577598646e-06,4.599999556376133e-06,9.500000487605575e-06,9.100000170292333e-06,0.0031563000002279296,0.0035577999997258303,0.006445100000746606,0.0005501999994521611,1.0299999303242657e-05,0.004424200000357814,0.018936700000267592
