percentage,execution,ar_r_sub,k_s_sup,ks_sf_in,n_r_t,nk_k_sup,nrs_ns_r,ns_s_spe,ns_s_sup,ns_sub_r,r_ar_sup,s_k_sub,s_ns_sub,s_nsup_k,sub_r_r,t_k_sup,total_time
20,5,8.999999408842996e-06,7.94000006862916e-05,9.000000318337698e-06,4.999999873689376e-06,0.0007090999997672043,6.299999768089037e-06,4.699999408330768e-06,9.60000033956021e-06,1.600000359758269e-06,7.610000011482043e-05,0.003987600000073144,0.019734499999685795,0.000586999999541149,1.06999996205559e-05,0.0045743000009679236,0.029803899999933492
