percentage,execution,ar_r_sub,k_s_sup,ks_sf_in,n_r_t,nk_k_sup,nrs_ns_r,ns_s_spe,ns_s_sup,ns_sub_r,r_ar_sup,s_k_sub,s_ns_sub,s_nsup_k,sub_r_r,t_k_sup,total_time
40,9,9.599999430065509e-06,7.649999952263897e-05,9.300000783696305e-06,4.800000169780105e-06,0.0005525999995370512,5.399999281507917e-06,4.599999556376133e-06,9.499999578110874e-06,1.8000009731622413e-06,0.0008759000002100947,0.0031381999997392995,0.012114199999814446,0.00045649999992747325,1.0799999472510535e-05,0.0035620999997263425,0.020831799997722555
