percentage,execution,ar_r_sub,k_s_sup,ks_sf_in,n_r_t,nk_k_sup,nrs_ns_r,ns_s_spe,ns_s_sup,ns_sub_r,r_ar_sup,s_k_sub,s_ns_sub,s_nsup_k,sub_r_r,t_k_sup,total_time
80,8,1.0200000360782724e-05,7.710000045335619e-05,9.299998964706901e-06,5.300000339047983e-06,0.0008056999995460501,5.200000487093348e-06,4.499999704421498e-06,9.399999726156238e-06,1.499999598308932e-06,0.004023099999358237,0.004187399999864283,0.007211300000562915,0.0006655999995928141,1.0999999176419806e-05,0.005162899999959336,0.02218949999769393
