percentage,execution,ar_r_sub,k_s_sup,ks_sf_in,n_r_t,nk_k_sup,nrs_ns_r,ns_s_spe,ns_s_sup,ns_sub_r,r_ar_sup,s_k_sub,s_ns_sub,s_nsup_k,sub_r_r,t_k_sup,total_time
20,10,7.280000136233866e-05,1.0099999599333387e-05,0.0002737000004344736,5.600000804406591e-06,0.00018799999998009298,5.699999746866524e-06,4.300000000512227e-06,8.69999985297909e-06,1.7000002117129043e-06,1.2299999070819467e-05,7.519999962823931e-05,7.300000015675323e-05,0.00012169999990874203,1.1300000551273115e-05,9.299999874201603e-06,0.0008734000011827447
