percentage,execution,ar_r_sub,k_s_sup,ks_sf_in,n_r_t,nk_k_sup,nrs_ns_r,ns_s_spe,ns_s_sup,ns_sub_r,r_ar_sup,s_k_sub,s_ns_sub,s_nsup_k,sub_r_r,t_k_sup,total_time
20,1,9.800000952964183e-06,9.499999578110874e-06,8.799999704933725e-06,5.4000001910026185e-06,0.00018679999993764795,5.599999894911889e-06,4.200000148557592e-06,8.19999877421651e-06,1.600000359758269e-06,0.002165100000638631,7.200000072771218e-05,7.539999933214858e-05,0.00011790000007749768,1.1500000255182385e-05,8.800000614428427e-06,0.002690600001187704
