percentage,execution,ar_r_sub,k_s_sup,ks_sf_in,n_r_t,nk_k_sup,nrs_ns_r,ns_s_spe,ns_s_sup,ns_sub_r,r_ar_sup,s_k_sub,s_ns_sub,s_nsup_k,sub_r_r,t_k_sup,total_time
60,1,0.0002438000001347973,9.700000191514846e-06,0.0008815999999569613,7.100000402715523e-06,0.0006874999999126885,5.199999577598646e-06,4.599999556376133e-06,8.50000014906982e-06,1.7999991541728377e-06,1.0100000508828089e-05,0.00025569999979779823,0.00024399999983870657,0.00045080000018060673,1.0900000233959872e-05,9.399999726156238e-06,0.0028306999993219506
