percentage,execution,ar_r_sub,k_s_sup,ks_sf_in,n_r_t,nk_k_sup,nrs_ns_r,ns_s_spe,ns_s_sup,ns_sub_r,r_ar_sup,s_k_sub,s_ns_sub,s_nsup_k,sub_r_r,t_k_sup,total_time
60,10,9.800000043469481e-06,7.659999937459361e-05,9.200000022246968e-06,4.70000031782547e-06,0.0005386000002545188,5.200000487093348e-06,4.70000031782547e-06,9.500000487605575e-06,1.7000002117129043e-06,0.001666500000283122,0.003004500000315602,0.009021799999572977,0.000449799999842071,1.0200000360782724e-05,0.0035352000004422734,0.01834800000233372
