percentage,execution,ar_r_sub,k_s_sup,ks_sf_in,n_r_t,nk_k_sup,nrs_ns_r,ns_s_spe,ns_s_sup,ns_sub_r,r_ar_sup,s_k_sub,s_ns_sub,s_nsup_k,sub_r_r,t_k_sup,total_time
80,6,0.011404099999708706,7.730000015726546e-05,0.0004307999997763545,6.100000064179767e-06,0.0012364999993224046,9.479999971517827e-05,4.799999260285404e-06,9.699999282020144e-06,1.6999993022182025e-06,7.619999996677507e-05,0.008277099998849735,0.014138000000457396,0.0010525000006964547,0.0010806999989654287,0.0034149000002798857,0.04130519999580429
