percentage,execution,ar_r_sub,k_s_sup,ks_sf_in,n_r_t,nk_k_sup,nrs_ns_r,ns_s_spe,ns_s_sup,ns_sub_r,r_ar_sup,s_k_sub,s_ns_sub,s_nsup_k,sub_r_r,t_k_sup,total_time
80,10,0.0073993999994854676,1.0800000382005237e-05,0.00043450000066513894,6.299999768089037e-06,0.0015321000000767526,9.560000034980476e-05,4.70000031782547e-06,9.299999874201603e-06,1.6999993022182025e-06,1.1000000085914508e-05,0.0031662999999753083,0.006082299999434326,0.001056600000083563,0.000232000000323751,1.0900000233959872e-05,0.020053500000358326
