percentage,execution,ar_r_sub,k_s_sup,ks_sf_in,n_r_t,nk_k_sup,nrs_ns_r,ns_s_spe,ns_s_sup,ns_sub_r,r_ar_sup,s_k_sub,s_ns_sub,s_nsup_k,sub_r_r,t_k_sup,total_time
80,6,9.999999747378752e-06,0.0033481000009487616,9.60000033956021e-06,5.200000487093348e-06,6.000000212225132e-06,4.900000021734741e-06,0.0004775000006702612,7.759999971312936e-05,1.5000005078036338e-06,0.0033019000011336175,0.0002551000006860704,0.00024510000002919696,4.900000021734741e-06,1.0700000530050602e-05,0.0002840999995896709,0.008042200004638289
