percentage,execution,ar_r_sub,k_s_sup,ks_sf_in,n_r_t,nk_k_sup,nrs_ns_r,ns_s_spe,ns_s_sup,ns_sub_r,r_ar_sup,s_k_sub,s_ns_sub,s_nsup_k,sub_r_r,t_k_sup,total_time
60,1,9.899999895424116e-06,9.499999578110874e-06,9.499999578110874e-06,8.099999831756577e-06,0.0005248999996183557,4.999999873689376e-06,4.399999852466863e-06,8.600000001024455e-06,1.600000359758269e-06,0.003839299999526702,0.00019520000023476314,0.00018589999945106683,0.0003477000000202679,1.0700000530050602e-05,9.40000063565094e-06,0.005169699998987198
