percentage,execution,ar_r_sub,k_s_sup,ks_sf_in,n_r_t,nk_k_sup,nrs_ns_r,ns_s_spe,ns_s_sup,ns_sub_r,r_ar_sup,s_k_sub,s_ns_sub,s_nsup_k,sub_r_r,t_k_sup,total_time
20,7,1.0099999599333387e-05,0.004238200001054793,9.999999747378752e-06,5.399999281507917e-06,5.099999725644011e-06,5.099999725644011e-06,0.0005179999998290441,7.819999973435188e-05,1.9000008251168765e-06,0.003041500000108499,8.030000026337802e-05,8.450000041193562e-05,4.5000006139162e-06,1.140000040322775e-05,0.00011280000035185367,0.008207000001675624
