percentage,execution,ar_r_sub,k_s_sup,ks_sf_in,n_r_t,nk_k_sup,nrs_ns_r,ns_s_spe,ns_s_sup,ns_sub_r,r_ar_sup,s_k_sub,s_ns_sub,s_nsup_k,sub_r_r,t_k_sup,total_time
20,4,1.0299999303242657e-05,1.3500000022759195e-05,9.700000191514846e-06,5.599999894911889e-06,0.00020670000048994552,5.700000656361226e-06,4.699999408330768e-06,8.69999985297909e-06,1.6999993022182025e-06,0.0025427999999010353,8.280000020022271e-05,7.849999929021578e-05,0.0001295000001846347,1.1199999789823778e-05,9.500000487605575e-06,0.0031208999989758013
