percentage,execution,ar_r_sub,k_s_sup,ks_sf_in,n_r_t,nk_k_sup,nrs_ns_r,ns_s_spe,ns_s_sup,ns_sub_r,r_ar_sup,s_k_sub,s_ns_sub,s_nsup_k,sub_r_r,t_k_sup,total_time
40,6,1.2399978004395962e-05,0.010591200087219477,1.1399970389902592e-05,7.1999384090304375e-06,7.2999391704797745e-06,7.200054824352264e-06,0.0014282999327406287,8.36000544950366e-05,2.00001522898674e-06,0.009219500119797885,0.000556600047275424,0.0005495998775586486,6.100046448409557e-06,1.6900012269616127e-05,0.0006061000749468803,0.023105400148779154
