percentage,execution,ar_r_sub,k_s_sup,ks_sf_in,n_r_t,nk_k_sup,nrs_ns_r,ns_s_spe,ns_s_sup,ns_sub_r,r_ar_sup,s_k_sub,s_ns_sub,s_nsup_k,sub_r_r,t_k_sup,total_time
20,2,7.209999967017211e-05,9.899999895424116e-06,8.800000614428427e-06,5.500000042957254e-06,0.0002463999999235966,5.899999450775795e-06,5.7999995988211595e-06,8.499999239575118e-06,1.7000002117129043e-06,9.599999430065509e-06,7.860000005166512e-05,7.49000000723754e-05,0.00017439999919588445,1.089999932446517e-05,9.499999578110874e-06,0.00072249999630003
