percentage,execution,ar_r_sub,k_s_sup,ks_sf_in,n_r_t,nk_k_sup,nrs_ns_r,ns_s_spe,ns_s_sup,ns_sub_r,r_ar_sup,s_k_sub,s_ns_sub,s_nsup_k,sub_r_r,t_k_sup,total_time
40,1,9.999999747378752e-06,1.0100000508828089e-05,9.599999430065509e-06,5.700000656361226e-06,0.0012974999999642023,5.899999450775795e-06,4.999999873689376e-06,9.399999726156238e-06,1.8000000636675395e-06,0.005474499999763793,0.0039806000004318776,0.01335179999932734,0.0009086000000024796,1.2500000593718141e-05,1.049999991664663e-05,0.02509349999945698
