percentage,execution,k_s_sup,s_k_sub,t_k_sup,ns_s_sup,s_ns_sub,r_ar_sup,ar_r_sub,ns_sub_r,ks_sf_in,sub_r_r,n_r_t,ns_s_spe,nk_k_sup,s_nsup_k,nrs_ns_r,total_time
70,10,0.010342900015530176,0.0005903999990550801,0.0005885999999009073,7.560000813100487e-05,0.0005390000005718321,0.008986300003016368,1.0599993402138352e-05,1.7999846022576094e-06,9.900002623908222e-06,1.270000939257443e-05,5.699999746866524e-06,0.0009203999943565577,6.600006599910557e-06,5.399997462518513e-06,5.299996701069176e-06,0.02210120001109317
