percentage,execution,ar_r_sub,k_s_sup,ks_sf_in,n_r_t,nk_k_sup,nrs_ns_r,ns_s_spe,ns_s_sup,ns_sub_r,r_ar_sup,s_k_sub,s_ns_sub,s_nsup_k,sub_r_r,t_k_sup,total_time
40,3,0.00016649999997753184,1.4999999621068127e-05,1.1999999514955562e-05,7.3999999585794285e-06,0.0005752000006395974,7.499999810534064e-06,5.800000508315861e-06,1.1000000085914508e-05,2.2999993234407157e-06,1.2100000276404899e-05,0.00017500000012660166,0.00017829999978857813,0.000372100000276987,1.4000000192027073e-05,1.2099999366910197e-05,0.0015662999994674465
