percentage,execution,ar_r_sub,k_s_sup,ks_sf_in,n_r_t,nk_k_sup,nrs_ns_r,ns_s_spe,ns_s_sup,ns_sub_r,r_ar_sup,s_k_sub,s_ns_sub,s_nsup_k,sub_r_r,t_k_sup,total_time
60,8,0.0003314000005048001,0.00010889999975915998,1.2799999240087345e-05,6.799999937356915e-06,0.0010438999997859355,6.900000698806252e-06,6.000000212225132e-06,1.269999938813271e-05,2.399999175395351e-06,0.00014999999984866008,0.006308400001216796,0.017974499999581894,0.0008732000005693408,1.489999885961879e-05,0.0035325999988344847,0.030385399997612694
