percentage,execution,ar_r_sub,k_s_sup,ks_sf_in,n_r_t,nk_k_sup,nrs_ns_r,ns_s_spe,ns_s_sup,ns_sub_r,r_ar_sup,s_k_sub,s_ns_sub,s_nsup_k,sub_r_r,t_k_sup,total_time
40,3,1.4999881386756897e-05,0.008245500037446618,1.089985016733408e-05,6.700051017105579e-06,7.00005330145359e-06,6.500049494206905e-06,0.0010022000642493367,8.749996777623892e-05,2.00001522898674e-06,0.006672199931927025,0.0003602999495342374,0.0003440000582486391,9.00006853044033e-06,1.4399993233382702e-05,0.0003895999398082495,0.017172799911350012
