percentage,execution,ar_r_sub,k_s_sup,ks_sf_in,n_r_t,nk_k_sup,nrs_ns_r,ns_s_spe,ns_s_sup,ns_sub_r,r_ar_sup,s_k_sub,s_ns_sub,s_nsup_k,sub_r_r,t_k_sup,total_time
20,5,1.089999932446517e-05,0.005992599999444792,1.0099999599333387e-05,9.100000170292333e-06,5.9000003602704965e-06,6.100000064179767e-06,0.0008854999996401602,7.479999931092607e-05,1.899999006127473e-06,0.00443499999892083,0.00020150000000285218,0.00019330000031914096,5.100000635138713e-06,1.3899999430577736e-05,0.00022219999937078683,0.012067899995599873
