percentage,execution,ar_r_sub,k_s_sup,ks_sf_in,n_r_t,nk_k_sup,nrs_ns_r,ns_s_spe,ns_s_sup,ns_sub_r,r_ar_sup,s_k_sub,s_ns_sub,s_nsup_k,sub_r_r,t_k_sup,total_time
50,4,1.179997343569994e-05,0.008895799983292818,1.1600088328123093e-05,6.700051017105579e-06,7.100054062902927e-06,6.299931555986404e-06,0.0010034000733867288,8.350005373358727e-05,2.00001522898674e-06,0.0076104000909253955,0.00041580002289265394,0.00041310000233352184,6.400048732757568e-06,1.4599994756281376e-05,0.0004564000992104411,0.01894490048289299
