percentage,execution,ar_r_sub,k_s_sup,ks_sf_in,n_r_t,nk_k_sup,nrs_ns_r,ns_s_spe,ns_s_sup,ns_sub_r,r_ar_sup,s_k_sub,s_ns_sub,s_nsup_k,sub_r_r,t_k_sup,total_time
10,4,0.037180300103500485,1.2999982573091984e-05,1.2299977242946625e-05,8.199946023523808e-06,0.003132999991066754,1.0899966582655907e-05,5.799927748739719e-06,1.500011421740055e-05,2.700020559132099e-06,1.4199991710484028e-05,0.0076099998550489545,0.02922889997716993,0.002406500047072768,0.00699330004863441,1.6600009985268116e-05,0.08665069995913655
