percentage,execution,ar_r_sub,k_s_sup,ks_sf_in,n_r_t,nk_k_sup,nrs_ns_r,ns_s_spe,ns_s_sup,ns_sub_r,r_ar_sup,s_k_sub,s_ns_sub,s_nsup_k,sub_r_r,t_k_sup,total_time
10,5,1.0799849405884743e-05,9.440002031624317e-05,1.1299853213131428e-05,6.8999361246824265e-06,0.0018689000280573964,8.299946784973145e-06,5.600042641162872e-06,1.109996810555458e-05,2.00001522898674e-06,8.619995787739754e-05,0.010108499904163182,0.0533135998994112,0.0015653999289497733,1.5099998563528061e-05,0.011701400042511523,0.07880949939135462
