percentage,execution,k_s_sup,s_k_sub,t_k_sup,ns_s_sup,s_ns_sub,r_ar_sup,ar_r_sub,ns_sub_r,ks_sf_in,sub_r_r,n_r_t,ns_s_spe,nk_k_sup,s_nsup_k,nrs_ns_r,total_time
60,2,0.009867500004475005,0.0005222000036155805,0.00054519998957403,7.619999814778566e-05,0.0004914999881293625,0.008426899992628023,1.1299998732283711e-05,1.9999861251562834e-06,1.09999964479357e-05,1.3600001693703234e-05,6.099988240748644e-06,0.0009143000061158091,6.599992047995329e-06,5.399997462518513e-06,5.3000112529844046e-06,0.02090509995468892
