percentage,execution,ar_r_sub,k_s_sup,ks_sf_in,n_r_t,nk_k_sup,nrs_ns_r,ns_s_spe,ns_s_sup,ns_sub_r,r_ar_sup,s_k_sub,s_ns_sub,s_nsup_k,sub_r_r,t_k_sup,total_time
60,6,0.005808599999909347,7.730000015726546e-05,9.499999578110874e-06,5.300000339047983e-06,0.0007691999999224208,5.099999725644011e-06,4.499999704421498e-06,9.899999895424116e-06,1.7999991541728377e-06,0.0008766000000832719,0.005118099999890546,0.011093099999925471,0.0006536000000778586,0.0011148999992656172,0.002675900000213005,0.028223399997841625
