percentage,execution,ar_r_sub,k_s_sup,ks_sf_in,n_r_t,nk_k_sup,nrs_ns_r,ns_s_spe,ns_s_sup,ns_sub_r,r_ar_sup,s_k_sub,s_ns_sub,s_nsup_k,sub_r_r,t_k_sup,total_time
10,8,1.0799616575241089e-05,0.004954100586473942,1.0400079190731049e-05,9.80030745267868e-06,6.299931555986404e-06,7.300172001123428e-06,0.0012910999357700348,7.990002632141113e-05,1.700129359960556e-06,0.0036074002273380756,0.00014539994299411774,0.00013590045273303986,5.499925464391708e-06,1.6300473362207413e-05,0.00016150018200278282,0.010443401988595724
