percentage,execution,k_s_sup,s_k_sub,t_k_sup,ns_s_sup,s_ns_sub,r_ar_sup,ar_r_sub,ns_sub_r,ks_sf_in,sub_r_r,n_r_t,ns_s_spe,nk_k_sup,s_nsup_k,nrs_ns_r,total_time
40,7,0.00738719999208115,0.00031579998903907835,0.00034810000215657055,7.850000110920519e-05,0.0003065999917453155,0.006179400006658398,1.0499992640689015e-05,1.7999991541728377e-06,9.900002623908222e-06,1.3100012438371778e-05,6.000002031214535e-06,0.0008836000051815063,5.800000508315861e-06,5.1000097300857306e-06,5.599998985417187e-06,0.015557000006083399
