percentage,execution,ar_r_sub,k_s_sup,ks_sf_in,n_r_t,nk_k_sup,nrs_ns_r,ns_s_spe,ns_s_sup,ns_sub_r,r_ar_sup,s_k_sub,s_ns_sub,s_nsup_k,sub_r_r,t_k_sup,total_time
80,8,0.25115179999920656,0.18605210000077932,0.0010714999998526764,0.0002548000002207118,0.1558098000004975,0.001802299999326351,6.713723500000015,0.12796309999976074,3.2999996619764715e-06,0.4613752999994176,0.32684270000027027,0.533391500000107,0.12194300000010116,0.021106500000314554,0.5478120000007038,9.450303200000235
