percentage,execution,k_s_sup,s_k_sub,t_k_sup,ns_s_sup,s_ns_sub,r_ar_sup,ar_r_sub,ns_sub_r,ks_sf_in,sub_r_r,n_r_t,ns_s_spe,nk_k_sup,s_nsup_k,nrs_ns_r,total_time
10,9,1.0600022505968809e-05,0.0017997999966610223,2.7999994927085936e-05,9.60000033956021e-06,0.008018900000024587,0.0042972999945050105,0.00011419999646022916,1.7999991541728377e-06,1.030000566970557e-05,1.5999990864656866e-05,6.299989763647318e-06,5.099995178170502e-06,0.0012645000097109005,0.0009618000040063635,7.300011930055916e-06,0.016551500011701137
