percentage,execution,ar_r_sub,k_s_sup,ks_sf_in,n_r_t,nk_k_sup,nrs_ns_r,ns_s_spe,ns_s_sup,ns_sub_r,r_ar_sup,s_k_sub,s_ns_sub,s_nsup_k,sub_r_r,t_k_sup,total_time
10,7,8.350005373358727e-05,1.1600088328123093e-05,1.0899733752012253e-05,6.9998204708099365e-06,0.0024705003015697002,9.09995287656784e-06,5.3998082876205444e-06,1.0400079190731049e-05,4.100147634744644e-06,0.002278499770909548,0.006617100443691015,0.027108300011605024,0.0017709997482597828,1.6500242054462433e-05,1.2200325727462769e-05,0.04041610052809119
