percentage,execution,ar_r_sub,k_s_sup,ks_sf_in,n_r_t,nk_k_sup,nrs_ns_r,ns_s_spe,ns_s_sup,ns_sub_r,r_ar_sup,s_k_sub,s_ns_sub,s_nsup_k,sub_r_r,t_k_sup,total_time
80,1,0.002340000000913278,1.7300000763498247e-05,1.3099999705445953e-05,7.900000127847306e-06,0.001287400000364869,7.0000005507608876e-06,6.100000064179767e-06,1.2400000741763506e-05,2.499999936844688e-06,1.430000065738568e-05,0.0023208000002341578,0.0021684000003006076,0.0008711999998922693,0.0003392000007806928,1.430000065738568e-05,0.009421900005690986
