percentage,execution,ar_r_sub,k_s_sup,ks_sf_in,n_r_t,nk_k_sup,nrs_ns_r,ns_s_spe,ns_s_sup,ns_sub_r,r_ar_sup,s_k_sub,s_ns_sub,s_nsup_k,sub_r_r,t_k_sup,total_time
10,1,1.0799616575241089e-05,0.004856800194829702,1.0299962013959885e-05,6.6999346017837524e-06,6.100162863731384e-06,6.90016895532608e-06,0.0012468998320400715,7.539987564086914e-05,1.6004778444766998e-06,0.0035381997004151344,0.0001379000023007393,0.0001325998455286026,5.200039595365524e-06,1.730024814605713e-05,0.00015569990500807762,0.010208399966359138
