percentage,execution,ar_r_sub,k_s_sup,ks_sf_in,n_r_t,nk_k_sup,nrs_ns_r,ns_s_spe,ns_s_sup,ns_sub_r,r_ar_sup,s_k_sub,s_ns_sub,s_nsup_k,sub_r_r,t_k_sup,total_time
50,2,0.0004119998775422573,1.200009137392044e-05,1.1200085282325745e-05,7.000286132097244e-06,0.00293899979442358,9.80030745267868e-06,5.499925464391708e-06,1.0500196367502213e-05,1.80024653673172e-06,0.00531670032069087,0.007373799569904804,0.010686700232326984,0.0024525001645088196,1.679966226220131e-05,1.2300442904233932e-05,0.0292676012031734
