percentage,execution,ar_r_sub,k_s_sup,ks_sf_in,n_r_t,nk_k_sup,nrs_ns_r,ns_s_spe,ns_s_sup,ns_sub_r,r_ar_sup,s_k_sub,s_ns_sub,s_nsup_k,sub_r_r,t_k_sup,total_time
20,4,8.900000011635711e-05,1.1799999811046291e-05,1.4600001122744288e-05,6.900000698806252e-06,0.0003325000006952905,6.799999937356915e-06,5.4000001910026185e-06,1.0599999768601265e-05,2.100000529026147e-06,1.1699999959091656e-05,9.829999999055872e-05,9.020000015880214e-05,0.00021720000040659215,1.359999987471383e-05,1.140000040322775e-05,0.0009221000036632176
