percentage,execution,ar_r_sub,k_s_sup,ks_sf_in,n_r_t,nk_k_sup,nrs_ns_r,ns_s_spe,ns_s_sup,ns_sub_r,r_ar_sup,s_k_sub,s_ns_sub,s_nsup_k,sub_r_r,t_k_sup,total_time
70,8,1.3099517673254013e-05,0.01416040025651455,1.1699739843606949e-05,7.000286132097244e-06,1.619989052414894e-05,1.0800082236528397e-05,0.001376500353217125,8.299993351101875e-05,1.80024653673172e-06,0.012727100402116776,0.00081619992852211,0.0007960004732012749,8.300412446260452e-06,1.659989356994629e-05,0.0008771996945142746,0.030921901110559702
