percentage,execution,ar_r_sub,k_s_sup,ks_sf_in,n_r_t,nk_k_sup,nrs_ns_r,ns_s_spe,ns_s_sup,ns_sub_r,r_ar_sup,s_k_sub,s_ns_sub,s_nsup_k,sub_r_r,t_k_sup,total_time
20,5,9.299999874201603e-06,9.699999282020144e-06,9.299999874201603e-06,5.200000487093348e-06,0.00024060000032477546,5.699999746866524e-06,4.400000761961564e-06,8.69999985297909e-06,1.5999994502635673e-06,0.004420900000695838,7.469999945897143e-05,7.099999947968172e-05,0.00016529999993508682,1.1700000868586358e-05,9.500000487605575e-06,0.0050476000005801325
