percentage,execution,ar_r_sub,k_s_sup,ks_sf_in,n_r_t,nk_k_sup,nrs_ns_r,ns_s_spe,ns_s_sup,ns_sub_r,r_ar_sup,s_k_sub,s_ns_sub,s_nsup_k,sub_r_r,t_k_sup,total_time
20,9,0.034125800244510174,0.0700488998554647,5.359947681427002e-05,8.379993960261345e-05,0.0481607997789979,5.100015550851822e-05,3.279406199697405,0.05986730009317398,2.200249582529068e-06,0.12179830018430948,0.06219270033761859,0.22893150011077523,0.03632050007581711,0.0074890004470944405,0.10138969961553812,4.049921300262213
