percentage,execution,ar_r_sub,k_s_sup,ks_sf_in,n_r_t,nk_k_sup,nrs_ns_r,ns_s_spe,ns_s_sup,ns_sub_r,r_ar_sup,s_k_sub,s_ns_sub,s_nsup_k,sub_r_r,t_k_sup,total_time
70,8,0.015504200011491776,1.2800097465515137e-05,1.1799857020378113e-05,7.4999406933784485e-06,0.0042351000010967255,6.399583071470261e-06,5.5995769798755646e-06,1.0999850928783417e-05,1.8994323909282684e-06,0.005245199892669916,0.013356999959796667,0.01953059993684292,0.003218300174921751,0.0025646998547017574,1.2600328773260117e-05,0.0637246984988451
