percentage,execution,ar_r_sub,k_s_sup,ks_sf_in,n_r_t,nk_k_sup,nrs_ns_r,ns_s_spe,ns_s_sup,ns_sub_r,r_ar_sup,s_k_sub,s_ns_sub,s_nsup_k,sub_r_r,t_k_sup,total_time
80,7,1.0199999451288022e-05,8.210000032704556e-05,9.299999874201603e-06,5.300000339047983e-06,0.0010591000000204076,4.999999873689376e-06,4.499999704421498e-06,1.269999938813271e-05,1.600000359758269e-06,0.009721299999910116,0.0060260000009293435,0.008964899999227782,0.0009103000002141926,1.1500000255182385e-05,0.0009973999995054328,0.027821199999380042
