percentage,execution,ar_r_sub,k_s_sup,ks_sf_in,n_r_t,nk_k_sup,nrs_ns_r,ns_s_spe,ns_s_sup,ns_sub_r,r_ar_sup,s_k_sub,s_ns_sub,s_nsup_k,sub_r_r,t_k_sup,total_time
80,6,0.0016315000002578017,7.919999916339293e-05,9.999999747378752e-06,5.4000001910026185e-06,0.0007674999997107079,5.200000487093348e-06,4.70000031782547e-06,9.599999430065509e-06,2.100000529026147e-06,7.500000083382474e-05,0.005012199999328004,0.008009299999685027,0.000654700000268349,0.0002417999994577258,0.0026741000001493376,0.019182299999556562
