percentage,execution,ar_r_sub,k_s_sup,ks_sf_in,n_r_t,nk_k_sup,nrs_ns_r,ns_s_spe,ns_s_sup,ns_sub_r,r_ar_sup,s_k_sub,s_ns_sub,s_nsup_k,sub_r_r,t_k_sup,total_time
30,4,0.027751300018280745,1.529976725578308e-05,1.309998333454132e-05,1.490022987127304e-05,0.004210499580949545,7.699709385633469e-06,8.699949830770493e-06,1.1100433766841888e-05,2.6994384825229645e-06,0.005326899699866772,0.01314440043643117,0.04183589946478605,0.003083100076764822,0.005322299897670746,3.0300579965114594e-05,0.10077819926664233
