percentage,execution,ar_r_sub,k_s_sup,ks_sf_in,n_r_t,nk_k_sup,nrs_ns_r,ns_s_spe,ns_s_sup,ns_sub_r,r_ar_sup,s_k_sub,s_ns_sub,s_nsup_k,sub_r_r,t_k_sup,total_time
40,8,0.00037739999879704555,1.1699999959091656e-05,1.0900000233959872e-05,6.600000233447645e-06,0.0037343000003602356,7.200000254670158e-06,5.300000339047983e-06,2.9200000426499173e-05,1.700001121207606e-06,0.005068599999503931,0.007415299999593117,0.025536900000588503,0.0028862999997727457,1.6699999832781032e-05,1.2600000445672777e-05,0.045120700001461955
