percentage,execution,k_s_sup,s_k_sub,t_k_sup,ns_s_sup,s_ns_sub,r_ar_sup,ar_r_sub,ns_sub_r,ks_sf_in,sub_r_r,n_r_t,ns_s_spe,nk_k_sup,s_nsup_k,nrs_ns_r,total_time
10,3,0.06636060000164434,0.09161489999678452,0.0899700000154553,0.019288000010419637,0.2813023999915458,0.0838103999994928,0.03350619999400806,2.0000006770715117e-06,4.780000017490238e-05,0.007467699993867427,9.689999569673091e-05,1.719690999991144,0.04389440000522882,0.03714810000383295,9.010000212583691e-05,2.4742905000020983
