percentage,execution,ar_r_sub,k_s_sup,ks_sf_in,n_r_t,nk_k_sup,nrs_ns_r,ns_s_spe,ns_s_sup,ns_sub_r,r_ar_sup,s_k_sub,s_ns_sub,s_nsup_k,sub_r_r,t_k_sup,total_time
20,10,0.00013729999955103267,1.2299999980314169e-05,1.0499999007151928e-05,6.799999937356915e-06,0.002204399999754969,7.5000007200287655e-06,5.199999577598646e-06,1.0100000508828089e-05,1.7999991541728377e-06,0.005839599999490019,0.0033697999997457373,0.01245429999926273,0.0016990000003715977,1.700000029813964e-05,1.1900000572495628e-05,0.025787499997932173
