percentage,execution,k_s_sup,s_k_sub,t_k_sup,ns_s_sup,s_ns_sub,r_ar_sup,ar_r_sub,ns_sub_r,ks_sf_in,sub_r_r,n_r_t,ns_s_spe,nk_k_sup,s_nsup_k,nrs_ns_r,total_time
90,3,8.429998706560582e-05,0.030932999987271614,0.003605800011428073,1.1399999493733048e-05,0.03666190001240466,0.0047381000040331855,0.0020758999889949337,2.0000006770715117e-06,1.1799987987615168e-05,0.00024899998970795423,7.099995855242014e-06,5.49999822396785e-06,0.003908500002580695,0.003656899993075058,6.099988240748644e-06,0.08595729994704016
