percentage,execution,ar_r_sub,k_s_sup,ks_sf_in,n_r_t,nk_k_sup,nrs_ns_r,ns_s_spe,ns_s_sup,ns_sub_r,r_ar_sup,s_k_sub,s_ns_sub,s_nsup_k,sub_r_r,t_k_sup,total_time
20,1,0.2643738999031484,0.09959180001169443,5.5800192058086395e-05,0.00012410013005137444,0.05341230006888509,0.003523699939250946,3.4660265003331006,0.06882089981809258,2.299901098012924e-06,0.16529749985784292,0.07124980026856065,0.2686618003062904,0.03946489980444312,0.0020584994927048683,0.12905560014769435,4.631719400174916
