percentage,execution,ar_r_sub,k_s_sup,ks_sf_in,n_r_t,nk_k_sup,nrs_ns_r,ns_s_spe,ns_s_sup,ns_sub_r,r_ar_sup,s_k_sub,s_ns_sub,s_nsup_k,sub_r_r,t_k_sup,total_time
20,10,0.00670290004927665,1.2699980288743973e-05,1.2399861589074135e-05,7.5999414548277855e-06,0.002052699914202094,8.00006091594696e-06,5.299923941493034e-06,1.1500087566673756e-05,2.100015990436077e-06,1.3399985618889332e-05,0.001964599941857159,0.0053983001271262765,0.0016280000563710928,0.00129060004837811,1.3199867680668831e-05,0.019123299862258136
