percentage,execution,ar_r_sub,k_s_sup,ks_sf_in,n_r_t,nk_k_sup,nrs_ns_r,ns_s_spe,ns_s_sup,ns_sub_r,r_ar_sup,s_k_sub,s_ns_sub,s_nsup_k,sub_r_r,t_k_sup,total_time
10,10,1.3599987141788006e-05,0.0047058999771252275,1.1199968867003918e-05,6.900052540004253e-06,6.199930794537067e-06,7.3999399319291115e-06,0.0011144999880343676,8.699996396899223e-05,1.9000144675374031e-06,0.003189600072801113,8.779997006058693e-05,8.430005982518196e-05,5.699926987290382e-06,1.5099998563528061e-05,0.0001069001154974103,0.009443999966606498
