percentage,execution,ar_r_sub,k_s_sup,ks_sf_in,n_r_t,nk_k_sup,nrs_ns_r,ns_s_spe,ns_s_sup,ns_sub_r,r_ar_sup,s_k_sub,s_ns_sub,s_nsup_k,sub_r_r,t_k_sup,total_time
80,9,0.002142199999980221,9.719999980006833e-05,1.5700000403739978e-05,6.799999937356915e-06,0.0010937999995803693,6.299999768089037e-06,5.699999746866524e-06,1.160000010713702e-05,2.1999994714860804e-06,0.00011389999963284936,0.006356100000630249,0.010550800000601157,0.0008907000001272536,0.00033059999987017363,0.0034589999995660037,0.02508259999922302
