percentage,execution,ar_r_sub,k_s_sup,ks_sf_in,n_r_t,nk_k_sup,nrs_ns_r,ns_s_spe,ns_s_sup,ns_sub_r,r_ar_sup,s_k_sub,s_ns_sub,s_nsup_k,sub_r_r,t_k_sup,total_time
10,10,0.32666779996361583,0.0784707999555394,6.470002699643373e-05,0.00011679995805025101,0.04010560002643615,0.0015529999509453773,2.454794100020081,0.03523820010013878,2.500019036233425e-06,0.11679719993844628,0.07220229995436966,0.26073489990085363,0.03143980004824698,0.011078799958340824,0.06891929998528212,3.498185799806379
