percentage,execution,ar_r_sub,k_s_sup,ks_sf_in,n_r_t,nk_k_sup,nrs_ns_r,ns_s_spe,ns_s_sup,ns_sub_r,r_ar_sup,s_k_sub,s_ns_sub,s_nsup_k,sub_r_r,t_k_sup,total_time
10,4,0.20706399995833635,0.0732791000045836,5.13000413775444e-05,0.00010750000365078449,0.023973500006832182,0.00034689996391534805,2.821109600015916,0.0468554999679327,2.299901098012924e-06,0.08597989997360855,0.023627900169230998,0.09515769989229739,0.017754700034856796,0.006655499921180308,0.05796140001621097,3.4599267998710275
