percentage,execution,ar_r_sub,k_s_sup,ks_sf_in,n_r_t,nk_k_sup,nrs_ns_r,ns_s_spe,ns_s_sup,ns_sub_r,r_ar_sup,s_k_sub,s_ns_sub,s_nsup_k,sub_r_r,t_k_sup,total_time
20,5,9.000000318337698e-06,7.920000007288763e-05,8.999999408842996e-06,5.199999577598646e-06,0.0007952000005388982,5.7999995988211595e-06,4.800000169780105e-06,9.499999578110874e-06,1.6000012692529708e-06,7.729999924777076e-05,0.004630500000530446,0.02003100000001723,0.0006739999998899293,1.1099999937869143e-05,0.00273520000064309,0.029078400000798865
