percentage,execution,ar_r_sub,k_s_sup,ks_sf_in,n_r_t,nk_k_sup,nrs_ns_r,ns_s_spe,ns_s_sup,ns_sub_r,r_ar_sup,s_k_sub,s_ns_sub,s_nsup_k,sub_r_r,t_k_sup,total_time
10,1,0.2085290999384597,0.07116429996676743,5.780009087175131e-05,0.00011349993292242289,0.04727519990410656,6.260001100599766e-05,3.393748899921775,0.09327660012058914,2.400018274784088e-06,0.0893936000065878,0.07917389995418489,0.2824182000476867,0.03746979997958988,0.007168999989517033,0.0893313999986276,4.3991862998809665
