percentage,execution,ar_r_sub,k_s_sup,ks_sf_in,n_r_t,nk_k_sup,nrs_ns_r,ns_s_spe,ns_s_sup,ns_sub_r,r_ar_sup,s_k_sub,s_ns_sub,s_nsup_k,sub_r_r,t_k_sup,total_time
50,4,0.024401099886745214,1.2400094419717789e-05,1.5399884432554245e-05,7.3998235166072845e-06,0.004469399806112051,6.6999346017837524e-06,5.600042641162872e-06,1.0599382221698761e-05,1.7997808754444122e-06,0.0031838002614676952,0.016470199916511774,0.03882290003821254,0.0033758999779820442,0.004351699724793434,1.309998333454132e-05,0.09514799853786826
