percentage,execution,ar_r_sub,k_s_sup,ks_sf_in,n_r_t,nk_k_sup,nrs_ns_r,ns_s_spe,ns_s_sup,ns_sub_r,r_ar_sup,s_k_sub,s_ns_sub,s_nsup_k,sub_r_r,t_k_sup,total_time
70,7,1.5199650079011917e-05,0.015187299810349941,1.5700235962867737e-05,6.800051778554916e-06,8.00006091594696e-06,6.200280040502548e-06,0.0013371999375522137,8.390005677938461e-05,1.80024653673172e-06,0.013241499662399292,0.0008264998905360699,0.0008163005113601685,6.100162863731384e-06,1.7200130969285965e-05,0.0008963998407125473,0.03246610052883625
