percentage,execution,ar_r_sub,k_s_sup,ks_sf_in,n_r_t,nk_k_sup,nrs_ns_r,ns_s_spe,ns_s_sup,ns_sub_r,r_ar_sup,s_k_sub,s_ns_sub,s_nsup_k,sub_r_r,t_k_sup,total_time
40,5,0.42344500000035623,0.12262760000066919,0.00035540000044420594,8.950000028562499e-05,0.08276049999949464,0.003980800000135787,3.65792170000077,0.05226740000034624,2.0000006770715117e-06,0.2163914000002478,0.1594003000000157,0.39622310000140715,0.06192699999974138,0.012040100000376697,0.241359000000557,5.430790800005525
