percentage,execution,ar_r_sub,k_s_sup,ks_sf_in,n_r_t,nk_k_sup,nrs_ns_r,ns_s_spe,ns_s_sup,ns_sub_r,r_ar_sup,s_k_sub,s_ns_sub,s_nsup_k,sub_r_r,t_k_sup,total_time
90,2,0.017255400074645877,9.270000737160444e-05,1.27000967040658e-05,8.00006091594696e-06,0.004429199965670705,5.900044925510883e-06,6.200047209858894e-06,1.279998105019331e-05,2.09989957511425e-06,0.005254600080661476,0.03651730006095022,0.043328600004315376,0.00388630002271384,0.002868699957616627,0.0039357999339699745,0.11761630023829639
