percentage,execution,ar_r_sub,k_s_sup,ks_sf_in,n_r_t,nk_k_sup,nrs_ns_r,ns_s_spe,ns_s_sup,ns_sub_r,r_ar_sup,s_k_sub,s_ns_sub,s_nsup_k,sub_r_r,t_k_sup,total_time
60,5,0.02342699999917386,1.359999987471383e-05,1.1899999663000926e-05,7.3999999585794285e-06,0.004313899999942805,5.899999450775795e-06,5.599999894911889e-06,1.1099999937869143e-05,1.8999999156221747e-06,0.003704699999616423,0.012139299999944342,0.028774199999133998,0.003166800000144576,0.00404290000005858,1.3100000614940654e-05,0.079639299997325
