percentage,execution,ar_r_sub,k_s_sup,ks_sf_in,n_r_t,nk_k_sup,nrs_ns_r,ns_s_spe,ns_s_sup,ns_sub_r,r_ar_sup,s_k_sub,s_ns_sub,s_nsup_k,sub_r_r,t_k_sup,total_time
50,7,0.10305340029299259,0.13571810023859143,0.00034689996391534805,8.96998681128025e-05,0.09157599974423647,0.0001893998123705387,4.519417699892074,0.07102040015161037,2.200249582529068e-06,0.2616018997505307,0.15701650036498904,0.344637299887836,0.07034069998189807,0.013143900316208601,0.25373619981110096,6.021890300326049
