percentage,execution,k_s_sup,s_k_sub,t_k_sup,ns_s_sup,s_ns_sub,r_ar_sup,ar_r_sub,ns_sub_r,ks_sf_in,sub_r_r,n_r_t,ns_s_spe,nk_k_sup,s_nsup_k,nrs_ns_r,total_time
50,3,0.13410980001208372,0.22045670001534745,0.2920045999926515,0.0782379000011133,0.5062077999900794,0.2806678000051761,0.3380275000090478,2.3999891709536314e-06,0.00037629999860655516,0.02182060001359787,0.0001041999930748716,4.974716899989289,0.11417200000141747,0.08945050000329502,0.005095600005006418,7.055450600018958
