percentage,execution,ar_r_sub,k_s_sup,ks_sf_in,n_r_t,nk_k_sup,nrs_ns_r,ns_s_spe,ns_s_sup,ns_sub_r,r_ar_sup,s_k_sub,s_ns_sub,s_nsup_k,sub_r_r,t_k_sup,total_time
20,5,0.00010090000068885274,1.2999999853491317e-05,1.1799999811046291e-05,7.200000254670158e-06,0.0002610000001368462,7.3999999585794285e-06,5.599999894911889e-06,2.170000061596511e-05,2.3000002329354174e-06,1.2399999832268804e-05,9.790000058274018e-05,0.0001036000003296067,0.00016289999985019676,1.4199999895936344e-05,1.1699999959091656e-05,0.000833600001897139
