percentage,execution,ar_r_sub,k_s_sup,ks_sf_in,n_r_t,nk_k_sup,nrs_ns_r,ns_s_spe,ns_s_sup,ns_sub_r,r_ar_sup,s_k_sub,s_ns_sub,s_nsup_k,sub_r_r,t_k_sup,total_time
50,1,0.2514792000874877,0.13060070015490055,0.00037159956991672516,9.109964594244957e-05,0.09474470000714064,0.0026760995388031006,4.668351300060749,0.07115549966692924,2.0996667444705963e-06,0.2473181001842022,0.20153790013864636,0.44664919981732965,0.07554609980434179,0.01486640004441142,0.2874740995466709,6.492864097934216
