percentage,execution,k_s_sup,s_k_sub,t_k_sup,ns_s_sup,s_ns_sub,r_ar_sup,ar_r_sub,ns_sub_r,ks_sf_in,sub_r_r,n_r_t,ns_s_spe,nk_k_sup,s_nsup_k,nrs_ns_r,total_time
30,6,0.008294899991597049,0.0003874999820254743,0.0004227000172249973,7.780001033097506e-05,0.0003820000129053369,0.006861800007754937,1.1500000255182385e-05,2.1000014385208488e-06,1.0500007192604244e-05,1.589999010320753e-05,6.600006599910557e-06,0.00129420000303071,6.50000583846122e-06,5.49999822396785e-06,6.400005077011883e-06,0.017785900039598346
