percentage,execution,ar_r_sub,k_s_sup,ks_sf_in,n_r_t,nk_k_sup,nrs_ns_r,ns_s_spe,ns_s_sup,ns_sub_r,r_ar_sup,s_k_sub,s_ns_sub,s_nsup_k,sub_r_r,t_k_sup,total_time
80,4,0.00594580000051792,7.689999983995222e-05,9.800000043469481e-06,5.2999994295532815e-06,0.0007730999996056198,4.800000169780105e-06,4.499999704421498e-06,9.899999895424116e-06,1.9000008251168765e-06,7.74000000092201e-05,0.005039599999690836,0.008054599999923084,0.0006666999997833045,0.0011356000004525413,0.0026995000007445924,0.024505400000634836
