percentage,execution,k_s_sup,s_k_sub,t_k_sup,ns_s_sup,s_ns_sub,r_ar_sup,ar_r_sub,ns_sub_r,ks_sf_in,sub_r_r,n_r_t,ns_s_spe,nk_k_sup,s_nsup_k,nrs_ns_r,total_time
60,10,8.270000398624688e-05,0.030534500008798204,0.0036874000070383772,1.1100011761300266e-05,0.05313979998754803,0.006204600009368733,0.0018536999996285886,1.7999846022576094e-06,1.0899995686486363e-05,0.0002513999934308231,6.799993570894003e-06,5.2000104915350676e-06,0.003911200008587912,0.003516299999319017,6.799993570894003e-06,0.1032242000073893
