percentage,execution,ar_r_sub,k_s_sup,ks_sf_in,n_r_t,nk_k_sup,nrs_ns_r,ns_s_spe,ns_s_sup,ns_sub_r,r_ar_sup,s_k_sub,s_ns_sub,s_nsup_k,sub_r_r,t_k_sup,total_time
50,6,0.011790100019425154,9.460002183914185e-05,1.2699980288743973e-05,7.4999406933784485e-06,0.004413299961015582,7.400056347250938e-06,5.799927748739719e-06,1.2300093658268452e-05,2.700020559132099e-06,0.0040423000464215875,0.030255500110797584,0.062015000032261014,0.003854600014165044,0.002266300027258694,0.004085900145582855,0.12286600039806217
