percentage,execution,k_s_sup,s_k_sub,t_k_sup,ns_s_sup,s_ns_sub,r_ar_sup,ar_r_sub,ns_sub_r,ks_sf_in,sub_r_r,n_r_t,ns_s_spe,nk_k_sup,s_nsup_k,nrs_ns_r,total_time
20,1,1.09999964479357e-05,0.006310999990091659,1.09999964479357e-05,1.2799995602108538e-05,0.025616099999751896,0.0022591000015381724,0.0001990000018849969,1.5999830793589354e-06,1.0099989594891667e-05,1.6399979358538985e-05,6.599992047995329e-06,4.9000082071870565e-06,0.0029347999952733517,0.0021721999946748838,7.299997378140688e-06,0.03957389992137905
