percentage,execution,ar_r_sub,k_s_sup,ks_sf_in,n_r_t,nk_k_sup,nrs_ns_r,ns_s_spe,ns_s_sup,ns_sub_r,r_ar_sup,s_k_sub,s_ns_sub,s_nsup_k,sub_r_r,t_k_sup,total_time
90,10,0.007561599952168763,9.23000043258071e-05,1.2599863111972809e-05,8.09994526207447e-06,0.004373100004158914,6.8999361246824265e-06,6.3999323174357414e-06,1.2500095181167126e-05,2.200016751885414e-06,0.003566600033082068,0.03592139994725585,0.04338150005787611,0.0038603999419137836,0.0008689999813213944,0.003932800027541816,0.10360739973839372
