percentage,execution,ar_r_sub,k_s_sup,ks_sf_in,n_r_t,nk_k_sup,nrs_ns_r,ns_s_spe,ns_s_sup,ns_sub_r,r_ar_sup,s_k_sub,s_ns_sub,s_nsup_k,sub_r_r,t_k_sup,total_time
10,4,1.2599979527294636e-05,0.005588200059719384,1.1599855497479439e-05,7.699942216277122e-06,6.3999323174357414e-06,7.899943739175797e-06,0.0014590999344363809,8.589995559304953e-05,2.00001522898674e-06,0.004106400068849325,0.00015870004426687956,0.00015380000695586205,5.899928510189056e-06,1.789990346878767e-05,0.0001892000436782837,0.01181329961400479
