percentage,execution,ar_r_sub,k_s_sup,ks_sf_in,n_r_t,nk_k_sup,nrs_ns_r,ns_s_spe,ns_s_sup,ns_sub_r,r_ar_sup,s_k_sub,s_ns_sub,s_nsup_k,sub_r_r,t_k_sup,total_time
10,3,0.20645209995564073,0.04570329992566258,5.4100179113447666e-05,0.00010930001735687256,0.027795700007118285,6.510003004223108e-05,2.5740873999893665,0.035585899953730404,2.499902620911598e-06,0.07931800000369549,0.03835739998612553,0.13864929997362196,0.021650000009685755,0.0034710000036284328,0.06547660008072853,3.2367777000181377
