percentage,execution,ar_r_sub,k_s_sup,ks_sf_in,n_r_t,nk_k_sup,nrs_ns_r,ns_s_spe,ns_s_sup,ns_sub_r,r_ar_sup,s_k_sub,s_ns_sub,s_nsup_k,sub_r_r,t_k_sup,total_time
20,1,1.2399999832268804e-05,9.500000487605575e-06,8.800000614428427e-06,5.099999725644011e-06,0.0001858000005086069,5.4000001910026185e-06,4.300000000512227e-06,8.200000593205914e-06,1.8000000636675395e-06,0.0024667000006957096,7.530000038968865e-05,8.870000056049321e-05,0.00011730000005627517,1.0400000974186696e-05,9.200000022246968e-06,0.0030089000047155423
