percentage,execution,k_s_sup,s_k_sub,t_k_sup,ns_s_sup,s_ns_sub,r_ar_sup,ar_r_sub,ns_sub_r,ks_sf_in,sub_r_r,n_r_t,ns_s_spe,nk_k_sup,s_nsup_k,nrs_ns_r,total_time
70,4,8.179999713320285e-05,0.011971100000664592,0.0062077000038698316,1.0700023267418146e-05,0.024736299994401634,0.00908079999499023,8.320000779349357e-05,2.0999868866056204e-06,0.0002592999953776598,1.4099990949034691e-05,6.100002792663872e-06,5.2000104915350676e-06,0.0019200000097043812,0.001633599997148849,6.200003554113209e-06,0.056018200019025244
