percentage,execution,ar_r_sub,k_s_sup,ks_sf_in,n_r_t,nk_k_sup,nrs_ns_r,ns_s_spe,ns_s_sup,ns_sub_r,r_ar_sup,s_k_sub,s_ns_sub,s_nsup_k,sub_r_r,t_k_sup,total_time
20,4,8.230004459619522e-05,1.3799872249364853e-05,0.00028029968962073326,6.6999346017837524e-06,0.0010643997229635715,7.0999376475811005e-06,5.400273948907852e-06,9.700190275907516e-06,1.80024653673172e-06,0.004887700080871582,0.0025025000795722008,0.009415300097316504,0.0007363003678619862,1.4699995517730713e-05,1.1100433766841888e-05,0.019039100967347622
