percentage,execution,ar_r_sub,k_s_sup,ks_sf_in,n_r_t,nk_k_sup,nrs_ns_r,ns_s_spe,ns_s_sup,ns_sub_r,r_ar_sup,s_k_sub,s_ns_sub,s_nsup_k,sub_r_r,t_k_sup,total_time
40,3,9.60000033956021e-06,1.0299999303242657e-05,9.199999112752266e-06,5.300000339047983e-06,0.0003594999998313142,5.599999894911889e-06,4.399999852466863e-06,1.1300000551273115e-05,1.8000009731622413e-06,0.0030805000005784677,0.00013339999895833898,0.0001323000014963327,0.00023879999935161322,1.089999932446517e-05,9.100000170292333e-06,0.0040220000000772416
