percentage,execution,ar_r_sub,k_s_sup,ks_sf_in,n_r_t,nk_k_sup,nrs_ns_r,ns_s_spe,ns_s_sup,ns_sub_r,r_ar_sup,s_k_sub,s_ns_sub,s_nsup_k,sub_r_r,t_k_sup,total_time
20,6,0.00014070002362132072,1.090019941329956e-05,0.0005194996483623981,6.5998174250125885e-06,0.0012262999080121517,9.499955922365189e-06,4.999805241823196e-06,9.700190275907516e-06,1.700129359960556e-06,0.002258600201457739,0.0026040999218821526,0.01213650032877922,0.0008579003624618053,1.4599878340959549e-05,1.0699965059757233e-05,0.019812300335615873
