percentage,execution,k_s_sup,s_k_sub,t_k_sup,ns_s_sup,s_ns_sub,r_ar_sup,ar_r_sub,ns_sub_r,ks_sf_in,sub_r_r,n_r_t,ns_s_spe,nk_k_sup,s_nsup_k,nrs_ns_r,total_time
90,2,8.360001083929092e-05,0.011007499997504056,0.006288700009463355,1.1100011761300266e-05,0.015281699990737252,0.011683000004268251,0.0002730000123847276,2.100015990436077e-06,0.000957300013396889,1.4999997802078724e-05,6.800008122809231e-06,5.299996701069176e-06,0.0019080000056419522,0.0016234999930020422,5.699999746866524e-06,0.049152300067362376
