percentage,execution,k_s_sup,s_k_sub,t_k_sup,ns_s_sup,s_ns_sub,r_ar_sup,ar_r_sub,ns_sub_r,ks_sf_in,sub_r_r,n_r_t,ns_s_spe,nk_k_sup,s_nsup_k,nrs_ns_r,total_time
10,7,1.0199990356341004e-05,0.002446900005452335,1.069999416358769e-05,9.700001101009548e-06,0.011934599999221973,0.0022600000083912164,1.0499992640689015e-05,1.8999853637069464e-06,9.800016414374113e-06,1.4099990949034691e-05,6.399990525096655e-06,4.899993655271828e-06,0.0008877999935066327,0.0006195000023581088,7.099995855242014e-06,0.01823409995995462
