percentage,execution,ar_r_sub,k_s_sup,ks_sf_in,n_r_t,nk_k_sup,nrs_ns_r,ns_s_spe,ns_s_sup,ns_sub_r,r_ar_sup,s_k_sub,s_ns_sub,s_nsup_k,sub_r_r,t_k_sup,total_time
80,3,0.00027719978243112564,0.00010009994730353355,0.0011134999804198742,6.00004568696022e-06,0.0018968000076711178,5.899928510189056e-06,5.09992241859436e-06,1.0600313544273376e-05,1.80024653673172e-06,0.005528600420802832,0.012361299712210894,0.021114399656653404,0.0015891003422439098,1.4899764209985733e-05,0.006612700410187244,0.05063800048083067
