percentage,execution,ar_r_sub,k_s_sup,ks_sf_in,n_r_t,nk_k_sup,nrs_ns_r,ns_s_spe,ns_s_sup,ns_sub_r,r_ar_sup,s_k_sub,s_ns_sub,s_nsup_k,sub_r_r,t_k_sup,total_time
80,3,0.0002490999995643506,8.180000077118166e-05,0.0009022999993248959,6.100000064179767e-06,0.0018112999996446888,6.100000064179767e-06,7.699999514443334e-06,1.0400000064691994e-05,1.8000009731622413e-06,0.008702299999640672,0.010849300000700168,0.020469399999456073,0.0015256999995472142,1.4600000213249587e-05,0.005897400000321795,0.05053529999986495
