percentage,execution,ar_r_sub,k_s_sup,ks_sf_in,n_r_t,nk_k_sup,nrs_ns_r,ns_s_spe,ns_s_sup,ns_sub_r,r_ar_sup,s_k_sub,s_ns_sub,s_nsup_k,sub_r_r,t_k_sup,total_time
80,8,0.00015620002523064613,9.029998909682035e-05,0.0005375000182539225,6.6999346017837524e-06,0.002095900010317564,6.700051017105579e-06,5.699926987290382e-06,1.1699972674250603e-05,2.00001522898674e-06,0.010293600033037364,0.013006799970753491,0.023950699949637055,0.0017935000360012054,1.5900004655122757e-05,0.0067813999485224485,0.05875459988601506
