percentage,execution,ar_r_sub,k_s_sup,ks_sf_in,n_r_t,nk_k_sup,nrs_ns_r,ns_s_spe,ns_s_sup,ns_sub_r,r_ar_sup,s_k_sub,s_ns_sub,s_nsup_k,sub_r_r,t_k_sup,total_time
20,10,9.500000487605575e-06,9.299999874201603e-06,8.89999955688836e-06,4.999999873689376e-06,0.00019040000006498303,5.500000042957254e-06,4.5000006139162e-06,8.300000445160549e-06,1.6999993022182025e-06,0.002224999999270949,7.370000002993038e-05,7.129999994504033e-05,0.00012080000033165561,1.0300000212737359e-05,9.40000063565094e-06,0.002753600000687584
