percentage,execution,ar_r_sub,k_s_sup,ks_sf_in,n_r_t,nk_k_sup,nrs_ns_r,ns_s_spe,ns_s_sup,ns_sub_r,r_ar_sup,s_k_sub,s_ns_sub,s_nsup_k,sub_r_r,t_k_sup,total_time
40,8,1.309998333454132e-05,1.3399869203567505e-05,1.3000331819057465e-05,6.500165909528732e-06,0.0016365000046789646,6.90016895532608e-06,4.999805241823196e-06,1.2799631804227829e-05,1.80024653673172e-06,0.007844599895179272,0.004105099942535162,0.010572600178420544,0.001121200155466795,1.6999896615743637e-05,1.4099758118391037e-05,0.025383600033819675
