percentage,execution,ar_r_sub,k_s_sup,ks_sf_in,n_r_t,nk_k_sup,nrs_ns_r,ns_s_spe,ns_s_sup,ns_sub_r,r_ar_sup,s_k_sub,s_ns_sub,s_nsup_k,sub_r_r,t_k_sup,total_time
80,2,9.800000043469481e-06,7.620000087626977e-05,8.999999408842996e-06,4.999999873689376e-06,0.0005493999997270294,5.100000635138713e-06,4.399999852466863e-06,9.200000022246968e-06,1.7999991541728377e-06,0.002511699999558914,0.00303280000025552,0.006064699999114964,0.0004528999998001382,1.0400000064691994e-05,0.0036301000000094064,0.01637249999839696
