percentage,execution,ar_r_sub,k_s_sup,ks_sf_in,n_r_t,nk_k_sup,nrs_ns_r,ns_s_spe,ns_s_sup,ns_sub_r,r_ar_sup,s_k_sub,s_ns_sub,s_nsup_k,sub_r_r,t_k_sup,total_time
80,3,9.800000043469481e-06,7.749999986117473e-05,8.999999408842996e-06,5.2999994295532815e-06,0.0006800999999541091,5.199999577598646e-06,4.599999556376133e-06,9.40000063565094e-06,1.5999994502635673e-06,0.003246499999477237,0.0036153000000922475,0.006601000000046042,0.0005652999998346786,1.0700000530050602e-05,0.004401199999847449,0.019242499997744744
