percentage,execution,ar_r_sub,k_s_sup,ks_sf_in,n_r_t,nk_k_sup,nrs_ns_r,ns_s_spe,ns_s_sup,ns_sub_r,r_ar_sup,s_k_sub,s_ns_sub,s_nsup_k,sub_r_r,t_k_sup,total_time
60,5,0.0002052001655101776,1.1400319635868073e-05,0.0007039997726678848,6.400048732757568e-06,0.0021461998112499714,6.299931555986404e-06,4.999805241823196e-06,9.799841791391373e-06,1.900363713502884e-06,0.006845599971711636,0.004196600057184696,0.013472500257194042,0.0015175002627074718,1.4499761164188385e-05,1.1399853974580765e-05,0.02915430022403598
