percentage,execution,ar_r_sub,k_s_sup,ks_sf_in,n_r_t,nk_k_sup,nrs_ns_r,ns_s_spe,ns_s_sup,ns_sub_r,r_ar_sup,s_k_sub,s_ns_sub,s_nsup_k,sub_r_r,t_k_sup,total_time
60,10,0.0002229998353868723,1.2099859304726124e-05,0.0007871999405324459,7.100054062902927e-06,0.002518800087273121,7.200054824352264e-06,5.400041118264198e-06,1.1400086805224419e-05,2.100015990436077e-06,0.007648099912330508,0.0046681000385433435,0.014921399997547269,0.001658500055782497,1.6000005416572094e-05,1.2800097465515137e-05,0.03249920008238405
