percentage,execution,ar_r_sub,k_s_sup,ks_sf_in,n_r_t,nk_k_sup,nrs_ns_r,ns_s_spe,ns_s_sup,ns_sub_r,r_ar_sup,s_k_sub,s_ns_sub,s_nsup_k,sub_r_r,t_k_sup,total_time
20,4,9.100000170292333e-06,9.299999874201603e-06,8.69999985297909e-06,5.099999725644011e-06,0.00018089999957737746,5.300000339047983e-06,4.599999556376133e-06,7.899999218352605e-06,1.499999598308932e-06,0.0021561000003202935,7.370000002993038e-05,6.859999939479167e-05,0.000120499999866297,1.0099999599333387e-05,8.900000466383062e-06,0.002670299997589609
