execution,ar_r_sub,k_s_sup,ks_sf_in,n_r_t,nk_k_sup,nrs_ns_r,ns_s_spe,ns_s_sup,ns_sub_r,r_ar_sup,s_k_sub,s_ns_sub,s_nsup_k,sub_r_r,t_k_sup,total_time
1,9.699841029942036e-06,9.09995287656784e-06,8.800067007541656e-06,4.799920134246349e-06,0.00019950000569224358,5.100038833916187e-06,4.300032742321491e-06,8.400063961744308e-06,1.800013706088066e-06,0.0023503999691456556,7.79998954385519e-05,7.54001084715128e-05,0.0001303000608459115,9.899958968162537e-06,8.800067007541656e-06,0.0029042999958619475
2,8.900067768990993e-06,8.0699915997684e-05,9.200070053339005e-06,4.500034265220165e-06,0.0001580000389367342,5.00003807246685e-06,4.599918611347675e-06,9.00006853044033e-06,1.7998972907662392e-06,7.98000255599618e-05,0.0010201999684795737,0.004267699900083244,0.00012909993529319763,1.1699972674250603e-05,0.0010415000142529607,0.006831699865870178
