percentage,execution,ar_r_sub,k_s_sup,ks_sf_in,n_r_t,nk_k_sup,nrs_ns_r,ns_s_spe,ns_s_sup,ns_sub_r,r_ar_sup,s_k_sub,s_ns_sub,s_nsup_k,sub_r_r,t_k_sup,total_time
70,9,0.0004719998687505722,1.8700025975704193e-05,1.2899748980998993e-05,6.400048732757568e-06,0.0013052001595497131,6.400048732757568e-06,4.90015372633934e-06,9.300187230110168e-06,1.6996636986732483e-06,1.0999850928783417e-05,0.0004701996222138405,0.0004275999963283539,0.0008666999638080597,1.2400094419717789e-05,1.0200310498476028e-05,0.0036355997435748577
