percentage,execution,ar_r_sub,k_s_sup,ks_sf_in,n_r_t,nk_k_sup,nrs_ns_r,ns_s_spe,ns_s_sup,ns_sub_r,r_ar_sup,s_k_sub,s_ns_sub,s_nsup_k,sub_r_r,t_k_sup,total_time
40,7,0.00022799998987466097,9.290012530982494e-05,1.109996810555458e-05,6.5999338403344154e-06,0.0014999000122770667,7.0999376475811005e-06,5.500041879713535e-06,1.200009137392044e-05,2.200016751885414e-06,8.869997691363096e-05,0.007579699973575771,0.029005300137214363,0.0011757999891415238,1.3900105841457844e-05,0.00900960003491491,0.0487383003346622
