percentage,execution,ar_r_sub,k_s_sup,ks_sf_in,n_r_t,nk_k_sup,nrs_ns_r,ns_s_spe,ns_s_sup,ns_sub_r,r_ar_sup,s_k_sub,s_ns_sub,s_nsup_k,sub_r_r,t_k_sup,total_time
70,5,0.00037589995190501213,8.110003545880318e-05,9.799841791391373e-06,5.7998113334178925e-06,0.0012516998685896397,5.899928510189056e-06,4.800036549568176e-06,1.0500196367502213e-05,1.7997808754444122e-06,7.669953629374504e-05,0.006553199607878923,0.015995000023394823,0.0010373000986874104,1.1700205504894257e-05,0.007904899772256613,0.03332609869539738
