percentage,execution,ar_r_sub,k_s_sup,ks_sf_in,n_r_t,nk_k_sup,nrs_ns_r,ns_s_spe,ns_s_sup,ns_sub_r,r_ar_sup,s_k_sub,s_ns_sub,s_nsup_k,sub_r_r,t_k_sup,total_time
60,6,0.00013189999936003005,7.920000098238233e-05,9.200000022246968e-06,5.300000339047983e-06,0.0005580999995800084,5.500000042957254e-06,4.499999704421498e-06,9.499999578110874e-06,1.7999991541728377e-06,7.80000000304426e-05,0.003186400000231515,0.009570799999892188,0.0004742999999507447,1.06999996205559e-05,0.003634300000157964,0.01775949999864679
