percentage,execution,ar_r_sub,k_s_sup,ks_sf_in,n_r_t,nk_k_sup,nrs_ns_r,ns_s_spe,ns_s_sup,ns_sub_r,r_ar_sup,s_k_sub,s_ns_sub,s_nsup_k,sub_r_r,t_k_sup,total_time
30,4,0.00019120005890727043,1.1199619621038437e-05,9.899958968162537e-06,6.400048732757568e-06,0.0005764998495578766,6.400048732757568e-06,4.600267857313156e-06,9.300187230110168e-06,1.600012183189392e-06,1.0400079190731049e-05,0.00020990008488297462,0.00020299991592764854,0.00035850005224347115,1.2499745935201645e-05,1.0299962013959885e-05,0.0016216998919844627
