percentage,execution,ar_r_sub,k_s_sup,ks_sf_in,n_r_t,nk_k_sup,nrs_ns_r,ns_s_spe,ns_s_sup,ns_sub_r,r_ar_sup,s_k_sub,s_ns_sub,s_nsup_k,sub_r_r,t_k_sup,total_time
90,1,0.0010159001685678959,0.00010229973122477531,0.0018498999997973442,7.799826562404633e-06,0.0025750002823770046,6.500165909528732e-06,5.7998113334178925e-06,1.2999866157770157e-05,2.00001522898674e-06,8.33999365568161e-05,0.013169000390917063,0.019994499627500772,0.002182499971240759,1.950003206729889e-05,0.016517000272870064,0.0575441000983119
