percentage,execution,k_s_sup,s_k_sub,t_k_sup,ns_s_sup,s_ns_sub,r_ar_sup,ar_r_sub,ns_sub_r,ks_sf_in,sub_r_r,n_r_t,ns_s_spe,nk_k_sup,s_nsup_k,nrs_ns_r,total_time
80,7,8.650000381749123e-05,0.012898500019218773,0.015912799994111992,1.1500000255182385e-05,0.02515260000654962,7.959999493323267e-05,0.000875599987921305,1.9000144675374031e-06,0.0014614000101573765,1.6000005416572094e-05,7.299997378140688e-06,5.49999822396785e-06,0.002449999999953434,0.0021009999909438193,8.800008799880743e-06,0.061069000032148324
