percentage,execution,ar_r_sub,k_s_sup,ks_sf_in,n_r_t,nk_k_sup,nrs_ns_r,ns_s_spe,ns_s_sup,ns_sub_r,r_ar_sup,s_k_sub,s_ns_sub,s_nsup_k,sub_r_r,t_k_sup,total_time
80,9,0.0008242999992944533,8.129999969241908e-05,0.0015720999999757623,7.300000106624793e-06,0.0024701999991521006,6.100000064179767e-06,5.7999995988211595e-06,1.1100000847363845e-05,1.7000002117129043e-06,9.090000003197929e-05,0.012577800000144634,0.02614030000040657,0.002085300000544521,1.880000036180718e-05,0.015634800000952964,0.06152780000138591
