percentage,execution,ar_r_sub,k_s_sup,ks_sf_in,n_r_t,nk_k_sup,nrs_ns_r,ns_s_spe,ns_s_sup,ns_sub_r,r_ar_sup,s_k_sub,s_ns_sub,s_nsup_k,sub_r_r,t_k_sup,total_time
50,1,0.00028709997422993183,8.839997462928295e-05,1.1199968867003918e-05,6.3999323174357414e-06,0.0013942000223323703,6.600050255656242e-06,5.400041118264198e-06,1.100008375942707e-05,2.00001522898674e-06,9.059999138116837e-05,0.007266499917022884,0.02466379990801215,0.0011556000681594014,1.3399985618889332e-05,0.008838500012643635,0.04384069994557649
