percentage,execution,k_s_sup,s_k_sub,t_k_sup,ns_s_sup,s_ns_sub,r_ar_sup,ar_r_sub,ns_sub_r,ks_sf_in,sub_r_r,n_r_t,ns_s_spe,nk_k_sup,s_nsup_k,nrs_ns_r,total_time
10,1,1.1200012522749603e-05,0.00014220000593923032,1.069999416358769e-05,1.0000003385357559e-05,0.00013460000627674162,1.09999964479357e-05,0.00013410000246949494,2.1000014385208488e-06,1.0099989594891667e-05,1.579998934175819e-05,6.999995093792677e-06,8.000002708286047e-06,0.00039790000300854445,0.00024610001128166914,7.399998139590025e-06,0.0011482000118121505
