percentage,execution,ar_r_sub,k_s_sup,ks_sf_in,n_r_t,nk_k_sup,nrs_ns_r,ns_s_spe,ns_s_sup,ns_sub_r,r_ar_sup,s_k_sub,s_ns_sub,s_nsup_k,sub_r_r,t_k_sup,total_time
70,6,0.00048719998449087143,1.2599979527294636e-05,1.1400086805224419e-05,7.200054824352264e-06,0.0014093999052420259,6.9999368861317635e-06,5.500041879713535e-06,1.0999850928783417e-05,1.9000144675374031e-06,1.2299977242946625e-05,0.0005007000872865319,0.0004918000195175409,0.0009184000082314014,1.3399985618889332e-05,1.1899974197149277e-05,0.0039016999071463943
