percentage,execution,ar_r_sub,k_s_sup,ks_sf_in,n_r_t,nk_k_sup,nrs_ns_r,ns_s_spe,ns_s_sup,ns_sub_r,r_ar_sup,s_k_sub,s_ns_sub,s_nsup_k,sub_r_r,t_k_sup,total_time
20,1,0.0001337002031505108,1.0199379175901413e-05,9.799841791391373e-06,6.500165909528732e-06,0.0004016999155282974,6.200280040502548e-06,4.800036549568176e-06,8.899718523025513e-06,1.700129359960556e-06,1.00000761449337e-05,0.00013870000839233398,0.00013530021533370018,0.0002467995509505272,1.769978553056717e-05,1.00000761449337e-05,0.0011419993825256824
