percentage,execution,ar_r_sub,k_s_sup,ks_sf_in,n_r_t,nk_k_sup,nrs_ns_r,ns_s_spe,ns_s_sup,ns_sub_r,r_ar_sup,s_k_sub,s_ns_sub,s_nsup_k,sub_r_r,t_k_sup,total_time
90,4,0.0010686999885365367,9.289989247918129e-05,0.0016371000092476606,8.200062438845634e-06,0.0027410000329837203,6.700051017105579e-06,6.200047209858894e-06,1.2599979527294636e-05,2.200016751885414e-06,8.659996092319489e-05,0.014057699940167367,0.020729699986986816,0.002286599949002266,1.7900019884109497e-05,0.01736759999766946,0.0601216999348253
