percentage,execution,ar_r_sub,k_s_sup,ks_sf_in,n_r_t,nk_k_sup,nrs_ns_r,ns_s_spe,ns_s_sup,ns_sub_r,r_ar_sup,s_k_sub,s_ns_sub,s_nsup_k,sub_r_r,t_k_sup,total_time
30,8,0.00034909998066723347,9.099999442696571e-05,0.0003532998962327838,7.6000578701496124e-06,0.0027266000397503376,8.09994526207447e-06,5.700043402612209e-06,1.2299977242946625e-05,2.200016751885414e-06,8.510006591677666e-05,0.014216999989002943,0.05934160004835576,0.0022710999473929405,2.1499930880963802e-05,0.01706220000050962,0.09655439993366599
