percentage,execution,ar_r_sub,k_s_sup,ks_sf_in,n_r_t,nk_k_sup,nrs_ns_r,ns_s_spe,ns_s_sup,ns_sub_r,r_ar_sup,s_k_sub,s_ns_sub,s_nsup_k,sub_r_r,t_k_sup,total_time
60,10,0.0003507001092657447,9.039998985826969e-05,1.1400086805224419e-05,6.500049494206905e-06,0.001402099966071546,6.600050255656242e-06,5.400041118264198e-06,1.079996582120657e-05,2.199900336563587e-06,8.720008190721273e-05,0.007244900101795793,0.021074699936434627,0.0011921999976038933,1.3299984857439995e-05,0.008669100003316998,0.040167500264942646
