percentage,execution,k_s_sup,s_k_sub,t_k_sup,ns_s_sup,s_ns_sub,r_ar_sup,ar_r_sub,ns_sub_r,ks_sf_in,sub_r_r,n_r_t,ns_s_spe,nk_k_sup,s_nsup_k,nrs_ns_r,total_time
20,5,9.799987310543656e-06,0.00014059999375604093,9.800016414374113e-06,8.800008799880743e-06,0.00013349999790079892,1.0199990356341004e-05,0.00013220000255387276,2.1000014385208488e-06,1.1899988749064505e-05,1.1600001016631722e-05,6.000002031214535e-06,4.7000066842883825e-06,0.0003922000032616779,0.00024049999774433672,6.199989002197981e-06,0.0011200999870197847
