percentage,execution,ar_r_sub,k_s_sup,ks_sf_in,n_r_t,nk_k_sup,nrs_ns_r,ns_s_spe,ns_s_sup,ns_sub_r,r_ar_sup,s_k_sub,s_ns_sub,s_nsup_k,sub_r_r,t_k_sup,total_time
20,2,0.00026120012626051903,1.1600088328123093e-05,0.00035220012068748474,7.300172001123428e-06,0.0007258998230099678,8.00006091594696e-06,5.300156772136688e-06,1.0099727660417557e-05,1.8998980522155762e-06,1.1799857020378113e-05,0.0002708001993596554,0.00026170024648308754,0.0004759998992085457,1.6300473362207413e-05,1.1200085282325745e-05,0.0024313009344041348
