percentage,execution,ar_r_sub,k_s_sup,ks_sf_in,n_r_t,nk_k_sup,nrs_ns_r,ns_s_spe,ns_s_sup,ns_sub_r,r_ar_sup,s_k_sub,s_ns_sub,s_nsup_k,sub_r_r,t_k_sup,total_time
90,5,0.0009898999705910683,8.63000750541687e-05,0.001484899315983057,7.700175046920776e-06,0.0025124000385403633,6.6999346017837524e-06,5.7998113334178925e-06,1.2099742889404297e-05,1.900363713502884e-06,7.939990609884262e-05,0.012430300004780293,0.018695900216698647,0.002161799930036068,1.659989356994629e-05,0.015640600584447384,0.05413229996338487
