percentage,execution,ar_r_sub,k_s_sup,ks_sf_in,n_r_t,nk_k_sup,nrs_ns_r,ns_s_spe,ns_s_sup,ns_sub_r,r_ar_sup,s_k_sub,s_ns_sub,s_nsup_k,sub_r_r,t_k_sup,total_time
20,2,0.0002848999574780464,1.289986539632082e-05,0.0007060000207275152,7.6000578701496124e-06,0.0008063999703153968,7.899943739175797e-06,5.999929271638393e-06,1.119985245168209e-05,1.9000144675374031e-06,1.3300101272761822e-05,0.00030149996746331453,0.0002908000024035573,0.0005338999908417463,2.1300045773386955e-05,1.2499862350523472e-05,0.003018099581822753
