percentage,execution,ar_r_sub,k_s_sup,ks_sf_in,n_r_t,nk_k_sup,nrs_ns_r,ns_s_spe,ns_s_sup,ns_sub_r,r_ar_sup,s_k_sub,s_ns_sub,s_nsup_k,sub_r_r,t_k_sup,total_time
80,5,0.0008650003001093864,8.609984070062637e-05,0.0011931001208722591,7.6000578701496124e-06,0.0025013000704348087,6.500165909528732e-06,5.600042641162872e-06,1.1499971151351929e-05,2.000480890274048e-06,8.110003545880318e-05,0.012697700411081314,0.025273900013417006,0.0020919996313750744,1.6800127923488617e-05,0.015855499543249607,0.06069570081308484
