percentage,execution,k_s_sup,s_k_sub,t_k_sup,ns_s_sup,s_ns_sub,r_ar_sup,ar_r_sub,ns_sub_r,ks_sf_in,sub_r_r,n_r_t,ns_s_spe,nk_k_sup,s_nsup_k,nrs_ns_r,total_time
80,1,1.0499992640689015e-05,0.00048689999675843865,1.0000003385357559e-05,8.899995009414852e-06,0.0004778000002261251,1.0599993402138352e-05,0.000477400011732243,1.7999991541728377e-06,1.9000013708136976e-05,1.1800002539530396e-05,6.400005077011883e-06,4.799992893822491e-06,0.0013730999926337972,0.0009092000109376386,5.299996701069176e-06,0.003813500006799586
