percentage,execution,k_s_sup,s_k_sub,t_k_sup,ns_s_sup,s_ns_sub,r_ar_sup,ar_r_sub,ns_sub_r,ks_sf_in,sub_r_r,n_r_t,ns_s_spe,nk_k_sup,s_nsup_k,nrs_ns_r,total_time
50,4,8.269998943433166e-05,0.00672649999614805,0.008005600015167147,9.900002623908222e-06,0.02274339999712538,7.599999662488699e-05,0.0002592000091681257,2.0000006770715117e-06,1.0099989594891667e-05,1.170000177808106e-05,6.100002792663872e-06,4.8000074457377195e-06,0.0012710999872069806,0.0010566999990260229,5.999987479299307e-06,0.04027179998229258
