percentage,execution,ar_r_sub,k_s_sup,ks_sf_in,n_r_t,nk_k_sup,nrs_ns_r,ns_s_spe,ns_s_sup,ns_sub_r,r_ar_sup,s_k_sub,s_ns_sub,s_nsup_k,sub_r_r,t_k_sup,total_time
70,4,0.0004425998777151108,1.1499505490064621e-05,1.0400079190731049e-05,6.9998204708099365e-06,0.0012804996222257614,6.100162863731384e-06,4.90015372633934e-06,1.1399853974580765e-05,1.900363713502884e-06,1.109996810555458e-05,0.00045790011063218117,0.000462300144135952,0.0008274000138044357,1.1899974197149277e-05,1.1999625712633133e-05,0.003558899275958538
