percentage,execution,ar_r_sub,k_s_sup,ks_sf_in,n_r_t,nk_k_sup,nrs_ns_r,ns_s_spe,ns_s_sup,ns_sub_r,r_ar_sup,s_k_sub,s_ns_sub,s_nsup_k,sub_r_r,t_k_sup,total_time
80,2,0.0008690003305673599,8.600018918514252e-05,0.0012146001681685448,7.6000578701496124e-06,0.0027439999394118786,6.5998174250125885e-06,5.7998113334178925e-06,1.1600088328123093e-05,1.900363713502884e-06,7.939944043755531e-05,0.013132499996572733,0.026875099632889032,0.002204500138759613,1.9900035113096237e-05,0.01643239986151457,0.06369089987128973
