percentage,execution,ar_r_sub,k_s_sup,ks_sf_in,n_r_t,nk_k_sup,nrs_ns_r,ns_s_spe,ns_s_sup,ns_sub_r,r_ar_sup,s_k_sub,s_ns_sub,s_nsup_k,sub_r_r,t_k_sup,total_time
70,3,0.00043450016528367996,9.290000889450312e-05,1.1400086805224419e-05,6.3999323174357414e-06,0.0014019999653100967,6.299931555986404e-06,5.199923180043697e-06,1.1100084520876408e-05,1.9000144675374031e-06,8.659996092319489e-05,0.0071310000494122505,0.017681100056506693,0.0011599999852478504,1.3199984095990658e-05,0.008745700120925903,0.03678930026944727
