percentage,execution,ar_r_sub,k_s_sup,ks_sf_in,n_r_t,nk_k_sup,nrs_ns_r,ns_s_spe,ns_s_sup,ns_sub_r,r_ar_sup,s_k_sub,s_ns_sub,s_nsup_k,sub_r_r,t_k_sup,total_time
10,6,8.509994950145483e-05,9.550002869218588e-05,1.2399861589074135e-05,7.79994297772646e-06,0.0028350999346002936,8.800067007541656e-06,6.199930794537067e-06,1.200009137392044e-05,2.200016751885414e-06,9.909993968904018e-05,0.015517199877649546,0.07596209994517267,0.002284600050188601,1.8499908037483692e-05,0.01767720002681017,0.11462379957083613
