percentage,execution,ar_r_sub,k_s_sup,ks_sf_in,n_r_t,nk_k_sup,nrs_ns_r,ns_s_spe,ns_s_sup,ns_sub_r,r_ar_sup,s_k_sub,s_ns_sub,s_nsup_k,sub_r_r,t_k_sup,total_time
80,9,0.0004257000982761383,7.960014045238495e-05,9.999610483646393e-06,5.8002769947052e-06,0.0012264000251889229,2.4700071662664413e-05,4.699919372797012e-06,1.0299962013959885e-05,1.700129359960556e-06,7.509998977184296e-05,0.0063506001606583595,0.012606699950993061,0.0011601001024246216,1.200009137392044e-05,0.008032099809497595,0.03002550033852458
