percentage,execution,ar_r_sub,k_s_sup,ks_sf_in,n_r_t,nk_k_sup,nrs_ns_r,ns_s_spe,ns_s_sup,ns_sub_r,r_ar_sup,s_k_sub,s_ns_sub,s_nsup_k,sub_r_r,t_k_sup,total_time
60,3,0.00041610002517700195,1.1499854736030102e-05,1.109996810555458e-05,6.8999361246824265e-06,0.0012038999702781439,6.600050255656242e-06,5.199923180043697e-06,1.0200077667832375e-05,2.00001522898674e-06,1.1800089851021767e-05,0.0004243999719619751,0.000417600036598742,0.0008756000315770507,1.289986539632082e-05,1.1399970389902592e-05,0.003427199786528945
