percentage,execution,k_s_sup,s_k_sub,t_k_sup,ns_s_sup,s_ns_sub,r_ar_sup,ar_r_sub,ns_sub_r,ks_sf_in,sub_r_r,n_r_t,ns_s_spe,nk_k_sup,s_nsup_k,nrs_ns_r,total_time
30,2,1.0500007192604244e-05,0.00019999999494757503,9.900002623908222e-06,9.199997293762863e-06,0.00019669999892357737,1.0000003385357559e-05,0.00019239999528508633,1.7999991541728377e-06,9.500014130026102e-06,1.1299998732283711e-05,5.800000508315861e-06,4.4000043999403715e-06,0.0005529000045498833,0.0003542000049492344,6.399990525096655e-06,0.001575000016600825
