percentage,execution,ar_r_sub,k_s_sup,ks_sf_in,n_r_t,nk_k_sup,nrs_ns_r,ns_s_spe,ns_s_sup,ns_sub_r,r_ar_sup,s_k_sub,s_ns_sub,s_nsup_k,sub_r_r,t_k_sup,total_time
60,4,1.2299999980314169e-05,0.010540500001297914,1.2100000276404899e-05,5.500000042957254e-06,5.99999930273043e-06,4.600000465870835e-06,0.0008250999999290798,0.0008766000000832719,1.9000008251168765e-06,0.007850900000448746,0.0002007000002777204,0.00019109999993816018,4.599999556376133e-06,1.2200000128359534e-05,0.0002207000006819726,0.020764800003234996
