percentage,execution,ar_r_sub,k_s_sup,ks_sf_in,n_r_t,nk_k_sup,nrs_ns_r,ns_s_spe,ns_s_sup,ns_sub_r,r_ar_sup,s_k_sub,s_ns_sub,s_nsup_k,sub_r_r,t_k_sup,total_time
70,1,0.04352879989892244,0.010035000275820494,0.001226699911057949,8.800067007541656e-06,0.005738699808716774,0.0002225995995104313,0.016579399816691875,0.010313300415873528,1.9995495676994324e-06,0.013016600161790848,0.006996499840170145,0.013108599931001663,0.004956500139087439,0.00018289964646100998,0.019506999757140875,0.14542339881882071
