percentage,execution,ar_r_sub,k_s_sup,ks_sf_in,n_r_t,nk_k_sup,nrs_ns_r,ns_s_spe,ns_s_sup,ns_sub_r,r_ar_sup,s_k_sub,s_ns_sub,s_nsup_k,sub_r_r,t_k_sup,total_time
50,5,0.008974199648946524,0.0043668001890182495,1.200009137392044e-05,7.6000578701496124e-06,0.00619739992544055,8.500181138515472e-06,0.00532469991594553,0.0025296001695096493,1.8998980522155762e-06,0.0029452000744640827,0.02894459990784526,0.08804620010778308,0.0053067998960614204,2.3399479687213898e-05,0.007351400330662727,0.16004029987379909
