percentage,execution,ar_r_sub,k_s_sup,ks_sf_in,n_r_t,nk_k_sup,nrs_ns_r,ns_s_spe,ns_s_sup,ns_sub_r,r_ar_sup,s_k_sub,s_ns_sub,s_nsup_k,sub_r_r,t_k_sup,total_time
60,7,0.04765179999958491,0.005636399999275454,0.0012079000007361174,8.400000297115184e-06,0.005197999999836611,0.00022730000000592554,0.01623230000041076,0.01045940000039991,1.8000009731622413e-06,0.007998500000212516,0.005872300000191899,0.011958999999478692,0.004408699999657983,0.0003283000005467329,0.007290399998964858,0.12448050000057265
