percentage,execution,ar_r_sub,k_s_sup,ks_sf_in,n_r_t,nk_k_sup,nrs_ns_r,ns_s_spe,ns_s_sup,ns_sub_r,r_ar_sup,s_k_sub,s_ns_sub,s_nsup_k,sub_r_r,t_k_sup,total_time
90,8,0.03032800043001771,0.009009500034153461,0.0012218998745083809,8.800067007541656e-06,0.00674039963632822,0.00022329995408654213,0.017872299998998642,0.012089100200682878,1.8998980522155762e-06,0.013317799661308527,0.01785039948299527,0.027864599600434303,0.0063553000800311565,0.00032789958640933037,0.05357140023261309,0.19678259873762727
