percentage,execution,ar_r_sub,k_s_sup,ks_sf_in,n_r_t,nk_k_sup,nrs_ns_r,ns_s_spe,ns_s_sup,ns_sub_r,r_ar_sup,s_k_sub,s_ns_sub,s_nsup_k,sub_r_r,t_k_sup,total_time
80,2,0.008078000000750762,0.0016325000005963375,1.2299999980314169e-05,7.700000423938036e-06,0.005639100000735198,0.00010099999963131268,0.00463809999928344,0.002315600000656559,1.99999976757681e-06,0.0016326000004482921,0.02728560000014113,0.08612240000002203,0.005197500000576838,1.9999999494757503e-05,0.010327599999072845,0.15301200000158133
