percentage,execution,ar_r_sub,k_s_sup,ks_sf_in,n_r_t,nk_k_sup,nrs_ns_r,ns_s_spe,ns_s_sup,ns_sub_r,r_ar_sup,s_k_sub,s_ns_sub,s_nsup_k,sub_r_r,t_k_sup,total_time
20,6,0.006639600000198698,0.01382240000020829,1.2000000424450263e-05,7.900000127847306e-06,0.0017597999994904967,8.600000001024455e-06,0.01263089999974909,0.012564900000143098,1.7000002117129043e-06,0.010227700000541518,0.0018112999996446888,0.004818500000510539,0.001542100000733626,2.2500000341096893e-05,0.012795499999811,0.07866540000213718
