percentage,execution,ar_r_sub,k_s_sup,ks_sf_in,n_r_t,nk_k_sup,nrs_ns_r,ns_s_spe,ns_s_sup,ns_sub_r,r_ar_sup,s_k_sub,s_ns_sub,s_nsup_k,sub_r_r,t_k_sup,total_time
70,2,0.0003812001086771488,0.0016904999502003193,1.1600088328123093e-05,7.700175046920776e-06,0.005859500262886286,8.19982960820198e-06,0.001642799936234951,8.279969915747643e-05,1.8998980522155762e-06,0.001734199933707714,0.02805460011586547,0.07638979982584715,0.005470000207424164,1.950003206729889e-05,0.010928399860858917,0.13228269992396235
