percentage,execution,ar_r_sub,k_s_sup,ks_sf_in,n_r_t,nk_k_sup,nrs_ns_r,ns_s_spe,ns_s_sup,ns_sub_r,r_ar_sup,s_k_sub,s_ns_sub,s_nsup_k,sub_r_r,t_k_sup,total_time
60,3,0.007329199928790331,0.004185900092124939,2.3999717086553574e-05,2.0899809896945953e-05,0.009580600075423717,1.1899974197149277e-05,0.01668450003489852,0.0024817995727062225,2.8996728360652924e-06,0.0032470999285578728,0.03110059956088662,0.09763990016654134,0.006264999974519014,3.9599835872650146e-05,0.007275999989360571,0.1858898983336985
