percentage,execution,ar_r_sub,k_s_sup,ks_sf_in,n_r_t,nk_k_sup,nrs_ns_r,ns_s_spe,ns_s_sup,ns_sub_r,r_ar_sup,s_k_sub,s_ns_sub,s_nsup_k,sub_r_r,t_k_sup,total_time
50,7,0.0003786003217101097,0.00430270005017519,1.4799647033214569e-05,7.200054824352264e-06,0.002614800352603197,8.100178092718124e-06,0.0018374999053776264,8.240016177296638e-05,1.80024653673172e-06,0.003020300529897213,0.0012509003281593323,0.004632699768990278,0.002068199682980776,2.3900065571069717e-05,0.004217199981212616,0.02446110127493739
