percentage,execution,ar_r_sub,k_s_sup,ks_sf_in,n_r_t,nk_k_sup,nrs_ns_r,ns_s_spe,ns_s_sup,ns_sub_r,r_ar_sup,s_k_sub,s_ns_sub,s_nsup_k,sub_r_r,t_k_sup,total_time
90,6,0.004134899936616421,0.0017207004129886627,1.4999881386756897e-05,7.700175046920776e-06,0.0058951000683009624,7.4999406933784485e-06,0.004988499917089939,0.0025498000904917717,2.2994354367256165e-06,0.0017442000098526478,0.02790889935567975,0.0733543997630477,0.005398200359195471,2.0500272512435913e-05,0.011694000102579594,0.13944169972091913
