percentage,execution,ar_r_sub,k_s_sup,ks_sf_in,n_r_t,nk_k_sup,nrs_ns_r,ns_s_spe,ns_s_sup,ns_sub_r,r_ar_sup,s_k_sub,s_ns_sub,s_nsup_k,sub_r_r,t_k_sup,total_time
40,9,0.032697200000257,0.008671100000356091,0.0008299999999508145,8.50000014906982e-06,0.0051874999999199645,8.199999683711212e-06,0.011999600000308419,0.008610699999735516,1.8000000636675395e-06,0.007482199998776196,0.004789599999639904,0.010851500000171654,0.004376899999442685,0.002097200000207522,0.007423299999572919,0.10503529999823513
