percentage,execution,ar_r_sub,k_s_sup,ks_sf_in,n_r_t,nk_k_sup,nrs_ns_r,ns_s_spe,ns_s_sup,ns_sub_r,r_ar_sup,s_k_sub,s_ns_sub,s_nsup_k,sub_r_r,t_k_sup,total_time
30,5,0.00014379993081092834,0.0009069005027413368,1.1000316590070724e-05,7.199589163064957e-06,0.0012287003919482231,8.200295269489288e-06,0.0017194999381899834,8.009979501366615e-05,1.700129359960556e-06,0.0009078001603484154,0.001051399391144514,0.004169300198554993,0.0010223002173006535,1.989956945180893e-05,0.00410890020430088,0.015386700630187988
