execution,ar_r_sub,k_s_sup,ks_sf_in,n_r_t,nk_k_sup,nrs_ns_r,ns_s_spe,ns_s_sup,ns_sub_r,r_ar_sup,s_k_sub,s_ns_sub,s_nsup_k,sub_r_r,t_k_sup,total_time
1,1.2899981811642647e-05,9.019998833537102e-05,9.900075383484364e-06,5.399924702942371e-06,0.000332699972204864,5.799927748739719e-06,4.899920895695686e-06,1.0199961252510548e-05,2.900022082030773e-06,8.600007276982069e-05,0.001953100087121129,0.00914440001361072,0.00027520000003278255,1.109996810555458e-05,0.0021400999976322055,0.014084799913689494
2,8.509994950145483e-05,1.019984483718872e-05,0.00031510007102042437,5.899928510189056e-06,0.00021510000806301832,5.799927748739719e-06,4.899920895695686e-06,8.900067768990993e-06,2.00001522898674e-06,9.900075383484364e-06,8.459994569420815e-05,8.320005144923925e-05,0.00014030002057552338,1.1900090612471104e-05,1.009996049106121e-05,0.0009929998777806759
3,8.089991752058268e-05,1.070008147507906e-05,0.00027630000840872526,5.799927748739719e-06,0.00020680006127804518,5.700043402612209e-06,4.800036549568176e-06,9.100069291889668e-06,1.800013706088066e-06,1.00000761449337e-05,8.409994188696146e-05,8.210004307329655e-05,0.00014050002209842205,1.1900090612471104e-05,9.899958968162537e-06,0.0009404002921655774
