execution,ar_r_sub,k_s_sup,ks_sf_in,n_r_t,nk_k_sup,nrs_ns_r,ns_s_spe,ns_s_sup,ns_sub_r,r_ar_sup,s_k_sub,s_ns_sub,s_nsup_k,sub_r_r,t_k_sup,total_time
1,1.0400079190731049e-05,1.090019941329956e-05,1.090019941329956e-05,5.8002769947052e-06,5.899928510189056e-06,5.400273948907852e-06,0.000358599703758955,9.240023791790009e-05,2.00001522898674e-06,9.169988334178925e-05,9.899958968162537e-06,1.0100193321704865e-05,4.90015372633934e-06,1.2500211596488953e-05,1.0200310498476028e-05,0.0006416016258299351
2,9.9200289696455e-05,1.1499971151351929e-05,1.0899733752012253e-05,6.1998143792152405e-06,6.1998143792152405e-06,5.7998113334178925e-06,0.0008396999910473824,0.005804900545626879,2.299901098012924e-06,1.1500436812639236e-05,1.0499730706214905e-05,1.200009137392044e-05,5.700159817934036e-06,1.2200325727462769e-05,1.0599847882986069e-05,0.006849200464785099
