percentage,execution,ar_r_sub,k_s_sup,ks_sf_in,n_r_t,nk_k_sup,nrs_ns_r,ns_s_spe,ns_s_sup,ns_sub_r,r_ar_sup,s_k_sub,s_ns_sub,s_nsup_k,sub_r_r,t_k_sup,total_time
40,9,7.259999983943999e-05,8.039999920583796e-05,9.000000318337698e-06,5.399999281507917e-06,0.0009024999999382999,5.599999894911889e-06,4.400000761961564e-06,9.60000033956021e-06,9.599999430065509e-06,0.0009302000007664901,0.005522700000256009,0.014114900000095076,0.0007771000000502681,1.1699999049596954e-05,0.0018210999996881583,0.02427679999891552
