percentage,execution,ar_r_sub,k_s_sup,ks_sf_in,n_r_t,nk_k_sup,nrs_ns_r,ns_s_spe,ns_s_sup,ns_sub_r,r_ar_sup,s_k_sub,s_ns_sub,s_nsup_k,sub_r_r,t_k_sup,total_time
30,2,0.00021740049123764038,1.109996810555458e-05,1.019984483718872e-05,7.300172001123428e-06,0.0008938000537455082,6.799586117267609e-06,6.800051778554916e-06,1.2600328773260117e-05,1.900363713502884e-06,0.0023626000620424747,0.0011430000886321068,0.0009832000359892845,0.0006185001693665981,1.6100239008665085e-05,1.1499971151351929e-05,0.006302801426500082
