percentage,execution,k_s_sup,s_k_sub,t_k_sup,ns_s_sup,s_ns_sub,r_ar_sup,ar_r_sub,ns_sub_r,ks_sf_in,sub_r_r,n_r_t,ns_s_spe,nk_k_sup,s_nsup_k,nrs_ns_r,total_time
10,9,1.069999416358769e-05,0.0010301000002073124,1.0900010238401592e-05,9.099981980398297e-06,0.004118999990168959,0.0022616000060224906,1.0100004146806896e-05,2.00001522898674e-06,9.700001101009548e-06,1.4200006262399256e-05,6.800008122809231e-06,4.799992893822491e-06,0.00042549999488983303,0.0002906000008806586,7.000009645707905e-06,0.008212100015953183
