percentage,execution,ar_r_sub,k_s_sup,ks_sf_in,n_r_t,nk_k_sup,nrs_ns_r,ns_s_spe,ns_s_sup,ns_sub_r,r_ar_sup,s_k_sub,s_ns_sub,s_nsup_k,sub_r_r,t_k_sup,total_time
20,6,0.0001359996385872364,1.0600313544273376e-05,9.499955922365189e-06,7.0999376475811005e-06,0.0004954999312758446,6.5998174250125885e-06,4.600267857313156e-06,8.90018418431282e-06,1.700129359960556e-06,1.2999866157770157e-05,0.00014409981667995453,0.00013589952141046524,0.00034110015258193016,1.29002146422863e-05,1.0100658982992172e-05,0.0013376004062592983
