percentage,execution,ar_r_sub,k_s_sup,ks_sf_in,n_r_t,nk_k_sup,nrs_ns_r,ns_s_spe,ns_s_sup,ns_sub_r,r_ar_sup,s_k_sub,s_ns_sub,s_nsup_k,sub_r_r,t_k_sup,total_time
40,2,0.010468799970112741,8.539995178580284e-05,1.0500079952180386e-05,6.400048732757568e-06,0.001342700095847249,0.00011310004629194736,0.0008905000286176801,7.790001109242439e-05,2.100015990436077e-06,0.0008931999327614903,0.007808699971064925,0.024669600068591535,0.0011478000087663531,1.3900105841457844e-05,0.0042079000268131495,0.05173850036226213
