percentage,execution,k_s_sup,s_k_sub,t_k_sup,ns_s_sup,s_ns_sub,r_ar_sup,ar_r_sub,ns_sub_r,ks_sf_in,sub_r_r,n_r_t,ns_s_spe,nk_k_sup,s_nsup_k,nrs_ns_r,total_time
40,8,8.539999544154853e-05,0.008541100018192083,0.004319900006521493,1.0100004146806896e-05,0.02349730000423733,0.0017655999981798232,0.00014350000128615648,1.9999861251562834e-06,1.0399991879239678e-05,1.4599994756281376e-05,6.699992809444666e-06,4.999994416721165e-06,0.0015098000003490597,0.0012194999872008339,6.89999433234334e-06,0.04113779996987432
