percentage,execution,ar_r_sub,k_s_sup,ks_sf_in,n_r_t,nk_k_sup,nrs_ns_r,ns_s_spe,ns_s_sup,ns_sub_r,r_ar_sup,s_k_sub,s_ns_sub,s_nsup_k,sub_r_r,t_k_sup,total_time
40,6,0.00024420000045211054,8.199999956559623e-05,1.0300000212737359e-05,6.8999997893115506e-06,0.0014971000000514323,6.000000212225132e-06,4.70000031782547e-06,9.699999282020144e-06,1.7999991541728377e-06,7.400000049528899e-05,0.007216899999548332,0.02360899999985122,0.0012403999999150983,1.340000017080456e-05,0.004150199998548487,0.038166599997566664
