percentage,execution,ar_r_sub,k_s_sup,ks_sf_in,n_r_t,nk_k_sup,nrs_ns_r,ns_s_spe,ns_s_sup,ns_sub_r,r_ar_sup,s_k_sub,s_ns_sub,s_nsup_k,sub_r_r,t_k_sup,total_time
80,9,0.006336000049486756,8.639995940029621e-05,1.0599964298307896e-05,6.9999368861317635e-06,0.0013240000698715448,5.799927748739719e-06,0.0008821000810712576,7.549987640231848e-05,2.00001522898674e-06,0.0016493999864906073,0.008313799975439906,0.008051400072872639,0.0011419999646022916,1.4199991710484028e-05,0.004119699937291443,0.03201989980880171
