percentage,execution,ar_r_sub,k_s_sup,ks_sf_in,n_r_t,nk_k_sup,nrs_ns_r,ns_s_spe,ns_s_sup,ns_sub_r,r_ar_sup,s_k_sub,s_ns_sub,s_nsup_k,sub_r_r,t_k_sup,total_time
60,10,0.0002924000145867467,0.00014090014155954123,9.900075383484364e-06,6.199930794537067e-06,0.0015002000145614147,6.00004568696022e-06,4.700035788118839e-06,1.0299962013959885e-05,2.00001522898674e-06,0.0009275000775232911,0.008958699996583164,0.021635899902321398,0.0012805999722331762,1.3199867680668831e-05,0.005773900076746941,0.04056240012869239
