percentage,execution,ar_r_sub,k_s_sup,ks_sf_in,n_r_t,nk_k_sup,nrs_ns_r,ns_s_spe,ns_s_sup,ns_sub_r,r_ar_sup,s_k_sub,s_ns_sub,s_nsup_k,sub_r_r,t_k_sup,total_time
20,2,7.589999586343765e-05,8.350005373358727e-05,1.0499730706214905e-05,6.9998204708099365e-06,0.0003933999687433243,7.300172001123428e-06,4.8996880650520325e-06,1.109996810555458e-05,1.6996636986732483e-06,8.569983765482903e-05,0.00109810009598732,0.004229699727147818,0.00029480038210749626,1.4099758118391037e-05,0.001783700194209814,0.008101399056613445
