percentage,execution,k_s_sup,s_k_sub,t_k_sup,ns_s_sup,s_ns_sub,r_ar_sup,ar_r_sub,ns_sub_r,ks_sf_in,sub_r_r,n_r_t,ns_s_spe,nk_k_sup,s_nsup_k,nrs_ns_r,total_time
30,10,8.159999561030418e-05,0.00334399999701418,0.001702800000202842,1.0100004146806896e-05,0.01276099999086,0.0022736000100849196,0.00013630000466946512,2.3000029614195228e-06,1.0200004908256233e-05,1.3900003978051245e-05,6.999995093792677e-06,4.9000082071870565e-06,0.0012745999993057922,0.0009205999958794564,6.50000583846122e-06,0.022549400018760934
