percentage,execution,k_s_sup,s_k_sub,t_k_sup,ns_s_sup,s_ns_sub,r_ar_sup,ar_r_sub,ns_sub_r,ks_sf_in,sub_r_r,n_r_t,ns_s_spe,nk_k_sup,s_nsup_k,nrs_ns_r,total_time
90,5,0.0001421999913873151,0.01022299999021925,0.005786900001112372,7.919999188743532e-05,0.012185200001113117,0.0017010999872582033,0.001826499996241182,2.1999876480549574e-06,1.0599993402138352e-05,1.379998866468668e-05,6.800008122809231e-06,0.0009024000028148293,0.0018497999990358949,0.001295400012168102,6.400005077011883e-06,0.0360314999561524
