percentage,execution,ar_r_sub,k_s_sup,ks_sf_in,n_r_t,nk_k_sup,nrs_ns_r,ns_s_spe,ns_s_sup,ns_sub_r,r_ar_sup,s_k_sub,s_ns_sub,s_nsup_k,sub_r_r,t_k_sup,total_time
20,1,0.00013359962031245232,1.0899733752012253e-05,9.799841791391373e-06,6.9998204708099365e-06,0.000484599731862545,6.5998174250125885e-06,4.4996850192546844e-06,9.199604392051697e-06,1.600012183189392e-06,1.0000541806221008e-05,0.0001385994255542755,0.00013459986075758934,0.0003357003442943096,1.3299752026796341e-05,1.00000761449337e-05,0.0013099978677928448
