percentage,execution,ar_r_sub,k_s_sup,ks_sf_in,n_r_t,nk_k_sup,nrs_ns_r,ns_s_spe,ns_s_sup,ns_sub_r,r_ar_sup,s_k_sub,s_ns_sub,s_nsup_k,sub_r_r,t_k_sup,total_time
40,1,7.9100000220933e-05,0.01259570000001986,1.0400000974186696e-05,8.799999704933725e-06,0.0001953999999386724,5.199999577598646e-06,0.0015726999990874901,0.0009384999993926613,0.0058666000004450325,0.009202600000207894,0.0009000999998534098,0.0008711999998922693,0.000170000001162407,1.1799997082562186e-05,0.0017805000006774208,0.03420859999823733
