percentage,execution,ar_r_sub,k_s_sup,ks_sf_in,n_r_t,nk_k_sup,nrs_ns_r,ns_s_spe,ns_s_sup,ns_sub_r,r_ar_sup,s_k_sub,s_ns_sub,s_nsup_k,sub_r_r,t_k_sup,total_time
20,2,2.1399464458227158e-05,0.007903199642896652,1.980038359761238e-05,1.2699514627456665e-05,0.00767850037664175,1.2800097465515137e-05,0.0022950000129640102,0.00022119982168078423,0.00040160026401281357,0.01065760012716055,0.005092500243335962,0.014532800298184156,0.001573400106281042,2.710055559873581e-05,0.016455499920994043,0.06690510082989931
