percentage,execution,ar_r_sub,k_s_sup,ks_sf_in,n_r_t,nk_k_sup,nrs_ns_r,ns_s_spe,ns_s_sup,ns_sub_r,r_ar_sup,s_k_sub,s_ns_sub,s_nsup_k,sub_r_r,t_k_sup,total_time
20,5,9.399998816661537e-06,0.007865400000810041,8.900000466383062e-06,5.100000635138713e-06,5.100000635138713e-06,4.800000169780105e-06,0.0008744999995542457,0.0008860000016284175,0.0002567000010458287,0.005414200000814162,7.619999996677507e-05,7.309999818971846e-05,4.400000761961564e-06,1.0800000382005237e-05,8.870000056049321e-05,0.015583300004436751
