percentage,execution,ar_r_sub,k_s_sup,ks_sf_in,n_r_t,nk_k_sup,nrs_ns_r,ns_s_spe,ns_s_sup,ns_sub_r,r_ar_sup,s_k_sub,s_ns_sub,s_nsup_k,sub_r_r,t_k_sup,total_time
60,4,7.670000013604295e-05,0.005657200001223828,9.599998520570807e-06,5.899999450775795e-06,0.00041429999873798806,5.300000339047983e-06,0.0005364000007830327,7.609999920532573e-05,0.0028655999994953163,0.004324100000303588,0.0017375999996147584,0.004759299999932409,0.0003676999986055307,1.23999980132794e-05,0.00411559999884048,0.024963799993201974
