percentage,execution,ar_r_sub,k_s_sup,ks_sf_in,n_r_t,nk_k_sup,nrs_ns_r,ns_s_spe,ns_s_sup,ns_sub_r,r_ar_sup,s_k_sub,s_ns_sub,s_nsup_k,sub_r_r,t_k_sup,total_time
40,5,2.1000001652282663e-05,0.009203099998558173,2.029999996011611e-05,1.21000011858996e-05,0.007525799999712035,1.1599999197642319e-05,0.002218300001914031,0.00021699999888369348,0.003041500000108499,0.01924230000076932,0.00478310000289639,0.010983600001054583,0.0014895000003889436,2.7499998395796865e-05,0.01581389999773819,0.0746106000024156
