percentage,execution,ar_r_sub,k_s_sup,ks_sf_in,n_r_t,nk_k_sup,nrs_ns_r,ns_s_spe,ns_s_sup,ns_sub_r,r_ar_sup,s_k_sub,s_ns_sub,s_nsup_k,sub_r_r,t_k_sup,total_time
20,4,9.699999282020144e-06,0.007919600002423977,9.0000012278324e-06,5.100000635138713e-06,5.199999577598646e-06,4.999999873689376e-06,0.0008725999996386236,0.0008844999993016245,0.00025289999939559493,0.005409699999290751,7.440000081260223e-05,7.270000060088933e-05,4.499999704421498e-06,1.049999991664663e-05,8.929999967222102e-05,0.01562470000135363
