percentage,execution,ar_r_sub,k_s_sup,ks_sf_in,n_r_t,nk_k_sup,nrs_ns_r,ns_s_spe,ns_s_sup,ns_sub_r,r_ar_sup,s_k_sub,s_ns_sub,s_nsup_k,sub_r_r,t_k_sup,total_time
20,3,1.8999999156221747e-05,0.005719400000089081,1.99999976757681e-05,1.0199999451288022e-05,0.0007902000015747035,1.1599999197642319e-05,0.010257900001306552,0.00015730000086477958,0.003028499999345513,0.0043851999998878455,0.003261600000769249,0.009372599997732323,0.000708799998392351,2.1800000467919745e-05,0.00673099999949045,0.04449509999540169
