percentage,execution,ar_r_sub,k_s_sup,ks_sf_in,n_r_t,nk_k_sup,nrs_ns_r,ns_s_spe,ns_s_sup,ns_sub_r,r_ar_sup,s_k_sub,s_ns_sub,s_nsup_k,sub_r_r,t_k_sup,total_time
40,6,9.799998224480078e-06,0.009440399999220972,9.299999874201603e-06,4.999999873689376e-06,5.199999577598646e-06,4.399998942972161e-06,0.0007957999987411313,0.0008869999983289745,0.002986700001201825,0.0073916999990615295,0.00013329999819688965,0.00013270000090415124,4.400000761961564e-06,1.0799998563015833e-05,0.00015839999832678586,0.02197489998980018
