percentage,execution,ar_r_sub,k_s_sup,ks_sf_in,n_r_t,nk_k_sup,nrs_ns_r,ns_s_spe,ns_s_sup,ns_sub_r,r_ar_sup,s_k_sub,s_ns_sub,s_nsup_k,sub_r_r,t_k_sup,total_time
20,4,0.00014969999938330147,0.0024570999994466547,1.8999999156221747e-05,1.0199999451288022e-05,1.1000000085914508e-05,9.700001101009548e-06,0.021207899999353685,0.010847100000319188,0.0005152000012458302,0.006436000001485809,0.0001444000008632429,0.00014519999967887998,9.20000093174167e-06,2.2000000171829015e-05,0.00019499999689287506,0.04217869999956747
