percentage,execution,ar_r_sub,k_s_sup,ks_sf_in,n_r_t,nk_k_sup,nrs_ns_r,ns_s_spe,ns_s_sup,ns_sub_r,r_ar_sup,s_k_sub,s_ns_sub,s_nsup_k,sub_r_r,t_k_sup,total_time
20,6,8.700000762473792e-06,8.130000060191378e-05,8.700000762473792e-06,4.999999873689376e-06,0.0006611000007978873,5.500000042957254e-06,4.399998942972161e-06,8.999999408842996e-06,9.20000093174167e-06,7.60000002628658e-05,0.0041120000005321344,0.016212399998039473,0.0005550999994738959,1.06999996205559e-05,0.001896199999464443,0.02365529999951832
