percentage,execution,ar_r_sub,k_s_sup,ks_sf_in,n_r_t,nk_k_sup,nrs_ns_r,ns_s_spe,ns_s_sup,ns_sub_r,r_ar_sup,s_k_sub,s_ns_sub,s_nsup_k,sub_r_r,t_k_sup,total_time
80,3,1.070043072104454e-05,8.190004155039787e-05,1.0200310498476028e-05,5.600042641162872e-06,0.0013669999316334724,5.600042641162872e-06,4.699919372797012e-06,1.0400079190731049e-05,4.599802196025848e-06,0.006509499624371529,0.007139600347727537,0.013457699678838253,0.0011402000673115253,1.1899974197149277e-05,0.008803700096905231,0.038563300389796495
