percentage,execution,ar_r_sub,k_s_sup,ks_sf_in,n_r_t,nk_k_sup,nrs_ns_r,ns_s_spe,ns_s_sup,ns_sub_r,r_ar_sup,s_k_sub,s_ns_sub,s_nsup_k,sub_r_r,t_k_sup,total_time
60,1,0.0011285000009593205,1.3799999578623101e-05,0.000682799999594863,8.099999831756577e-06,0.00406349999957456,7.999999979801942e-06,6.299999768089037e-06,1.2100000276404899e-05,1.8999999156221747e-06,0.015468400000827387,0.010283499999786727,0.02011430000038672,0.0029598999999507214,2.010000025620684e-05,1.4100000043981709e-05,0.054785300000730786
