percentage,execution,k_s_sup,s_k_sub,t_k_sup,ns_s_sup,s_ns_sub,r_ar_sup,ar_r_sub,ns_sub_r,ks_sf_in,sub_r_r,n_r_t,ns_s_spe,nk_k_sup,s_nsup_k,nrs_ns_r,total_time
85,5,9.049999061971903e-05,0.031425499939359725,0.00457199988886714,1.300009898841381e-05,0.043779400060884655,0.019003499881364405,0.0012341999681666493,2.200016751885414e-06,0.0008626000490039587,2.150004729628563e-05,8.600065484642982e-06,6.199930794537067e-06,0.004298800020478666,0.0037369999336078763,7.400056347250938e-06,0.10906239994801581
