percentage,execution,ar_r_sub,k_s_sup,ks_sf_in,n_r_t,nk_k_sup,nrs_ns_r,ns_s_spe,ns_s_sup,ns_sub_r,r_ar_sup,s_k_sub,s_ns_sub,s_nsup_k,sub_r_r,t_k_sup,total_time
70,9,0.00029889994766563177,9.679992217570543e-05,0.0002652999246492982,9.200070053339005e-06,0.004827299970202148,8.100061677396297e-06,6.600050255656242e-06,1.3800105080008507e-05,2.400018274784088e-06,0.01672989991493523,0.03591669991146773,0.06249799998477101,0.004182099946774542,2.6499968953430653e-05,0.0050005000084638596,0.12988209980539978
