percentage,execution,ar_r_sub,k_s_sup,ks_sf_in,n_r_t,nk_k_sup,nrs_ns_r,ns_s_spe,ns_s_sup,ns_sub_r,r_ar_sup,s_k_sub,s_ns_sub,s_nsup_k,sub_r_r,t_k_sup,total_time
10,8,7.649976760149002e-05,1.1500436812639236e-05,0.00024129962548613548,6.800051778554916e-06,0.0005205003544688225,7.700175046920776e-06,4.999805241823196e-06,9.29972156882286e-06,1.700129359960556e-06,0.004470399580895901,0.00013770023360848427,0.00013939989730715752,0.0004134001210331917,1.820037141442299e-05,1.0299962013959885e-05,0.006069700233638287
