percentage,execution,ar_r_sub,k_s_sup,ks_sf_in,n_r_t,nk_k_sup,nrs_ns_r,ns_s_spe,ns_s_sup,ns_sub_r,r_ar_sup,s_k_sub,s_ns_sub,s_nsup_k,sub_r_r,t_k_sup,total_time
90,6,8.280016481876373e-05,8.709961548447609e-05,1.0100193321704865e-05,6.100162863731384e-06,0.001452099997550249,5.500391125679016e-06,4.90015372633934e-06,1.019984483718872e-05,1.700129359960556e-06,0.006742300000041723,0.007169200107455254,0.010393800213932991,0.0011856001801788807,1.2100208550691605e-05,0.008798100054264069,0.0359616014175117
