percentage,execution,k_s_sup,s_k_sub,t_k_sup,ns_s_sup,s_ns_sub,r_ar_sup,ar_r_sub,ns_sub_r,ks_sf_in,sub_r_r,n_r_t,ns_s_spe,nk_k_sup,s_nsup_k,nrs_ns_r,total_time
50,1,1.0399991879239678e-05,0.00036759999056812376,1.0200004908256233e-05,9.400013368576765e-06,0.0004971000016666949,0.006510300008812919,1.069999416358769e-05,1.9000144675374031e-06,9.900002623908222e-06,1.2200005585327744e-05,6.000002031214535e-06,4.7000066842883825e-06,0.0011073000059695914,0.000742000003810972,6.000002031214535e-06,0.009305700048571452
