percentage,execution,ar_r_sub,k_s_sup,ks_sf_in,n_r_t,nk_k_sup,nrs_ns_r,ns_s_spe,ns_s_sup,ns_sub_r,r_ar_sup,s_k_sub,s_ns_sub,s_nsup_k,sub_r_r,t_k_sup,total_time
20,4,1.2099742889404297e-05,1.140078529715538e-05,1.1500436812639236e-05,7.200054824352264e-06,0.0030883997678756714,8.500181138515472e-06,5.499925464391708e-06,1.0800082236528397e-05,1.7997808754444122e-06,0.008364399895071983,0.010901100002229214,0.03793379990383983,0.002257400192320347,1.7700251191854477e-05,1.200009137392044e-05,0.06264360109344125
