percentage,execution,ar_r_sub,k_s_sup,ks_sf_in,n_r_t,nk_k_sup,nrs_ns_r,ns_s_spe,ns_s_sup,ns_sub_r,r_ar_sup,s_k_sub,s_ns_sub,s_nsup_k,sub_r_r,t_k_sup,total_time
20,2,9.60000033956021e-06,0.007709099999374303,8.799999704933725e-06,4.900000021734741e-06,4.800000169780105e-06,4.499999704421498e-06,0.0008530000004611793,0.0008967000003394787,2.1999994714860804e-06,0.00529140000071493,7.269999969139462e-05,7.090000053722179e-05,4.300000000512227e-06,1.0500000826141331e-05,8.679999973537633e-05,0.015030200001092453
