percentage,execution,ar_r_sub,k_s_sup,ks_sf_in,n_r_t,nk_k_sup,nrs_ns_r,ns_s_spe,ns_s_sup,ns_sub_r,r_ar_sup,s_k_sub,s_ns_sub,s_nsup_k,sub_r_r,t_k_sup,total_time
80,6,8.779997006058693e-05,9.320001117885113e-05,1.1199968867003918e-05,6.500049494206905e-06,0.001563000027090311,6.500049494206905e-06,5.700043402612209e-06,1.1400086805224419e-05,2.100015990436077e-06,0.006416700081899762,0.007992899976670742,0.014839999959804118,0.0013193999184295535,1.3999873772263527e-05,0.00990289996843785,0.04227330000139773
