percentage,execution,ar_r_sub,k_s_sup,ks_sf_in,n_r_t,nk_k_sup,nrs_ns_r,ns_s_spe,ns_s_sup,ns_sub_r,r_ar_sup,s_k_sub,s_ns_sub,s_nsup_k,sub_r_r,t_k_sup,total_time
40,8,9.999999747378752e-06,1.2900000001536682e-05,9.60000033956021e-06,5.800000508315861e-06,0.0006741999995938386,5.899999450775795e-06,4.900000021734741e-06,9.200000022246968e-06,1.600000359758269e-06,0.0044735000001310254,0.00024260000009235227,0.00024369999937334796,0.0004414000004544505,1.2200000128359534e-05,9.700000191514846e-06,0.006157200000416196
