percentage,execution,k_s_sup,s_k_sub,t_k_sup,ns_s_sup,s_ns_sub,r_ar_sup,ar_r_sub,ns_sub_r,ks_sf_in,sub_r_r,n_r_t,ns_s_spe,nk_k_sup,s_nsup_k,nrs_ns_r,total_time
10,7,1.0199990356341004e-05,8.009999874047935e-05,1.0100018698722124e-05,9.000010322779417e-06,7.600001117680222e-05,0.0023764000070514157,1.0300020221620798e-05,1.8999853637069464e-06,9.800016414374113e-06,1.3299999409355223e-05,6.200003554113209e-06,4.7000066842883825e-06,0.00020030001178383827,0.0001286000042455271,6.800008122809231e-06,0.002943700092146173
