percentage,execution,k_s_sup,s_k_sub,t_k_sup,ns_s_sup,s_ns_sub,r_ar_sup,ar_r_sub,ns_sub_r,ks_sf_in,sub_r_r,n_r_t,ns_s_spe,nk_k_sup,s_nsup_k,nrs_ns_r,total_time
55,2,1.2300093658268452e-05,0.00975919992197305,1.2599979527294636e-05,2.9999995604157448e-05,0.020262899925000966,0.011452100123278797,0.0010995999909937382,2.100015990436077e-06,0.0009113999549299479,2.0000035874545574e-05,8.00006091594696e-06,5.599926225841045e-06,0.003710599965415895,0.0027799999807029963,7.699942216277122e-06,0.050074099912308156
