percentage,execution,ar_r_sub,k_s_sup,ks_sf_in,n_r_t,nk_k_sup,nrs_ns_r,ns_s_spe,ns_s_sup,ns_sub_r,r_ar_sup,s_k_sub,s_ns_sub,s_nsup_k,sub_r_r,t_k_sup,total_time
50,2,0.005446800030767918,1.2100208550691605e-05,0.0006459001451730728,7.200054824352264e-06,0.004080899991095066,0.00011370005086064339,5.300156772136688e-06,1.3299752026796341e-05,1.8998980522155762e-06,0.013530499767512083,0.011544699780642986,0.03150400007143617,0.0029406999237835407,1.8700025975704193e-05,1.219986006617546e-05,0.06987789971753955
