percentage,execution,ar_r_sub,k_s_sup,ks_sf_in,n_r_t,nk_k_sup,nrs_ns_r,ns_s_spe,ns_s_sup,ns_sub_r,r_ar_sup,s_k_sub,s_ns_sub,s_nsup_k,sub_r_r,t_k_sup,total_time
10,7,1.2899981811642647e-05,1.3299984857439995e-05,1.3899989426136017e-05,8.800067007541656e-06,0.002146500046364963,9.800074622035027e-06,6.400048732757568e-06,1.1600088328123093e-05,1.7998972907662392e-06,0.008552300045266747,0.004608400049619377,0.022626499994657934,0.0016914000734686852,2.2700056433677673e-05,1.3800105080008507e-05,0.039740100502967834
