percentage,execution,ar_r_sub,k_s_sup,ks_sf_in,n_r_t,nk_k_sup,nrs_ns_r,ns_s_spe,ns_s_sup,ns_sub_r,r_ar_sup,s_k_sub,s_ns_sub,s_nsup_k,sub_r_r,t_k_sup,total_time
40,8,0.00027769990265369415,1.2500211596488953e-05,0.0006325999274849892,7.3998235166072845e-06,0.004707899875938892,7.899943739175797e-06,5.499925464391708e-06,1.1199619621038437e-05,1.80024653673172e-06,0.008118700236082077,0.01890300028026104,0.055355800315737724,0.0034961998462677,1.890026032924652e-05,1.29002146422863e-05,0.09157000062987208
