percentage,execution,ar_r_sub,k_s_sup,ks_sf_in,n_r_t,nk_k_sup,nrs_ns_r,ns_s_spe,ns_s_sup,ns_sub_r,r_ar_sup,s_k_sub,s_ns_sub,s_nsup_k,sub_r_r,t_k_sup,total_time
40,2,1.209997572004795e-05,9.17001161724329e-05,1.1599971912801266e-05,6.400048732757568e-06,0.0016638999804854393,8.999952115118504e-06,5.500041879713535e-06,1.1299969628453255e-05,2.00001522898674e-06,0.0028590000001713634,0.008553600055165589,0.03359249990899116,0.001324599958024919,1.4099874533712864e-05,0.010050400043837726,0.05820769991260022
