percentage,execution,k_s_sup,s_k_sub,t_k_sup,ns_s_sup,s_ns_sub,r_ar_sup,ar_r_sub,ns_sub_r,ks_sf_in,sub_r_r,n_r_t,ns_s_spe,nk_k_sup,s_nsup_k,nrs_ns_r,total_time
10,3,1.1500014807097614e-05,0.00547750000259839,1.2400007108226418e-05,1.0499992640689015e-05,0.024478799998178147,0.006142300000647083,1.1099997209385037e-05,1.7999991541728377e-06,1.060000795405358e-05,2.020000829361379e-05,7.700000423938036e-06,5.4000120144337416e-06,0.0022471000120276585,0.0016545999969821423,8.800008799880743e-06,0.04010030005883891
