percentage,execution,ar_r_sub,k_s_sup,ks_sf_in,n_r_t,nk_k_sup,nrs_ns_r,ns_s_spe,ns_s_sup,ns_sub_r,r_ar_sup,s_k_sub,s_ns_sub,s_nsup_k,sub_r_r,t_k_sup,total_time
20,5,1.0500000826141331e-05,1.0300000212737359e-05,9.699999282020144e-06,6.100000064179767e-06,0.0003650999997262261,6.299999768089037e-06,4.900000021734741e-06,8.69999985297909e-06,1.7000002117129043e-06,0.003045899999960966,0.00013659999967785552,0.00013489999946614262,0.00023499999952036887,1.2200000128359534e-05,9.599999430065509e-06,0.0039974999981495785
