percentage,execution,ar_r_sub,k_s_sup,ks_sf_in,n_r_t,nk_k_sup,nrs_ns_r,ns_s_spe,ns_s_sup,ns_sub_r,r_ar_sup,s_k_sub,s_ns_sub,s_nsup_k,sub_r_r,t_k_sup,total_time
40,8,0.0011885999701917171,1.3199867680668831e-05,0.0007923999801278114,8.899951353669167e-06,0.0026695000706240535,9.899958968162537e-06,6.500049494206905e-06,1.2500095181167126e-05,2.100015990436077e-06,0.00994620006531477,0.00457220000680536,0.007909500040113926,0.001941199996508658,2.319994382560253e-05,1.4599994756281376e-05,0.02911050000693649
