percentage,execution,k_s_sup,s_k_sub,t_k_sup,ns_s_sup,s_ns_sub,r_ar_sup,ar_r_sub,ns_sub_r,ks_sf_in,sub_r_r,n_r_t,ns_s_spe,nk_k_sup,s_nsup_k,nrs_ns_r,total_time
20,6,1.1199997970834374e-05,0.0012291999883018434,1.170000177808106e-05,1.0200004908256233e-05,0.004247200005920604,0.004302500004996546,0.005315700007486157,1.800013706088066e-06,0.0006567999807884917,2.1800005924887955e-05,7.499998901039362e-06,5.199995939619839e-06,0.001374800005578436,0.0010643999994499609,0.00011719999019987881,0.018377200001850724
