percentage,execution,ar_r_sub,k_s_sup,ks_sf_in,n_r_t,nk_k_sup,nrs_ns_r,ns_s_spe,ns_s_sup,ns_sub_r,r_ar_sup,s_k_sub,s_ns_sub,s_nsup_k,sub_r_r,t_k_sup,total_time
90,8,0.0013246000744402409,9.190000128000975e-05,0.0011148001067340374,8.800067007541656e-06,0.004578400054015219,7.400056347250938e-06,6.200047209858894e-06,1.3500102795660496e-05,2.100015990436077e-06,0.016569599974900484,0.03366319998167455,0.04550050001125783,0.003995099919848144,2.410006709396839e-05,0.004699799930676818,0.11160000041127205
