percentage,execution,k_s_sup,s_k_sub,t_k_sup,ns_s_sup,s_ns_sub,r_ar_sup,ar_r_sub,ns_sub_r,ks_sf_in,sub_r_r,n_r_t,ns_s_spe,nk_k_sup,s_nsup_k,nrs_ns_r,total_time
70,7,1.0400006431154907e-05,0.0004908999981125817,1.0199990356341004e-05,9.399984264746308e-06,0.00047640000411774963,0.007908799991128035,1.0599993402138352e-05,2.0999868866056204e-06,9.799987310543656e-06,1.2100004823878407e-05,5.800000508315861e-06,5.0000089686363935e-06,0.001389299999573268,0.0009203000081470236,5.699999746866524e-06,0.011266799963777885
