percentage,execution,ar_r_sub,k_s_sup,ks_sf_in,n_r_t,nk_k_sup,nrs_ns_r,ns_s_spe,ns_s_sup,ns_sub_r,r_ar_sup,s_k_sub,s_ns_sub,s_nsup_k,sub_r_r,t_k_sup,total_time
70,9,1.2300093658268452e-05,8.9599983766675e-05,1.1200085282325745e-05,6.500049494206905e-06,0.0015379999531432986,6.299931555986404e-06,5.600042641162872e-06,1.1300086043775082e-05,2.100015990436077e-06,0.006340300082229078,0.008172500063665211,0.01882550003938377,0.0012762999394908547,1.370010431855917e-05,0.009696800145320594,0.0460080006159842
