percentage,execution,ar_r_sub,k_s_sup,ks_sf_in,n_r_t,nk_k_sup,nrs_ns_r,ns_s_spe,ns_s_sup,ns_sub_r,r_ar_sup,s_k_sub,s_ns_sub,s_nsup_k,sub_r_r,t_k_sup,total_time
20,5,9.100000170292333e-06,9.399999726156238e-06,8.599999091529753e-06,4.999999873689376e-06,5.199999577598646e-06,4.900000021734741e-06,0.0008583999997426872,0.003946899999391462,1.499999598308932e-06,0.0027131000006193062,7.999999979801942e-06,9.199999112752266e-06,4.100000296602957e-06,1.0599998859106563e-05,8.700000762473792e-06,0.007602699996823503
