percentage,execution,ar_r_sub,k_s_sup,ks_sf_in,n_r_t,nk_k_sup,nrs_ns_r,ns_s_spe,ns_s_sup,ns_sub_r,r_ar_sup,s_k_sub,s_ns_sub,s_nsup_k,sub_r_r,t_k_sup,total_time
20,3,1.170008908957243e-05,1.189985778182745e-05,1.0899966582655907e-05,6.7999353632330894e-06,0.00042269995901733637,7.2999391704797745e-06,5.399924702942371e-06,1.0200077667832375e-05,1.9000144675374031e-06,0.003522600163705647,0.00016509986016899347,0.0001498999772593379,0.0002738999901339412,1.3999990187585354e-05,1.0900082997977734e-05,0.0046251998282969
