percentage,execution,ar_r_sub,k_s_sup,ks_sf_in,n_r_t,nk_k_sup,nrs_ns_r,ns_s_spe,ns_s_sup,ns_sub_r,r_ar_sup,s_k_sub,s_ns_sub,s_nsup_k,sub_r_r,t_k_sup,total_time
20,9,1.200009137392044e-05,1.1399853974580765e-05,1.0500079952180386e-05,6.900052540004253e-06,0.00041229999624192715,8.600065484642982e-06,5.300040356814861e-06,1.0299962013959885e-05,1.9000144675374031e-06,0.0036703000077977777,0.0001550000160932541,0.00016280007548630238,0.0003215000033378601,1.4500110410153866e-05,1.0399846360087395e-05,0.004813700215891004
