percentage,execution,ar_r_sub,k_s_sup,ks_sf_in,n_r_t,nk_k_sup,nrs_ns_r,ns_s_spe,ns_s_sup,ns_sub_r,r_ar_sup,s_k_sub,s_ns_sub,s_nsup_k,sub_r_r,t_k_sup,total_time
50,4,0.0010231999913230538,1.3599987141788006e-05,0.00048679986502975225,8.699949830770493e-06,0.003935100045055151,8.999952115118504e-06,6.199930794537067e-06,1.2499978765845299e-05,2.300017513334751e-06,0.018051199964247644,0.010932100005447865,0.026496200007386506,0.002873399993404746,2.3399945348501205e-05,1.4199875295162201e-05,0.06388789950869977
