percentage,execution,ar_r_sub,k_s_sup,ks_sf_in,n_r_t,nk_k_sup,nrs_ns_r,ns_s_spe,ns_s_sup,ns_sub_r,r_ar_sup,s_k_sub,s_ns_sub,s_nsup_k,sub_r_r,t_k_sup,total_time
20,6,9.140000020124717e-05,0.0001827000005505397,1.3300000318849925e-05,7.900000127847306e-06,0.004402500000651344,9.100000170292333e-06,6.299999768089037e-06,1.4399999599845614e-05,2.70000055024866e-06,0.01205749999917316,0.027198300000236486,0.10050929999943037,0.0038954999999987194,2.100000074278796e-05,0.0021672000002581626,0.150579100001778
