percentage,execution,k_s_sup,s_k_sub,t_k_sup,ns_s_sup,s_ns_sub,r_ar_sup,ar_r_sub,ns_sub_r,ks_sf_in,sub_r_r,n_r_t,ns_s_spe,nk_k_sup,s_nsup_k,nrs_ns_r,total_time
40,10,8.16000101622194e-05,0.025004299997817725,0.004471899985219352,1.1600001016631722e-05,0.08017519999702927,0.013344699997105636,0.00020330000552348793,4.5000051613897085e-06,0.00022969998826738447,2.0099992980249226e-05,7.90000194683671e-06,5.800000508315861e-06,0.004392100003315136,0.003720599997905083,7.800001185387373e-06,0.1316810999851441
