percentage,execution,ar_r_sub,k_s_sup,ks_sf_in,n_r_t,nk_k_sup,nrs_ns_r,ns_s_spe,ns_s_sup,ns_sub_r,r_ar_sup,s_k_sub,s_ns_sub,s_nsup_k,sub_r_r,t_k_sup,total_time
10,5,0.00588189996778965,9.270000737160444e-05,0.0002671000547707081,8.600065484642982e-06,0.0047287000343203545,0.00013200007379055023,6.299931555986404e-06,1.2499978765845299e-05,2.700020559132099e-06,9.190000128000975e-05,0.027791000087745488,0.1073034000582993,0.004138400079682469,2.1699932403862476e-05,0.004816500120796263,0.15529540041461587
