percentage,execution,k_s_sup,s_k_sub,t_k_sup,ns_s_sup,s_ns_sub,r_ar_sup,ar_r_sub,ns_sub_r,ks_sf_in,sub_r_r,n_r_t,ns_s_spe,nk_k_sup,s_nsup_k,nrs_ns_r,total_time
50,9,8.620000153314322e-05,0.02657089999411255,0.00433970001176931,1.1399999493733048e-05,0.07186489999003243,0.01407449999533128,0.00019759999122470617,1.8999999156221747e-06,0.00042959998245351017,1.9800005247816443e-05,7.499998901039362e-06,5.299996701069176e-06,0.004376500000944361,0.0036885000008624047,7.399998139590025e-06,0.12568169996666256
