percentage,execution,k_s_sup,s_k_sub,t_k_sup,ns_s_sup,s_ns_sub,r_ar_sup,ar_r_sub,ns_sub_r,ks_sf_in,sub_r_r,n_r_t,ns_s_spe,nk_k_sup,s_nsup_k,nrs_ns_r,total_time
70,3,0.00013250007759779692,0.031363199930638075,0.004336200072430074,1.2099859304726124e-05,0.05482260009739548,0.01146030006930232,0.0011217001592740417,2.00001522898674e-06,0.0008139000274240971,1.950003206729889e-05,7.999944500625134e-06,5.500041879713535e-06,0.004416799987666309,0.0035905000986531377,7.200054824352264e-06,0.11211200046818703
