percentage,execution,k_s_sup,s_k_sub,t_k_sup,ns_s_sup,s_ns_sub,r_ar_sup,ar_r_sub,ns_sub_r,ks_sf_in,sub_r_r,n_r_t,ns_s_spe,nk_k_sup,s_nsup_k,nrs_ns_r,total_time
80,3,8.159999561030418e-05,0.03154899999208283,0.004270899997209199,1.170000177808106e-05,0.04687389999162406,0.014244400008465163,0.0010877000022446737,2.1000014385208488e-06,0.0008207000064430758,1.8999999156221747e-05,8.000002708286047e-06,5.699999746866524e-06,0.004125900013605133,0.0036739000061061233,6.499991286545992e-06,0.10678100000950508
