percentage,execution,k_s_sup,s_k_sub,t_k_sup,ns_s_sup,s_ns_sub,r_ar_sup,ar_r_sub,ns_sub_r,ks_sf_in,sub_r_r,n_r_t,ns_s_spe,nk_k_sup,s_nsup_k,nrs_ns_r,total_time
10,4,1.069999416358769e-05,8.460000390186906e-05,1.379998866468668e-05,9.800001862458885e-06,8.030000026337802e-05,0.002745999998296611,1.0899995686486363e-05,1.700012944638729e-06,9.99998883344233e-06,1.309999788645655e-05,6.299989763647318e-06,7.90000194683671e-06,0.0002769999991869554,0.00013970000145491213,6.599992047995329e-06,0.003418399966903962
