percentage,execution,ar_r_sub,k_s_sup,ks_sf_in,n_r_t,nk_k_sup,nrs_ns_r,ns_s_spe,ns_s_sup,ns_sub_r,r_ar_sup,s_k_sub,s_ns_sub,s_nsup_k,sub_r_r,t_k_sup,total_time
40,4,1.0200310498476028e-05,8.010026067495346e-05,9.80030745267868e-06,5.900394171476364e-06,0.0013661002740263939,6.200280040502548e-06,4.7995708882808685e-06,9.799841791391373e-06,1.9995495676994324e-06,0.002549299970269203,0.007501500193029642,0.029175300151109695,0.0011539999395608902,1.2100208550691605e-05,0.008684900589287281,0.050572001840919256
