percentage,execution,ar_r_sub,k_s_sup,ks_sf_in,n_r_t,nk_k_sup,nrs_ns_r,ns_s_spe,ns_s_sup,ns_sub_r,r_ar_sup,s_k_sub,s_ns_sub,s_nsup_k,sub_r_r,t_k_sup,total_time
10,3,1.1399853974580765e-05,1.0699965059757233e-05,9.899958968162537e-06,6.200280040502548e-06,0.00020490027964115143,6.800051778554916e-06,4.699919372797012e-06,9.600073099136353e-06,1.80024653673172e-06,0.002569899894297123,8.270004764199257e-05,7.939944043755531e-05,0.00012740027159452438,1.730024814605713e-05,1.0599847882986069e-05,0.003153300378471613
