percentage,execution,ar_r_sub,k_s_sup,ks_sf_in,n_r_t,nk_k_sup,nrs_ns_r,ns_s_spe,ns_s_sup,ns_sub_r,r_ar_sup,s_k_sub,s_ns_sub,s_nsup_k,sub_r_r,t_k_sup,total_time
20,4,0.0010945000003630412,1.4299999747890979e-05,0.0002862999999706517,8.399999387620483e-06,0.001902199999676668,8.999999408842996e-06,6.199999916134402e-06,1.2099999366910197e-05,2.0000006770715117e-06,0.005009299999983341,0.0030394000004889676,0.009974399999919115,0.0014191000000209897,2.2000000171829015e-05,1.3699999726668466e-05,0.022812899998825742
