percentage,execution,ar_r_sub,k_s_sup,ks_sf_in,n_r_t,nk_k_sup,nrs_ns_r,ns_s_spe,ns_s_sup,ns_sub_r,r_ar_sup,s_k_sub,s_ns_sub,s_nsup_k,sub_r_r,t_k_sup,total_time
40,6,0.00020020036026835442,9.009987115859985e-05,0.00043839961290359497,6.899703294038773e-06,0.0038792002014815807,7.200054824352264e-06,5.3998082876205444e-06,1.12997367978096e-05,1.900363713502884e-06,0.009199799969792366,0.025521000381559134,0.06451180018484592,0.0034259003587067127,1.8100254237651825e-05,0.001887800171971321,0.10920500103384256
