percentage,execution,ar_r_sub,k_s_sup,ks_sf_in,n_r_t,nk_k_sup,nrs_ns_r,ns_s_spe,ns_s_sup,ns_sub_r,r_ar_sup,s_k_sub,s_ns_sub,s_nsup_k,sub_r_r,t_k_sup,total_time
40,8,0.0016371000001527136,2.2199999875738285e-05,0.0016322999999829335,8.700000762473792e-06,0.0033881999997902312,1.2200000128359534e-05,6.799999937356915e-06,2.1299999389157165e-05,3.3999995139311068e-06,0.012209700000312296,0.0024203000002671615,0.0023061000001689536,0.002402200000688026,3.4300000152143184e-05,2.299999960087007e-05,0.026127800000722345
