percentage,execution,k_s_sup,s_k_sub,t_k_sup,ns_s_sup,s_ns_sub,r_ar_sup,ar_r_sub,ns_sub_r,ks_sf_in,sub_r_r,n_r_t,ns_s_spe,nk_k_sup,s_nsup_k,nrs_ns_r,total_time
20,7,1.1199997970834374e-05,0.006448299987823702,1.1899988749064505e-05,1.069999416358769e-05,0.027756700001191348,0.006673500000033528,7.71000050008297e-05,1.9000144675374031e-06,0.0002488000027369708,2.239999594166875e-05,7.499998901039362e-06,5.399997462518513e-06,0.002628200003528036,0.001975300008780323,8.000002708286047e-06,0.045886899999459274
