percentage,execution,ar_r_sub,k_s_sup,ks_sf_in,n_r_t,nk_k_sup,nrs_ns_r,ns_s_spe,ns_s_sup,ns_sub_r,r_ar_sup,s_k_sub,s_ns_sub,s_nsup_k,sub_r_r,t_k_sup,total_time
90,4,8.749996777623892e-05,9.06999921426177e-05,1.170008908957243e-05,6.700051017105579e-06,0.0015864999732002616,6.500049494206905e-06,5.500041879713535e-06,1.1899974197149277e-05,2.300017513334751e-06,0.007324499893002212,0.008318300009705126,0.011323600076138973,0.0021247001131996512,1.3899989426136017e-05,0.009890799992717803,0.0408051002305001
