percentage,execution,k_s_sup,s_k_sub,t_k_sup,ns_s_sup,s_ns_sub,r_ar_sup,ar_r_sub,ns_sub_r,ks_sf_in,sub_r_r,n_r_t,ns_s_spe,nk_k_sup,s_nsup_k,nrs_ns_r,total_time
15,2,1.1100084520876408e-05,0.00020190002396702766,1.1599971912801266e-05,1.0399962775409222e-05,0.00019749999046325684,0.0060674999840557575,7.890001870691776e-05,2.00001522898674e-06,1.0900082997977734e-05,1.9400031305849552e-05,7.899943739175797e-06,8.600065484642982e-06,0.000646800035610795,0.00044710002839565277,8.199946023523808e-06,0.007729800185188651
