percentage,execution,k_s_sup,s_k_sub,t_k_sup,ns_s_sup,s_ns_sub,r_ar_sup,ar_r_sub,ns_sub_r,ks_sf_in,sub_r_r,n_r_t,ns_s_spe,nk_k_sup,s_nsup_k,nrs_ns_r,total_time
50,2,1.0599993402138352e-05,0.00038529999437741935,1.0499992640689015e-05,9.599985787644982e-06,0.00037549999251496047,0.005625299992971122,7.870000263210386e-05,2.300017513334751e-06,1.0200019460171461e-05,1.6399993910454214e-05,6.199989002197981e-06,5.0000089686363935e-06,0.001073300009011291,0.0007003999926382676,6.000002031214535e-06,0.008315299986861646
