percentage,execution,k_s_sup,s_k_sub,t_k_sup,ns_s_sup,s_ns_sub,r_ar_sup,ar_r_sub,ns_sub_r,ks_sf_in,sub_r_r,n_r_t,ns_s_spe,nk_k_sup,s_nsup_k,nrs_ns_r,total_time
80,4,1.6600126400589943e-05,0.018501700018532574,1.479999627918005e-05,1.2800097465515137e-05,0.030246100039221346,0.018402100075036287,0.0004689000779762864,2.300017513334751e-06,0.0008874998893588781,2.1499930880963802e-05,9.00006853044033e-06,6.200047209858894e-06,0.005245400010608137,0.003834499977529049,7.999944500625134e-06,0.07767740031704307
