percentage,execution,k_s_sup,s_k_sub,t_k_sup,ns_s_sup,s_ns_sub,r_ar_sup,ar_r_sub,ns_sub_r,ks_sf_in,sub_r_r,n_r_t,ns_s_spe,nk_k_sup,s_nsup_k,nrs_ns_r,total_time
30,7,1.1799987987615168e-05,0.0027274000021861866,1.2099990271963179e-05,1.030000566970557e-05,0.00883169998996891,0.007600600001751445,0.00019970000721514225,1.6999983927235007e-06,0.0004735999973490834,2.0500010577961802e-05,7.90000194683671e-06,5.4000120144337416e-06,0.0021185999939916655,0.0015694999892730266,7.999988156370819e-06,0.02359879997675307
