percentage,execution,ar_r_sub,k_s_sup,ks_sf_in,n_r_t,nk_k_sup,nrs_ns_r,ns_s_spe,ns_s_sup,ns_sub_r,r_ar_sup,s_k_sub,s_ns_sub,s_nsup_k,sub_r_r,t_k_sup,total_time
80,1,7.929999992484227e-05,7.720000030531082e-05,1.0299999303242657e-05,5.7999995988211595e-06,0.0013047000002188724,5.599999894911889e-06,4.599999556376133e-06,1.0199999451288022e-05,1.7999991541728377e-06,0.00545109999984561,0.00692330000038055,0.012836799999604409,0.0010821000005307724,1.2099999366910197e-05,0.008599400000093738,0.03640429999722983
