percentage,execution,ar_r_sub,k_s_sup,ks_sf_in,n_r_t,nk_k_sup,nrs_ns_r,ns_s_spe,ns_s_sup,ns_sub_r,r_ar_sup,s_k_sub,s_ns_sub,s_nsup_k,sub_r_r,t_k_sup,total_time
40,4,9.300000783696305e-06,9.699999282020144e-06,9.399999726156238e-06,5.099999725644011e-06,4.900000021734741e-06,4.800000169780105e-06,0.0008752000003369176,0.000911199999791279,1.5999994502635673e-06,0.0008775999995123129,8.300000445160549e-06,9.199999112752266e-06,4.400000761961564e-06,1.0399999155197293e-05,8.799999704933725e-06,0.00274989999797981
