percentage,execution,ar_r_sub,k_s_sup,ks_sf_in,n_r_t,nk_k_sup,nrs_ns_r,ns_s_spe,ns_s_sup,ns_sub_r,r_ar_sup,s_k_sub,s_ns_sub,s_nsup_k,sub_r_r,t_k_sup,total_time
80,9,0.0010933997109532356,8.430005982518196e-05,0.0008892002515494823,7.3998235166072845e-06,0.003922799602150917,6.5998174250125885e-06,6.100162863731384e-06,1.1700205504894257e-05,1.8998980522155762e-06,0.019705200102180243,0.02633910020813346,0.03974079992622137,0.003503900021314621,1.8499791622161865e-05,0.0018823998980224133,0.09721329947933555
