percentage,execution,k_s_sup,s_k_sub,t_k_sup,ns_s_sup,s_ns_sub,r_ar_sup,ar_r_sub,ns_sub_r,ks_sf_in,sub_r_r,n_r_t,ns_s_spe,nk_k_sup,s_nsup_k,nrs_ns_r,total_time
20,8,8.040000102482736e-05,0.0026252000097883865,0.0016062000067904592,7.729999197181314e-05,0.011859999998705462,8.260000322479755e-05,0.02047300001140684,1.8999999156221747e-06,1.0799994925037026e-05,0.0020078999950783327,7.099995855242014e-06,0.001050599996233359,0.001113099991925992,0.0008850000012898818,0.0005346000107238069,0.04241570000885986
