percentage,execution,ar_r_sub,k_s_sup,ks_sf_in,n_r_t,nk_k_sup,nrs_ns_r,ns_s_spe,ns_s_sup,ns_sub_r,r_ar_sup,s_k_sub,s_ns_sub,s_nsup_k,sub_r_r,t_k_sup,total_time
80,4,0.00019330000031914096,9.999999747378752e-06,9.60000033956021e-06,5.500000042957254e-06,0.0010279999996782863,5.2999994295532815e-06,4.399999852466863e-06,9.100000170292333e-06,1.9000008251168765e-06,0.002995599999849219,0.0022914000001037493,0.002223999999841908,0.0007076000001688953,1.1299999641778413e-05,1.049999991664663e-05,0.00950749999992695
