percentage,execution,ar_r_sub,k_s_sup,ks_sf_in,n_r_t,nk_k_sup,nrs_ns_r,ns_s_spe,ns_s_sup,ns_sub_r,r_ar_sup,s_k_sub,s_ns_sub,s_nsup_k,sub_r_r,t_k_sup,total_time
40,4,0.0002916998928412795,0.005362999974749982,1.1999974958598614e-05,8.100061677396297e-06,0.0013956999173387885,7.400056347250938e-06,0.003325000056065619,0.002698899945244193,2.100015990436077e-06,0.003982699941843748,0.004168899962678552,0.011045899940654635,0.0012444000458344817,1.650000922381878e-05,0.005266099935397506,0.038828399730846286
