percentage,execution,ar_r_sub,k_s_sup,ks_sf_in,n_r_t,nk_k_sup,nrs_ns_r,ns_s_spe,ns_s_sup,ns_sub_r,r_ar_sup,s_k_sub,s_ns_sub,s_nsup_k,sub_r_r,t_k_sup,total_time
60,4,0.00013610000041808235,0.003978300000198942,9.999999747378752e-06,5.599999894911889e-06,0.0005365000006349874,5.699999746866524e-06,0.0019756000001507346,0.0016540000005988986,1.7000002117129043e-06,0.009867100000519713,0.00019080000038229628,0.000191699999049888,0.0004071000003023073,1.2299999980314169e-05,9.339999996882398e-05,0.019065900001805858
