percentage,execution,ar_r_sub,k_s_sup,ks_sf_in,n_r_t,nk_k_sup,nrs_ns_r,ns_s_spe,ns_s_sup,ns_sub_r,r_ar_sup,s_k_sub,s_ns_sub,s_nsup_k,sub_r_r,t_k_sup,total_time
40,9,0.005986200179904699,0.00894629955291748,1.0800082236528397e-05,7.300172001123428e-06,0.0012548002414405346,6.299931555986404e-06,0.0019660000689327717,0.0008880998939275742,1.80024653673172e-06,0.006408399902284145,0.004597300197929144,0.007534100208431482,0.001084200106561184,0.001149000134319067,0.004928100388497114,0.04476870130747557
