percentage,execution,ar_r_sub,k_s_sup,ks_sf_in,n_r_t,nk_k_sup,nrs_ns_r,ns_s_spe,ns_s_sup,ns_sub_r,r_ar_sup,s_k_sub,s_ns_sub,s_nsup_k,sub_r_r,t_k_sup,total_time
10,9,8.519995026290417e-05,1.1199968867003918e-05,1.0799849405884743e-05,7.70005863159895e-06,5.799927748739719e-06,7.100054062902927e-06,0.0033415000652894378,0.00979639997240156,1.800013706088066e-06,1.1699856258928776e-05,1.0299962013959885e-05,1.1400086805224419e-05,5.600042641162872e-06,1.650000922381878e-05,1.1300086043775082e-05,0.01333429990336299
