percentage,execution,ar_r_sub,k_s_sup,ks_sf_in,n_r_t,nk_k_sup,nrs_ns_r,ns_s_spe,ns_s_sup,ns_sub_r,r_ar_sup,s_k_sub,s_ns_sub,s_nsup_k,sub_r_r,t_k_sup,total_time
20,1,0.01068529998883605,0.004427100066095591,1.0899733752012253e-05,7.700175046920776e-06,0.0009817001409828663,7.300172001123428e-06,0.0031487997621297836,0.006008299998939037,2.000480890274048e-06,0.0029182997532188892,0.00180129986256361,0.008268500212579966,0.000754600390791893,0.0021206000819802284,9.609945118427277e-05,0.04123850027099252
