percentage,execution,k_s_sup,s_k_sub,t_k_sup,ns_s_sup,s_ns_sub,r_ar_sup,ar_r_sub,ns_sub_r,ks_sf_in,sub_r_r,n_r_t,ns_s_spe,nk_k_sup,s_nsup_k,nrs_ns_r,total_time
30,3,8.129999332595617e-05,0.0011352000146871433,0.001724000001559034,0.004075500008184463,0.004110500012757257,0.002882000000681728,0.00013400001625996083,1.8999853637069464e-06,1.0200019460171461e-05,1.4499993994832039e-05,6.799993570894003e-06,0.002026700007263571,0.0008282000053441152,0.0006642999942414463,6.699992809444666e-06,0.017701800039503723
