percentage,execution,k_s_sup,s_k_sub,t_k_sup,ns_s_sup,s_ns_sub,r_ar_sup,ar_r_sub,ns_sub_r,ks_sf_in,sub_r_r,n_r_t,ns_s_spe,nk_k_sup,s_nsup_k,nrs_ns_r,total_time
30,10,0.00794139999197796,0.003795099997660145,0.004770300001837313,0.0008731999987503514,0.010573799998383038,0.005448300013085827,0.00020360000780783594,2.0000006770715117e-06,1.0100004146806896e-05,1.4400022337213159e-05,9.2999980552122e-06,0.0019866000075126067,0.0012382999993860722,0.0011107000027550384,6.800008122809231e-06,0.0379839000524953
