percentage,execution,k_s_sup,s_k_sub,t_k_sup,ns_s_sup,s_ns_sub,r_ar_sup,ar_r_sub,ns_sub_r,ks_sf_in,sub_r_r,n_r_t,ns_s_spe,nk_k_sup,s_nsup_k,nrs_ns_r,total_time
40,5,0.002483000003849156,0.0038979999953880906,0.004932299998472445,0.002450300002237782,0.014089600008446723,0.0032704000041121617,0.00013449999096337706,1.8999999156221747e-06,1.0499992640689015e-05,1.4699995517730713e-05,7.199996616691351e-06,0.00293729999975767,0.0010414999997010455,0.0009141000045929104,6.799993570894003e-06,0.03619209998578299
