percentage,execution,ar_r_sub,k_s_sup,ks_sf_in,n_r_t,nk_k_sup,nrs_ns_r,ns_s_spe,ns_s_sup,ns_sub_r,r_ar_sup,s_k_sub,s_ns_sub,s_nsup_k,sub_r_r,t_k_sup,total_time
20,1,9.599999430065509e-06,1.4600000213249587e-05,9.200000022246968e-06,5.200000487093348e-06,0.0001830000001064036,5.4000001910026185e-06,4.19999923906289e-06,8.50000014906982e-06,1.5999994502635673e-06,0.002253499999824271,7.359999926848104e-05,6.98000012562261e-05,0.00012320000041654566,1.0799999472510535e-05,9.299999874201603e-06,0.002781499999400694
