percentage,execution,ar_r_sub,k_s_sup,ks_sf_in,n_r_t,nk_k_sup,nrs_ns_r,ns_s_spe,ns_s_sup,ns_sub_r,r_ar_sup,s_k_sub,s_ns_sub,s_nsup_k,sub_r_r,t_k_sup,total_time
40,4,9.899999895424116e-06,9.300000783696305e-06,9.200000022246968e-06,5.300000339047983e-06,0.0003644999997050036,5.2999994295532815e-06,4.600000465870835e-06,8.19999877421651e-06,1.5999994502635673e-06,0.0030300999997052713,0.0001370999998471234,0.0001306000003751251,0.00024109999958454864,1.089999932446517e-05,9.200000022246968e-06,0.003976899997724104
