percentage,execution,ar_r_sub,k_s_sup,ks_sf_in,n_r_t,nk_k_sup,nrs_ns_r,ns_s_spe,ns_s_sup,ns_sub_r,r_ar_sup,s_k_sub,s_ns_sub,s_nsup_k,sub_r_r,t_k_sup,total_time
80,5,0.012677799444645643,0.004516900051385164,1.2499745935201645e-05,7.4999406933784485e-06,0.0012551001273095608,5.7998113334178925e-06,0.0028547998517751694,0.0009329002350568771,2.100132405757904e-06,0.0052535999566316605,0.005278000142425299,0.008368200156837702,0.001083100214600563,0.001236999873071909,0.006525000091642141,0.050010299775749445
