percentage,execution,ar_r_sub,k_s_sup,ks_sf_in,n_r_t,nk_k_sup,nrs_ns_r,ns_s_spe,ns_s_sup,ns_sub_r,r_ar_sup,s_k_sub,s_ns_sub,s_nsup_k,sub_r_r,t_k_sup,total_time
80,5,0.008495200076140463,0.002917099976912141,1.2599863111972809e-05,7.70005863159895e-06,0.0012428000336512923,6.4999330788850784e-06,0.0042915999656543136,0.002769300015643239,2.100015990436077e-06,0.0035857000621035695,0.002674599993042648,0.0026652999222278595,0.000978600000962615,0.0002882999833673239,0.0019178000511601567,0.031855199951678514
