percentage,execution,ar_r_sub,k_s_sup,ks_sf_in,n_r_t,nk_k_sup,nrs_ns_r,ns_s_spe,ns_s_sup,ns_sub_r,r_ar_sup,s_k_sub,s_ns_sub,s_nsup_k,sub_r_r,t_k_sup,total_time
10,2,9.42000187933445e-05,1.1899974197149277e-05,1.1399970389902592e-05,8.200062438845634e-06,0.0003103000344708562,8.300063200294971e-06,5.500041879713535e-06,1.0599847882986069e-05,2.500019036233425e-06,1.5099882148206234e-05,8.9899986051023e-05,8.489994797855616e-05,0.00020810007117688656,1.6300124116241932e-05,1.1699972674250603e-05,0.0008889000164344907
