percentage,execution,k_s_sup,s_k_sub,t_k_sup,ns_s_sup,s_ns_sub,r_ar_sup,ar_r_sub,ns_sub_r,ks_sf_in,sub_r_r,n_r_t,ns_s_spe,nk_k_sup,s_nsup_k,nrs_ns_r,total_time
90,1,0.00412329999380745,0.0044138999946881086,0.005223300002398901,0.004847200005315244,0.0047805999929551035,0.005794799988507293,0.0032632000074954703,2.0000006770715117e-06,1.1299998732283711e-05,0.0002531999925849959,7.599999662488699e-06,0.004848900003707968,0.001244700004463084,0.0010813999979291111,5.699999746866524e-06,0.03990109998267144
