percentage,execution,ar_r_sub,k_s_sup,ks_sf_in,n_r_t,nk_k_sup,nrs_ns_r,ns_s_spe,ns_s_sup,ns_sub_r,r_ar_sup,s_k_sub,s_ns_sub,s_nsup_k,sub_r_r,t_k_sup,total_time
90,8,0.00807909993454814,0.004775200039148331,1.9199680536985397e-05,7.700175046920776e-06,0.001248799730092287,5.3998082876205444e-06,0.0038359002210199833,0.002483299933373928,4.100147634744644e-06,0.004861100576817989,0.005593499634414911,0.0051694996654987335,0.0010776999406516552,0.00038450025022029877,0.006973499897867441,0.04451849963515997
