percentage,execution,ar_r_sub,k_s_sup,ks_sf_in,n_r_t,nk_k_sup,nrs_ns_r,ns_s_spe,ns_s_sup,ns_sub_r,r_ar_sup,s_k_sub,s_ns_sub,s_nsup_k,sub_r_r,t_k_sup,total_time
60,9,0.0001982000003408757,0.0024236999997810926,1.0500000826141331e-05,6.799999937356915e-06,0.0011505000002216548,6.400000529538374e-06,0.0027448000000731554,0.0023687000011705095,1.6999993022182025e-06,0.0031512999985352508,0.004511699999966368,0.01339280000047438,0.0010289000001648674,1.3900000340072438e-05,0.006356500000038068,0.03736640000170155
