percentage,execution,ar_r_sub,k_s_sup,ks_sf_in,n_r_t,nk_k_sup,nrs_ns_r,ns_s_spe,ns_s_sup,ns_sub_r,r_ar_sup,s_k_sub,s_ns_sub,s_nsup_k,sub_r_r,t_k_sup,total_time
40,1,1.0099999599333387e-05,8.04999999672873e-05,9.40000063565094e-06,5.200000487093348e-06,0.0008473000007143128,5.599999894911889e-06,4.399999852466863e-06,9.40000063565094e-06,1.8000000636675395e-06,0.0008929999994506943,0.0059246999999231775,0.018497500000194123,0.0007256000008055707,1.120000069931848e-05,0.001871700000265264,0.028897400003188523
