percentage,execution,ar_r_sub,k_s_sup,ks_sf_in,n_r_t,nk_k_sup,nrs_ns_r,ns_s_spe,ns_s_sup,ns_sub_r,r_ar_sup,s_k_sub,s_ns_sub,s_nsup_k,sub_r_r,t_k_sup,total_time
10,9,0.010611999779939651,1.0899733752012253e-05,1.0699965059757233e-05,7.100403308868408e-06,5.400273948907852e-06,6.500165909528732e-06,0.001043199561536312,7.670000195503235e-05,1.7997808754444122e-06,1.0299962013959885e-05,9.29972156882286e-06,9.199604392051697e-06,4.800036549568176e-06,1.4599878340959549e-05,1.019984483718872e-05,0.011832698713988066
