percentage,execution,ar_r_sub,k_s_sup,ks_sf_in,n_r_t,nk_k_sup,nrs_ns_r,ns_s_spe,ns_s_sup,ns_sub_r,r_ar_sup,s_k_sub,s_ns_sub,s_nsup_k,sub_r_r,t_k_sup,total_time
60,7,0.006727700005285442,0.007161200046539307,1.379998866468668e-05,8.100061677396297e-06,0.0013664999278262258,6.800051778554916e-06,0.0021871000062674284,0.0009632000001147389,2.500019036233425e-06,0.006574300117790699,0.005739700049161911,0.009265400003641844,0.0012252000160515308,0.0012787000741809607,0.007301100064069033,0.04982130043208599
