percentage,execution,k_s_sup,s_k_sub,t_k_sup,ns_s_sup,s_ns_sub,r_ar_sup,ar_r_sub,ns_sub_r,ks_sf_in,sub_r_r,n_r_t,ns_s_spe,nk_k_sup,s_nsup_k,nrs_ns_r,total_time
40,6,0.0048263000062434,0.004376199998660013,0.004858600004808977,0.0024836999946273863,0.010492999994312413,0.003651099992566742,0.0163029999966966,1.8999999156221747e-06,1.0800009476952255e-05,0.0011697000009007752,7.199996616691351e-06,0.003966599993873388,0.001022299999021925,0.0009214000019710511,6.400005077011883e-06,0.05409819999476895
