percentage,execution,ar_r_sub,k_s_sup,ks_sf_in,n_r_t,nk_k_sup,nrs_ns_r,ns_s_spe,ns_s_sup,ns_sub_r,r_ar_sup,s_k_sub,s_ns_sub,s_nsup_k,sub_r_r,t_k_sup,total_time
10,7,7.519964128732681e-05,1.3499986380338669e-05,1.0000541806221008e-05,7.200054824352264e-06,5.499925464391708e-06,6.799586117267609e-06,0.0030533000826835632,0.009098600130528212,1.900363713502884e-06,1.0799616575241089e-05,9.200070053339005e-06,1.0299962013959885e-05,5.100388079881668e-06,1.4800112694501877e-05,1.0100193321704865e-05,0.012332300655543804
