percentage,execution,ar_r_sub,k_s_sup,ks_sf_in,n_r_t,nk_k_sup,nrs_ns_r,ns_s_spe,ns_s_sup,ns_sub_r,r_ar_sup,s_k_sub,s_ns_sub,s_nsup_k,sub_r_r,t_k_sup,total_time
40,5,1.0199999451288022e-05,1.06999996205559e-05,9.499999578110874e-06,5.99999930273043e-06,0.0013579000005847774,6.000000212225132e-06,4.70000031782547e-06,9.399999726156238e-06,1.600000359758269e-06,0.004517699999269098,0.0027215000000069267,0.011829900000520865,0.0009258000000045286,1.2900000001536682e-05,1.0600000678095967e-05,0.02143439999963448
