percentage,execution,ar_r_sub,k_s_sup,ks_sf_in,n_r_t,nk_k_sup,nrs_ns_r,ns_s_spe,ns_s_sup,ns_sub_r,r_ar_sup,s_k_sub,s_ns_sub,s_nsup_k,sub_r_r,t_k_sup,total_time
60,6,0.01908759999969334,9.070000123756472e-05,2.289999792992603e-05,1.6699999832781032e-05,0.012436600001819897,1.3900000340072438e-05,1.1500000255182385e-05,2.390000008745119e-05,2.5100000129896216e-05,0.007707000000664266,0.027818500000648783,0.05194099999971513,0.0054559000018343795,0.0031113999993976904,0.008446799998637289,0.13620950000222365
