percentage,execution,ar_r_sub,k_s_sup,ks_sf_in,n_r_t,nk_k_sup,nrs_ns_r,ns_s_spe,ns_s_sup,ns_sub_r,r_ar_sup,s_k_sub,s_ns_sub,s_nsup_k,sub_r_r,t_k_sup,total_time
20,10,0.05186719999983325,7.920000098238233e-05,1.1199999789823778e-05,8.299999535665847e-06,0.0036591000007319963,7.5000007200287655e-06,5.700001565855928e-06,1.1500000255182385e-05,1.6199999663513154e-05,0.0008708999994269107,0.02381980000063777,0.07773029999952996,0.0031030000009195646,0.009698799998659524,0.008498899998812703,0.17938760000106413
