percentage,execution,ar_r_sub,k_s_sup,ks_sf_in,n_r_t,nk_k_sup,nrs_ns_r,ns_s_spe,ns_s_sup,ns_sub_r,r_ar_sup,s_k_sub,s_ns_sub,s_nsup_k,sub_r_r,t_k_sup,total_time
60,10,0.005370400001993403,9.019999924930744e-05,2.2599999283556826e-05,1.5699999494245276e-05,0.011570799999390147,1.3900000340072438e-05,0.003349299999172217,0.00015170000006037299,2.5000001187436283e-05,0.00768179999977292,0.022498000000268803,0.04948130000229867,0.005053200000475044,0.0004967000004398869,0.00853829999869049,0.11435890000211657
