percentage,execution,k_s_sup,s_k_sub,t_k_sup,ns_s_sup,s_ns_sub,r_ar_sup,ar_r_sub,ns_sub_r,ks_sf_in,sub_r_r,n_r_t,ns_s_spe,nk_k_sup,s_nsup_k,nrs_ns_r,total_time
95,1,8.599995635449886e-05,0.03428159991744906,0.017888199887238443,0.0002207000507041812,0.03391140000894666,0.004882699926383793,0.010719200014136732,1.5499885194003582e-05,1.2100092135369778e-05,0.001218699966557324,9.09995287656784e-06,0.0016276000533252954,0.003653000108897686,0.003799400059506297,7.699942216277122e-06,0.11233289982192218
