percentage,execution,ar_r_sub,k_s_sup,ks_sf_in,n_r_t,nk_k_sup,nrs_ns_r,ns_s_spe,ns_s_sup,ns_sub_r,r_ar_sup,s_k_sub,s_ns_sub,s_nsup_k,sub_r_r,t_k_sup,total_time
50,9,0.02414720004890114,8.089991752058268e-05,1.1299969628453255e-05,1.2200092896819115e-05,0.0037974000442773104,6.8999361246824265e-06,0.001638100016862154,7.599999662488699e-05,1.3199984095990658e-05,0.003281199955381453,0.022194999968633056,0.0630291000707075,0.0031844000332057476,0.0044614000944420695,0.008788700099103153,0.134723000228405
