percentage,execution,k_s_sup,s_k_sub,t_k_sup,ns_s_sup,s_ns_sub,r_ar_sup,ar_r_sub,ns_sub_r,ks_sf_in,sub_r_r,n_r_t,ns_s_spe,nk_k_sup,s_nsup_k,nrs_ns_r,total_time
70,5,0.0001319000730291009,0.037434899946674705,0.014646900002844632,0.00012869993224740028,0.06261400005314499,0.003954700077883899,0.019580600084736943,2.3099943064153194e-05,1.859990879893303e-05,0.001977900043129921,1.7700018361210823e-05,0.0032925999257713556,0.007507100002840161,0.00785560009535402,0.001281399978324771,0.1604657000862062
