percentage,execution,ar_r_sub,k_s_sup,ks_sf_in,n_r_t,nk_k_sup,nrs_ns_r,ns_s_spe,ns_s_sup,ns_sub_r,r_ar_sup,s_k_sub,s_ns_sub,s_nsup_k,sub_r_r,t_k_sup,total_time
80,7,0.02155020000100194,7.889999869803432e-05,1.1500000255182385e-05,8.299999535665847e-06,0.0034641000002011424,6.100000973674469e-06,5.699999746866524e-06,1.21000011858996e-05,2.7300002329866402e-05,0.005357599999115337,0.023184200001196587,0.03506260000176553,0.003010000000358559,0.0036338000008981908,0.008111000001008506,0.10352340000827098
