percentage,execution,ar_r_sub,k_s_sup,ks_sf_in,n_r_t,nk_k_sup,nrs_ns_r,ns_s_spe,ns_s_sup,ns_sub_r,r_ar_sup,s_k_sub,s_ns_sub,s_nsup_k,sub_r_r,t_k_sup,total_time
60,8,0.018607299996801885,7.91000020399224e-05,1.089999932446517e-05,8.19999877421651e-06,0.0034593999989738222,6.8999997893115506e-06,0.001516500000434462,7.440000081260223e-05,1.3100001524435356e-05,0.0030377000002772547,0.02184309999938705,0.05074579999927664,0.00301940000099421,0.003199000000677188,0.008467800000289571,0.11408859999937704
