percentage,execution,ar_r_sub,k_s_sup,ks_sf_in,n_r_t,nk_k_sup,nrs_ns_r,ns_s_spe,ns_s_sup,ns_sub_r,r_ar_sup,s_k_sub,s_ns_sub,s_nsup_k,sub_r_r,t_k_sup,total_time
10,2,8.079991675913334e-05,8.660007733851671e-05,1.1199968867003918e-05,7.900060154497623e-06,0.0039493999211117625,9.00006853044033e-06,5.800044164061546e-06,1.170008908957243e-05,1.2399978004395962e-05,0.0001050999853760004,0.022682099952362478,0.0929478999460116,0.0033863000571727753,1.9400031305849552e-05,0.009210500051267445,0.13252610014751554
