percentage,execution,ar_r_sub,k_s_sup,ks_sf_in,n_r_t,nk_k_sup,nrs_ns_r,ns_s_spe,ns_s_sup,ns_sub_r,r_ar_sup,s_k_sub,s_ns_sub,s_nsup_k,sub_r_r,t_k_sup,total_time
70,2,0.008928399998694658,8.889986202120781e-05,1.1200085282325745e-05,8.299946784973145e-06,0.0037034000270068645,6.899703294038773e-06,5.700159817934036e-06,1.2400560081005096e-05,1.3200100511312485e-05,0.004982000216841698,0.022480200044810772,0.042121900245547295,0.003160799853503704,0.0013705999590456486,0.008767199702560902,0.09566110046580434
