percentage,execution,k_s_sup,s_k_sub,t_k_sup,ns_s_sup,s_ns_sub,r_ar_sup,ar_r_sub,ns_sub_r,ks_sf_in,sub_r_r,n_r_t,ns_s_spe,nk_k_sup,s_nsup_k,nrs_ns_r,total_time
80,2,8.620001608505845e-05,0.022704600021825172,0.008690100003150292,8.030000026337802e-05,0.038396399992052466,0.004861299996264279,0.0054352000006474555,1.3200013199821115e-05,1.170000177808106e-05,0.0005297000025166199,8.399991202168167e-06,0.0015896000113571063,0.0036552999954437837,0.003166499998769723,6.700007361359894e-06,0.08923520005191676
