percentage,execution,ar_r_sub,k_s_sup,ks_sf_in,n_r_t,nk_k_sup,nrs_ns_r,ns_s_spe,ns_s_sup,ns_sub_r,r_ar_sup,s_k_sub,s_ns_sub,s_nsup_k,sub_r_r,t_k_sup,total_time
80,6,0.02729560004081577,5.2999937906861305e-05,1.7200014553964138e-05,1.6999896615743637e-05,0.007197699975222349,1.200009137392044e-05,0.008607199997641146,0.00011650007218122482,2.3300061002373695e-05,0.009303600061684847,0.02128899993840605,0.03350919985678047,0.00616500002797693,0.004232499981299043,0.004103200044482946,0.12194199999794364
