percentage,execution,ar_r_sub,k_s_sup,ks_sf_in,n_r_t,nk_k_sup,nrs_ns_r,ns_s_spe,ns_s_sup,ns_sub_r,r_ar_sup,s_k_sub,s_ns_sub,s_nsup_k,sub_r_r,t_k_sup,total_time
70,3,0.01132130017504096,0.00011140014976263046,1.5700235962867737e-05,8.499715477228165e-06,0.0038558002561330795,6.899703294038773e-06,0.0017904997803270817,0.00010409951210021973,1.3899989426136017e-05,0.0036434996873140335,0.02349250018596649,0.050170599948614836,0.003508500289171934,0.00164309935644269,0.00948630040511489,0.10917259939014912
