percentage,execution,ar_r_sub,k_s_sup,ks_sf_in,n_r_t,nk_k_sup,nrs_ns_r,ns_s_spe,ns_s_sup,ns_sub_r,r_ar_sup,s_k_sub,s_ns_sub,s_nsup_k,sub_r_r,t_k_sup,total_time
30,1,0.03318380005657673,9.680003859102726e-05,2.429995220154524e-05,1.7300131730735302e-05,0.011702099931426346,1.8399907276034355e-05,0.003297799965366721,0.0001876000314950943,5.040003452450037e-05,0.004787200130522251,0.028752700076438487,0.07919580000452697,0.005041900090873241,0.005727600073441863,0.008755500079132617,0.18083920050412416
