percentage,execution,ar_r_sub,k_s_sup,ks_sf_in,n_r_t,nk_k_sup,nrs_ns_r,ns_s_spe,ns_s_sup,ns_sub_r,r_ar_sup,s_k_sub,s_ns_sub,s_nsup_k,sub_r_r,t_k_sup,total_time
40,6,0.006832399998529581,4.8499998229090124e-05,2.970000059576705e-05,1.1199999789823778e-05,0.0007642999989911914,1.329999759036582e-05,0.011364899999534828,0.005161000000953209,0.00022920000083104242,4.890000127488747e-05,0.0024067000013019424,0.005445099999633385,0.0006633000011788681,0.0011667000017041573,0.0005083000014565187,0.03469350000159466
