percentage,execution,ar_r_sub,k_s_sup,ks_sf_in,n_r_t,nk_k_sup,nrs_ns_r,ns_s_spe,ns_s_sup,ns_sub_r,r_ar_sup,s_k_sub,s_ns_sub,s_nsup_k,sub_r_r,t_k_sup,total_time
80,6,0.009543799795210361,8.180039003491402e-05,1.1799857020378113e-05,8.400063961744308e-06,0.0036593996919691563,6.6999346017837524e-06,0.0016528000123798847,7.680011913180351e-05,1.5900004655122757e-05,0.004783700220286846,0.02164429984986782,0.037661300506442785,0.0032418002374470234,0.0014340002089738846,0.008574599865823984,0.0923971007578075
