percentage,execution,ar_r_sub,k_s_sup,ks_sf_in,n_r_t,nk_k_sup,nrs_ns_r,ns_s_spe,ns_s_sup,ns_sub_r,r_ar_sup,s_k_sub,s_ns_sub,s_nsup_k,sub_r_r,t_k_sup,total_time
50,1,0.022474199533462524,9.909970685839653e-05,2.329982817173004e-05,1.7700251191854477e-05,0.012405599933117628,1.490022987127304e-05,0.0034154998138546944,0.00016169995069503784,2.7900561690330505e-05,0.005130200181156397,0.02906090021133423,0.06821310007944703,0.005487699992954731,0.003272700123488903,0.009134500287473202,0.15893900068476796
