execution,k_s_sup,s_k_sub,t_k_sup,ns_s_sup,s_ns_sub,r_ar_sup,ar_r_sub,ns_sub_r,ks_sf_in,sub_r_r,n_r_t,ns_s_spe,nk_k_sup,s_nsup_k,nrs_ns_r,total_time
1,8.250000246334821e-05,0.003179400009685196,0.0034825999900931492,1.6900012269616127e-05,0.01223809999646619,7.720000576227903e-05,0.0001373999984934926,1.71000137925148e-05,1.8600010662339628e-05,1.8499980797059834e-05,1.0000003385357559e-05,8.000002708286047e-06,0.010229899999103509,0.0006488999933935702,1.0899995686486363e-05,0.030176000014762394
2,0.00010590000601951033,0.0031768000044394284,0.0033912000071723014,1.679999695625156e-05,0.012011599988909438,7.769998046569526e-05,0.00013899999612476677,1.7400001524947584e-05,1.6399993910454214e-05,1.899998460430652e-05,1.0200019460171461e-05,1.130001328419894e-05,0.010324099988793023,0.0005651999963447452,1.060000795405358e-05,0.029893199985963292
3,8.250001701526344e-05,0.0034721999982139096,0.0038131000037537888,1.6499980119988322e-05,0.013331699999980628,8.310002158395946e-05,0.0001807000080589205,1.7400016076862812e-05,3.8300000596791506e-05,1.9300015992484987e-05,1.0000003385357559e-05,8.399976650252938e-06,0.009764999995240942,0.0007126999989850447,1.1299998732283711e-05,0.03156220003438648
4,9.139999747276306e-05,0.003124399998341687,0.0034164000098826364,8.899995009414852e-06,0.015755100001115352,7.049999840091914e-05,1.1199997970834374e-05,8.600007276982069e-06,1.1600001016631722e-05,1.2400007108226418e-05,4.5000051613897085e-06,4.2000028770416975e-06,0.0005296000017551705,0.0004993000038666651,5.199995939619839e-06,0.023553300023195334
5,8.009999874047935e-05,0.0033315999899059534,0.0038014000019757077,1.6000005416572094e-05,0.012630400000489317,0.00010200000542681664,0.00015440001152455807,1.6600009985268116e-05,1.5999990864656866e-05,1.899998460430652e-05,1.410000550094992e-05,2.1500003640539944e-05,0.009925699996529147,0.0005679999885614961,1.1199997970834374e-05,0.030707999991136603
