execution,ar_r_sub,k_s_sup,ks_sf_in,n_r_t,nk_k_sup,nrs_ns_r,ns_s_spe,ns_s_sup,ns_sub_r,r_ar_sup,s_k_sub,s_ns_sub,s_nsup_k,sub_r_r,t_k_sup,total_time
1,9.000301361083984e-06,7.84001313149929e-05,9.000301361083984e-06,4.999805241823196e-06,0.00029460014775395393,5.300156772136688e-06,4.699919372797012e-06,9.100418537855148e-06,9.499955922365189e-06,7.529975846409798e-05,0.0017045000568032265,0.008174099959433079,0.00023709982633590698,1.00000761449337e-05,0.0018721995875239372,0.012497800402343273
2,1.9399914890527725e-05,0.005808000452816486,1.8499791622161865e-05,1.0099727660417557e-05,1.090019941329956e-05,8.800067007541656e-06,0.010223700199276209,0.00014780042693018913,0.003124300390481949,0.0044952998869121075,0.0002177995629608631,0.00020609982311725616,9.400304406881332e-06,1.9999220967292786e-05,0.0002587004564702511,0.024578800424933434
3,2.3200642317533493e-05,0.006185499951243401,2.00001522898674e-05,1.0500196367502213e-05,1.180032268166542e-05,9.799841791391373e-06,0.010676000267267227,0.00015849992632865906,0.0032500997185707092,0.005157999694347382,0.00022640032693743706,0.000288600567728281,9.999610483646393e-06,2.1400395780801773e-05,0.0002717999741435051,0.02632160158827901
