execution,k_s_sup,s_k_sub,t_k_sup,ns_s_sup,s_ns_sub,r_ar_sup,ar_r_sub,ns_sub_r,ks_sf_in,sub_r_r,n_r_t,ns_s_spe,nk_k_sup,s_nsup_k,nrs_ns_r,total_time
1,0.0002187999925808981,0.005515399985597469,0.0025603999965824187,2.1200001356191933e-05,0.03344099999230821,0.00023249999503605068,3.0800001695752144e-05,2.829998265951872e-05,2.6400011847727e-05,2.9699993319809437e-05,1.1899988749064505e-05,2.2799998987466097e-05,0.0008836000051815063,0.0007839000027161092,1.6699996194802225e-05,0.04382339994481299
2,0.00014470001042354852,0.006173700006911531,0.001232099995831959,4.7900000936351717e-05,0.013820500011206605,0.006898499981616624,6.059998122509569e-05,4.129999433644116e-05,7.369999366346747e-05,4.460001946426928e-05,2.5200017262250185e-05,2.4299995857290924e-05,0.016546900005778298,0.0015564999921480194,2.3500004317611456e-05,0.04671400001097936
3,2.1400002879090607e-05,0.00017370001296512783,2.099999983329326e-05,1.8799983081407845e-05,0.00017399998614564538,0.010826999990968034,1.9800005247816443e-05,1.8399994587525725e-05,1.8100006855092943e-05,2.1200001356191933e-05,9.800001862458885e-06,9.499999578110874e-06,0.0005892000044696033,0.0004406000080052763,1.2500007869675756e-05,0.01237500000570435
