percentage,execution,k_s_sup,s_k_sub,t_k_sup,ns_s_sup,s_ns_sub,r_ar_sup,ar_r_sub,ns_sub_r,ks_sf_in,sub_r_r,n_r_t,ns_s_spe,nk_k_sup,s_nsup_k,nrs_ns_r,total_time
10,2,1.0100018698722124e-05,8.700008038431406e-06,9.500014130026102e-06,0.0191666000027908,1.0199990356341004e-05,1.030000566970557e-05,7.500001811422408e-05,1.7999846022576094e-06,9.499999578110874e-06,1.4699995517730713e-05,6.300004315562546e-06,0.005014599999412894,5.3000112529844046e-06,4.899993655271828e-06,5.900001269765198e-06,0.02435340004740283
