percentage,execution,ar_r_sub,k_s_sup,ks_sf_in,n_r_t,nk_k_sup,nrs_ns_r,ns_s_spe,ns_s_sup,ns_sub_r,r_ar_sup,s_k_sub,s_ns_sub,s_nsup_k,sub_r_r,t_k_sup,total_time
80,1,0.03518090000034135,1.1500000255182385e-05,3.0700000024808105e-05,6.999999641266186e-06,5.899999450775795e-06,5.500000042957254e-06,0.011658100000204286,0.025865800000246963,2.3000011424301192e-06,7.650000043213367e-05,1.0300000212737359e-05,1.1799999811046291e-05,5.200000487093348e-06,1.5699999494245276e-05,1.0900000233959872e-05,0.07289810000202124
