percentage,execution,ar_r_sub,k_s_sup,ks_sf_in,n_r_t,nk_k_sup,nrs_ns_r,ns_s_spe,ns_s_sup,ns_sub_r,r_ar_sup,s_k_sub,s_ns_sub,s_nsup_k,sub_r_r,t_k_sup,total_time
80,6,0.02456930000334978,1.1500436812639236e-05,1.180032268166542e-05,6.9998204708099365e-06,6.0996972024440765e-06,5.400273948907852e-06,0.01188809983432293,0.029665499925613403,2.00001522898674e-06,7.819943130016327e-05,1.2899748980998993e-05,1.2400560081005096e-05,5.2996911108493805e-06,1.5400350093841553e-05,1.0699965059757233e-05,0.06630160007625818
