percentage,execution,ar_r_sub,k_s_sup,ks_sf_in,n_r_t,nk_k_sup,nrs_ns_r,ns_s_spe,ns_s_sup,ns_sub_r,r_ar_sup,s_k_sub,s_ns_sub,s_nsup_k,sub_r_r,t_k_sup,total_time
60,7,0.039537400007247925,1.1599971912801266e-05,1.0999967344105244e-05,6.8999361246824265e-06,5.899928510189056e-06,5.300040356814861e-06,0.009984900010749698,0.02405370003543794,2.599903382360935e-06,7.979990914463997e-05,9.600073099136353e-06,1.170008908957243e-05,5.100038833916187e-06,1.550000160932541e-05,1.0500079952180386e-05,0.07375149999279529
