percentage,execution,ar_r_sub,k_s_sup,ks_sf_in,n_r_t,nk_k_sup,nrs_ns_r,ns_s_spe,ns_s_sup,ns_sub_r,r_ar_sup,s_k_sub,s_ns_sub,s_nsup_k,sub_r_r,t_k_sup,total_time
60,6,0.048732099938206375,1.1599971912801266e-05,1.0899966582655907e-05,6.9999368861317635e-06,5.499925464391708e-06,5.299923941493034e-06,0.007967800018377602,0.013653900008648634,5.100038833916187e-06,8.040003012865782e-05,9.699957445263863e-06,1.1300086043775082e-05,5.00003807246685e-06,1.4999997802078724e-05,1.0299962013959885e-05,0.0705308998003602
