percentage,execution,k_s_sup,s_k_sub,t_k_sup,ns_s_sup,s_ns_sub,r_ar_sup,ar_r_sub,ns_sub_r,ks_sf_in,sub_r_r,n_r_t,ns_s_spe,nk_k_sup,s_nsup_k,nrs_ns_r,total_time
50,5,1.1099997209385037e-05,9.800016414374113e-06,1.0200004908256233e-05,0.027326400013407692,1.1099997209385037e-05,7.68999889260158e-05,0.040556699997978285,2.0999868866056204e-06,1.069999416358769e-05,1.550000160932541e-05,6.89999433234334e-06,0.010187300009420142,5.800000508315861e-06,4.899993655271828e-06,5.399997462518513e-06,0.0782407999940915
