percentage,execution,ar_r_sub,k_s_sup,ks_sf_in,n_r_t,nk_k_sup,nrs_ns_r,ns_s_spe,ns_s_sup,ns_sub_r,r_ar_sup,s_k_sub,s_ns_sub,s_nsup_k,sub_r_r,t_k_sup,total_time
80,7,1.0400000064691994e-05,9.700001101009548e-06,9.100000170292333e-06,5.4000001910026185e-06,4.900000021734741e-06,4.300000000512227e-06,0.0021366999999372638,0.008084000000053493,1.8999999156221747e-06,0.006975000000238651,8.399999387620483e-06,9.899998985929415e-06,4.399999852466863e-06,1.4599999303754885e-05,9.899999895424116e-06,0.01728859999911947
