percentage,execution,ar_r_sub,k_s_sup,ks_sf_in,n_r_t,nk_k_sup,nrs_ns_r,ns_s_spe,ns_s_sup,ns_sub_r,r_ar_sup,s_k_sub,s_ns_sub,s_nsup_k,sub_r_r,t_k_sup,total_time
80,9,0.034502400000747,1.2299999980314169e-05,1.1800000720540993e-05,7.200000254670158e-06,5.699999746866524e-06,5.099999725644011e-06,0.011438100000304985,0.027779999999438587,2.1999994714860804e-06,7.920000098238233e-05,9.900000804918818e-06,1.1300000551273115e-05,5.199999577598646e-06,1.539999993838137e-05,1.0800000382005237e-05,0.07389660000262666
