percentage,execution,ar_r_sub,k_s_sup,ks_sf_in,n_r_t,nk_k_sup,nrs_ns_r,ns_s_spe,ns_s_sup,ns_sub_r,r_ar_sup,s_k_sub,s_ns_sub,s_nsup_k,sub_r_r,t_k_sup,total_time
80,5,1.0100000508828089e-05,9.900000804918818e-06,9.599999430065509e-06,5.199999577598646e-06,5.099999725644011e-06,4.599999556376133e-06,0.0021212000001469278,0.0077134000002843095,1.8999999156221747e-06,0.006197200001224701,8.299999535665847e-06,9.800000043469481e-06,4.499999704421498e-06,1.2300000889808871e-05,9.299999874201603e-06,0.01612240000122256
