percentage,execution,ar_r_sub,k_s_sup,ks_sf_in,n_r_t,nk_k_sup,nrs_ns_r,ns_s_spe,ns_s_sup,ns_sub_r,r_ar_sup,s_k_sub,s_ns_sub,s_nsup_k,sub_r_r,t_k_sup,total_time
40,10,9.700000191514846e-06,1.0100000508828089e-05,9.20000093174167e-06,5.200000487093348e-06,5.199999577598646e-06,5.000000783184078e-06,0.0014114999994490063,0.005486999999448017,2.1999994714860804e-06,0.003999500000645639,8.699998943484388e-06,9.499999578110874e-06,4.599999556376133e-06,1.4899999769113492e-05,9.100001079787035e-06,0.010991400000420981
