percentage,execution,ar_r_sub,k_s_sup,ks_sf_in,n_r_t,nk_k_sup,nrs_ns_r,ns_s_spe,ns_s_sup,ns_sub_r,r_ar_sup,s_k_sub,s_ns_sub,s_nsup_k,sub_r_r,t_k_sup,total_time
80,1,0.03114009997807443,1.1500087566673756e-05,1.1299969628453255e-05,7.00005330145359e-06,5.900044925510883e-06,5.399924702942371e-06,0.010953499935567379,0.022629400016739964,2.200016751885414e-06,7.929990533739328e-05,9.999843314290047e-06,1.170008908957243e-05,5.300040356814861e-06,1.5099998563528061e-05,1.0600080713629723e-05,0.06489829998463392
