percentage,execution,k_s_sup,s_k_sub,t_k_sup,ns_s_sup,s_ns_sub,r_ar_sup,ar_r_sub,ns_sub_r,ks_sf_in,sub_r_r,n_r_t,ns_s_spe,nk_k_sup,s_nsup_k,nrs_ns_r,total_time
20,1,1.09999964479357e-05,9.400013368576765e-06,1.0900010238401592e-05,0.02652380001381971,1.1600001016631722e-05,1.2199991033412516e-05,0.016131500000483356,2.4000037228688598e-06,1.4599994756281376e-05,1.580000389367342e-05,7.099995855242014e-06,0.007060600008117035,5.699999746866524e-06,4.999994416721165e-06,6.000002031214535e-06,0.04982760002894793
