percentage,execution,k_s_sup,s_k_sub,t_k_sup,ns_s_sup,s_ns_sub,r_ar_sup,ar_r_sub,ns_sub_r,ks_sf_in,sub_r_r,n_r_t,ns_s_spe,nk_k_sup,s_nsup_k,nrs_ns_r,total_time
60,1,1.3900003978051245e-05,1.0100004146806896e-05,1.0499992640689015e-05,0.025921799999196082,1.1199997970834374e-05,1.4699995517730713e-05,0.029107000009389594,3.0999945010989904e-06,1.2499993317760527e-05,1.6700010746717453e-05,7.799986633472145e-06,0.01069279998773709,5.800000508315861e-06,5.099995178170502e-06,5.49999822396785e-06,0.06583849996968638
