percentage,execution,ar_r_sub,k_s_sup,ks_sf_in,n_r_t,nk_k_sup,nrs_ns_r,ns_s_spe,ns_s_sup,ns_sub_r,r_ar_sup,s_k_sub,s_ns_sub,s_nsup_k,sub_r_r,t_k_sup,total_time
30,7,0.00019530009012669325,1.089985016733408e-05,1.009996049106121e-05,6.6999346017837524e-06,5.400041118264198e-06,6.00004568696022e-06,0.006948299938812852,0.01781660004053265,1.700012944638729e-06,7.71998893469572e-05,9.300070814788342e-06,1.0600080713629723e-05,5.199923180043697e-06,1.750001683831215e-05,1.0299845598638058e-05,0.025131099740974605
