percentage,execution,ar_r_sub,k_s_sup,ks_sf_in,n_r_t,nk_k_sup,nrs_ns_r,ns_s_spe,ns_s_sup,ns_sub_r,r_ar_sup,s_k_sub,s_ns_sub,s_nsup_k,sub_r_r,t_k_sup,total_time
60,6,9.899999895424116e-06,9.60000033956021e-06,9.399999726156238e-06,5.200000487093348e-06,6.70000008540228e-06,5.300000339047983e-06,0.0021538999999393127,0.011188399999809917,2.099999619531445e-06,0.0077886000008220435,8.89999955688836e-06,9.700000191514846e-06,5.499999133462552e-06,1.140000040322775e-05,1.2200001037854236e-05,0.021226800001386437
