percentage,execution,ar_r_sub,k_s_sup,ks_sf_in,n_r_t,nk_k_sup,nrs_ns_r,ns_s_spe,ns_s_sup,ns_sub_r,r_ar_sup,s_k_sub,s_ns_sub,s_nsup_k,sub_r_r,t_k_sup,total_time
20,7,0.05222659988794476,1.100008375942707e-05,1.0400079190731049e-05,6.7999353632330894e-06,5.599926225841045e-06,5.700043402612209e-06,0.00599910004530102,0.015720699913799763,2.00001522898674e-06,1.170008908957243e-05,9.200070053339005e-06,1.1100084520876408e-05,4.800036549568176e-06,3.6199926398694515e-05,1.0299962013959885e-05,0.07407120009884238
