percentage,execution,ar_r_sub,k_s_sup,ks_sf_in,n_r_t,nk_k_sup,nrs_ns_r,ns_s_spe,ns_s_sup,ns_sub_r,r_ar_sup,s_k_sub,s_ns_sub,s_nsup_k,sub_r_r,t_k_sup,total_time
10,3,7.859990000724792e-05,1.0099727660417557e-05,9.09995287656784e-06,6.1998143792152405e-06,0.0002657999284565449,6.600283086299896e-06,4.699919372797012e-06,8.800067007541656e-06,9.699724614620209e-06,1.0100193321704865e-05,7.780035957694054e-05,7.750000804662704e-05,0.00018330011516809464,1.2899748980998993e-05,9.899958968162537e-06,0.0007710997015237808
