percentage,execution,ar_r_sub,k_s_sup,ks_sf_in,n_r_t,nk_k_sup,nrs_ns_r,ns_s_spe,ns_s_sup,ns_sub_r,r_ar_sup,s_k_sub,s_ns_sub,s_nsup_k,sub_r_r,t_k_sup,total_time
90,3,0.002660499420017004,0.0017784996889531612,1.019984483718872e-05,6.800051778554916e-06,0.0012316000647842884,5.8002769947052e-06,0.0025711003690958023,0.0017041000537574291,1.2599397450685501e-05,0.001707599963992834,0.003601999953389168,0.0036443001590669155,0.0010985997505486012,1.3499986380338669e-05,0.012461300007998943,0.03250849898904562
