percentage,execution,ar_r_sub,k_s_sup,ks_sf_in,n_r_t,nk_k_sup,nrs_ns_r,ns_s_spe,ns_s_sup,ns_sub_r,r_ar_sup,s_k_sub,s_ns_sub,s_nsup_k,sub_r_r,t_k_sup,total_time
10,5,7.480010390281677e-05,1.0400079190731049e-05,9.09995287656784e-06,6.400048732757568e-06,0.00037160003557801247,6.4997002482414246e-06,4.800036549568176e-06,8.799601346254349e-06,9.500421583652496e-06,9.900424629449844e-06,8.080014958977699e-05,7.539987564086914e-05,0.0002749999985098839,1.2500211596488953e-05,9.899958968162537e-06,0.0009654005989432335
