percentage,execution,ar_r_sub,k_s_sup,ks_sf_in,n_r_t,nk_k_sup,nrs_ns_r,ns_s_spe,ns_s_sup,ns_sub_r,r_ar_sup,s_k_sub,s_ns_sub,s_nsup_k,sub_r_r,t_k_sup,total_time
20,10,0.00035400036722421646,0.0009404001757502556,2.079969272017479e-05,1.1699739843606949e-05,0.011041500139981508,1.9700266420841217e-05,0.0033414000645279884,0.005189799703657627,0.0003839000128209591,0.0029957997612655163,0.003936999477446079,0.01811809977516532,0.001390600111335516,2.7099624276161194e-05,0.01330340001732111,0.06107519892975688
