percentage,execution,ar_r_sub,k_s_sup,ks_sf_in,n_r_t,nk_k_sup,nrs_ns_r,ns_s_spe,ns_s_sup,ns_sub_r,r_ar_sup,s_k_sub,s_ns_sub,s_nsup_k,sub_r_r,t_k_sup,total_time
60,5,7.300000015675323e-05,0.0016122999995786813,8.800000614428427e-06,5.2999994295532815e-06,5.599999894911889e-06,4.900000021734741e-06,0.0010154999999940628,0.0009320999997726176,1.0100000508828089e-05,0.0016133000008267118,0.00013549999948736513,0.00013269999999465654,4.599999556376133e-06,1.0399999155197293e-05,0.00015290000101231271,0.005717000000004191
