percentage,execution,ar_r_sub,k_s_sup,ks_sf_in,n_r_t,nk_k_sup,nrs_ns_r,ns_s_spe,ns_s_sup,ns_sub_r,r_ar_sup,s_k_sub,s_ns_sub,s_nsup_k,sub_r_r,t_k_sup,total_time
20,9,0.01744570000028034,0.0008667000001878478,1.9800000700342935e-05,1.1899999663000926e-05,0.011372799999662675,0.0002989000004163245,0.0034526999997979146,0.004798399998435343,0.00031209999906423036,0.0026900999991994468,0.003499500000543776,0.0206674999990355,0.0012283000005481881,2.6800001251103822e-05,0.012161300001025666,0.0788524999998117
