percentage,execution,ar_r_sub,k_s_sup,ks_sf_in,n_r_t,nk_k_sup,nrs_ns_r,ns_s_spe,ns_s_sup,ns_sub_r,r_ar_sup,s_k_sub,s_ns_sub,s_nsup_k,sub_r_r,t_k_sup,total_time
40,6,0.01063120000071649,0.0038985999999567866,9.999999747378752e-06,6.000000212225132e-06,0.0011510000003909227,0.00019940000038332073,0.001597100000253704,0.0008594999999331776,0.00015410000014526304,0.0026632999997673323,0.003732799999852432,0.012595199999850593,0.0010693999993236503,1.3300000318849925e-05,0.01202259999990929,0.050603500000761414
