percentage,execution,ar_r_sub,k_s_sup,ks_sf_in,n_r_t,nk_k_sup,nrs_ns_r,ns_s_spe,ns_s_sup,ns_sub_r,r_ar_sup,s_k_sub,s_ns_sub,s_nsup_k,sub_r_r,t_k_sup,total_time
20,3,0.0001337000003331923,1.0900001143454574e-05,9.399999726156238e-06,5.9000003602704965e-06,0.000600000000304135,6.70000008540228e-06,4.499999704421498e-06,9.099999260797631e-06,1.0000000656873453e-05,1.0200000360782724e-05,0.0001404999993610545,0.0001337000003331923,0.0004357999996500439,1.5000001440057531e-05,1.0200000360782724e-05,0.0015356000030806172
