percentage,execution,ar_r_sub,k_s_sup,ks_sf_in,n_r_t,nk_k_sup,nrs_ns_r,ns_s_spe,ns_s_sup,ns_sub_r,r_ar_sup,s_k_sub,s_ns_sub,s_nsup_k,sub_r_r,t_k_sup,total_time
50,4,0.006777499802410603,0.004403200000524521,1.0400544852018356e-05,6.400048732757568e-06,0.00120080029591918,0.00010640034452080727,0.0025054998695850372,0.0017754998989403248,0.00016660010442137718,0.0027482002042233944,0.003680400550365448,0.01003309991210699,0.0010747998021543026,1.2800097465515137e-05,0.012838200200349092,0.04733980167657137
