percentage,execution,ar_r_sub,k_s_sup,ks_sf_in,n_r_t,nk_k_sup,nrs_ns_r,ns_s_spe,ns_s_sup,ns_sub_r,r_ar_sup,s_k_sub,s_ns_sub,s_nsup_k,sub_r_r,t_k_sup,total_time
60,8,7.670000013604295e-05,0.0018004000003202236,9.299999874201603e-06,5.4000001910026185e-06,5.7999995988211595e-06,2.249999943160219e-05,0.0010690999997677864,0.0008792999997240258,9.800000043469481e-06,0.0016168000001925975,0.00017159999970317585,0.0001371000007566181,4.800000169780105e-06,1.0400000974186696e-05,0.00019019999945157906,0.006009200000335113
