percentage,execution,ar_r_sub,k_s_sup,ks_sf_in,n_r_t,nk_k_sup,nrs_ns_r,ns_s_spe,ns_s_sup,ns_sub_r,r_ar_sup,s_k_sub,s_ns_sub,s_nsup_k,sub_r_r,t_k_sup,total_time
40,7,0.00025550000100338366,8.310000066558132e-05,0.0008829999987938209,9.800000043469481e-06,0.010131499999260996,1.06999996205559e-05,8.200000593205914e-06,1.759999940986745e-05,1.809999957913533e-05,8.259999958681874e-05,0.003819399999883899,0.012877200000730227,0.0007760999997117324,2.159999894502107e-05,0.004459299999325594,0.03345369999715331
