percentage,execution,ar_r_sub,k_s_sup,ks_sf_in,n_r_t,nk_k_sup,nrs_ns_r,ns_s_spe,ns_s_sup,ns_sub_r,r_ar_sup,s_k_sub,s_ns_sub,s_nsup_k,sub_r_r,t_k_sup,total_time
60,10,0.006826000288128853,0.001792999915778637,9.799376130104065e-06,3.1599774956703186e-05,0.0012209000997245312,0.00010439986363053322,0.001775600016117096,0.0009324001148343086,1.1799857020378113e-05,0.0016546002589166164,0.0038189999759197235,0.00986800016835332,0.0011042999103665352,2.9299873858690262e-05,0.012432600371539593,0.04161329986527562
