percentage,execution,ar_r_sub,k_s_sup,ks_sf_in,n_r_t,nk_k_sup,nrs_ns_r,ns_s_spe,ns_s_sup,ns_sub_r,r_ar_sup,s_k_sub,s_ns_sub,s_nsup_k,sub_r_r,t_k_sup,total_time
80,10,0.00018739999995887047,7.550000009359792e-05,0.0006404999994629179,5.199999577598646e-06,0.0007104999995135586,5.100000635138713e-06,4.399999852466863e-06,9.60000033956021e-06,9.399999726156238e-06,0.0008559999987483025,0.0035562000002755667,0.006437400000322668,0.0005554999997912091,1.06999996205559e-05,0.004275399999642104,0.017338799997560272
