percentage,execution,ar_r_sub,k_s_sup,ks_sf_in,n_r_t,nk_k_sup,nrs_ns_r,ns_s_spe,ns_s_sup,ns_sub_r,r_ar_sup,s_k_sub,s_ns_sub,s_nsup_k,sub_r_r,t_k_sup,total_time
20,6,0.01540619999923365,1.049999991664663e-05,1.0200000360782724e-05,5.800000508315861e-06,5.500000042957254e-06,5.9000003602704965e-06,0.0024551999995310325,0.004860200000621262,0.00016090000008261995,1.06999996205559e-05,9.100000170292333e-06,1.049999991664663e-05,4.699999408330768e-06,1.320000046689529e-05,9.699999282020144e-06,0.022978299999522278
