percentage,execution,ar_r_sub,k_s_sup,ks_sf_in,n_r_t,nk_k_sup,nrs_ns_r,ns_s_spe,ns_s_sup,ns_sub_r,r_ar_sup,s_k_sub,s_ns_sub,s_nsup_k,sub_r_r,t_k_sup,total_time
20,9,0.00014150002971291542,1.1499971151351929e-05,1.0500196367502213e-05,7.200054824352264e-06,0.0010675997473299503,7.299706339836121e-06,0.0026374002918601036,0.004129400011152029,1.700129359960556e-06,0.005762799642980099,0.0009868000634014606,0.000935000367462635,0.0008546002209186554,1.930026337504387e-05,1.1400319635868073e-05,0.016584001015871763
