percentage,execution,k_s_sup,s_k_sub,t_k_sup,ns_s_sup,s_ns_sub,r_ar_sup,ar_r_sub,ns_sub_r,ks_sf_in,sub_r_r,n_r_t,ns_s_spe,nk_k_sup,s_nsup_k,nrs_ns_r,total_time
80,4,0.0009509999945294112,0.0056256000098073855,0.007244200009154156,0.0009774999925866723,0.008778899995377287,0.008656500009237789,0.001896300003863871,2.1000014385208488e-06,0.0007531999872298911,0.0002533000078983605,7.599999662488699e-06,0.003955399995902553,0.003132099998765625,0.002499599999282509,6.499991286545992e-06,0.044739799996023066
