percentage,execution,ar_r_sub,k_s_sup,ks_sf_in,n_r_t,nk_k_sup,nrs_ns_r,ns_s_spe,ns_s_sup,ns_sub_r,r_ar_sup,s_k_sub,s_ns_sub,s_nsup_k,sub_r_r,t_k_sup,total_time
40,3,0.011163400020450354,1.2299977242946625e-05,0.0002743997611105442,7.700175046920776e-06,0.001974300015717745,6.90016895532608e-06,0.0038940999656915665,0.0009673000313341618,1.7997808754444122e-06,0.0009570997208356857,0.0026108003221452236,0.008766099344938993,0.0014671999961137772,0.002287099603563547,1.2099742889404297e-05,0.03440259862691164
