percentage,execution,ar_r_sub,k_s_sup,ks_sf_in,n_r_t,nk_k_sup,nrs_ns_r,ns_s_spe,ns_s_sup,ns_sub_r,r_ar_sup,s_k_sub,s_ns_sub,s_nsup_k,sub_r_r,t_k_sup,total_time
90,10,0.0029476999770849943,0.0018944998737424612,0.0008451999165117741,8.400063961744308e-06,0.003474900033324957,6.800051778554916e-06,0.0028068000683560967,0.0001558999065309763,2.400018274784088e-06,0.007610099972225726,0.015243799891322851,0.01880309998523444,0.0031358000123873353,0.00045009993482381105,0.022580899996683,0.0799663997022435
