percentage,execution,k_s_sup,s_k_sub,t_k_sup,ns_s_sup,s_ns_sub,r_ar_sup,ar_r_sub,ns_sub_r,ks_sf_in,sub_r_r,n_r_t,ns_s_spe,nk_k_sup,s_nsup_k,nrs_ns_r,total_time
90,7,0.0009215000172844157,0.012150500013376586,0.013690300009329803,0.0009384000004502013,0.015201799993519671,0.008418799989158288,0.007126399999833666,2.1000014385208488e-06,0.0010080999927595258,0.0013199999957578257,7.700000423938036e-06,0.0038981999969109893,0.0032229000062216073,0.0028671000036410987,5.49999822396785e-06,0.0707793000183301
