percentage,execution,ar_r_sub,k_s_sup,ks_sf_in,n_r_t,nk_k_sup,nrs_ns_r,ns_s_spe,ns_s_sup,ns_sub_r,r_ar_sup,s_k_sub,s_ns_sub,s_nsup_k,sub_r_r,t_k_sup,total_time
20,5,0.01129989989567548,0.004510099999606609,0.0003288999432697892,7.999944500625134e-06,0.002328600035980344,7.79994297772646e-06,0.002911799936555326,0.0009555999422445893,2.300017513334751e-06,0.003936100052669644,0.004431799869053066,0.02182379993610084,0.0019307000329717994,0.0022450999822467566,0.007700599962845445,0.06442109949421138
