percentage,execution,ar_r_sub,k_s_sup,ks_sf_in,n_r_t,nk_k_sup,nrs_ns_r,ns_s_spe,ns_s_sup,ns_sub_r,r_ar_sup,s_k_sub,s_ns_sub,s_nsup_k,sub_r_r,t_k_sup,total_time
20,7,7.639999967068434e-05,0.005525099999431404,0.00022309999985736795,7.0000005507608876e-06,0.003396400000383437,3.169999945384916e-05,0.0012656999997489038,7.640000058017904e-05,1.8999999156221747e-06,0.00494780000008177,0.013289799999256502,0.04821259999971517,0.002763999999842781,1.7299999854003545e-05,0.020400299999892013,0.10023549999823445
