percentage,execution,ar_r_sub,k_s_sup,ks_sf_in,n_r_t,nk_k_sup,nrs_ns_r,ns_s_spe,ns_s_sup,ns_sub_r,r_ar_sup,s_k_sub,s_ns_sub,s_nsup_k,sub_r_r,t_k_sup,total_time
70,2,0.0019274000078439713,0.005240200087428093,0.0007300004363059998,7.6000578701496124e-06,0.003444800153374672,6.6999346017837524e-06,0.003960500005632639,0.0010643000714480877,1.80024653673172e-06,0.008654700126498938,0.01471969997510314,0.02820339985191822,0.002887700218707323,0.00026800017803907394,0.021536000072956085,0.09265280142426491
