percentage,execution,ar_r_sub,k_s_sup,ks_sf_in,n_r_t,nk_k_sup,nrs_ns_r,ns_s_spe,ns_s_sup,ns_sub_r,r_ar_sup,s_k_sub,s_ns_sub,s_nsup_k,sub_r_r,t_k_sup,total_time
80,1,0.002685799729079008,0.0009106998331844807,0.0007667997851967812,7.700175046920776e-06,0.0031043002381920815,6.4997002482414246e-06,0.0025844997726380825,0.0009570000693202019,1.80024653673172e-06,0.008334800135344267,0.011450200341641903,0.016039700247347355,0.0026589003391563892,0.0003969999961555004,0.013748500030487776,0.06365420063957572
