percentage,execution,ar_r_sub,k_s_sup,ks_sf_in,n_r_t,nk_k_sup,nrs_ns_r,ns_s_spe,ns_s_sup,ns_sub_r,r_ar_sup,s_k_sub,s_ns_sub,s_nsup_k,sub_r_r,t_k_sup,total_time
80,9,0.001316600013524294,0.001021200092509389,0.0008577998960390687,8.800067007541656e-06,0.0037582999793812633,7.200054824352264e-06,0.004383700084872544,0.0010327000636607409,2.100015990436077e-06,0.009378300048410892,0.0054908000165596604,0.012468800065107644,0.0029676000121980906,0.00019769987557083368,0.007617800030857325,0.050509400316514075
