percentage,execution,ar_r_sub,k_s_sup,ks_sf_in,n_r_t,nk_k_sup,nrs_ns_r,ns_s_spe,ns_s_sup,ns_sub_r,r_ar_sup,s_k_sub,s_ns_sub,s_nsup_k,sub_r_r,t_k_sup,total_time
60,5,0.006673699999737437,1.2499998774728738e-05,0.0006694999992760131,1.0099999599333387e-05,0.0027382999996916624,6.300000677583739e-06,0.003695299999890267,0.0009528999989925069,1.7999991541728377e-06,0.005243700000391982,0.004174800000328105,0.00713499999983469,0.002023699999881501,0.0014722999985679053,1.2900000001536682e-05,0.034822799994799425
