percentage,execution,ar_r_sub,k_s_sup,ks_sf_in,n_r_t,nk_k_sup,nrs_ns_r,ns_s_spe,ns_s_sup,ns_sub_r,r_ar_sup,s_k_sub,s_ns_sub,s_nsup_k,sub_r_r,t_k_sup,total_time
20,2,1.0099999599333387e-05,0.008175300000402785,9.499999578110874e-06,4.999999873689376e-06,5.4000001910026185e-06,4.999999873689376e-06,0.0008941999994931393,0.000908500000150525,1.6999993022182025e-06,0.005579100000431936,8.059999981924193e-05,7.359999926848104e-05,4.70000031782547e-06,1.1199999789823778e-05,9.28999997995561e-05,0.015856799997891358
