percentage,execution,ar_r_sub,k_s_sup,ks_sf_in,n_r_t,nk_k_sup,nrs_ns_r,ns_s_spe,ns_s_sup,ns_sub_r,r_ar_sup,s_k_sub,s_ns_sub,s_nsup_k,sub_r_r,t_k_sup,total_time
40,2,0.0009124999996856786,1.1899999663000926e-05,1.0599999768601265e-05,6.999999641266186e-06,0.0023058000006130897,7.300000106624793e-06,0.002591999999822292,0.0038811999993413338,1.8000000636675395e-06,0.012078800000381307,0.002755099999376398,0.008783000000221364,0.0017907000001287088,0.0001807000007829629,1.2399999832268804e-05,0.035330799999428564
