percentage,execution,ar_r_sub,k_s_sup,ks_sf_in,n_r_t,nk_k_sup,nrs_ns_r,ns_s_spe,ns_s_sup,ns_sub_r,r_ar_sup,s_k_sub,s_ns_sub,s_nsup_k,sub_r_r,t_k_sup,total_time
10,10,0.005863199941813946,1.2500095181167126e-05,1.2400094419717789e-05,8.09994526207447e-06,0.0014522999990731478,8.600065484642982e-06,6.100046448409557e-06,1.1100084520876408e-05,2.100015990436077e-06,0.004932100069709122,0.0020487000001594424,0.00909259996842593,0.0011099000694230199,0.0012397000100463629,1.3400102034211159e-05,0.025812800507992506
