percentage,execution,ar_r_sub,k_s_sup,ks_sf_in,n_r_t,nk_k_sup,nrs_ns_r,ns_s_spe,ns_s_sup,ns_sub_r,r_ar_sup,s_k_sub,s_ns_sub,s_nsup_k,sub_r_r,t_k_sup,total_time
10,3,0.021772600011900067,1.300009898841381e-05,1.2299977242946625e-05,7.999944500625134e-06,0.0015137000009417534,8.699949830770493e-06,5.999929271638393e-06,1.1099851690232754e-05,2.100015990436077e-06,0.004978499957360327,0.0028188000433146954,0.010149499983526766,0.001183499931357801,0.002333099953830242,1.3699871487915516e-05,0.04482459952123463
