percentage,execution,k_s_sup,s_k_sub,t_k_sup,ns_s_sup,s_ns_sub,r_ar_sup,ar_r_sub,ns_sub_r,ks_sf_in,sub_r_r,n_r_t,ns_s_spe,nk_k_sup,s_nsup_k,nrs_ns_r,total_time
40,8,1.1600001016631722e-05,0.0012083000037819147,1.1299998732283711e-05,0.004118500015465543,0.004273700003977865,0.009351599990623072,0.00020169999334029853,2.00001522898674e-06,0.0002535999956307933,1.7799990018829703e-05,7.300011930055916e-06,0.0038844999944558367,0.0018373000057181343,0.0014021999959368259,7.100010407157242e-06,0.026588500026264228
