percentage,execution,k_s_sup,s_k_sub,t_k_sup,ns_s_sup,s_ns_sub,r_ar_sup,ar_r_sub,ns_sub_r,ks_sf_in,sub_r_r,n_r_t,ns_s_spe,nk_k_sup,s_nsup_k,nrs_ns_r,total_time
40,2,1.170000177808106e-05,0.001103800008422695,1.1399999493733048e-05,0.003981499990914017,0.0010895000013988465,0.010622300003888085,0.0002629999944474548,1.700012944638729e-06,0.00046749999455641955,1.7700003809295595e-05,2.1100000594742596e-05,0.002646000008098781,0.001677299995208159,0.001266500010387972,6.89999433234334e-06,0.023187900020275265
