percentage,execution,ar_r_sub,k_s_sup,ks_sf_in,n_r_t,nk_k_sup,nrs_ns_r,ns_s_spe,ns_s_sup,ns_sub_r,r_ar_sup,s_k_sub,s_ns_sub,s_nsup_k,sub_r_r,t_k_sup,total_time
30,5,0.00026219990104436874,1.180032268166542e-05,1.0699965059757233e-05,7.199589163064957e-06,0.001442799810320139,7.3998235166072845e-06,0.001364199910312891,8.380040526390076e-05,1.700129359960556e-06,7.720012217760086e-05,0.000264099333435297,0.0002580997534096241,0.0011386997066438198,1.640012487769127e-05,1.1100433766841888e-05,0.00495739933103323
