percentage,execution,ar_r_sub,k_s_sup,ks_sf_in,n_r_t,nk_k_sup,nrs_ns_r,ns_s_spe,ns_s_sup,ns_sub_r,r_ar_sup,s_k_sub,s_ns_sub,s_nsup_k,sub_r_r,t_k_sup,total_time
70,6,0.0005651001119986176,0.0011501999106258154,0.0009292999748140574,9.500072337687016e-06,0.0032685999758541584,8.200062438845634e-06,0.004917699960060418,0.0011816001497209072,2.499902620911598e-06,0.00860080006532371,0.004037399892695248,0.004012000048533082,0.0025755000533536077,2.180004958063364e-05,0.00864649994764477,0.03992670017760247
