percentage,execution,ar_r_sub,k_s_sup,ks_sf_in,n_r_t,nk_k_sup,nrs_ns_r,ns_s_spe,ns_s_sup,ns_sub_r,r_ar_sup,s_k_sub,s_ns_sub,s_nsup_k,sub_r_r,t_k_sup,total_time
20,6,0.01153859996702522,1.2399978004395962e-05,0.0008413000032305717,7.899943739175797e-06,0.0020586999598890543,7.70005863159895e-06,5.699926987290382e-06,1.0999967344105244e-05,2.100015990436077e-06,1.3499986380338669e-05,0.0021185000659897923,0.008912999997846782,0.0016420000465586782,0.002273100079037249,1.2800097465515137e-05,0.029458300094120204
