percentage,execution,ar_r_sub,k_s_sup,ks_sf_in,n_r_t,nk_k_sup,nrs_ns_r,ns_s_spe,ns_s_sup,ns_sub_r,r_ar_sup,s_k_sub,s_ns_sub,s_nsup_k,sub_r_r,t_k_sup,total_time
20,9,9.700000191514846e-06,1.0399999155197293e-05,9.199999112752266e-06,4.900000021734741e-06,4.999999873689376e-06,5.599999894911889e-06,0.0015106000000741915,0.008723299999473966,1.8000009731622413e-06,0.005508699999154487,8.300000445160549e-06,9.800000043469481e-06,4.200000148557592e-06,1.2099999366910197e-05,9.499999578110874e-06,0.015833099997507816
