percentage,execution,ar_r_sub,k_s_sup,ks_sf_in,n_r_t,nk_k_sup,nrs_ns_r,ns_s_spe,ns_s_sup,ns_sub_r,r_ar_sup,s_k_sub,s_ns_sub,s_nsup_k,sub_r_r,t_k_sup,total_time
70,9,1.3999990187585354e-05,1.2100092135369778e-05,1.1499971151351929e-05,6.7999353632330894e-06,9.400071576237679e-06,5.999929271638393e-06,0.009056299924850464,0.029971699928864837,2.100015990436077e-06,0.024566099978983402,1.0200077667832375e-05,1.189985778182745e-05,5.500041879713535e-06,1.5500118024647236e-05,1.1199968867003918e-05,0.06371029990259558
