percentage,execution,ar_r_sub,k_s_sup,ks_sf_in,n_r_t,nk_k_sup,nrs_ns_r,ns_s_spe,ns_s_sup,ns_sub_r,r_ar_sup,s_k_sub,s_ns_sub,s_nsup_k,sub_r_r,t_k_sup,total_time
60,10,1.039961352944374e-05,1.0400079190731049e-05,9.900424629449844e-06,6.100162863731384e-06,5.600042641162872e-06,5.499925464391708e-06,0.00730150006711483,0.020033400505781174,1.80024653673172e-06,0.015053999610245228,8.999835699796677e-06,1.0600313544273376e-05,4.800036549568176e-06,1.3400334864854813e-05,9.899493306875229e-06,0.04248630069196224
