percentage,execution,k_s_sup,s_k_sub,t_k_sup,ns_s_sup,s_ns_sub,r_ar_sup,ar_r_sub,ns_sub_r,ks_sf_in,sub_r_r,n_r_t,ns_s_spe,nk_k_sup,s_nsup_k,nrs_ns_r,total_time
70,10,1.0499992640689015e-05,9.399984264746308e-06,9.700001101009548e-06,0.02683749998686835,1.0399991879239678e-05,0.022223100007977337,1.069999416358769e-05,1.700012944638729e-06,1.0100004146806896e-05,1.3299999409355223e-05,6.000002031214535e-06,0.008112100011203438,5.299996701069176e-06,8.800008799880743e-06,5.099995178170502e-06,0.057273699989309534
