percentage,execution,k_s_sup,s_k_sub,t_k_sup,ns_s_sup,s_ns_sub,r_ar_sup,ar_r_sub,ns_sub_r,ks_sf_in,sub_r_r,n_r_t,ns_s_spe,nk_k_sup,s_nsup_k,nrs_ns_r,total_time
60,1,1.0800009476952255e-05,1.1900017852894962e-05,9.799987310543656e-06,0.02693550000549294,1.0299991117790341e-05,0.02184079999278765,1.130001328419894e-05,2.0000006770715117e-06,9.900002623908222e-06,1.3199998647905886e-05,5.900001269765198e-06,0.0073170000105164945,5.399997462518513e-06,4.699992132373154e-06,5.199995939619839e-06,0.05619370001659263
