percentage,execution,ar_r_sub,k_s_sup,ks_sf_in,n_r_t,nk_k_sup,nrs_ns_r,ns_s_spe,ns_s_sup,ns_sub_r,r_ar_sup,s_k_sub,s_ns_sub,s_nsup_k,sub_r_r,t_k_sup,total_time
10,10,1.1299969628453255e-05,1.1299969628453255e-05,1.0999967344105244e-05,6.7999353632330894e-06,5.799927748739719e-06,6.300047971308231e-06,0.004568299977108836,0.025691900053061545,2.400018274784088e-06,0.013189000077545643,9.899958968162537e-06,1.0900082997977734e-05,5.09992241859436e-06,1.54001172631979e-05,1.0300078429281712e-05,0.043555700103752315
