percentage,execution,ar_r_sub,k_s_sup,ks_sf_in,n_r_t,nk_k_sup,nrs_ns_r,ns_s_spe,ns_s_sup,ns_sub_r,r_ar_sup,s_k_sub,s_ns_sub,s_nsup_k,sub_r_r,t_k_sup,total_time
50,1,1.1300202459096909e-05,1.0800082236528397e-05,1.00000761449337e-05,6.399583071470261e-06,5.600042641162872e-06,7.899943739175797e-06,0.006692800205200911,0.020729999989271164,1.600012183189392e-06,0.016130900010466576,9.600073099136353e-06,1.1000316590070724e-05,5.09992241859436e-06,1.380033791065216e-05,1.039961352944374e-05,0.043657200410962105
