percentage,execution,ar_r_sub,k_s_sup,ks_sf_in,n_r_t,nk_k_sup,nrs_ns_r,ns_s_spe,ns_s_sup,ns_sub_r,r_ar_sup,s_k_sub,s_ns_sub,s_nsup_k,sub_r_r,t_k_sup,total_time
70,4,1.1500087566673756e-05,1.1800089851021767e-05,1.4200108125805855e-05,6.800051778554916e-06,6.3999323174357414e-06,6.00004568696022e-06,0.008305100025609136,0.021685499930754304,2.00001522898674e-06,0.01931590004824102,1.0300078429281712e-05,1.1599971912801266e-05,5.599926225841045e-06,1.4900113455951214e-05,1.0699965059757233e-05,0.04941830039024353
