percentage,execution,ar_r_sub,k_s_sup,ks_sf_in,n_r_t,nk_k_sup,nrs_ns_r,ns_s_spe,ns_s_sup,ns_sub_r,r_ar_sup,s_k_sub,s_ns_sub,s_nsup_k,sub_r_r,t_k_sup,total_time
80,8,1.0699965059757233e-05,1.3499986380338669e-05,1.00000761449337e-05,6.299931555986404e-06,6.100162863731384e-06,5.3998082876205444e-06,0.008844700176268816,0.017459800001233816,1.700129359960556e-06,0.01717539969831705,1.3400334864854813e-05,1.3699755072593689e-05,4.90015372633934e-06,1.2999866157770157e-05,1.3299752026796341e-05,0.043591899797320366
