percentage,execution,ar_r_sub,k_s_sup,ks_sf_in,n_r_t,nk_k_sup,nrs_ns_r,ns_s_spe,ns_s_sup,ns_sub_r,r_ar_sup,s_k_sub,s_ns_sub,s_nsup_k,sub_r_r,t_k_sup,total_time
80,1,1.1899974197149277e-05,1.1999974958598614e-05,1.1299969628453255e-05,6.700051017105579e-06,6.900052540004253e-06,7.00005330145359e-06,0.00920100009534508,0.024475900107063353,2.299901098012924e-06,0.02114049985539168,1.0199961252510548e-05,1.1400086805224419e-05,6.00004568696022e-06,1.4999997802078724e-05,1.2499978765845299e-05,0.05493060010485351
