percentage,execution,ar_r_sub,k_s_sup,ks_sf_in,n_r_t,nk_k_sup,nrs_ns_r,ns_s_spe,ns_s_sup,ns_sub_r,r_ar_sup,s_k_sub,s_ns_sub,s_nsup_k,sub_r_r,t_k_sup,total_time
20,5,1.0800000382005237e-05,1.0599999768601265e-05,9.899998985929415e-06,6.100000064179767e-06,5.200000487093348e-06,5.800000508315861e-06,0.004034999999930733,0.019259899999269692,2.099999619531445e-06,0.012448200000108045,9.299998964706901e-06,1.0200000360782724e-05,4.70000031782547e-06,1.3999999282532372e-05,9.899999895424116e-06,0.0358416999979454
