percentage,execution,ar_r_sub,k_s_sup,ks_sf_in,n_r_t,nk_k_sup,nrs_ns_r,ns_s_spe,ns_s_sup,ns_sub_r,r_ar_sup,s_k_sub,s_ns_sub,s_nsup_k,sub_r_r,t_k_sup,total_time
40,10,9.999999747378752e-06,1.049999991664663e-05,9.40000063565094e-06,5.9000003602704965e-06,5.199999577598646e-06,5.4000001910026185e-06,0.005458799999360053,0.023809999999684806,1.7000002117129043e-06,0.012922800000524148,8.800000614428427e-06,9.999999747378752e-06,4.399999852466863e-06,1.650000012887176e-05,9.499999578110874e-06,0.042288900000130525
