percentage,execution,k_s_sup,s_k_sub,t_k_sup,ns_s_sup,s_ns_sub,r_ar_sup,ar_r_sub,ns_sub_r,ks_sf_in,sub_r_r,n_r_t,ns_s_spe,nk_k_sup,s_nsup_k,nrs_ns_r,total_time
50,10,1.0199990356341004e-05,9.199982741847634e-06,9.899988071992993e-06,0.026207000002614222,1.0399991879239678e-05,0.017661400022916496,1.0399991879239678e-05,1.5999976312741637e-06,9.399998816661537e-06,1.309998333454132e-05,5.900001269765198e-06,0.007271299997228198,5.1000097300857306e-06,4.699992132373154e-06,5.2000104915350676e-06,0.05123479996109381
