percentage,execution,ar_r_sub,k_s_sup,ks_sf_in,n_r_t,nk_k_sup,nrs_ns_r,ns_s_spe,ns_s_sup,ns_sub_r,r_ar_sup,s_k_sub,s_ns_sub,s_nsup_k,sub_r_r,t_k_sup,total_time
20,10,1.0599847882986069e-05,1.0400544852018356e-05,1.00000761449337e-05,6.299931555986404e-06,5.300156772136688e-06,5.899928510189056e-06,0.0033264001831412315,0.011764700058847666,1.6996636986732483e-06,0.007877899799495935,9.300187230110168e-06,1.0100193321704865e-05,4.999805241823196e-06,1.4200340956449509e-05,9.700190275907516e-06,0.02306750090792775
