percentage,execution,k_s_sup,s_k_sub,t_k_sup,ns_s_sup,s_ns_sub,r_ar_sup,ar_r_sub,ns_sub_r,ks_sf_in,sub_r_r,n_r_t,ns_s_spe,nk_k_sup,s_nsup_k,nrs_ns_r,total_time
90,9,1.0799994925037026e-05,8.799994247965515e-06,9.300012607127428e-06,0.016916299995500594,1.309998333454132e-05,0.016874699998879805,1.0500007192604244e-05,1.7999846022576094e-06,9.499985026195645e-06,1.270000939257443e-05,6.100002792663872e-06,0.008068899987847544,5.299996701069176e-06,4.799992893822491e-06,4.7000066842883825e-06,0.04195729995262809
