percentage,execution,ar_r_sub,k_s_sup,ks_sf_in,n_r_t,nk_k_sup,nrs_ns_r,ns_s_spe,ns_s_sup,ns_sub_r,r_ar_sup,s_k_sub,s_ns_sub,s_nsup_k,sub_r_r,t_k_sup,total_time
80,8,1.2600000445672777e-05,1.2000000424450263e-05,1.1699999959091656e-05,6.799999937356915e-06,6.000000212225132e-06,5.7999995988211595e-06,0.008893500000340282,0.02665459999934683,1.99999976757681e-06,0.0253552000003765,9.999999747378752e-06,1.2300000889808871e-05,5.499999133462552e-06,1.5900000107649248e-05,1.120000069931848e-05,0.06101510000098642
