percentage,execution,ar_r_sub,k_s_sup,ks_sf_in,n_r_t,nk_k_sup,nrs_ns_r,ns_s_spe,ns_s_sup,ns_sub_r,r_ar_sup,s_k_sub,s_ns_sub,s_nsup_k,sub_r_r,t_k_sup,total_time
60,1,1.1399970389902592e-05,1.1699972674250603e-05,1.1499971151351929e-05,6.900052540004253e-06,5.999929271638393e-06,5.900044925510883e-06,0.007252700044773519,0.024479799903929234,1.7998972907662392e-06,0.019727000035345554,1.0100076906383038e-05,1.1199968867003918e-05,5.300040356814861e-06,1.4899997040629387e-05,1.0600080713629723e-05,0.05156679998617619
