percentage,execution,k_s_sup,s_k_sub,t_k_sup,ns_s_sup,s_ns_sub,r_ar_sup,ar_r_sub,ns_sub_r,ks_sf_in,sub_r_r,n_r_t,ns_s_spe,nk_k_sup,s_nsup_k,nrs_ns_r,total_time
60,10,1.030000566970557e-05,9.199982741847634e-06,9.800001862458885e-06,0.02687560000049416,1.1299998732283711e-05,0.019964499995694496,1.0400020983070135e-05,1.8999999156221747e-06,9.499999578110874e-06,1.3400014722719789e-05,6.000002031214535e-06,0.007377700007054955,5.3000112529844046e-06,4.6000059228390455e-06,5.099995178170502e-06,0.05431460004183464
