percentage,execution,k_s_sup,s_k_sub,t_k_sup,ns_s_sup,s_ns_sub,r_ar_sup,ar_r_sub,ns_sub_r,ks_sf_in,sub_r_r,n_r_t,ns_s_spe,nk_k_sup,s_nsup_k,nrs_ns_r,total_time
20,5,9.900002623908222e-06,8.800008799880743e-06,9.499999578110874e-06,0.005343200013157912,9.800001862458885e-06,0.0041351000108988956,1.0200004908256233e-05,1.6999838408082724e-06,9.2999980552122e-06,1.3500000932253897e-05,5.900001269765198e-06,0.002635199998621829,5.1000097300857306e-06,4.8000074457377195e-06,5.699999746866524e-06,0.01220770004147198
