percentage,execution,ar_r_sub,k_s_sup,ks_sf_in,n_r_t,nk_k_sup,nrs_ns_r,ns_s_spe,ns_s_sup,ns_sub_r,r_ar_sup,s_k_sub,s_ns_sub,s_nsup_k,sub_r_r,t_k_sup,total_time
10,1,0.054368100012652576,1.1800089851021767e-05,1.109996810555458e-05,8.300063200294971e-06,0.0037184999091550708,8.100061677396297e-06,6.00004568696022e-06,1.070008147507906e-05,1.4699879102408886e-05,1.3300101272761822e-05,0.010469099972397089,0.041169599862769246,0.0027272000443190336,0.009904400096274912,1.2399861589074135e-05,0.12245330004952848
