percentage,execution,ar_r_sub,k_s_sup,ks_sf_in,n_r_t,nk_k_sup,nrs_ns_r,ns_s_spe,ns_s_sup,ns_sub_r,r_ar_sup,s_k_sub,s_ns_sub,s_nsup_k,sub_r_r,t_k_sup,total_time
60,8,0.058535899966955185,5.3699943237006664e-05,1.6099889762699604e-05,1.4799879863858223e-05,0.01750069996342063,1.1199968867003918e-05,1.070008147507906e-05,1.640012487769127e-05,1.8400023691356182e-05,5.6999968364834785e-05,0.0367691001156345,0.05541180004365742,0.007032599998638034,0.008980900165624917,0.0005707000382244587,0.18500000017229468
