percentage,execution,k_s_sup,s_k_sub,t_k_sup,ns_s_sup,s_ns_sub,r_ar_sup,ar_r_sub,ns_sub_r,ks_sf_in,sub_r_r,n_r_t,ns_s_spe,nk_k_sup,s_nsup_k,nrs_ns_r,total_time
10,10,1.1600001016631722e-05,0.009867900007520802,1.2100004823878407e-05,1.0100004146806896e-05,0.03941989998565987,1.2999997125007212e-05,0.05120349999924656,1.300001167692244e-05,1.0799994925037026e-05,0.009366200014483184,7.599999662488699e-06,5.49999822396785e-06,0.0035524999984772876,0.0025784000026760623,6.50000583846122e-06,0.11607860002550296
