percentage,execution,ar_r_sub,k_s_sup,ks_sf_in,n_r_t,nk_k_sup,nrs_ns_r,ns_s_spe,ns_s_sup,ns_sub_r,r_ar_sup,s_k_sub,s_ns_sub,s_nsup_k,sub_r_r,t_k_sup,total_time
80,1,0.035458299913443625,9.96999442577362e-05,1.1399970389902592e-05,7.400056347250938e-06,0.0039010000182315707,5.400041118264198e-06,5.299923941493034e-06,1.1399970389902592e-05,1.2800097465515137e-05,8.450006134808064e-05,0.03152460011187941,0.04094829992391169,0.0035232999362051487,0.005362199968658388,0.0009974000276997685,0.12195299996528774
