percentage,execution,ar_r_sub,k_s_sup,ks_sf_in,n_r_t,nk_k_sup,nrs_ns_r,ns_s_spe,ns_s_sup,ns_sub_r,r_ar_sup,s_k_sub,s_ns_sub,s_nsup_k,sub_r_r,t_k_sup,total_time
80,8,0.014705799520015717,9.440071880817413e-05,1.2499745935201645e-05,8.600298315286636e-06,0.0046318001113832,7.200054824352264e-06,6.100162863731384e-06,1.2599863111972809e-05,1.3499986380338669e-05,9.670015424489975e-05,0.030715699773281813,0.052173100877553225,0.004203899763524532,0.0023602000437676907,0.001121200155466795,0.11016330122947693
