percentage,execution,ar_r_sub,k_s_sup,ks_sf_in,n_r_t,nk_k_sup,nrs_ns_r,ns_s_spe,ns_s_sup,ns_sub_r,r_ar_sup,s_k_sub,s_ns_sub,s_nsup_k,sub_r_r,t_k_sup,total_time
60,4,0.055460500065237284,8.340005297213793e-05,1.0499963536858559e-05,7.70005863159895e-06,0.0038565000286325812,5.299923941493034e-06,5.200039595365524e-06,1.1200085282325745e-05,1.2599979527294636e-05,8.649996016174555e-05,0.03307109989691526,0.057109400047920644,0.0034420000156387687,0.009021800011396408,0.000996299902908504,0.16318000003229827
