percentage,execution,ar_r_sub,k_s_sup,ks_sf_in,n_r_t,nk_k_sup,nrs_ns_r,ns_s_spe,ns_s_sup,ns_sub_r,r_ar_sup,s_k_sub,s_ns_sub,s_nsup_k,sub_r_r,t_k_sup,total_time
30,2,0.05585840018466115,0.00014910008758306503,1.2999866157770157e-05,8.400063961744308e-06,0.0046894000843167305,7.400289177894592e-06,6.299931555986404e-06,1.3400334864854813e-05,1.400010660290718e-05,9.680027142167091e-05,0.03418100019916892,0.09282870031893253,0.004168400075286627,0.010222899727523327,0.0012385998852550983,0.20349580142647028
