percentage,execution,ar_r_sub,k_s_sup,ks_sf_in,n_r_t,nk_k_sup,nrs_ns_r,ns_s_spe,ns_s_sup,ns_sub_r,r_ar_sup,s_k_sub,s_ns_sub,s_nsup_k,sub_r_r,t_k_sup,total_time
10,10,9.819958359003067e-05,9.750016033649445e-05,1.4999881386756897e-05,7.500406354665756e-06,0.004698399920016527,9.200070053339005e-06,5.7998113334178925e-06,1.2599863111972809e-05,1.569977030158043e-05,0.0001179003156721592,0.02889580000191927,0.09930460061877966,0.004198399838060141,2.71000899374485e-05,0.0011800997890532017,0.13868380011990666
