percentage,execution,ar_r_sub,k_s_sup,ks_sf_in,n_r_t,nk_k_sup,nrs_ns_r,ns_s_spe,ns_s_sup,ns_sub_r,r_ar_sup,s_k_sub,s_ns_sub,s_nsup_k,sub_r_r,t_k_sup,total_time
90,10,0.03392229997552931,8.669996168464422e-05,1.0800082236528397e-05,7.5999414548277855e-06,0.0038694998947903514,5.499925464391708e-06,5.500041879713535e-06,1.1399970389902592e-05,1.2699863873422146e-05,8.36000544950366e-05,0.03363389999140054,0.0401053000241518,0.003514900105074048,0.004661399987526238,0.00102830003015697,0.12095939985010773
