percentage,execution,k_s_sup,s_k_sub,t_k_sup,ns_s_sup,s_ns_sub,r_ar_sup,ar_r_sub,ns_sub_r,ks_sf_in,sub_r_r,n_r_t,ns_s_spe,nk_k_sup,s_nsup_k,nrs_ns_r,total_time
70,8,8.349999552592635e-05,0.03360870000324212,0.0009617999894544482,1.09999964479357e-05,0.04996269999537617,7.88999896030873e-05,0.04755210000439547,1.2300006346777081e-05,1.0800009476952255e-05,0.007284200008143671,7.099995855242014e-06,5.299996701069176e-06,0.0038305000052787364,0.0034022999898297712,5.199995939619839e-06,0.146816399981617
