percentage,execution,ar_r_sub,k_s_sup,ks_sf_in,n_r_t,nk_k_sup,nrs_ns_r,ns_s_spe,ns_s_sup,ns_sub_r,r_ar_sup,s_k_sub,s_ns_sub,s_nsup_k,sub_r_r,t_k_sup,total_time
80,9,0.05681570013985038,6.220024079084396e-05,1.949956640601158e-05,1.800013706088066e-05,0.02008999977260828,1.3400334864854813e-05,1.270044595003128e-05,1.9000377506017685e-05,2.110050991177559e-05,6.180023774504662e-05,0.04952349979430437,0.05700099980458617,0.008588199969381094,0.007092500105500221,0.000594000332057476,0.19993260176852345
