percentage,execution,ar_r_sub,k_s_sup,ks_sf_in,n_r_t,nk_k_sup,nrs_ns_r,ns_s_spe,ns_s_sup,ns_sub_r,r_ar_sup,s_k_sub,s_ns_sub,s_nsup_k,sub_r_r,t_k_sup,total_time
90,5,0.01972289988771081,1.5400350093841553e-05,1.4300458133220673e-05,1.1499971151351929e-05,0.006315200123935938,1.0699965059757233e-05,7.3998235166072845e-06,1.569977030158043e-05,1.5999656170606613e-05,2.5999732315540314e-05,0.018744000233709812,0.018713099882006645,0.004478199873119593,0.002744699828326702,2.0500272512435913e-05,0.07085559982806444
