percentage,execution,k_s_sup,s_k_sub,t_k_sup,ns_s_sup,s_ns_sub,r_ar_sup,ar_r_sub,ns_sub_r,ks_sf_in,sub_r_r,n_r_t,ns_s_spe,nk_k_sup,s_nsup_k,nrs_ns_r,total_time
60,10,5.469997995533049e-05,0.02925939999113325,0.0009267000132240355,1.549998705741018e-05,0.0456560000020545,5.129999772179872e-05,0.04873070000030566,1.7600003047846258e-05,0.0012442000006558374,0.0030178999877534807,1.3699987903237343e-05,1.0599993402138352e-05,0.015398300005472265,0.0053952999878674746,0.002257500003906898,0.15204939994146116
