percentage,execution,k_s_sup,s_k_sub,t_k_sup,ns_s_sup,s_ns_sub,r_ar_sup,ar_r_sub,ns_sub_r,ks_sf_in,sub_r_r,n_r_t,ns_s_spe,nk_k_sup,s_nsup_k,nrs_ns_r,total_time
80,8,5.020000389777124e-05,0.028890300018247217,0.000900499988347292,1.5399986295960844e-05,0.03626779999467544,5.299999611452222e-05,0.0350899000040954,1.7800004570744932e-05,0.0012338999949861318,0.0020958000095561147,1.3700002455152571e-05,1.060000795405358e-05,0.015296300000045449,0.0053918999910820276,0.001029399994877167,0.12635649999720044
