percentage,execution,ar_r_sub,k_s_sup,ks_sf_in,n_r_t,nk_k_sup,nrs_ns_r,ns_s_spe,ns_s_sup,ns_sub_r,r_ar_sup,s_k_sub,s_ns_sub,s_nsup_k,sub_r_r,t_k_sup,total_time
10,2,0.0063991001807153225,1.0699965059757233e-05,1.019984483718872e-05,6.299931555986404e-06,0.0005656001158058643,9.799841791391373e-06,4.600267857313156e-06,9.499955922365189e-06,1.2500211596488953e-05,1.2599863111972809e-05,0.0012063998728990555,0.00448929937556386,0.0003728000447154045,0.0011322000063955784,1.1400319635868073e-05,0.014252999797463417
