percentage,execution,ar_r_sub,k_s_sup,ks_sf_in,n_r_t,nk_k_sup,nrs_ns_r,ns_s_spe,ns_s_sup,ns_sub_r,r_ar_sup,s_k_sub,s_ns_sub,s_nsup_k,sub_r_r,t_k_sup,total_time
50,9,0.025207600090652704,9.120022878050804e-05,0.0008924002759158611,1.3499986380338669e-05,0.015427200123667717,0.0021321000531315804,1.0299962013959885e-05,2.0800158381462097e-05,2.3600179702043533e-05,9.04998742043972e-05,0.027007300406694412,0.05129559990018606,0.005052800290286541,0.002019699662923813,0.0018339003436267376,0.13111850153654814
