percentage,execution,ar_r_sub,k_s_sup,ks_sf_in,n_r_t,nk_k_sup,nrs_ns_r,ns_s_spe,ns_s_sup,ns_sub_r,r_ar_sup,s_k_sub,s_ns_sub,s_nsup_k,sub_r_r,t_k_sup,total_time
10,8,0.012295000022277236,1.589988823980093e-05,0.00037319993134588003,1.2300093658268452e-05,0.0017105999868363142,0.0021159001626074314,9.600073099136353e-06,1.400010660290718e-05,3.460003063082695e-05,1.6999896615743637e-05,0.00320490007288754,0.009803400025703013,0.0012585000367835164,0.00010429997928440571,1.680001150816679e-05,0.030986000318080187
