percentage,execution,ar_r_sub,k_s_sup,ks_sf_in,n_r_t,nk_k_sup,nrs_ns_r,ns_s_spe,ns_s_sup,ns_sub_r,r_ar_sup,s_k_sub,s_ns_sub,s_nsup_k,sub_r_r,t_k_sup,total_time
70,6,0.03086500009521842,8.299993351101875e-05,0.0006713998736813664,6.700051017105579e-06,0.0030879999976605177,5.700043402612209e-06,5.400041118264198e-06,1.1699972674250603e-05,1.3300101272761822e-05,8.309993427246809e-05,0.02650429995264858,0.039843699894845486,0.0027674000011757016,0.0035885999677702785,0.0018251999281346798,0.10936249978840351
