percentage,execution,k_s_sup,s_k_sub,t_k_sup,ns_s_sup,s_ns_sub,r_ar_sup,ar_r_sub,ns_sub_r,ks_sf_in,sub_r_r,n_r_t,ns_s_spe,nk_k_sup,s_nsup_k,nrs_ns_r,total_time
10,5,1.0099989594891667e-05,7.46000005165115e-05,9.500014130026102e-06,8.899995009414852e-06,7.409999670926481e-05,9.900002623908222e-06,7.109998841769993e-05,9.60000033956021e-06,9.000010322779417e-06,1.2600008631125093e-05,6.499991286545992e-06,4.6000059228390455e-06,0.00030020000122021884,0.0002928000030806288,6.599992047995329e-06,0.0009000999998534098
