percentage,execution,ar_r_sub,k_s_sup,ks_sf_in,n_r_t,nk_k_sup,nrs_ns_r,ns_s_spe,ns_s_sup,ns_sub_r,r_ar_sup,s_k_sub,s_ns_sub,s_nsup_k,sub_r_r,t_k_sup,total_time
20,3,0.012095599999156548,1.1000001904903911e-05,9.60000033956021e-06,6.400001439033076e-06,0.0016309000002365792,6.299998858594336e-06,4.699999408330768e-06,9.699999282020144e-06,1.0799998563015833e-05,1.1499998436192982e-05,0.0034214999996038387,0.00964899999962654,0.0012748999997711508,0.0022367999990819953,1.1399999493733048e-05,0.030390099995202036
