percentage,execution,ar_r_sub,k_s_sup,ks_sf_in,n_r_t,nk_k_sup,nrs_ns_r,ns_s_spe,ns_s_sup,ns_sub_r,r_ar_sup,s_k_sub,s_ns_sub,s_nsup_k,sub_r_r,t_k_sup,total_time
30,2,0.013195399660617113,0.00012640049681067467,0.0003608004190027714,1.2999866157770157e-05,0.006387199740856886,0.002136699855327606,1.019984483718872e-05,1.7399899661540985e-05,1.769978553056717e-05,0.00011929962784051895,0.03403509967029095,0.07404410000890493,0.005418799817562103,0.00011019967496395111,0.002739700023084879,0.13873199839144945
