percentage,execution,ar_r_sub,k_s_sup,ks_sf_in,n_r_t,nk_k_sup,nrs_ns_r,ns_s_spe,ns_s_sup,ns_sub_r,r_ar_sup,s_k_sub,s_ns_sub,s_nsup_k,sub_r_r,t_k_sup,total_time
50,10,0.00602420000359416,8.060038089752197e-05,9.80030745267868e-06,7.000286132097244e-06,0.0020666001364588737,6.500165909528732e-06,4.999805241823196e-06,1.0999385267496109e-05,1.0699965059757233e-05,0.0009173997677862644,0.013974699657410383,0.03070579981431365,0.001773499883711338,0.0011416999623179436,0.0018352996557950974,0.058569799177348614
