percentage,execution,ar_r_sub,k_s_sup,ks_sf_in,n_r_t,nk_k_sup,nrs_ns_r,ns_s_spe,ns_s_sup,ns_sub_r,r_ar_sup,s_k_sub,s_ns_sub,s_nsup_k,sub_r_r,t_k_sup,total_time
80,9,0.002504699999917648,1.1299998732283711e-05,1.0000001566368155e-05,5.899999450775795e-06,0.0010378999995737104,5.399999281507917e-06,0.0033992000007856404,0.010777899999084184,0.0002451999989716569,7.470000127796084e-05,0.0002617999980429886,0.00026020000041171443,0.0007815000008122297,1.3299999409355223e-05,1.0700001439545304e-05,0.01939969999875757
