percentage,execution,k_s_sup,s_k_sub,t_k_sup,ns_s_sup,s_ns_sub,r_ar_sup,ar_r_sub,ns_sub_r,ks_sf_in,sub_r_r,n_r_t,ns_s_spe,nk_k_sup,s_nsup_k,nrs_ns_r,total_time
10,3,1.139998494181782e-05,8.019999950192869e-05,1.0700008715502918e-05,9.299983503296971e-06,7.529999129474163e-05,1.0399991879239678e-05,7.690000347793102e-05,1.0400006431154907e-05,9.499999578110874e-06,1.7200014553964138e-05,6.89999433234334e-06,4.49999060947448e-06,0.0003532000118866563,0.00022420000459533185,7.099995855242014e-06,0.0009071999811567366
