percentage,execution,ar_r_sub,k_s_sup,ks_sf_in,n_r_t,nk_k_sup,nrs_ns_r,ns_s_spe,ns_s_sup,ns_sub_r,r_ar_sup,s_k_sub,s_ns_sub,s_nsup_k,sub_r_r,t_k_sup,total_time
40,7,0.001131500001065433,8.240004535764456e-05,0.00022059993352741003,6.300047971308231e-06,0.003563100006431341,1.1300086043775082e-05,5.199923180043697e-06,1.0199961252510548e-05,1.1499971151351929e-05,8.190004155039787e-05,0.019475199980661273,0.04538469994440675,0.0029869000427424908,0.0001721999142318964,0.0018094999250024557,0.07495249982457608
