percentage,execution,ar_r_sub,k_s_sup,ks_sf_in,n_r_t,nk_k_sup,nrs_ns_r,ns_s_spe,ns_s_sup,ns_sub_r,r_ar_sup,s_k_sub,s_ns_sub,s_nsup_k,sub_r_r,t_k_sup,total_time
20,5,0.016327800112776458,7.800001185387373e-05,1.0100076906383038e-05,6.09993003308773e-06,0.002985999919474125,6.800051778554916e-06,4.800036549568176e-06,1.0599847882986069e-05,1.1600088328123093e-05,8.189992513507605e-05,0.020111800055019557,0.05480789998546243,0.002756600035354495,0.003164699883200228,0.0017849999712780118,0.10214969993103296
