percentage,execution,ar_r_sub,k_s_sup,ks_sf_in,n_r_t,nk_k_sup,nrs_ns_r,ns_s_spe,ns_s_sup,ns_sub_r,r_ar_sup,s_k_sub,s_ns_sub,s_nsup_k,sub_r_r,t_k_sup,total_time
20,9,0.0001274999995075632,1.2599999536178075e-05,8.500001058564521e-06,5.300000339047983e-06,0.000562299999728566,5.799998689326458e-06,4.200001058052294e-06,7.99999907030724e-06,9.100001989281736e-06,9.299999874201603e-06,0.00013729999955103267,0.00012650000098801684,0.00040890000127546955,1.1199999789823778e-05,9.299999874201603e-06,0.0014458000023296336
