percentage,execution,ar_r_sub,k_s_sup,ks_sf_in,n_r_t,nk_k_sup,nrs_ns_r,ns_s_spe,ns_s_sup,ns_sub_r,r_ar_sup,s_k_sub,s_ns_sub,s_nsup_k,sub_r_r,t_k_sup,total_time
40,6,0.018516599899157882,9.23000043258071e-05,0.0013043999206274748,1.3100099749863148e-05,0.01422200002707541,0.0021155999274924397,9.899958968162537e-06,2.0199804566800594e-05,2.4400069378316402e-05,9.320001117885113e-05,0.025305400020442903,0.047683500102721155,0.004399899975396693,0.0003320998512208462,0.0018045002361759543,0.11593709990847856
