percentage,execution,ar_r_sub,k_s_sup,ks_sf_in,n_r_t,nk_k_sup,nrs_ns_r,ns_s_spe,ns_s_sup,ns_sub_r,r_ar_sup,s_k_sub,s_ns_sub,s_nsup_k,sub_r_r,t_k_sup,total_time
70,5,0.002461499534547329,8.089980110526085e-05,1.019984483718872e-05,6.6999346017837524e-06,0.0020596999675035477,6.100162863731384e-06,4.90015372633934e-06,1.3499986380338669e-05,1.2100208550691605e-05,0.000887600239366293,0.013538700062781572,0.02481910027563572,0.001811799593269825,0.0003920001909136772,0.001996699720621109,0.04810149967670441
