percentage,execution,ar_r_sub,k_s_sup,ks_sf_in,n_r_t,nk_k_sup,nrs_ns_r,ns_s_spe,ns_s_sup,ns_sub_r,r_ar_sup,s_k_sub,s_ns_sub,s_nsup_k,sub_r_r,t_k_sup,total_time
60,2,0.03243639972060919,0.00011849962174892426,0.0007104999385774136,1.309998333454132e-05,0.006044999696314335,0.002108300104737282,1.0099727660417557e-05,1.620035618543625e-05,1.7400365322828293e-05,0.00011569960042834282,0.03620380023494363,0.059139400254935026,0.005344599951058626,0.002846800722181797,0.0027285004034638405,0.14785430068150163
