percentage,execution,ar_r_sub,k_s_sup,ks_sf_in,n_r_t,nk_k_sup,nrs_ns_r,ns_s_spe,ns_s_sup,ns_sub_r,r_ar_sup,s_k_sub,s_ns_sub,s_nsup_k,sub_r_r,t_k_sup,total_time
60,2,0.0010051999997813255,1.0600000678095967e-05,9.999999747378752e-06,6.100000973674469e-06,0.0008362000007764436,5.899999450775795e-06,0.0020755999994435115,0.005463800000143237,0.00012859999878855888,7.469999945897143e-05,0.00019969999812019523,0.00019810000048892107,0.0006305999995674938,1.2900000001536682e-05,1.3299999409355223e-05,0.010671299996829475
