percentage,execution,ar_r_sub,k_s_sup,ks_sf_in,n_r_t,nk_k_sup,nrs_ns_r,ns_s_spe,ns_s_sup,ns_sub_r,r_ar_sup,s_k_sub,s_ns_sub,s_nsup_k,sub_r_r,t_k_sup,total_time
10,8,0.02107999986037612,1.1100433766841888e-05,1.5199650079011917e-05,8.800067007541656e-06,0.0018152003176510334,9.799841791391373e-06,5.700159817934036e-06,1.1199619621038437e-05,1.4299992471933365e-05,1.1799857020378113e-05,0.0037120995111763477,0.016435500234365463,0.001460100058466196,0.004128499887883663,1.1999625712633133e-05,0.04873129911720753
