percentage,execution,ar_r_sub,k_s_sup,ks_sf_in,n_r_t,nk_k_sup,nrs_ns_r,ns_s_spe,ns_s_sup,ns_sub_r,r_ar_sup,s_k_sub,s_ns_sub,s_nsup_k,sub_r_r,t_k_sup,total_time
20,5,0.07296979986131191,8.990010246634483e-05,0.0009165005758404732,1.6300473362207413e-05,0.016693499870598316,0.0062918998301029205,1.3100448995828629e-05,2.350006252527237e-05,2.3699365556240082e-05,9.079976007342339e-05,0.04350490076467395,0.07594590075314045,0.005563000217080116,0.0004408992826938629,0.0019073998555541039,0.22449110122397542
