percentage,execution,k_s_sup,s_k_sub,t_k_sup,ns_s_sup,s_ns_sub,r_ar_sup,ar_r_sub,ns_sub_r,ks_sf_in,sub_r_r,n_r_t,ns_s_spe,nk_k_sup,s_nsup_k,nrs_ns_r,total_time
40,3,0.00012310000602155924,0.03380400000605732,0.002704400016227737,1.5699988580308855e-05,0.06328589998884127,0.00011500000255182385,0.020714700003736652,1.6999998479150236e-05,0.0007283000013558194,0.0025852999970084056,1.2699994840659201e-05,1.0000003385357559e-05,0.005880299999262206,0.005222899999353103,0.0010076000035041943,0.13622690000920556
