percentage,execution,ar_r_sub,k_s_sup,ks_sf_in,n_r_t,nk_k_sup,nrs_ns_r,ns_s_spe,ns_s_sup,ns_sub_r,r_ar_sup,s_k_sub,s_ns_sub,s_nsup_k,sub_r_r,t_k_sup,total_time
20,4,0.000130500178784132,1.0400544852018356e-05,9.09995287656784e-06,6.500165909528732e-06,0.000596500001847744,6.400048732757568e-06,4.4996850192546844e-06,9.29972156882286e-06,1.0099727660417557e-05,1.019984483718872e-05,0.00013649975880980492,0.0001376001164317131,0.0004292000085115433,1.270044595003128e-05,9.799841791391373e-06,0.0015193000435829163
