percentage,execution,k_s_sup,s_k_sub,t_k_sup,ns_s_sup,s_ns_sub,r_ar_sup,ar_r_sub,ns_sub_r,ks_sf_in,sub_r_r,n_r_t,ns_s_spe,nk_k_sup,s_nsup_k,nrs_ns_r,total_time
30,1,8.230001549236476e-05,0.012072600002284162,0.001865199999883771,1.3199984095990658e-05,0.03728050000790972,7.789999654050916e-05,0.0001947999990079552,1.09999964479357e-05,1.0100004146806896e-05,1.3700002455152571e-05,6.800008122809231e-06,4.8000074457377195e-06,0.002089200002956204,0.0018237000040244311,6.800008122809231e-06,0.05555260003893636
