percentage,execution,ar_r_sub,k_s_sup,ks_sf_in,n_r_t,nk_k_sup,nrs_ns_r,ns_s_spe,ns_s_sup,ns_sub_r,r_ar_sup,s_k_sub,s_ns_sub,s_nsup_k,sub_r_r,t_k_sup,total_time
10,10,8.499948307871819e-05,1.3199634850025177e-05,9.200070053339005e-06,6.400048732757568e-06,0.0003185998648405075,6.800051778554916e-06,4.800036549568176e-06,1.219986006617546e-05,1.019984483718872e-05,1.3200100511312485e-05,7.979990914463997e-05,9.850040078163147e-05,0.0002962998114526272,1.2699980288743973e-05,1.3300217688083649e-05,0.0009801993146538734
