percentage,execution,ar_r_sub,k_s_sup,ks_sf_in,n_r_t,nk_k_sup,nrs_ns_r,ns_s_spe,ns_s_sup,ns_sub_r,r_ar_sup,s_k_sub,s_ns_sub,s_nsup_k,sub_r_r,t_k_sup,total_time
10,10,7.130007725208998e-05,1.0200077667832375e-05,8.900067768990993e-06,6.200047209858894e-06,0.00035740004386752844,6.4999330788850784e-06,4.299916326999664e-06,8.599949069321156e-06,1.2999866157770157e-05,9.599956683814526e-06,7.54999928176403e-05,7.159996312111616e-05,0.0002633000258356333,1.2699980288743973e-05,9.599956683814526e-06,0.0009286998538300395
