percentage,execution,ar_r_sub,k_s_sup,ks_sf_in,n_r_t,nk_k_sup,nrs_ns_r,ns_s_spe,ns_s_sup,ns_sub_r,r_ar_sup,s_k_sub,s_ns_sub,s_nsup_k,sub_r_r,t_k_sup,total_time
80,2,1.189985778182745e-05,0.001734199933707714,1.0200077667832375e-05,6.500049494206905e-06,0.0019307999173179269,6.199930794537067e-06,0.0010476000607013702,7.760000880807638e-05,2.00001522898674e-06,0.01649309985805303,0.004598700092174113,0.00799040007404983,0.0014918000670149922,1.5099882148206234e-05,0.010251299943774939,0.04566739976871759
