percentage,execution,ar_r_sub,k_s_sup,ks_sf_in,n_r_t,nk_k_sup,nrs_ns_r,ns_s_spe,ns_s_sup,ns_sub_r,r_ar_sup,s_k_sub,s_ns_sub,s_nsup_k,sub_r_r,t_k_sup,total_time
60,2,1.0000000656873453e-05,7.74000009187148e-05,9.199999112752266e-06,8.299999535665847e-06,0.0005556000005526585,5.399999281507917e-06,4.499999704421498e-06,9.60000033956021e-06,1.899999006127473e-06,0.0017310000002908055,0.003220899999178073,0.009516600000097242,0.0004596999997374951,1.0599999768601265e-05,0.003639699999439472,0.01926039999761997
