percentage,execution,ar_r_sub,k_s_sup,ks_sf_in,n_r_t,nk_k_sup,nrs_ns_r,ns_s_spe,ns_s_sup,ns_sub_r,r_ar_sup,s_k_sub,s_ns_sub,s_nsup_k,sub_r_r,t_k_sup,total_time
20,3,1.1300000551273115e-05,9.99999883788405e-06,9.60000033956021e-06,5.200000487093348e-06,0.00019969999993918464,5.600000804406591e-06,4.5000006139162e-06,8.799999704933725e-06,2.099999619531445e-06,0.002613300000120944,7.689999983995222e-05,7.310000000870787e-05,0.00013069999931758502,1.179999890155159e-05,9.399998816661537e-06,0.0031719999979031854
