percentage,execution,k_s_sup,s_k_sub,t_k_sup,ns_s_sup,s_ns_sub,r_ar_sup,ar_r_sub,ns_sub_r,ks_sf_in,sub_r_r,n_r_t,ns_s_spe,nk_k_sup,s_nsup_k,nrs_ns_r,total_time
20,5,1.0200004908256233e-05,0.00023090001195669174,1.0500007192604244e-05,8.99998121894896e-06,0.00018820000695995986,0.009019999983138405,1.0400006431154907e-05,1.5999830793589354e-06,9.399984264746308e-06,1.4099990949034691e-05,6.100002792663872e-06,5.900001269765198e-06,0.0006857999978819862,0.000490999998874031,6.400005077011883e-06,0.010699499965994619
