percentage,execution,ar_r_sub,k_s_sup,ks_sf_in,n_r_t,nk_k_sup,nrs_ns_r,ns_s_spe,ns_s_sup,ns_sub_r,r_ar_sup,s_k_sub,s_ns_sub,s_nsup_k,sub_r_r,t_k_sup,total_time
60,6,1.0800082236528397e-05,0.004928000154905021,1.0200077667832375e-05,6.5999338403344154e-06,0.0017721999902278185,6.4999330788850784e-06,0.0009684000397101045,7.720012217760086e-05,2.00001522898674e-06,0.013963500037789345,0.004635700141079724,0.014064999879337847,0.0014384000096470118,1.4400109648704529e-05,0.009689999860711396,0.05158890038728714
