percentage,execution,ar_r_sub,k_s_sup,ks_sf_in,n_r_t,nk_k_sup,nrs_ns_r,ns_s_spe,ns_s_sup,ns_sub_r,r_ar_sup,s_k_sub,s_ns_sub,s_nsup_k,sub_r_r,t_k_sup,total_time
60,9,1.160000010713702e-05,0.004871899999670859,1.0900001143454574e-05,6.600000233447645e-06,0.001760400000421214,6.399999620043673e-06,0.0009561000006215181,7.689999893045751e-05,1.7000002117129043e-06,0.014174800000546384,0.004697699999269389,0.013842700000168406,0.0014075999997658073,1.5099999473022763e-05,0.009834200000113924,0.05167460000029678
