percentage,execution,k_s_sup,s_k_sub,t_k_sup,ns_s_sup,s_ns_sub,r_ar_sup,ar_r_sub,ns_sub_r,ks_sf_in,sub_r_r,n_r_t,ns_s_spe,nk_k_sup,s_nsup_k,nrs_ns_r,total_time
40,6,0.0008783000084804371,0.001796299999114126,0.0033014999935403466,7.660000119358301e-05,0.004837500004214235,0.009871000002021901,1.0500007192604244e-05,1.8999853637069464e-06,1.0199990356341004e-05,1.479999627918005e-05,6.499991286545992e-06,0.0010008999961428344,0.0010405000066384673,0.0007978999929036945,6.599992047995329e-06,0.023650999966776
