percentage,execution,ar_r_sub,k_s_sup,ks_sf_in,n_r_t,nk_k_sup,nrs_ns_r,ns_s_spe,ns_s_sup,ns_sub_r,r_ar_sup,s_k_sub,s_ns_sub,s_nsup_k,sub_r_r,t_k_sup,total_time
40,3,9.79999913397478e-06,9.500000487605575e-06,9.20000093174167e-06,5.2999994295532815e-06,0.0003630999999586493,5.2999994295532815e-06,4.5000006139162e-06,8.299999535665847e-06,1.6999993022182025e-06,0.003101500000411761,0.00013560000115830917,0.00013099999978294363,0.0002345000002605957,1.0299999303242657e-05,9.000000318337698e-06,0.004038600000058068
