percentage,execution,ar_r_sub,k_s_sup,ks_sf_in,n_r_t,nk_k_sup,nrs_ns_r,ns_s_spe,ns_s_sup,ns_sub_r,r_ar_sup,s_k_sub,s_ns_sub,s_nsup_k,sub_r_r,t_k_sup,total_time
30,8,1.1400086805224419e-05,0.005054000066593289,1.0299962013959885e-05,6.600050255656242e-06,0.0011337000178173184,6.900052540004253e-06,0.001007300103083253,8.459994569420815e-05,1.8998980522155762e-06,0.00687909999396652,0.004686699830926955,0.017428399994969368,0.0009886000771075487,1.4600111171603203e-05,0.01000980008393526,0.047323900274932384
