percentage,execution,ar_r_sub,k_s_sup,ks_sf_in,n_r_t,nk_k_sup,nrs_ns_r,ns_s_spe,ns_s_sup,ns_sub_r,r_ar_sup,s_k_sub,s_ns_sub,s_nsup_k,sub_r_r,t_k_sup,total_time
50,1,1.0699965059757233e-05,0.001754599972628057,1.0299962013959885e-05,6.300047971308231e-06,0.0017775000305846334,6.4999330788850784e-06,0.0009695000480860472,7.790012750774622e-05,2.100015990436077e-06,0.009304000064730644,0.0061509000370278955,0.021917999954894185,0.0014477999648079276,1.3999990187585354e-05,0.013075899914838374,0.05652600002940744
