percentage,execution,k_s_sup,s_k_sub,t_k_sup,ns_s_sup,s_ns_sub,r_ar_sup,ar_r_sub,ns_sub_r,ks_sf_in,sub_r_r,n_r_t,ns_s_spe,nk_k_sup,s_nsup_k,nrs_ns_r,total_time
10,7,1.0400006431154907e-05,7.730000652372837e-05,9.900002623908222e-06,8.800008799880743e-06,7.760000880807638e-05,0.0044521999952849,1.069999416358769e-05,1.8999999156221747e-06,9.2999980552122e-06,1.4499993994832039e-05,6.100002792663872e-06,4.899993655271828e-06,0.0002508000034140423,0.00017430000298190862,6.800008122809231e-06,0.005115500025567599
