percentage,execution,ar_r_sub,k_s_sup,ks_sf_in,n_r_t,nk_k_sup,nrs_ns_r,ns_s_spe,ns_s_sup,ns_sub_r,r_ar_sup,s_k_sub,s_ns_sub,s_nsup_k,sub_r_r,t_k_sup,total_time
40,7,1.1099502444267273e-05,0.005050999578088522,1.0199379175901413e-05,9.400304406881332e-06,0.0013704001903533936,6.800051778554916e-06,0.0009965002536773682,8.539995178580284e-05,1.700129359960556e-06,0.011333100032061338,0.004656899720430374,0.014173700474202633,0.0011545997112989426,1.4800578355789185e-05,0.009958100039511919,0.04883369989693165
