percentage,execution,ar_r_sub,k_s_sup,ks_sf_in,n_r_t,nk_k_sup,nrs_ns_r,ns_s_spe,ns_s_sup,ns_sub_r,r_ar_sup,s_k_sub,s_ns_sub,s_nsup_k,sub_r_r,t_k_sup,total_time
20,4,0.015147000000069966,8.07999995231512e-05,1.0199999451288022e-05,6.100000064179767e-06,0.0014836999998806277,6.299999768089037e-06,4.999999873689376e-06,1.0100000508828089e-05,2.100000529026147e-06,7.619999996677507e-05,0.009784300001228985,0.037597999999889,0.0012658000005103531,0.0029346999999688705,0.0063602000000173575,0.07477050000125018
