percentage,execution,ar_r_sub,k_s_sup,ks_sf_in,n_r_t,nk_k_sup,nrs_ns_r,ns_s_spe,ns_s_sup,ns_sub_r,r_ar_sup,s_k_sub,s_ns_sub,s_nsup_k,sub_r_r,t_k_sup,total_time
80,2,0.0001351000000795466,7.819999973435188e-05,0.0004445999993549776,5.100000635138713e-06,0.000737499999559077,4.900000021734741e-06,4.399999852466863e-06,9.399999726156238e-06,1.600000359758269e-06,0.0016519999999218271,0.003718500000104541,0.0066372999990562676,0.000549700000192388,1.0599999768601265e-05,0.0045184999999037245,0.018507399998270557
