percentage,execution,ar_r_sub,k_s_sup,ks_sf_in,n_r_t,nk_k_sup,nrs_ns_r,ns_s_spe,ns_s_sup,ns_sub_r,r_ar_sup,s_k_sub,s_ns_sub,s_nsup_k,sub_r_r,t_k_sup,total_time
80,8,9.800000043469481e-06,7.869999990361976e-05,9.300000783696305e-06,5.4000001910026185e-06,0.0005478000002767658,5.099999725644011e-06,4.400000761961564e-06,9.399999726156238e-06,1.5999994502635673e-06,0.00251130000106059,0.002968900001178554,0.005973899999844434,0.00046490000022458844,1.0500000826141331e-05,0.0036371000005601672,0.016238100004557054
