percentage,execution,ar_r_sub,k_s_sup,ks_sf_in,n_r_t,nk_k_sup,nrs_ns_r,ns_s_spe,ns_s_sup,ns_sub_r,r_ar_sup,s_k_sub,s_ns_sub,s_nsup_k,sub_r_r,t_k_sup,total_time
60,10,0.0024040000007516937,1.1000000085914508e-05,1.0300000212737359e-05,6.199999916134402e-06,0.0013162000004740548,8.700000762473792e-06,4.800000169780105e-06,9.60000033956021e-06,1.8000009731622413e-06,1.2800000149582047e-05,0.002346899999793095,0.002272699999593897,0.0009048999991136952,0.0003067999996346771,1.089999932446517e-05,0.009627600001294923
