percentage,execution,ar_r_sub,k_s_sup,ks_sf_in,n_r_t,nk_k_sup,nrs_ns_r,ns_s_spe,ns_s_sup,ns_sub_r,r_ar_sup,s_k_sub,s_ns_sub,s_nsup_k,sub_r_r,t_k_sup,total_time
20,2,7.580000055895653e-05,1.4599999303754885e-05,0.0003257999987908988,5.9000003602704965e-06,0.00020049999966431642,6.199999916134402e-06,4.70000031782547e-06,8.50000014906982e-06,1.8000000636675395e-06,9.599999430065509e-06,7.619999996677507e-05,7.509999977628468e-05,0.0001236000007338589,1.1999999514955562e-05,1.1499999345687684e-05,0.0009517999978925218
