percentage,execution,ar_r_sub,k_s_sup,ks_sf_in,n_r_t,nk_k_sup,nrs_ns_r,ns_s_spe,ns_s_sup,ns_sub_r,r_ar_sup,s_k_sub,s_ns_sub,s_nsup_k,sub_r_r,t_k_sup,total_time
20,9,9.500000487605575e-06,0.003993500000433414,8.800001523923129e-06,5.099999725644011e-06,5.099999725644011e-06,4.900000021734741e-06,0.00044609999986278126,7.349999941652641e-05,1.5999994502635673e-06,0.002728200000092329,7.499999992433004e-05,7.010000081209e-05,4.399999852466863e-06,1.0599999768601265e-05,9.000000045489287e-05,0.007526400001552247
