percentage,execution,ar_r_sub,k_s_sup,ks_sf_in,n_r_t,nk_k_sup,nrs_ns_r,ns_s_spe,ns_s_sup,ns_sub_r,r_ar_sup,s_k_sub,s_ns_sub,s_nsup_k,sub_r_r,t_k_sup,total_time
40,2,7.439999990310753e-05,1.0099999599333387e-05,0.00025299999924754957,5.500000042957254e-06,0.0003606999998737592,5.200000487093348e-06,4.5000006139162e-06,8.50000014906982e-06,1.7999991541728377e-06,0.0022452000002886052,0.00013519999993150122,0.00013139999919076217,0.00023609999971085927,1.1199999789823778e-05,9.20000093174167e-06,0.0034919999989142525
