percentage,execution,ar_r_sub,k_s_sup,ks_sf_in,n_r_t,nk_k_sup,nrs_ns_r,ns_s_spe,ns_s_sup,ns_sub_r,r_ar_sup,s_k_sub,s_ns_sub,s_nsup_k,sub_r_r,t_k_sup,total_time
80,6,1.2000000424450263e-05,9.829999908106402e-05,9.299999874201603e-06,5.099999725644011e-06,0.0005782999996881699,5.2999994295532815e-06,4.499999704421498e-06,9.800000043469481e-06,1.8000000636675395e-06,0.002504400000361784,0.0031055000008564093,0.006397199999810255,0.0004558000000542961,1.0099999599333387e-05,0.0036721999995279475,0.016869599998244666
