percentage,execution,ar_r_sub,k_s_sup,ks_sf_in,n_r_t,nk_k_sup,nrs_ns_r,ns_s_spe,ns_s_sup,ns_sub_r,r_ar_sup,s_k_sub,s_ns_sub,s_nsup_k,sub_r_r,t_k_sup,total_time
50,9,0.01149989990517497,1.1600088328123093e-05,1.090019941329956e-05,6.6999346017837524e-06,0.001576900016516447,5.899928510189056e-06,5.000270903110504e-06,9.899958968162537e-06,2.0996667444705963e-06,1.1799857020378113e-05,0.002750599756836891,0.009001200087368488,0.0010815998539328575,0.0021440000273287296,1.1899974197149277e-05,0.02812999952584505
