percentage,execution,ar_r_sub,k_s_sup,ks_sf_in,n_r_t,nk_k_sup,nrs_ns_r,ns_s_spe,ns_s_sup,ns_sub_r,r_ar_sup,s_k_sub,s_ns_sub,s_nsup_k,sub_r_r,t_k_sup,total_time
60,3,9.500000487605575e-06,7.430000005115289e-05,8.89999955688836e-06,4.800000169780105e-06,0.0005361000003176741,5.200000487093348e-06,4.399999852466863e-06,9.099999260797631e-06,1.600000359758269e-06,0.0017505000005257898,0.003020999999534979,0.00891230000070209,0.00044010000056005083,1.0599999768601265e-05,0.003567499999917345,0.018355900001552072
