percentage,execution,ar_r_sub,k_s_sup,ks_sf_in,n_r_t,nk_k_sup,nrs_ns_r,ns_s_spe,ns_s_sup,ns_sub_r,r_ar_sup,s_k_sub,s_ns_sub,s_nsup_k,sub_r_r,t_k_sup,total_time
20,2,0.011402499862015247,1.070043072104454e-05,1.0899733752012253e-05,6.800051778554916e-06,0.0010444000363349915,7.6000578701496124e-06,5.499925464391708e-06,9.399838745594025e-06,2.100132405757904e-06,1.1499971151351929e-05,0.002506499644368887,0.008791100233793259,0.0006279000081121922,0.0021978002041578293,1.1400319635868073e-05,0.02664610045030713
