percentage,execution,ar_r_sub,k_s_sup,ks_sf_in,n_r_t,nk_k_sup,nrs_ns_r,ns_s_spe,ns_s_sup,ns_sub_r,r_ar_sup,s_k_sub,s_ns_sub,s_nsup_k,sub_r_r,t_k_sup,total_time
40,4,9.599999430065509e-06,0.004017399999611371,9.100000170292333e-06,5.200000487093348e-06,5.300000339047983e-06,4.800000169780105e-06,0.0008692999999766471,0.0008860999996613828,1.499999598308932e-06,0.003576699999939592,7.499999992433004e-05,7.759999971312936e-05,4.699999408330768e-06,1.049999991664663e-05,9.310000041296007e-05,0.009645899998758978
