percentage,execution,ar_r_sub,k_s_sup,ks_sf_in,n_r_t,nk_k_sup,nrs_ns_r,ns_s_spe,ns_s_sup,ns_sub_r,r_ar_sup,s_k_sub,s_ns_sub,s_nsup_k,sub_r_r,t_k_sup,total_time
40,10,9.200000022246968e-06,7.809999988239724e-05,8.600000001024455e-06,4.800000169780105e-06,0.0005363000000215834,5.2999994295532815e-06,4.200000148557592e-06,9.399999726156238e-06,1.5999994502635673e-06,0.0009268999992855242,0.003143400000226393,0.013190099999519589,0.00044380000053934054,9.999999747378752e-06,0.0036852000002909335,0.02205689999846072
