percentage,execution,ar_r_sub,k_s_sup,ks_sf_in,n_r_t,nk_k_sup,nrs_ns_r,ns_s_spe,ns_s_sup,ns_sub_r,r_ar_sup,s_k_sub,s_ns_sub,s_nsup_k,sub_r_r,t_k_sup,total_time
40,1,1.0300000212737359e-05,9.800000043469481e-06,9.200000022246968e-06,5.500000042957254e-06,0.0004845000003115274,5.500000042957254e-06,4.499999704421498e-06,8.499999239575118e-06,1.8000000636675395e-06,0.0077574000006279675,0.00013519999993150122,0.00013380000018514693,0.0003324999997857958,1.2499998774728738e-05,9.399999726156238e-06,0.008920399998714856
