percentage,execution,ar_r_sub,k_s_sup,ks_sf_in,n_r_t,nk_k_sup,nrs_ns_r,ns_s_spe,ns_s_sup,ns_sub_r,r_ar_sup,s_k_sub,s_ns_sub,s_nsup_k,sub_r_r,t_k_sup,total_time
10,7,2.169981598854065e-05,0.013985699974000454,2.1199695765972137e-05,1.4199875295162201e-05,0.009807099588215351,1.530023291707039e-05,0.005537599790841341,0.0038619008846580982,0.000655599869787693,0.01984620001167059,0.008472500368952751,0.021811699494719505,0.0031868000514805317,3.20998951792717e-05,0.017570200376212597,0.10483979992568493
