percentage,execution,ar_r_sub,k_s_sup,ks_sf_in,n_r_t,nk_k_sup,nrs_ns_r,ns_s_spe,ns_s_sup,ns_sub_r,r_ar_sup,s_k_sub,s_ns_sub,s_nsup_k,sub_r_r,t_k_sup,total_time
80,9,0.0024824999272823334,0.007431399542838335,0.0010465001687407494,1.4599412679672241e-05,0.010081000160425901,1.2099742889404297e-05,0.008373499847948551,0.0056677996180951595,1.8899794667959213e-05,0.02291460009291768,0.008347100112587214,0.012317499611526728,0.0038316003046929836,2.6700086891651154e-05,0.01917240023612976,0.10173819866031408
