percentage,execution,ar_r_sub,k_s_sup,ks_sf_in,n_r_t,nk_k_sup,nrs_ns_r,ns_s_spe,ns_s_sup,ns_sub_r,r_ar_sup,s_k_sub,s_ns_sub,s_nsup_k,sub_r_r,t_k_sup,total_time
20,8,7.899990305304527e-05,1.0699965059757233e-05,0.00023620016872882843,7.200054824352264e-06,0.0004966999404132366,6.90016895532608e-06,0.004403499886393547,0.010263199917972088,0.00027719978243112564,0.007607799954712391,7.71000050008297e-05,7.960014045238495e-05,0.00040660006925463676,1.5700701624155045e-05,1.0600313544273376e-05,0.023978000972419977
