percentage,execution,ar_r_sub,k_s_sup,ks_sf_in,n_r_t,nk_k_sup,nrs_ns_r,ns_s_spe,ns_s_sup,ns_sub_r,r_ar_sup,s_k_sub,s_ns_sub,s_nsup_k,sub_r_r,t_k_sup,total_time
80,4,0.001563000027090311,0.010215100133791566,0.0007334999972954392,7.100054062902927e-06,0.0021108000073581934,5.899928510189056e-06,0.004183200071565807,0.003973600105382502,0.002960600075311959,0.016107100062072277,0.006280199973843992,0.01278330001514405,0.0018594999564811587,1.6699894331395626e-05,0.014044700074009597,0.07684430037625134
