percentage,execution,ar_r_sub,k_s_sup,ks_sf_in,n_r_t,nk_k_sup,nrs_ns_r,ns_s_spe,ns_s_sup,ns_sub_r,r_ar_sup,s_k_sub,s_ns_sub,s_nsup_k,sub_r_r,t_k_sup,total_time
10,9,1.0999967344105244e-05,0.004899100051261485,9.999959729611874e-06,7.0999376475811005e-06,0.00019649998284876347,6.8999361246824265e-06,0.0010645999573171139,7.910002022981644e-05,0.00015300011727958918,0.0031561999348923564,0.0010604000417515635,0.004401399986818433,0.0001629000762477517,1.6100122593343258e-05,0.001921999966725707,0.017146300058811903
