percentage,execution,k_s_sup,s_k_sub,t_k_sup,ns_s_sup,s_ns_sub,r_ar_sup,ar_r_sub,ns_sub_r,ks_sf_in,sub_r_r,n_r_t,ns_s_spe,nk_k_sup,s_nsup_k,nrs_ns_r,total_time
90,7,0.007791700001689605,0.0060169999924255535,0.013674699992407113,0.003646099998150021,0.009076900008949451,0.01873440000053961,0.005826199994771741,1.239999255631119e-05,0.0004638999962480739,1.819999306462705e-05,6.900008884258568e-06,0.004112199996598065,0.002051000003120862,0.0018511999951442704,0.00010210000618826598,0.07338489998073783
