percentage,execution,ar_r_sub,k_s_sup,ks_sf_in,n_r_t,nk_k_sup,nrs_ns_r,ns_s_spe,ns_s_sup,ns_sub_r,r_ar_sup,s_k_sub,s_ns_sub,s_nsup_k,sub_r_r,t_k_sup,total_time
60,1,0.006660300000476127,0.022177300000294053,0.0006412000002455898,1.3799999578623101e-05,0.00964990000011312,0.00019280000014987309,0.008121400000163703,0.005453699999634409,0.0007689999993090169,0.03177239999968151,0.007953799999995681,0.011557900000298105,0.003708100000039849,2.3999999939405825e-05,0.019016799999917566,0.12771239999983663
