percentage,execution,ar_r_sub,k_s_sup,ks_sf_in,n_r_t,nk_k_sup,nrs_ns_r,ns_s_spe,ns_s_sup,ns_sub_r,r_ar_sup,s_k_sub,s_ns_sub,s_nsup_k,sub_r_r,t_k_sup,total_time
20,5,0.0001330999657511711,1.0799616575241089e-05,0.0004566996358335018,7.0999376475811005e-06,0.0009846999309957027,7.0999376475811005e-06,0.001128300093114376,7.84001313149929e-05,1.0400079190731049e-05,7.459986954927444e-05,0.00014089979231357574,0.000139700248837471,0.0008037001825869083,1.5600118786096573e-05,1.019984483718872e-05,0.004001299384981394
