percentage,execution,ar_r_sub,k_s_sup,ks_sf_in,n_r_t,nk_k_sup,nrs_ns_r,ns_s_spe,ns_s_sup,ns_sub_r,r_ar_sup,s_k_sub,s_ns_sub,s_nsup_k,sub_r_r,t_k_sup,total_time
80,1,0.0025282000005972805,0.01239039999927627,0.0009940999998434563,1.500000053056283e-05,0.013298899999426794,1.1499999345687684e-05,0.008304799999677925,0.005514200000106939,0.0032833999994181795,0.023836100001062732,0.006829899999502231,0.009777100000974315,0.0036701999997603707,2.5400000595254824e-05,0.016234899999290064,0.10671409999940806
