percentage,execution,ar_r_sub,k_s_sup,ks_sf_in,n_r_t,nk_k_sup,nrs_ns_r,ns_s_spe,ns_s_sup,ns_sub_r,r_ar_sup,s_k_sub,s_ns_sub,s_nsup_k,sub_r_r,t_k_sup,total_time
40,3,0.00013760000001639128,0.017441100091673434,0.0004086000844836235,7.100054062902927e-06,0.0016063000075519085,6.199930794537067e-06,0.004153099958784878,0.0037848999490961432,0.0004964999388903379,0.018886699923314154,0.001694000093266368,0.0016861000331118703,0.0013864999637007713,1.8700025975704193e-05,0.007699999958276749,0.05941340001299977
