percentage,execution,ar_r_sub,k_s_sup,ks_sf_in,n_r_t,nk_k_sup,nrs_ns_r,ns_s_spe,ns_s_sup,ns_sub_r,r_ar_sup,s_k_sub,s_ns_sub,s_nsup_k,sub_r_r,t_k_sup,total_time
30,4,1.0799616575241089e-05,0.010207099840044975,1.0599382221698761e-05,7.0999376475811005e-06,0.0018883002921938896,7.000286132097244e-06,0.004174600355327129,0.0036686002276837826,0.003001099918037653,0.011243099346756935,0.004710700362920761,0.021146200597286224,0.001746700145304203,1.7900019884109497e-05,0.011911199893802404,0.07375100022181869
