percentage,execution,ar_r_sub,k_s_sup,ks_sf_in,n_r_t,nk_k_sup,nrs_ns_r,ns_s_spe,ns_s_sup,ns_sub_r,r_ar_sup,s_k_sub,s_ns_sub,s_nsup_k,sub_r_r,t_k_sup,total_time
10,4,0.011673400062136352,1.400010660290718e-05,0.0003424999304115772,7.500057108700275e-06,0.0018852000357583165,0.00020640005823224783,5.199923180043697e-06,1.0499963536858559e-05,1.1899974197149277e-05,0.011549000046215951,0.0019566999981179833,0.008879800094291568,0.0015878000995144248,1.6999896615743637e-05,1.1900090612471104e-05,0.038158800336532295
