percentage,execution,ar_r_sub,k_s_sup,ks_sf_in,n_r_t,nk_k_sup,nrs_ns_r,ns_s_spe,ns_s_sup,ns_sub_r,r_ar_sup,s_k_sub,s_ns_sub,s_nsup_k,sub_r_r,t_k_sup,total_time
60,7,0.010890999808907509,0.014298800379037857,0.0002649999223649502,6.800051778554916e-06,0.0020769000984728336,0.0001946999691426754,0.0041450997814536095,0.0037158001214265823,0.00590150011703372,0.02127830032259226,0.006061200518161058,0.012190500274300575,0.001970199868083,1.730024814605713e-05,0.013924400322139263,0.0969375018030405
