percentage,execution,ar_r_sub,k_s_sup,ks_sf_in,n_r_t,nk_k_sup,nrs_ns_r,ns_s_spe,ns_s_sup,ns_sub_r,r_ar_sup,s_k_sub,s_ns_sub,s_nsup_k,sub_r_r,t_k_sup,total_time
40,3,0.0016395999118685722,0.005606100428849459,0.0007035001181066036,7.700175046920776e-06,0.0013649002648890018,6.500165909528732e-06,0.0034109000116586685,0.0016728001646697521,0.00013810023665428162,0.005625300109386444,0.0016071000136435032,0.0017025000415742397,0.0011626002378761768,1.5900004655122757e-05,0.00013069994747638702,0.024794201832264662
