percentage,execution,k_s_sup,s_k_sub,t_k_sup,ns_s_sup,s_ns_sub,r_ar_sup,ar_r_sub,ns_sub_r,ks_sf_in,sub_r_r,n_r_t,ns_s_spe,nk_k_sup,s_nsup_k,nrs_ns_r,total_time
80,5,0.013224599999375641,0.008125000007566996,0.018660999994608574,0.006126599997514859,0.011462399997981265,0.02656290000595618,0.002395300005446188,0.0029943999979877844,0.0010046000097645447,2.409999433439225e-05,1.5200013876892626e-05,0.00842590001411736,0.010126099979970604,0.0038160000112839043,1.1800002539530396e-05,0.11297590003232472
