percentage,execution,ar_r_sub,k_s_sup,ks_sf_in,n_r_t,nk_k_sup,nrs_ns_r,ns_s_spe,ns_s_sup,ns_sub_r,r_ar_sup,s_k_sub,s_ns_sub,s_nsup_k,sub_r_r,t_k_sup,total_time
80,3,0.005710200000066834,0.0036724000001413515,0.0004577999998218729,6.999999641266186e-06,0.0019720000000233995,9.620000037102727e-05,0.003989499999988766,0.003491999999823747,1.2099999366910197e-05,0.016015100000004168,0.00570880000032048,0.008621599999969476,0.0017975000000660657,1.5699999494245276e-05,0.013076799999907962,0.06464469999900757
