percentage,execution,k_s_sup,s_k_sub,t_k_sup,ns_s_sup,s_ns_sub,r_ar_sup,ar_r_sub,ns_sub_r,ks_sf_in,sub_r_r,n_r_t,ns_s_spe,nk_k_sup,s_nsup_k,nrs_ns_r,total_time
80,7,0.01336550002451986,0.008128999994369224,0.018546399995102547,0.005407100019510835,0.011504500012961216,0.026159900007769465,0.0024328000145033,0.0029298000008566305,0.0010079000057885423,4.339999577496201e-05,1.4599994756281376e-05,0.008242500000051223,0.010168099994189106,0.0037160999927436933,1.170000177808106e-05,0.11167930005467497
