percentage,execution,ar_r_sub,k_s_sup,ks_sf_in,n_r_t,nk_k_sup,nrs_ns_r,ns_s_spe,ns_s_sup,ns_sub_r,r_ar_sup,s_k_sub,s_ns_sub,s_nsup_k,sub_r_r,t_k_sup,total_time
60,5,0.00023930007591843605,0.014259599847719073,0.0006132000125944614,1.4899997040629387e-05,0.00943510013166815,1.2600095942616463e-05,0.008521600160747766,0.005628500017337501,0.0005148999625816941,0.027440999867394567,0.003071799874305725,0.0029977000085636973,0.0030748998979106545,2.5099841877818108e-05,0.012209800072014332,0.08805999986361712
