percentage,execution,ar_r_sub,k_s_sup,ks_sf_in,n_r_t,nk_k_sup,nrs_ns_r,ns_s_spe,ns_s_sup,ns_sub_r,r_ar_sup,s_k_sub,s_ns_sub,s_nsup_k,sub_r_r,t_k_sup,total_time
40,7,1.9999999494757503e-05,8.439999965048628e-05,1.8400000953988638e-05,1.089999932446517e-05,0.006991799999923387,1.140000040322775e-05,9.000000318337698e-06,2.080000012938399e-05,2.1800000467919745e-05,0.00648910000018077,0.005290500000228349,0.018882599999415106,0.0010961999996652594,2.5099999220401514e-05,0.006002199999784352,0.04497419999916019
