percentage,execution,ar_r_sub,k_s_sup,ks_sf_in,n_r_t,nk_k_sup,nrs_ns_r,ns_s_spe,ns_s_sup,ns_sub_r,r_ar_sup,s_k_sub,s_ns_sub,s_nsup_k,sub_r_r,t_k_sup,total_time
80,9,9.999999747378752e-06,7.74000000092201e-05,9.499999578110874e-06,5.399999281507917e-06,0.000931999999920663,5.4000001910026185e-06,4.400000761961564e-06,9.500000487605575e-06,9.700000191514846e-06,0.003928299999643059,0.005000300000574498,0.010842600000614766,0.0007572000004074653,1.0700000530050602e-05,0.005901199999243545,0.02750360000118235
