percentage,execution,ar_r_sub,k_s_sup,ks_sf_in,n_r_t,nk_k_sup,nrs_ns_r,ns_s_spe,ns_s_sup,ns_sub_r,r_ar_sup,s_k_sub,s_ns_sub,s_nsup_k,sub_r_r,t_k_sup,total_time
60,1,1.9300000531075057e-05,8.36000008348492e-05,1.8200000340584666e-05,1.0600000678095967e-05,0.0073011000004044035,1.0700000530050602e-05,9.099999260797631e-06,1.849999989644857e-05,1.900000006571645e-05,0.009357299999464885,0.005132300000695977,0.011125499999252497,0.0013627999996970175,2.2000000171829015e-05,0.005890999999792257,0.040381000001616485
