percentage,execution,ar_r_sub,k_s_sup,ks_sf_in,n_r_t,nk_k_sup,nrs_ns_r,ns_s_spe,ns_s_sup,ns_sub_r,r_ar_sup,s_k_sub,s_ns_sub,s_nsup_k,sub_r_r,t_k_sup,total_time
60,5,9.60000033956021e-06,7.569999979750719e-05,8.999999408842996e-06,5.199999577598646e-06,0.0009341000004496891,5.300000339047983e-06,4.399999852466863e-06,9.60000033956021e-06,9.399999726156238e-06,0.0032453000003442867,0.005088200000500365,0.014025600000422855,0.0007708000002821791,1.3699999726668466e-05,0.005995000000439177,0.03020090000154596
