percentage,execution,ar_r_sub,k_s_sup,ks_sf_in,n_r_t,nk_k_sup,nrs_ns_r,ns_s_spe,ns_s_sup,ns_sub_r,r_ar_sup,s_k_sub,s_ns_sub,s_nsup_k,sub_r_r,t_k_sup,total_time
20,1,1.0299999303242657e-05,0.004010099999504746,9.700000191514846e-06,5.699999746866524e-06,0.0005561999996643863,6.50000038149301e-06,0.0007781000003888039,7.790000017848797e-05,1.6999993022182025e-06,0.002728200000092329,0.0008996000005936367,0.003974199999902339,0.0005292000005283626,1.3100000614940654e-05,0.00754159999996773,0.021142100000361097
