percentage,execution,ar_r_sub,k_s_sup,ks_sf_in,n_r_t,nk_k_sup,nrs_ns_r,ns_s_spe,ns_s_sup,ns_sub_r,r_ar_sup,s_k_sub,s_ns_sub,s_nsup_k,sub_r_r,t_k_sup,total_time
40,3,1.0799999472510535e-05,0.005016900000555324,9.499999578110874e-06,6.000000212225132e-06,0.001280100000258244,6.399999620043673e-06,0.0007559999994555255,7.900000036897836e-05,1.7000002117129043e-06,0.0036233000000720494,0.006135399999948277,0.02194110000073124,0.0011549000000741216,1.5999999959603883e-05,0.013058899999123241,0.05309599999964121
