percentage,execution,ar_r_sub,k_s_sup,ks_sf_in,n_r_t,nk_k_sup,nrs_ns_r,ns_s_spe,ns_s_sup,ns_sub_r,r_ar_sup,s_k_sub,s_ns_sub,s_nsup_k,sub_r_r,t_k_sup,total_time
20,7,9.899998985929415e-06,0.0041311999993922655,9.200000022246968e-06,5.2999994295532815e-06,5.300000339047983e-06,5.000000783184078e-06,0.00046469999961118447,7.499999992433004e-05,1.7000002117129043e-06,0.0028523999999379157,7.74000000092201e-05,7.360000017797574e-05,4.699999408330768e-06,1.1099999028374441e-05,9.62999993134872e-05,0.007822799996574759
