percentage,execution,ar_r_sub,k_s_sup,ks_sf_in,n_r_t,nk_k_sup,nrs_ns_r,ns_s_spe,ns_s_sup,ns_sub_r,r_ar_sup,s_k_sub,s_ns_sub,s_nsup_k,sub_r_r,t_k_sup,total_time
80,9,9.40000063565094e-06,0.001950700001543737,8.699998943484388e-06,5.29999852005858e-06,0.00019129999964206945,4.800000169780105e-06,0.00040580000131740235,7.419999928970356e-05,9.499999578110874e-06,0.0034546000006230315,0.0008801000003586523,0.0010496000013517914,0.00016200000027311035,1.0800000382005237e-05,0.0018701999997574603,0.010087000002386048
