percentage,execution,ar_r_sub,k_s_sup,ks_sf_in,n_r_t,nk_k_sup,nrs_ns_r,ns_s_spe,ns_s_sup,ns_sub_r,r_ar_sup,s_k_sub,s_ns_sub,s_nsup_k,sub_r_r,t_k_sup,total_time
60,3,9.60000033956021e-06,0.0017263000008824747,8.600000001024455e-06,5.20000139658805e-06,5.199999577598646e-06,7.5000007200287655e-06,0.0004183000000921311,7.329999971261714e-05,9.800001862458885e-06,0.001682500000242726,0.00014080000073590782,0.00012999999853491317,4.800000169780105e-06,1.089999932446517e-05,0.00015520000124524813,0.004388000004837522
