percentage,execution,ar_r_sub,k_s_sup,ks_sf_in,n_r_t,nk_k_sup,nrs_ns_r,ns_s_spe,ns_s_sup,ns_sub_r,r_ar_sup,s_k_sub,s_ns_sub,s_nsup_k,sub_r_r,t_k_sup,total_time
50,3,4.830025136470795e-05,0.00011659925803542137,4.4899992644786835e-05,3.0399765819311142e-05,0.029844900127500296,1.9700266420841217e-05,2.200016751885414e-05,2.4699606001377106e-05,4.659965634346008e-05,0.07720839930698276,0.061916199978441,0.10281849978491664,0.008813200518488884,7.67996534705162e-05,0.002076199743896723,0.2831073980778456
