percentage,execution,ar_r_sub,k_s_sup,ks_sf_in,n_r_t,nk_k_sup,nrs_ns_r,ns_s_spe,ns_s_sup,ns_sub_r,r_ar_sup,s_k_sub,s_ns_sub,s_nsup_k,sub_r_r,t_k_sup,total_time
80,3,1.2699980288743973e-05,8.4699597209692e-05,1.1300202459096909e-05,7.3998235166072845e-06,0.004620499908924103,6.800051778554916e-06,6.00004568696022e-06,1.2299977242946625e-05,1.2400094419717789e-05,0.040223400108516216,0.030792400240898132,0.04451109981164336,0.004069799557328224,2.1900050342082977e-05,0.0018947003409266472,0.1262873997911811
