percentage,execution,ar_r_sub,k_s_sup,ks_sf_in,n_r_t,nk_k_sup,nrs_ns_r,ns_s_spe,ns_s_sup,ns_sub_r,r_ar_sup,s_k_sub,s_ns_sub,s_nsup_k,sub_r_r,t_k_sup,total_time
60,10,9.100000170292333e-06,0.005563500000789645,8.900000466383062e-06,4.999999873689376e-06,0.00018899999849963933,4.999999873689376e-06,0.0004014999994979007,7.369999912043568e-05,0.002839799999492243,0.0042954999989888165,0.0009787999988475349,0.0039745000012771925,0.00015940000048431102,1.0300000212737359e-05,0.0017824999995355029,0.020296499997130013
