percentage,execution,k_s_sup,s_k_sub,t_k_sup,ns_s_sup,s_ns_sub,r_ar_sup,ar_r_sub,ns_sub_r,ks_sf_in,sub_r_r,n_r_t,ns_s_spe,nk_k_sup,s_nsup_k,nrs_ns_r,total_time
60,5,9.69000393524766e-05,0.0445192001061514,0.0019192001782357693,2.3900065571069717e-05,0.07608580007217824,0.05357530002947897,2.5999965146183968e-05,2.5699962861835957e-05,2.259993925690651e-05,3.85999446734786e-05,1.4499993994832039e-05,1.179997343569994e-05,0.01579069998115301,0.00838729995302856,1.880002673715353e-05,0.2005563002312556
