percentage,execution,ar_r_sub,k_s_sup,ks_sf_in,n_r_t,nk_k_sup,nrs_ns_r,ns_s_spe,ns_s_sup,ns_sub_r,r_ar_sup,s_k_sub,s_ns_sub,s_nsup_k,sub_r_r,t_k_sup,total_time
20,7,1.1600088328123093e-05,1.1699274182319641e-05,1.1200085282325745e-05,7.0999376475811005e-06,0.0011670999228954315,8.19982960820198e-06,5.600042641162872e-06,1.0499730706214905e-05,1.1199619621038437e-05,0.017901599872857332,0.0002668001689016819,0.00025930022820830345,0.0008548996411263943,1.8999911844730377e-05,1.1499971151351929e-05,0.020557298325002193
