percentage,execution,ar_r_sub,k_s_sup,ks_sf_in,n_r_t,nk_k_sup,nrs_ns_r,ns_s_spe,ns_s_sup,ns_sub_r,r_ar_sup,s_k_sub,s_ns_sub,s_nsup_k,sub_r_r,t_k_sup,total_time
70,9,1.2299977242946625e-05,8.569983765482903e-05,1.0999850928783417e-05,7.100403308868408e-06,0.00447490019723773,6.800051778554916e-06,5.600042641162872e-06,1.1799857020378113e-05,1.2400094419717789e-05,0.03003229945898056,0.031332800164818764,0.05310070002451539,0.003923600073903799,1.7700251191854477e-05,0.0018412000499665737,0.12487590033560991
