percentage,execution,ar_r_sub,k_s_sup,ks_sf_in,n_r_t,nk_k_sup,nrs_ns_r,ns_s_spe,ns_s_sup,ns_sub_r,r_ar_sup,s_k_sub,s_ns_sub,s_nsup_k,sub_r_r,t_k_sup,total_time
30,10,2.380006480962038e-05,9.200000204145908e-05,2.070015762001276e-05,1.3900105841457844e-05,0.014988899929448962,1.5600118786096573e-05,1.0499963536858559e-05,2.210005186498165e-05,2.22999369725585e-05,0.03504060010891408,0.05681059998460114,0.10482930007856339,0.008066799957305193,3.7299818359315395e-05,0.0018481999868527055,0.22184260026551783
