percentage,execution,ar_r_sub,k_s_sup,ks_sf_in,n_r_t,nk_k_sup,nrs_ns_r,ns_s_spe,ns_s_sup,ns_sub_r,r_ar_sup,s_k_sub,s_ns_sub,s_nsup_k,sub_r_r,t_k_sup,total_time
60,6,1.959999826794956e-05,0.0001038999998854706,2.0500001483014785e-05,1.5400000847876072e-05,0.007863099997848622,1.2600001355167478e-05,8.799997885944322e-06,1.860000156739261e-05,1.8400000044493936e-05,0.014686899996377178,0.00842719999673136,0.016458800000691554,0.0015817999992577825,2.539999877626542e-05,0.001983000000109314,0.051243999991129385
