percentage,execution,ar_r_sub,k_s_sup,ks_sf_in,n_r_t,nk_k_sup,nrs_ns_r,ns_s_spe,ns_s_sup,ns_sub_r,r_ar_sup,s_k_sub,s_ns_sub,s_nsup_k,sub_r_r,t_k_sup,total_time
80,5,1.2099999366910197e-05,7.960000220919028e-05,1.1000000085914508e-05,6.8999997893115506e-06,0.004388299999845913,6.400001439033076e-06,8.499999239575118e-06,1.2000000424450263e-05,1.199999860546086e-05,0.0365349999992759,0.03469000000040978,0.04647359999944456,0.0038843999991513556,1.809999957913533e-05,0.0017927000008057803,0.12793059999967227
