percentage,execution,ar_r_sub,k_s_sup,ks_sf_in,n_r_t,nk_k_sup,nrs_ns_r,ns_s_spe,ns_s_sup,ns_sub_r,r_ar_sup,s_k_sub,s_ns_sub,s_nsup_k,sub_r_r,t_k_sup,total_time
90,3,1.2100092135369778e-05,8.359993807971478e-05,1.100008375942707e-05,7.100054062902927e-06,0.004556600004434586,5.900044925510883e-06,5.999929271638393e-06,1.4799879863858223e-05,1.1599855497479439e-05,0.04234980000182986,0.03380319999996573,0.04182829998899251,0.0038952999748289585,1.819990575313568e-05,0.0018103000475093722,0.12841379980091006
