percentage,execution,ar_r_sub,k_s_sup,ks_sf_in,n_r_t,nk_k_sup,nrs_ns_r,ns_s_spe,ns_s_sup,ns_sub_r,r_ar_sup,s_k_sub,s_ns_sub,s_nsup_k,sub_r_r,t_k_sup,total_time
80,6,1.179999890155159e-05,0.0017544000002089888,8.400000297115184e-06,5.399999281507917e-06,0.00018939999972644728,4.999999873689376e-06,0.00040719999924476724,9.300000056100544e-05,9.499999578110874e-06,0.003225899999961257,0.0008832000003167195,0.0008934999987104675,0.00018060000002151355,1.3100001524435356e-05,0.0017666000003373483,0.009446999998544925
