percentage,execution,ar_r_sub,k_s_sup,ks_sf_in,n_r_t,nk_k_sup,nrs_ns_r,ns_s_spe,ns_s_sup,ns_sub_r,r_ar_sup,s_k_sub,s_ns_sub,s_nsup_k,sub_r_r,t_k_sup,total_time
80,3,9.60000033956021e-06,0.00011629999971773941,1.1899997844011523e-05,5.100000635138713e-06,0.001116000001275097,7.2999991971300915e-06,4.499999704421498e-06,9.299999874201603e-06,1.2599999536178075e-05,0.006137400001534843,0.0072584999998071,0.01029269999889948,0.0009176999992632773,1.4100000043981709e-05,0.0018832999994629063,0.027796299997135065
