percentage,execution,k_s_sup,s_k_sub,t_k_sup,ns_s_sup,s_ns_sub,r_ar_sup,ar_r_sub,ns_sub_r,ks_sf_in,sub_r_r,n_r_t,ns_s_spe,nk_k_sup,s_nsup_k,nrs_ns_r,total_time
60,7,9.169999975711107e-05,0.03070869999646675,0.0018677999905776232,1.2299991794861853e-05,0.05940810000174679,0.03198720001091715,1.2300006346777081e-05,1.2199991033412516e-05,1.1199997970834374e-05,1.920000067912042e-05,6.999995093792677e-06,5.49999822396785e-06,0.0044753999973181635,0.00400400000216905,7.100010407157242e-06,0.13262969999050256
