percentage,execution,ar_r_sub,k_s_sup,ks_sf_in,n_r_t,nk_k_sup,nrs_ns_r,ns_s_spe,ns_s_sup,ns_sub_r,r_ar_sup,s_k_sub,s_ns_sub,s_nsup_k,sub_r_r,t_k_sup,total_time
20,1,1.3199998647905886e-05,1.489999885961879e-05,1.1300000551273115e-05,7.499998901039362e-06,0.0011863999989145668,1.219999830937013e-05,5.599998985417187e-06,1.080000220099464e-05,1.2000000424450263e-05,0.017723599999953876,0.00033519999851705506,0.00025749999986146577,0.0009227000009559561,2.119999953720253e-05,1.529999826743733e-05,0.02054939999288763
