percentage,execution,ar_r_sub,k_s_sup,ks_sf_in,n_r_t,nk_k_sup,nrs_ns_r,ns_s_spe,ns_s_sup,ns_sub_r,r_ar_sup,s_k_sub,s_ns_sub,s_nsup_k,sub_r_r,t_k_sup,total_time
40,9,1.449999945180025e-05,4.8099998821271583e-05,1.3700000636163168e-05,1.06999996205559e-05,0.00840010000320035,1.3499999113264494e-05,8.899998647393659e-06,1.5800000255694613e-05,1.4199998986441642e-05,0.006744100002833875,0.007070499999827007,0.016417399998317705,0.001810499999919557,1.7100001059588976e-05,0.0009327000007033348,0.041531800001394004
