percentage,execution,k_s_sup,s_k_sub,t_k_sup,ns_s_sup,s_ns_sub,r_ar_sup,ar_r_sub,ns_sub_r,ks_sf_in,sub_r_r,n_r_t,ns_s_spe,nk_k_sup,s_nsup_k,nrs_ns_r,total_time
65,2,0.00012079998850822449,0.03792889998294413,0.001936799963004887,1.1499971151351929e-05,0.06338839989621192,0.03130289993714541,1.5600002370774746e-05,1.2099859304726124e-05,1.0800082236528397e-05,1.9499915651977062e-05,6.8999361246824265e-06,5.700043402612209e-06,0.004527700017206371,0.00394130009226501,7.2999391704797745e-06,0.1432361996266991
