percentage,execution,ar_r_sub,k_s_sup,ks_sf_in,n_r_t,nk_k_sup,nrs_ns_r,ns_s_spe,ns_s_sup,ns_sub_r,r_ar_sup,s_k_sub,s_ns_sub,s_nsup_k,sub_r_r,t_k_sup,total_time
20,8,1.1500087566673756e-05,8.379993960261345e-05,1.0600080713629723e-05,6.700051017105579e-06,0.004539499990642071,7.3999399319291115e-06,5.400041118264198e-06,1.1399970389902592e-05,1.4099990949034691e-05,0.01502329995855689,0.02736960002221167,0.08440120005980134,0.0040216000052168965,1.859990879893303e-05,0.0018337001092731953,0.13735840015579015
