percentage,execution,k_s_sup,s_k_sub,t_k_sup,ns_s_sup,s_ns_sub,r_ar_sup,ar_r_sub,ns_sub_r,ks_sf_in,sub_r_r,n_r_t,ns_s_spe,nk_k_sup,s_nsup_k,nrs_ns_r,total_time
65,3,9.280000813305378e-05,0.058973100036382675,0.001860699849203229,2.310005947947502e-05,0.08294910006225109,0.0681600000243634,2.9699993319809437e-05,2.4799956008791924e-05,2.1900050342082977e-05,3.93999507650733e-05,1.4600111171603203e-05,1.119985245168209e-05,0.014755100011825562,0.00804680003784597,1.7400016076862812e-05,0.23501970001962036
