percentage,execution,ar_r_sub,k_s_sup,ks_sf_in,n_r_t,nk_k_sup,nrs_ns_r,ns_s_spe,ns_s_sup,ns_sub_r,r_ar_sup,s_k_sub,s_ns_sub,s_nsup_k,sub_r_r,t_k_sup,total_time
10,9,1.0999850928783417e-05,1.12997367978096e-05,9.999610483646393e-06,6.800051778554916e-06,0.0005741999484598637,7.6000578701496124e-06,7.699709385633469e-06,9.799841791391373e-06,1.0299962013959885e-05,0.010320699773728848,0.00014070002362132072,0.00013229995965957642,0.0004267999902367592,1.800013706088066e-05,1.0699965059757233e-05,0.011697898618876934
