percentage,execution,ar_r_sub,k_s_sup,ks_sf_in,n_r_t,nk_k_sup,nrs_ns_r,ns_s_spe,ns_s_sup,ns_sub_r,r_ar_sup,s_k_sub,s_ns_sub,s_nsup_k,sub_r_r,t_k_sup,total_time
60,10,0.00020390000099723693,0.006604700000025332,1.5199999324977398e-05,1.2300000889808871e-05,0.011021800000889925,1.1499998436192982e-05,0.004382600000099046,0.0029181999998399988,0.00019830000201181974,0.006281699999817647,0.002744699999311706,0.005855699999301578,0.0014931999994587386,2.0200001017656177e-05,0.011549500000910484,0.05331350000233215
