percentage,execution,ar_r_sub,k_s_sup,ks_sf_in,n_r_t,nk_k_sup,nrs_ns_r,ns_s_spe,ns_s_sup,ns_sub_r,r_ar_sup,s_k_sub,s_ns_sub,s_nsup_k,sub_r_r,t_k_sup,total_time
40,9,7.670000013604295e-05,9.899998985929415e-06,9.399998816661537e-06,5.800000508315861e-06,0.00040660000013303943,6.000000212225132e-06,0.0015031000002636574,0.0009136999997281237,1.0100000508828089e-05,0.0008522000007360475,7.379999988188501e-05,7.79999991209479e-05,0.00033939999957510736,1.2799999240087345e-05,9.499999578110874e-06,0.0043069999974250095
