percentage,execution,ar_r_sub,k_s_sup,ks_sf_in,n_r_t,nk_k_sup,nrs_ns_r,ns_s_spe,ns_s_sup,ns_sub_r,r_ar_sup,s_k_sub,s_ns_sub,s_nsup_k,sub_r_r,t_k_sup,total_time
40,3,0.00018989999989571515,1.0199999451288022e-05,9.299999874201603e-06,5.800000508315861e-06,0.0009879999997792765,6.300000677583739e-06,4.300000000512227e-06,8.999997589853592e-06,9.60000033956021e-06,9.999999747378752e-06,0.00019319999955769163,0.0001909000002342509,0.0007536999983130954,1.2800001059076749e-05,9.900000804918818e-06,0.0024028999978327192
