percentage,execution,ar_r_sub,k_s_sup,ks_sf_in,n_r_t,nk_k_sup,nrs_ns_r,ns_s_spe,ns_s_sup,ns_sub_r,r_ar_sup,s_k_sub,s_ns_sub,s_nsup_k,sub_r_r,t_k_sup,total_time
20,4,0.00013889999900129624,1.089999932446517e-05,9.700001101009548e-06,5.900001269765198e-06,0.0006598999989364529,6.800000846851617e-06,4.799998350790702e-06,9.299999874201603e-06,1.0100000508828089e-05,1.0599998859106563e-05,0.00014260000170907006,0.00016570000116189476,0.0004470000003493624,1.3499999113264494e-05,1.049999991664663e-05,0.001646200000323006
