percentage,execution,ar_r_sub,k_s_sup,ks_sf_in,n_r_t,nk_k_sup,nrs_ns_r,ns_s_spe,ns_s_sup,ns_sub_r,r_ar_sup,s_k_sub,s_ns_sub,s_nsup_k,sub_r_r,t_k_sup,total_time
70,1,1.650000922381878e-05,4.950002767145634e-05,1.4199991710484028e-05,1.2500095181167126e-05,0.010262400028295815,1.209997572004795e-05,9.699841029942036e-06,1.5500118024647236e-05,1.580000389367342e-05,0.02030799991916865,0.018663600087165833,0.027720100013539195,0.003728699986822903,2.0600040443241596e-05,0.001140400068834424,0.0819896002067253
