percentage,execution,ar_r_sub,k_s_sup,ks_sf_in,n_r_t,nk_k_sup,nrs_ns_r,ns_s_spe,ns_s_sup,ns_sub_r,r_ar_sup,s_k_sub,s_ns_sub,s_nsup_k,sub_r_r,t_k_sup,total_time
60,8,1.0800082236528397e-05,8.369982242584229e-05,1.0100193321704865e-05,6.00004568696022e-06,0.002165299840271473,7.4999406933784485e-06,4.999805241823196e-06,1.0499730706214905e-05,1.0699965059757233e-05,0.012102799490094185,0.014886800199747086,0.031087900046259165,0.0021461001597344875,1.3699755072593689e-05,0.001865600235760212,0.06441249931231141
