percentage,execution,ar_r_sub,k_s_sup,ks_sf_in,n_r_t,nk_k_sup,nrs_ns_r,ns_s_spe,ns_s_sup,ns_sub_r,r_ar_sup,s_k_sub,s_ns_sub,s_nsup_k,sub_r_r,t_k_sup,total_time
80,4,1.0999850928783417e-05,8.459994569420815e-05,9.999610483646393e-06,5.999580025672913e-06,0.002225599717348814,5.8002769947052e-06,5.3998082876205444e-06,1.0300427675247192e-05,1.0999850928783417e-05,0.017845199443399906,0.014997600112110376,0.02374199964106083,0.0018474999815225601,1.3899989426136017e-05,0.001856999471783638,0.06267289770767093
