percentage,execution,k_s_sup,s_k_sub,t_k_sup,ns_s_sup,s_ns_sub,r_ar_sup,ar_r_sub,ns_sub_r,ks_sf_in,sub_r_r,n_r_t,ns_s_spe,nk_k_sup,s_nsup_k,nrs_ns_r,total_time
80,1,8.520000847056508e-05,0.01665030000731349,0.0019714000081876293,1.0799994925037026e-05,0.02361370000289753,0.013955799993709661,1.1000010999850929e-05,1.0800009476952255e-05,9.899988071992993e-06,1.3900003978051245e-05,6.400005077011883e-06,5.199995939619839e-06,0.0022219000093173236,0.0019068000110564753,5.900001269765198e-06,0.060479000050690956
