percentage,execution,ar_r_sub,k_s_sup,ks_sf_in,n_r_t,nk_k_sup,nrs_ns_r,ns_s_spe,ns_s_sup,ns_sub_r,r_ar_sup,s_k_sub,s_ns_sub,s_nsup_k,sub_r_r,t_k_sup,total_time
20,5,2.0499806851148605e-05,9.510014206171036e-05,1.9600149244070053e-05,1.2200325727462769e-05,0.009116500150412321,1.4299992471933365e-05,9.399838745594025e-06,2.0299572497606277e-05,2.0800158381462097e-05,0.006428000051528215,0.01643629977479577,0.045056899543851614,0.0025372998788952827,2.750009298324585e-05,0.0019071009010076523,0.08172180037945509
