percentage,execution,ar_r_sub,k_s_sup,ks_sf_in,n_r_t,nk_k_sup,nrs_ns_r,ns_s_spe,ns_s_sup,ns_sub_r,r_ar_sup,s_k_sub,s_ns_sub,s_nsup_k,sub_r_r,t_k_sup,total_time
20,3,9.899999895424116e-06,1.0400000064691994e-05,9.500000487605575e-06,6.100000064179767e-06,0.0005245000002105371,6.70000008540228e-06,4.800000169780105e-06,8.799999704933725e-06,9.899999895424116e-06,0.009321199999249075,0.00013630000012199162,0.00013469999976223335,0.0003759000001082313,1.3799999578623101e-05,1.0000000656873453e-05,0.010582500000055006
