percentage,execution,k_s_sup,s_k_sub,t_k_sup,ns_s_sup,s_ns_sub,r_ar_sup,ar_r_sub,ns_sub_r,ks_sf_in,sub_r_r,n_r_t,ns_s_spe,nk_k_sup,s_nsup_k,nrs_ns_r,total_time
60,7,8.120000711642206e-05,0.014658200001576915,0.0018407000025035813,1.0800009476952255e-05,0.03025349999370519,0.012771599998814054,1.0799994925037026e-05,1.0499992640689015e-05,9.700001101009548e-06,1.6599995433352888e-05,6.000002031214535e-06,4.999994416721165e-06,0.0021264999959385023,0.001851099994382821,6.199989002197981e-06,0.06365839997306466
