percentage,execution,ar_r_sub,k_s_sup,ks_sf_in,n_r_t,nk_k_sup,nrs_ns_r,ns_s_spe,ns_s_sup,ns_sub_r,r_ar_sup,s_k_sub,s_ns_sub,s_nsup_k,sub_r_r,t_k_sup,total_time
20,8,1.0199961252510548e-05,1.0500079952180386e-05,9.00006853044033e-06,5.999929271638393e-06,0.0005226999055594206,6.700051017105579e-06,4.700035788118839e-06,9.099836461246014e-06,9.7999582067132e-06,0.009537399979308248,0.00013609998859465122,0.00013120006769895554,0.0003801999846473336,2.9699993319809437e-05,9.800074622035027e-06,0.010813099914230406
