percentage,execution,k_s_sup,s_k_sub,t_k_sup,ns_s_sup,s_ns_sub,r_ar_sup,ar_r_sub,ns_sub_r,ks_sf_in,sub_r_r,n_r_t,ns_s_spe,nk_k_sup,s_nsup_k,nrs_ns_r,total_time
20,8,1.0499992640689015e-05,0.00013700000999961048,9.69998654909432e-06,8.799994247965515e-06,0.00013249999028630555,0.008856500004185364,1.0099989594891667e-05,9.600014891475439e-06,8.90000956133008e-06,1.3599987141788006e-05,5.999987479299307e-06,4.7000066842883825e-06,0.000574699995922856,0.00045790000876877457,6.50000583846122e-06,0.010246999983792193
