percentage,execution,ar_r_sub,k_s_sup,ks_sf_in,n_r_t,nk_k_sup,nrs_ns_r,ns_s_spe,ns_s_sup,ns_sub_r,r_ar_sup,s_k_sub,s_ns_sub,s_nsup_k,sub_r_r,t_k_sup,total_time
10,5,1.0599847882986069e-05,1.0699965059757233e-05,9.900424629449844e-06,6.400048732757568e-06,0.00025770021602511406,7.0999376475811005e-06,4.8996880650520325e-06,9.29972156882286e-06,1.0400079190731049e-05,0.004642399959266186,8.390052244067192e-05,7.719965651631355e-05,0.0001805000938475132,1.4099758118391037e-05,1.0400079190731049e-05,0.005335499998182058
