percentage,execution,k_s_sup,s_k_sub,t_k_sup,ns_s_sup,s_ns_sub,r_ar_sup,ar_r_sub,ns_sub_r,ks_sf_in,sub_r_r,n_r_t,ns_s_spe,nk_k_sup,s_nsup_k,nrs_ns_r,total_time
30,3,8.22000001790002e-05,0.01246319999336265,0.0018604999931994826,1.0200004908256233e-05,0.03753590000269469,0.011518200000864454,1.0599993402138352e-05,1.0400006431154907e-05,9.499999578110874e-06,1.4199991710484028e-05,5.900001269765198e-06,4.9000082071870565e-06,0.0021099000005051494,0.001930700003867969,6.200003554113209e-06,0.0675725000037346
