percentage,execution,ar_r_sub,k_s_sup,ks_sf_in,n_r_t,nk_k_sup,nrs_ns_r,ns_s_spe,ns_s_sup,ns_sub_r,r_ar_sup,s_k_sub,s_ns_sub,s_nsup_k,sub_r_r,t_k_sup,total_time
60,6,1.0600080713629723e-05,7.850001566112041e-05,1.00000761449337e-05,5.900044925510883e-06,0.002126600011251867,6.200047209858894e-06,5.00003807246685e-06,1.0199961252510548e-05,1.0499847121536732e-05,0.007732899975962937,0.016110200085677207,0.032251000055111945,0.001879099989309907,1.3499869965016842e-05,0.0017884999979287386,0.062038700096309185
