percentage,execution,k_s_sup,s_k_sub,t_k_sup,ns_s_sup,s_ns_sub,r_ar_sup,ar_r_sub,ns_sub_r,ks_sf_in,sub_r_r,n_r_t,ns_s_spe,nk_k_sup,s_nsup_k,nrs_ns_r,total_time
10,6,8.930002513807267e-05,0.021530199985136278,0.0018748000147752464,1.959998917300254e-05,0.0552124000096228,0.003180700005032122,2.059999678749591e-05,2.02999945031479e-05,1.8800012185238302e-05,2.7399990358389914e-05,1.2200005585327744e-05,9.600014891475439e-06,0.009598300006473437,0.0031749000045238063,1.6400008462369442e-05,0.09480550006264821
