percentage,execution,ar_r_sub,k_s_sup,ks_sf_in,n_r_t,nk_k_sup,nrs_ns_r,ns_s_spe,ns_s_sup,ns_sub_r,r_ar_sup,s_k_sub,s_ns_sub,s_nsup_k,sub_r_r,t_k_sup,total_time
60,1,1.0699965059757233e-05,8.439971134066582e-05,9.500421583652496e-06,5.899928510189056e-06,0.0022187000140547752,6.100162863731384e-06,4.90015372633934e-06,1.039961352944374e-05,1.019984483718872e-05,0.0096649001352489,0.017022200394421816,0.03267489932477474,0.0018633999861776829,1.3099517673254013e-05,0.001858800183981657,0.0654580993577838
