percentage,execution,ar_r_sub,k_s_sup,ks_sf_in,n_r_t,nk_k_sup,nrs_ns_r,ns_s_spe,ns_s_sup,ns_sub_r,r_ar_sup,s_k_sub,s_ns_sub,s_nsup_k,sub_r_r,t_k_sup,total_time
50,1,2.1799933165311813e-05,9.430001955479383e-05,1.9699917174875736e-05,1.2300093658268452e-05,0.009991600061766803,1.2299977242946625e-05,9.89984255284071e-06,2.089992631226778e-05,2.1999934688210487e-05,0.02979930001311004,0.01609350019134581,0.03733490000013262,0.0035255999537184834,3.039988223463297e-05,0.0018657998880371451,0.09885429963469505
