percentage,execution,k_s_sup,s_k_sub,t_k_sup,ns_s_sup,s_ns_sub,r_ar_sup,ar_r_sub,ns_sub_r,ks_sf_in,sub_r_r,n_r_t,ns_s_spe,nk_k_sup,s_nsup_k,nrs_ns_r,total_time
10,7,8.909997995942831e-05,0.021300499996868894,0.0018585000070743263,1.889999839477241e-05,0.05375280001317151,0.0030805999995209277,1.959998917300254e-05,1.92999723367393e-05,1.8800012185238302e-05,2.6599998818710446e-05,1.200000406242907e-05,9.199997293762863e-06,0.009538900005281903,0.0031162999948719516,1.3199984095990658e-05,0.09287429995310958
