percentage,execution,k_s_sup,s_k_sub,t_k_sup,ns_s_sup,s_ns_sub,r_ar_sup,ar_r_sub,ns_sub_r,ks_sf_in,sub_r_r,n_r_t,ns_s_spe,nk_k_sup,s_nsup_k,nrs_ns_r,total_time
20,1,1.0499992640689015e-05,0.0001433999859727919,1.0000003385357559e-05,8.999995770864189e-06,0.0001346999779343605,0.009589900000719354,1.0599993402138352e-05,1.030000566970557e-05,9.2999980552122e-06,1.4000004739500582e-05,5.900001269765198e-06,5.0000089686363935e-06,0.0005363999953260645,0.0003831999929388985,9.499999578110874e-06,0.010881699956371449
