percentage,execution,k_s_sup,s_k_sub,t_k_sup,ns_s_sup,s_ns_sub,r_ar_sup,ar_r_sub,ns_sub_r,ks_sf_in,sub_r_r,n_r_t,ns_s_spe,nk_k_sup,s_nsup_k,nrs_ns_r,total_time
40,8,1.069999416358769e-05,0.00330250000115484,1.09999964479357e-05,1.0100004146806896e-05,0.009557999990647659,0.01366839998809155,1.1199997970834374e-05,1.069999416358769e-05,1.0000003385357559e-05,1.4200006262399256e-05,6.399990525096655e-06,4.899993655271828e-06,0.0018490999937057495,0.0013468999968608841,6.599992047995329e-06,0.029820699943229556
