percentage,execution,ar_r_sub,k_s_sup,ks_sf_in,n_r_t,nk_k_sup,nrs_ns_r,ns_s_spe,ns_s_sup,ns_sub_r,r_ar_sup,s_k_sub,s_ns_sub,s_nsup_k,sub_r_r,t_k_sup,total_time
90,7,1.309998333454132e-05,0.02019150007981807,1.1499971151351929e-05,1.00000761449337e-05,0.0015867999754846096,6.6999346017837524e-06,0.015846800059080124,0.007773399935103953,1.3599987141788006e-05,0.03668609994929284,0.007166099967435002,0.013344500097446144,0.0013651000335812569,1.9799917936325073e-05,0.012055300059728324,0.11609030002728105
