percentage,execution,ar_r_sub,k_s_sup,ks_sf_in,n_r_t,nk_k_sup,nrs_ns_r,ns_s_spe,ns_s_sup,ns_sub_r,r_ar_sup,s_k_sub,s_ns_sub,s_nsup_k,sub_r_r,t_k_sup,total_time
80,6,2.5700002879602835e-05,0.03921109999646433,2.289999792992603e-05,2.0000001313746907e-05,0.008035499999095919,1.2700000297627412e-05,0.030988299999080482,0.015323400002671406,2.660000063769985e-05,0.06696810000175901,0.007787999998981832,0.01655630000095698,0.002040100000158418,4.1000001147040166e-05,0.01201029999901948,0.1990700000023935
