percentage,execution,ar_r_sub,k_s_sup,ks_sf_in,n_r_t,nk_k_sup,nrs_ns_r,ns_s_spe,ns_s_sup,ns_sub_r,r_ar_sup,s_k_sub,s_ns_sub,s_nsup_k,sub_r_r,t_k_sup,total_time
10,5,2.369983121752739e-05,9.780004620552063e-05,2.5200191885232925e-05,2.0700041204690933e-05,0.007908000145107508,1.7500482499599457e-05,0.018971200566738844,0.014859898947179317,0.0035479003563523293,0.01389189949259162,0.00784609979018569,0.03724870039150119,0.0015302998945116997,4.470068961381912e-05,0.012688899878412485,0.11872250074520707
