percentage,execution,k_s_sup,s_k_sub,t_k_sup,ns_s_sup,s_ns_sub,r_ar_sup,ar_r_sub,ns_sub_r,ks_sf_in,sub_r_r,n_r_t,ns_s_spe,nk_k_sup,s_nsup_k,nrs_ns_r,total_time
90,2,0.02410140004940331,0.007866400061175227,0.012255899840965867,0.007974799955263734,0.01067370013333857,0.03963760007172823,1.4199991710484028e-05,0.00022369995713233948,1.4299992471933365e-05,2.1699932403862476e-05,9.800074622035027e-06,0.016419599996879697,0.001597600057721138,0.0013666999293491244,6.800051778554916e-06,0.1221842000959441
