percentage,execution,ar_r_sub,k_s_sup,ks_sf_in,n_r_t,nk_k_sup,nrs_ns_r,ns_s_spe,ns_s_sup,ns_sub_r,r_ar_sup,s_k_sub,s_ns_sub,s_nsup_k,sub_r_r,t_k_sup,total_time
80,6,1.469999915570952e-05,0.0029228000003058696,1.320000046689529e-05,1.0600000678095967e-05,0.006558399998539244,9.299999874201603e-06,0.0009279999994760146,0.00010970000039378647,1.4400000509340316e-05,0.009974599999623024,0.002150700000129291,0.0020684999981313013,0.0007214999986899784,1.6899999536690302e-05,0.0010366999995312653,0.026549999995040707
