percentage,execution,ar_r_sub,k_s_sup,ks_sf_in,n_r_t,nk_k_sup,nrs_ns_r,ns_s_spe,ns_s_sup,ns_sub_r,r_ar_sup,s_k_sub,s_ns_sub,s_nsup_k,sub_r_r,t_k_sup,total_time
20,9,2.4300001314259134e-05,0.03306189999784692,2.4300001314259134e-05,2.0599998606485315e-05,0.007485599999199621,1.6600000890321098e-05,0.02456240000174148,0.004641399998945417,0.0015810000022611348,0.030807700000877958,0.00838589999875694,0.031921100002364255,0.001544599999760976,6.239999675017316e-05,0.012284999995245016,0.15642479999587522
