percentage,execution,k_s_sup,s_k_sub,t_k_sup,ns_s_sup,s_ns_sub,r_ar_sup,ar_r_sub,ns_sub_r,ks_sf_in,sub_r_r,n_r_t,ns_s_spe,nk_k_sup,s_nsup_k,nrs_ns_r,total_time
20,2,8.440000237897038e-05,0.007379000002401881,0.012177599986898713,0.01081189997785259,0.03616620000684634,0.01365079999959562,1.1600001016631722e-05,0.008811699983198196,1.1999989510513842e-05,2.1499989088624716e-05,1.0299991117790341e-05,0.01115140000183601,0.001687099997070618,0.0013457999884849414,8.500006515532732e-06,0.10332979992381297
