percentage,execution,k_s_sup,s_k_sub,t_k_sup,ns_s_sup,s_ns_sub,r_ar_sup,ar_r_sub,ns_sub_r,ks_sf_in,sub_r_r,n_r_t,ns_s_spe,nk_k_sup,s_nsup_k,nrs_ns_r,total_time
10,2,0.02702159999171272,0.000145800004247576,0.00016700000560376793,0.0024493000091752037,0.00013519999629352242,0.01944240000739228,1.2200005585327744e-05,0.0008064000139711425,1.1600001016631722e-05,2.1899992134422064e-05,1.0499992640689015e-05,0.012987899986910634,6.89999433234334e-06,6.000002031214535e-06,8.000002708286047e-06,0.06323270000575576
