percentage,execution,ar_r_sub,k_s_sup,ks_sf_in,n_r_t,nk_k_sup,nrs_ns_r,ns_s_spe,ns_s_sup,ns_sub_r,r_ar_sup,s_k_sub,s_ns_sub,s_nsup_k,sub_r_r,t_k_sup,total_time
20,5,1.3799872249364853e-05,0.030010899994522333,1.270044595003128e-05,1.0899733752012253e-05,0.0017011999152600765,9.199604392051697e-06,0.015521999914199114,0.005641200114041567,0.0008465000428259373,0.021807000041007996,0.008154500275850296,0.03941059950739145,0.0014400999061763287,2.609938383102417e-05,0.013015300035476685,0.13762199878692627
