percentage,execution,k_s_sup,s_k_sub,t_k_sup,ns_s_sup,s_ns_sub,r_ar_sup,ar_r_sub,ns_sub_r,ks_sf_in,sub_r_r,n_r_t,ns_s_spe,nk_k_sup,s_nsup_k,nrs_ns_r,total_time
15,4,0.03171999996993691,0.007976199965924025,0.012780400109477341,0.002505300100892782,0.03757769986987114,0.027127300039865077,1.7900019884109497e-05,0.0010896000312641263,1.2100092135369778e-05,2.2600172087550163e-05,1.0399962775409222e-05,0.013202200061641634,0.0016735000535845757,0.0025458999443799257,1.2299977242946625e-05,0.13827340037096292
