percentage,execution,k_s_sup,s_k_sub,t_k_sup,ns_s_sup,s_ns_sub,r_ar_sup,ar_r_sub,ns_sub_r,ks_sf_in,sub_r_r,n_r_t,ns_s_spe,nk_k_sup,s_nsup_k,nrs_ns_r,total_time
40,2,0.04631060000974685,0.008142700185999274,0.012619099928997457,0.01052829995751381,0.03504310001153499,0.05138899991288781,2.5699962861835957e-05,0.0012469998328015208,2.9799994081258774e-05,4.359986633062363e-05,3.2899901270866394e-05,0.029848899925127625,0.008310100063681602,0.0015833999495953321,1.6799895092844963e-05,0.2051709993975237
