percentage,execution,ar_r_sub,k_s_sup,ks_sf_in,n_r_t,nk_k_sup,nrs_ns_r,ns_s_spe,ns_s_sup,ns_sub_r,r_ar_sup,s_k_sub,s_ns_sub,s_nsup_k,sub_r_r,t_k_sup,total_time
70,4,2.529995981603861e-05,0.03705209994222969,2.5500194169580936e-05,2.0000035874545574e-05,0.008385899942368269,1.370010431855917e-05,0.031502800062298775,0.015598999918438494,0.0063868999714031816,0.06737799989059567,0.007739199907518923,0.016774700139649212,0.002359599922783673,4.4899992644786835e-05,0.011990500148385763,0.20529810013249516
