percentage,execution,k_s_sup,s_k_sub,t_k_sup,ns_s_sup,s_ns_sub,r_ar_sup,ar_r_sub,ns_sub_r,ks_sf_in,sub_r_r,n_r_t,ns_s_spe,nk_k_sup,s_nsup_k,nrs_ns_r,total_time
25,2,0.010197199881076813,0.007951000123284757,0.013234599842689931,0.0025374999968335032,0.03573159989900887,0.01159360003657639,1.3299984857439995e-05,0.0035202999133616686,1.7700018361210823e-05,3.0199880711734295e-05,1.0600080713629723e-05,0.009809000068344176,0.0016989000141620636,0.0015225999522954226,9.399955160915852e-06,0.09787749964743853
