percentage,execution,k_s_sup,s_k_sub,t_k_sup,ns_s_sup,s_ns_sub,r_ar_sup,ar_r_sub,ns_sub_r,ks_sf_in,sub_r_r,n_r_t,ns_s_spe,nk_k_sup,s_nsup_k,nrs_ns_r,total_time
40,1,0.01177960001223255,0.007145199997466989,0.011833800002932549,0.00226239999756217,0.024096900000586174,0.01557600000523962,1.2399978004395962e-05,0.003021300013642758,1.1600001016631722e-05,2.1200001356191933e-05,1.0400006431154907e-05,0.009027700012666173,0.0016216000076383352,0.0013381000026129186,8.000002708286047e-06,0.0877662000420969
