percentage,execution,ar_r_sub,k_s_sup,ks_sf_in,n_r_t,nk_k_sup,nrs_ns_r,ns_s_spe,ns_s_sup,ns_sub_r,r_ar_sup,s_k_sub,s_ns_sub,s_nsup_k,sub_r_r,t_k_sup,total_time
70,8,1.6300007700920105e-05,0.011162200127728283,1.2399861589074135e-05,1.0400079190731049e-05,0.0016241000266745687,1.0300078429281712e-05,0.011104500037617981,0.004917799960821867,1.4900113455951214e-05,0.022285600076429546,0.007043600082397461,0.01321419992018491,0.0013825999340042472,2.3999949917197227e-05,0.012253399938344955,0.08507630019448698
