percentage,execution,ar_r_sub,k_s_sup,ks_sf_in,n_r_t,nk_k_sup,nrs_ns_r,ns_s_spe,ns_s_sup,ns_sub_r,r_ar_sup,s_k_sub,s_ns_sub,s_nsup_k,sub_r_r,t_k_sup,total_time
80,2,9.800000043469481e-06,0.002457599997796933,8.900002285372466e-06,5.29999852005858e-06,0.0004085000000486616,4.800000169780105e-06,0.00047029999950609636,7.480000022042077e-05,9.800000043469481e-06,0.006621399998039124,0.0020765000008395873,0.00551649999943038,0.00036240000008547213,1.1300000551273115e-05,0.0018086999989463948,0.019846599996526493
