percentage,execution,k_s_sup,s_k_sub,t_k_sup,ns_s_sup,s_ns_sub,r_ar_sup,ar_r_sub,ns_sub_r,ks_sf_in,sub_r_r,n_r_t,ns_s_spe,nk_k_sup,s_nsup_k,nrs_ns_r,total_time
30,2,9.99000039882958e-05,0.007544299980509095,0.01277079999272246,0.018994799989741296,0.020181700005196035,0.033361099995090626,2.479999966453761e-05,0.0008694999996805564,2.370000584051013e-05,4.329999501351267e-05,2.0400009816512465e-05,0.018601799994939938,0.009342899997136556,0.0022759999992558733,1.889999839477241e-05,0.12417389996699058
