percentage,execution,ar_r_sub,k_s_sup,ks_sf_in,n_r_t,nk_k_sup,nrs_ns_r,ns_s_spe,ns_s_sup,ns_sub_r,r_ar_sup,s_k_sub,s_ns_sub,s_nsup_k,sub_r_r,t_k_sup,total_time
40,3,1.3999873772263527e-05,0.02294979989528656,1.2499978765845299e-05,1.0100076906383038e-05,0.0016281000571325421,8.300063200294971e-06,0.014704800094477832,0.005125999916344881,0.00892819999717176,0.02828980004414916,0.007783300010487437,0.029646200011484325,0.0015317999059334397,2.1300045773386955e-05,0.011969299986958504,0.13262349995784461
