percentage,execution,ar_r_sub,k_s_sup,ks_sf_in,n_r_t,nk_k_sup,nrs_ns_r,ns_s_spe,ns_s_sup,ns_sub_r,r_ar_sup,s_k_sub,s_ns_sub,s_nsup_k,sub_r_r,t_k_sup,total_time
60,5,2.5300076231360435e-05,0.04367609997279942,2.3600063286721706e-05,1.9400031305849552e-05,0.008672899915836751,1.4299992471933365e-05,0.02875619998667389,0.010247100028209388,0.008960600127466023,0.0668181999353692,0.007972899940796196,0.017259799991734326,0.0023332000710070133,4.170008469372988e-05,0.012259199866093695,0.2070805000839755
