percentage,execution,ar_r_sub,k_s_sup,ks_sf_in,n_r_t,nk_k_sup,nrs_ns_r,ns_s_spe,ns_s_sup,ns_sub_r,r_ar_sup,s_k_sub,s_ns_sub,s_nsup_k,sub_r_r,t_k_sup,total_time
50,3,2.5399960577487946e-05,0.050279800314456224,2.4600420147180557e-05,1.9900035113096237e-05,0.008475800044834614,1.5099998563528061e-05,0.025467199739068747,0.004953600000590086,0.003700699657201767,0.06388300005346537,0.008109500166028738,0.023696400225162506,0.0021556001156568527,4.1400082409381866e-05,0.012583200354129076,0.20343120116740465
