percentage,execution,k_s_sup,s_k_sub,t_k_sup,ns_s_sup,s_ns_sub,r_ar_sup,ar_r_sub,ns_sub_r,ks_sf_in,sub_r_r,n_r_t,ns_s_spe,nk_k_sup,s_nsup_k,nrs_ns_r,total_time
55,5,0.03542969992849976,0.007643299992196262,0.012567900004796684,0.005333599867299199,0.020931100007146597,0.03820409998297691,1.4499993994832039e-05,0.003472300013527274,1.3499869965016842e-05,2.2500054910779e-05,1.009996049106121e-05,0.017628700006753206,0.0018118000589311123,0.0015840999549254775,8.599949069321156e-06,0.1446757996454835
