percentage,execution,ar_r_sub,k_s_sup,ks_sf_in,n_r_t,nk_k_sup,nrs_ns_r,ns_s_spe,ns_s_sup,ns_sub_r,r_ar_sup,s_k_sub,s_ns_sub,s_nsup_k,sub_r_r,t_k_sup,total_time
40,10,1.3099866919219494e-05,0.02654429990798235,1.2300093658268452e-05,9.900075383484364e-06,0.0015784000279381871,8.299946784973145e-06,0.01268539996817708,0.00234250002540648,0.0006876999977976084,0.02754119993187487,0.007343499921262264,0.02238580002449453,0.0013481000205501914,2.089992631226778e-05,0.01177890005055815,0.11430029978509992
