percentage,execution,ar_r_sub,k_s_sup,ks_sf_in,n_r_t,nk_k_sup,nrs_ns_r,ns_s_spe,ns_s_sup,ns_sub_r,r_ar_sup,s_k_sub,s_ns_sub,s_nsup_k,sub_r_r,t_k_sup,total_time
10,10,1.0699965059757233e-05,0.004197599948383868,1.00000761449337e-05,6.100046448409557e-06,5.699926987290382e-06,6.199930794537067e-06,0.0009479000000283122,8.0699915997684e-05,0.00020659994333982468,0.0028542999643832445,7.890001870691776e-05,7.489998824894428e-05,4.900037311017513e-06,1.289986539632082e-05,9.430001955479383e-05,0.008591699646785855
