percentage,execution,ar_r_sub,k_s_sup,ks_sf_in,n_r_t,nk_k_sup,nrs_ns_r,ns_s_spe,ns_s_sup,ns_sub_r,r_ar_sup,s_k_sub,s_ns_sub,s_nsup_k,sub_r_r,t_k_sup,total_time
40,5,0.36677590012550354,0.3653409001417458,0.000900499988347292,0.0001843995414674282,0.34491940028965473,0.008794399909675121,8.959159499965608,0.16877910029143095,0.0211604000069201,0.6491934000514448,0.5263490998186171,0.8998823999427259,0.14812939940020442,0.008399599697440863,0.9370358996093273,13.405004298780113
