percentage,execution,ar_r_sub,k_s_sup,ks_sf_in,n_r_t,nk_k_sup,nrs_ns_r,ns_s_spe,ns_s_sup,ns_sub_r,r_ar_sup,s_k_sub,s_ns_sub,s_nsup_k,sub_r_r,t_k_sup,total_time
30,5,0.03943519992753863,9.300000965595245e-05,2.1399930119514465e-05,3.300001844763756e-05,0.01670899987220764,1.4499761164188385e-05,1.0599382221698761e-05,2.1799467504024506e-05,2.2800639271736145e-05,9.33995470404625e-05,0.03581389971077442,0.07372750015929341,0.0060676997527480125,0.007513999007642269,0.0038837995380163193,0.18346159672364593
