percentage,execution,ar_r_sub,k_s_sup,ks_sf_in,n_r_t,nk_k_sup,nrs_ns_r,ns_s_spe,ns_s_sup,ns_sub_r,r_ar_sup,s_k_sub,s_ns_sub,s_nsup_k,sub_r_r,t_k_sup,total_time
40,1,1.0599999768601265e-05,0.007288799999514595,1.0300000212737359e-05,5.899999450775795e-06,6.199999916134402e-06,5.7999995988211595e-06,0.0008825000004435424,7.540000024164328e-05,0.00019659999998111743,0.005975900000521506,0.0003159000007144641,0.00030929999957152177,5.099999725644011e-06,1.3300000318849925e-05,0.0003428999998504878,0.015444499999830441
