percentage,execution,k_s_sup,s_k_sub,t_k_sup,ns_s_sup,s_ns_sub,r_ar_sup,ar_r_sub,ns_sub_r,ks_sf_in,sub_r_r,n_r_t,ns_s_spe,nk_k_sup,s_nsup_k,nrs_ns_r,total_time
40,6,0.00984739999694284,0.0005023999983677641,0.0005498999962583184,8.159999561030418e-05,0.0004905999958282337,0.008423299994319677,1.4199991710484028e-05,0.00024130000383593142,1.0899995686486363e-05,1.589999010320753e-05,6.700007361359894e-06,0.0012863000010838732,7.000009645707905e-06,5.699999746866524e-06,6.400005077011883e-06,0.021489599981578067
