percentage,execution,ar_r_sub,k_s_sup,ks_sf_in,n_r_t,nk_k_sup,nrs_ns_r,ns_s_spe,ns_s_sup,ns_sub_r,r_ar_sup,s_k_sub,s_ns_sub,s_nsup_k,sub_r_r,t_k_sup,total_time
10,5,7.690000347793102e-05,1.070008147507906e-05,9.999959729611874e-06,6.400048732757568e-06,0.0014075000071898103,7.900060154497623e-06,5.200039595365524e-06,9.699957445263863e-06,1.079996582120657e-05,0.004421299905516207,0.0017927000299096107,0.008361800108104944,0.0011387999402359128,1.7300015315413475e-05,1.1499971151351929e-05,0.017288500093854964
