percentage,execution,ar_r_sub,k_s_sup,ks_sf_in,n_r_t,nk_k_sup,nrs_ns_r,ns_s_spe,ns_s_sup,ns_sub_r,r_ar_sup,s_k_sub,s_ns_sub,s_nsup_k,sub_r_r,t_k_sup,total_time
40,6,0.0075825000003533205,8.940000134316506e-05,2.0899999981338624e-05,1.3199998647905886e-05,0.012360600000647537,1.359999987471383e-05,1.0300000212737359e-05,2.1500000002561137e-05,2.3099998543330003e-05,0.006081100000301376,0.03672589999860065,0.07079029999931663,0.005962200000794837,0.0013620999998238403,0.00358449999930599,0.14464119999774994
