percentage,execution,k_s_sup,s_k_sub,t_k_sup,ns_s_sup,s_ns_sub,r_ar_sup,ar_r_sub,ns_sub_r,ks_sf_in,sub_r_r,n_r_t,ns_s_spe,nk_k_sup,s_nsup_k,nrs_ns_r,total_time
40,6,9.400001727044582e-05,0.04372169999987818,0.0036152000102447346,2.47000134550035e-05,0.07766389999596868,0.0030439999973168597,0.030336399999214336,2.7400004910305142e-05,2.1900006686337292e-05,0.005701899994164705,1.4299992471933365e-05,1.0399991879239678e-05,0.0132883999904152,0.006423900005756877,1.4699995517730713e-05,0.18400280001515057
