percentage,execution,ar_r_sub,k_s_sup,ks_sf_in,n_r_t,nk_k_sup,nrs_ns_r,ns_s_spe,ns_s_sup,ns_sub_r,r_ar_sup,s_k_sub,s_ns_sub,s_nsup_k,sub_r_r,t_k_sup,total_time
40,9,1.0800000382005237e-05,0.007229299999380601,1.0199999451288022e-05,6.299999768089037e-06,6.300000677583739e-06,5.800000508315861e-06,0.0008803000000625616,7.429999914165819e-05,0.0001934000010805903,0.0059065999994345475,0.00031209999906423036,0.00030670000069221715,4.900000021734741e-06,1.340000017080456e-05,0.00034409999989293283,0.01530449999972916
