percentage,execution,k_s_sup,s_k_sub,t_k_sup,ns_s_sup,s_ns_sub,r_ar_sup,ar_r_sub,ns_sub_r,ks_sf_in,sub_r_r,n_r_t,ns_s_spe,nk_k_sup,s_nsup_k,nrs_ns_r,total_time
70,1,0.013774099992588162,0.0007931000145617872,0.0008783999946899712,8.100000559352338e-05,0.0007777999853715301,0.012484099992434494,1.1600001016631722e-05,0.0002631999959703535,1.1199997970834374e-05,1.549998705741018e-05,6.800008122809231e-06,0.0012989999959245324,7.599999662488699e-06,6.200003554113209e-06,6.200003554113209e-06,0.030415799978072755
