percentage,execution,k_s_sup,s_k_sub,t_k_sup,ns_s_sup,s_ns_sub,r_ar_sup,ar_r_sub,ns_sub_r,ks_sf_in,sub_r_r,n_r_t,ns_s_spe,nk_k_sup,s_nsup_k,nrs_ns_r,total_time
5,4,0.0114946000976488,0.06916250009089708,0.03821889986284077,0.020115999970585108,0.18130839988589287,0.08240360009949654,0.0013233000645413995,0.002014600089751184,8.819997310638428e-05,0.0019956000614911318,0.00019529997371137142,1.7425196999683976,0.04583489999640733,0.030265299952588975,0.00012480001896619797,2.2270657001063228
