percentage,execution,k_s_sup,s_k_sub,t_k_sup,ns_s_sup,s_ns_sub,r_ar_sup,ar_r_sub,ns_sub_r,ks_sf_in,sub_r_r,n_r_t,ns_s_spe,nk_k_sup,s_nsup_k,nrs_ns_r,total_time
30,9,0.008261900002253242,0.0003749999887077138,0.00040589999116491526,7.570000889245421e-05,0.0003711000026669353,0.006870600002002902,1.1600001016631722e-05,0.000225800002226606,1.0899995686486363e-05,1.5700003132224083e-05,6.89999433234334e-06,0.0012393000070005655,6.800008122809231e-06,5.900001269765198e-06,6.50000583846122e-06,0.017889600014314055
