percentage,execution,ar_r_sub,k_s_sup,ks_sf_in,n_r_t,nk_k_sup,nrs_ns_r,ns_s_spe,ns_s_sup,ns_sub_r,r_ar_sup,s_k_sub,s_ns_sub,s_nsup_k,sub_r_r,t_k_sup,total_time
40,7,0.00014939999891794287,7.670000104553765e-05,8.799999704933725e-06,5.599999894911889e-06,0.0009669000000940287,6.000000212225132e-06,4.800000169780105e-06,9.299998964706901e-06,9.60000033956021e-06,7.360000017797574e-05,0.004484299999603536,0.019262200000412122,0.0006827000006524031,1.1199999789823778e-05,0.0026300999998056795,0.028381199999785167
