percentage,execution,ar_r_sub,k_s_sup,ks_sf_in,n_r_t,nk_k_sup,nrs_ns_r,ns_s_spe,ns_s_sup,ns_sub_r,r_ar_sup,s_k_sub,s_ns_sub,s_nsup_k,sub_r_r,t_k_sup,total_time
20,4,0.03670770000098855,0.00011070000073232222,2.4100000700855162e-05,1.340000017080456e-05,0.015528500000982604,1.2800000149582047e-05,9.999999747378752e-06,2.0500000573520083e-05,2.229999972769292e-05,8.66999998834217e-05,0.03302550000080373,0.07388639999953739,0.00575109999954293,0.006402300000445393,0.0034544000000096275,0.1750564000039958
