percentage,execution,ar_r_sub,k_s_sup,ks_sf_in,n_r_t,nk_k_sup,nrs_ns_r,ns_s_spe,ns_s_sup,ns_sub_r,r_ar_sup,s_k_sub,s_ns_sub,s_nsup_k,sub_r_r,t_k_sup,total_time
60,6,0.02240049932152033,9.13003459572792e-05,2.1700281649827957e-05,1.8500257283449173e-05,0.013567800167948008,1.2499745935201645e-05,1.0699965059757233e-05,2.2299587726593018e-05,2.3900065571069717e-05,0.011642399709671736,0.04554249998182058,0.06646620016545057,0.006784599740058184,0.003362499177455902,0.003572499845176935,0.17353989835828543
