percentage,execution,ar_r_sub,k_s_sup,ks_sf_in,n_r_t,nk_k_sup,nrs_ns_r,ns_s_spe,ns_s_sup,ns_sub_r,r_ar_sup,s_k_sub,s_ns_sub,s_nsup_k,sub_r_r,t_k_sup,total_time
10,6,0.04041289957240224,9.829923510551453e-05,2.1399930119514465e-05,1.3999640941619873e-05,0.0160777997225523,1.4300458133220673e-05,1.0400079190731049e-05,2.150004729628563e-05,2.3900065571069717e-05,9.959936141967773e-05,0.035185099579393864,0.0858111004345119,0.005652700085192919,0.0069528003223240376,0.003612600266933441,0.19400839880108833
