percentage,execution,ar_r_sub,k_s_sup,ks_sf_in,n_r_t,nk_k_sup,nrs_ns_r,ns_s_spe,ns_s_sup,ns_sub_r,r_ar_sup,s_k_sub,s_ns_sub,s_nsup_k,sub_r_r,t_k_sup,total_time
40,7,1.0499999007151928e-05,0.006709899999805202,9.599999430065509e-06,5.399999281507917e-06,5.7999995988211595e-06,4.999999873689376e-06,0.0007771000000502681,7.229999937408138e-05,0.00018010000076174038,0.005374299999857612,0.00024649999977555126,0.0002444000001560198,4.70000031782547e-06,1.1699999959091656e-05,0.0002829000004567206,0.01394019999770535
