percentage,execution,ar_r_sub,k_s_sup,ks_sf_in,n_r_t,nk_k_sup,nrs_ns_r,ns_s_spe,ns_s_sup,ns_sub_r,r_ar_sup,s_k_sub,s_ns_sub,s_nsup_k,sub_r_r,t_k_sup,total_time
40,2,0.011805400000412192,8.790000083536142e-05,1.790000078472076e-05,1.1300000551273115e-05,0.010761900000034075,1.0699998711061198e-05,8.89999955688836e-06,1.8899999304267112e-05,2.2500000341096893e-05,8.800000068731606e-05,0.0067129999997632694,0.01584259999981441,0.0012043000006087823,0.002250399999866204,0.002667799999471754,0.05151150000074267
