percentage,execution,ar_r_sub,k_s_sup,ks_sf_in,n_r_t,nk_k_sup,nrs_ns_r,ns_s_spe,ns_s_sup,ns_sub_r,r_ar_sup,s_k_sub,s_ns_sub,s_nsup_k,sub_r_r,t_k_sup,total_time
40,8,7.339999956457177e-05,7.889999960752903e-05,8.800000614428427e-06,5.100000635138713e-06,0.0007894000000305823,5.500000042957254e-06,4.200000148557592e-06,9.60000033956021e-06,9.700000191514846e-06,7.659999937459361e-05,0.004550700000436336,0.01660119999996823,0.0006388000001606997,1.1100000847363845e-05,0.00287919999937003,0.025742200001332094
