percentage,execution,ar_r_sub,k_s_sup,ks_sf_in,n_r_t,nk_k_sup,nrs_ns_r,ns_s_spe,ns_s_sup,ns_sub_r,r_ar_sup,s_k_sub,s_ns_sub,s_nsup_k,sub_r_r,t_k_sup,total_time
40,2,7.18000001143082e-05,7.680000089749228e-05,8.900000466383062e-06,5.200000487093348e-06,0.0007885000004534959,5.700000656361226e-06,4.499999704421498e-06,9.200000022246968e-06,9.699999282020144e-06,7.749999986117473e-05,0.004597700000886107,0.01760130000002391,0.0006703999997625942,1.1000000085914508e-05,0.0027314999997543055,0.02666970000245783
