percentage,execution,ar_r_sub,k_s_sup,ks_sf_in,n_r_t,nk_k_sup,nrs_ns_r,ns_s_spe,ns_s_sup,ns_sub_r,r_ar_sup,s_k_sub,s_ns_sub,s_nsup_k,sub_r_r,t_k_sup,total_time
40,3,1.1499971151351929e-05,0.00987200008239597,1.109996810555458e-05,6.900052540004253e-06,6.7999353632330894e-06,6.3999323174357414e-06,0.0012870000209659338,7.639999967068434e-05,0.00022829999215900898,0.00827039999421686,0.000497999950312078,0.0004891999997198582,5.800044164061546e-06,1.570011954754591e-05,0.0005426999414339662,0.021328200004063547
