percentage,execution,ar_r_sub,k_s_sup,ks_sf_in,n_r_t,nk_k_sup,nrs_ns_r,ns_s_spe,ns_s_sup,ns_sub_r,r_ar_sup,s_k_sub,s_ns_sub,s_nsup_k,sub_r_r,t_k_sup,total_time
30,7,1.1499971151351929e-05,0.008494300302118063,1.1399388313293457e-05,6.90016895532608e-06,7.300172001123428e-06,6.90016895532608e-06,0.0013111000880599022,7.84001313149929e-05,0.00023999949917197227,0.0068826996721327305,0.00038949958980083466,0.0003810003399848938,5.8002769947052e-06,1.5700235962867737e-05,0.0004217997193336487,0.018264299724251032
