percentage,execution,ar_r_sub,k_s_sup,ks_sf_in,n_r_t,nk_k_sup,nrs_ns_r,ns_s_spe,ns_s_sup,ns_sub_r,r_ar_sup,s_k_sub,s_ns_sub,s_nsup_k,sub_r_r,t_k_sup,total_time
90,9,0.015540400054305792,8.379993960261345e-05,1.1200085282325745e-05,7.1999384090304375e-06,0.0038623999571427703,5.800044164061546e-06,5.599926225841045e-06,1.1499971151351929e-05,1.3099866919219494e-05,0.004710399894975126,0.03259999991860241,0.03910080005880445,0.0036198000889271498,0.002631500014103949,0.003525800071656704,0.1057292998302728
