percentage,execution,ar_r_sub,k_s_sup,ks_sf_in,n_r_t,nk_k_sup,nrs_ns_r,ns_s_spe,ns_s_sup,ns_sub_r,r_ar_sup,s_k_sub,s_ns_sub,s_nsup_k,sub_r_r,t_k_sup,total_time
30,1,1.100008375942707e-05,0.0069336999440565705,1.1200085282325745e-05,6.09993003308773e-06,5.900044925510883e-06,6.00004568696022e-06,0.0009166999952867627,7.830013055354357e-05,0.0002052999334409833,0.005321800126694143,0.0002655000425875187,0.00025889999233186245,5.09992241859436e-06,1.3099866919219494e-05,0.0003013999667018652,0.014340000110678375
