percentage,execution,ar_r_sub,k_s_sup,ks_sf_in,n_r_t,nk_k_sup,nrs_ns_r,ns_s_spe,ns_s_sup,ns_sub_r,r_ar_sup,s_k_sub,s_ns_sub,s_nsup_k,sub_r_r,t_k_sup,total_time
60,2,1.1000316590070724e-05,0.009791199583560228,1.070043072104454e-05,6.100162863731384e-06,6.6999346017837524e-06,5.8002769947052e-06,0.0009132004342973232,7.979990914463997e-05,0.00020779995247721672,0.008432099595665932,0.0005063996650278568,0.0005035996437072754,5.600042641162872e-06,1.3000331819057465e-05,0.0005510002374649048,0.021044000517576933
