percentage,execution,k_s_sup,s_k_sub,t_k_sup,ns_s_sup,s_ns_sub,r_ar_sup,ar_r_sub,ns_sub_r,ks_sf_in,sub_r_r,n_r_t,ns_s_spe,nk_k_sup,s_nsup_k,nrs_ns_r,total_time
20,2,0.0058841999998549,0.00020090000180061907,0.00022680000984109938,7.739999273326248e-05,0.0001993000041693449,0.004455899994354695,1.0899995686486363e-05,0.00021309999283403158,1.0100004146806896e-05,1.3199998647905886e-05,6.200003554113209e-06,0.0009231000003637746,5.800000508315861e-06,5.3000112529844046e-06,5.900001269765198e-06,0.012238100011018105
