percentage,execution,ar_r_sub,k_s_sup,ks_sf_in,n_r_t,nk_k_sup,nrs_ns_r,ns_s_spe,ns_s_sup,ns_sub_r,r_ar_sup,s_k_sub,s_ns_sub,s_nsup_k,sub_r_r,t_k_sup,total_time
60,5,0.00019250000059400918,7.609999920532573e-05,8.69999985297909e-06,4.999999873689376e-06,0.0008330999999088817,5.199999577598646e-06,4.300000000512227e-06,9.100001079787035e-06,9.500000487605575e-06,7.349999941652641e-05,0.004531099999439903,0.010495300000002317,0.0006406000002243672,1.049999991664663e-05,0.002689699999791628,0.019584199999371776
