percentage,execution,k_s_sup,s_k_sub,t_k_sup,ns_s_sup,s_ns_sub,r_ar_sup,ar_r_sub,ns_sub_r,ks_sf_in,sub_r_r,n_r_t,ns_s_spe,nk_k_sup,s_nsup_k,nrs_ns_r,total_time
80,1,8.30000062705949e-05,0.03378969999903347,0.003671600003144704,1.1799987987615168e-05,0.04620959999738261,0.004942899991874583,0.015491100013605319,1.2500007869675756e-05,1.1199997970834374e-05,0.0025966999965021387,7.399998139590025e-06,5.599998985417187e-06,0.0038432000001193956,0.003475999998045154,6.100002792663872e-06,0.11415839999972377
