percentage,execution,ar_r_sub,k_s_sup,ks_sf_in,n_r_t,nk_k_sup,nrs_ns_r,ns_s_spe,ns_s_sup,ns_sub_r,r_ar_sup,s_k_sub,s_ns_sub,s_nsup_k,sub_r_r,t_k_sup,total_time
20,10,0.11039599997457117,0.16043069981969893,0.00010929990094155073,0.00020870007574558258,0.20514160010498017,0.00013219995889812708,6.048906399984844,0.08913070010021329,0.012440399848856032,0.2912328998791054,0.31163619994185865,0.6692034000298008,0.1219717999920249,0.021553699974901974,0.38587619992904365,8.428370199515484
