percentage,execution,ar_r_sub,k_s_sup,ks_sf_in,n_r_t,nk_k_sup,nrs_ns_r,ns_s_spe,ns_s_sup,ns_sub_r,r_ar_sup,s_k_sub,s_ns_sub,s_nsup_k,sub_r_r,t_k_sup,total_time
80,4,0.01038810000045487,8.020000041142339e-05,1.0800000382005237e-05,6.799999937356915e-06,0.00374900000042544,5.9000003602704965e-06,5.2999994295532815e-06,1.1799999811046291e-05,1.1500000255182385e-05,0.004483300000174495,0.0315336000003299,0.04322700000011537,0.00321429999985412,0.0015714999999545398,0.0034793000004356145,0.10177840000233118
