percentage,execution,ar_r_sub,k_s_sup,ks_sf_in,n_r_t,nk_k_sup,nrs_ns_r,ns_s_spe,ns_s_sup,ns_sub_r,r_ar_sup,s_k_sub,s_ns_sub,s_nsup_k,sub_r_r,t_k_sup,total_time
80,9,0.01902090013027191,5.1900045946240425e-05,1.5900004655122757e-05,1.4899997040629387e-05,0.01349310006480664,1.2100092135369778e-05,1.0799849405884743e-05,1.7000013031065464e-05,1.8499908037483692e-05,0.006161100114695728,0.0332118000369519,0.04261529992800206,0.006845799973234534,0.0030051000649109483,0.0017135998932644725,0.12620780011639
