percentage,execution,ar_r_sub,k_s_sup,ks_sf_in,n_r_t,nk_k_sup,nrs_ns_r,ns_s_spe,ns_s_sup,ns_sub_r,r_ar_sup,s_k_sub,s_ns_sub,s_nsup_k,sub_r_r,t_k_sup,total_time
80,2,1.4200340956449509e-05,0.016187100671231747,1.109996810555458e-05,6.400048732757568e-06,8.099712431430817e-06,5.6996941566467285e-06,0.0012953002005815506,7.71000050008297e-05,0.00026079965755343437,0.014881099574267864,0.0009119999594986439,0.0008922000415623188,5.899928510189056e-06,1.8100254237651825e-05,0.0009631998836994171,0.035538299940526485
