percentage,execution,ar_r_sub,k_s_sup,ks_sf_in,n_r_t,nk_k_sup,nrs_ns_r,ns_s_spe,ns_s_sup,ns_sub_r,r_ar_sup,s_k_sub,s_ns_sub,s_nsup_k,sub_r_r,t_k_sup,total_time
80,2,1.140000040322775e-05,0.014961699999730627,1.1099999937869143e-05,6.499999471998308e-06,7.800000275892671e-06,5.199999577598646e-06,0.0012180999992779107,7.469999945897143e-05,0.00024359999952139333,0.013569799999459065,0.0009556000004522502,0.0009116000001085922,6.100000064179767e-06,1.5199998415482696e-05,0.000931999999920663,0.03293039999607572
