percentage,execution,k_s_sup,s_k_sub,t_k_sup,ns_s_sup,s_ns_sub,r_ar_sup,ar_r_sub,ns_sub_r,ks_sf_in,sub_r_r,n_r_t,ns_s_spe,nk_k_sup,s_nsup_k,nrs_ns_r,total_time
90,7,9.180001507047564e-05,0.031127900001592934,0.0036130000080447644,1.1800002539530396e-05,0.0393010999832768,0.004484000004595146,0.007014200004050508,1.3100012438371778e-05,1.1600001016631722e-05,0.0008013000042410567,7.599999662488699e-06,5.999987479299307e-06,0.003957200009608641,0.0035179999977117404,6.300004315562546e-06,0.09396490003564395
