percentage,execution,k_s_sup,s_k_sub,t_k_sup,ns_s_sup,s_ns_sub,r_ar_sup,ar_r_sub,ns_sub_r,ks_sf_in,sub_r_r,n_r_t,ns_s_spe,nk_k_sup,s_nsup_k,nrs_ns_r,total_time
10,5,0.004994899994926527,0.00014399999054148793,0.00016250000044237822,7.700000423938036e-05,0.00014230000670067966,0.003630400009569712,1.1100011761300266e-05,0.00025180001102853566,1.0099989594891667e-05,1.5700003132224083e-05,6.600006599910557e-06,0.0013011999981245026,6.100002792663872e-06,5.399997462518513e-06,7.199996616691351e-06,0.010766300023533404
