percentage,execution,ar_r_sub,k_s_sup,ks_sf_in,n_r_t,nk_k_sup,nrs_ns_r,ns_s_spe,ns_s_sup,ns_sub_r,r_ar_sup,s_k_sub,s_ns_sub,s_nsup_k,sub_r_r,t_k_sup,total_time
80,1,0.001645700000153738,8.66999998834217e-05,9.499999578110874e-06,5.499999133462552e-06,0.0007937999998830492,5.2999994295532815e-06,4.600000465870835e-06,9.999999747378752e-06,1.0499999007151928e-05,0.0009243000004062196,0.005511800000022049,0.008211499998651561,0.0006670000002486631,0.0002463999999235966,0.00277399999959016,0.020906599996123987
