percentage,execution,ar_r_sub,k_s_sup,ks_sf_in,n_r_t,nk_k_sup,nrs_ns_r,ns_s_spe,ns_s_sup,ns_sub_r,r_ar_sup,s_k_sub,s_ns_sub,s_nsup_k,sub_r_r,t_k_sup,total_time
20,10,0.03848050022497773,0.00011410005390644073,2.12998129427433e-05,1.4100223779678345e-05,0.0126654002815485,1.2800097465515137e-05,1.0699499398469925e-05,2.1799933165311813e-05,2.350006252527237e-05,0.006890800781548023,0.03782479977235198,0.0784221007488668,0.0060890004970133305,0.00674369977787137,0.003716799896210432,0.1910514016635716
