percentage,execution,ar_r_sub,k_s_sup,ks_sf_in,n_r_t,nk_k_sup,nrs_ns_r,ns_s_spe,ns_s_sup,ns_sub_r,r_ar_sup,s_k_sub,s_ns_sub,s_nsup_k,sub_r_r,t_k_sup,total_time
20,1,1.0799999472510535e-05,0.006567800000993884,1.089999932446517e-05,6.50000038149301e-06,9.300000783696305e-06,6.600000233447645e-06,0.0012457000002541463,8.099999922706047e-05,0.0002443000003040652,0.005124199999954726,0.00026080000043293694,0.0002505000002201996,5.500000042957254e-06,1.579999934619991e-05,0.00028480000037234277,0.014124500001344131
