percentage,execution,ar_r_sub,k_s_sup,ks_sf_in,n_r_t,nk_k_sup,nrs_ns_r,ns_s_spe,ns_s_sup,ns_sub_r,r_ar_sup,s_k_sub,s_ns_sub,s_nsup_k,sub_r_r,t_k_sup,total_time
90,6,0.34582680044695735,0.3417434999719262,0.0011975993402302265,0.00018410012125968933,0.24069340014830232,0.003137100487947464,11.319902599789202,0.17502560000866652,0.003800099715590477,0.8003018000163138,0.5976598998531699,0.6813369998708367,0.1776327001862228,0.01680890005081892,1.0605654008686543,15.765816500876099
