percentage,execution,ar_r_sub,k_s_sup,ks_sf_in,n_r_t,nk_k_sup,nrs_ns_r,ns_s_spe,ns_s_sup,ns_sub_r,r_ar_sup,s_k_sub,s_ns_sub,s_nsup_k,sub_r_r,t_k_sup,total_time
70,9,1.16005539894104e-05,0.010909500066190958,1.109996810555458e-05,6.299931555986404e-06,6.800051778554916e-06,5.300156772136688e-06,0.0009165001101791859,7.880013436079025e-05,0.00021030008792877197,0.009338999632745981,0.0005635996349155903,0.0005545001477003098,5.5995769798755646e-06,1.2899748980998993e-05,0.000612899661064148,0.023244699463248253
