percentage,execution,ar_r_sub,k_s_sup,ks_sf_in,n_r_t,nk_k_sup,nrs_ns_r,ns_s_spe,ns_s_sup,ns_sub_r,r_ar_sup,s_k_sub,s_ns_sub,s_nsup_k,sub_r_r,t_k_sup,total_time
80,2,0.0001337000003331923,0.0009291000005759997,9.000000318337698e-06,5.4000001910026185e-06,0.0009630999993532896,5.099999725644011e-06,0.0005710999994334998,7.63000007282244e-05,1.0099999599333387e-05,0.0039049999995768303,0.003963099999054975,0.007389600000351493,0.0008695000005900511,1.1500000255182385e-05,0.006414800000129617,0.025256400000216672
