percentage,execution,ar_r_sub,k_s_sup,ks_sf_in,n_r_t,nk_k_sup,nrs_ns_r,ns_s_spe,ns_s_sup,ns_sub_r,r_ar_sup,s_k_sub,s_ns_sub,s_nsup_k,sub_r_r,t_k_sup,total_time
20,3,7.159999950090423e-05,9.399999726156238e-06,8.399999387620483e-06,5.099999725644011e-06,0.00023909999981697183,5.500000042957254e-06,4.300000000512227e-06,8.300000445160549e-06,8.69999985297909e-06,8.69999985297909e-06,7.240000013553072e-05,7.000000096013537e-05,0.00016369999957532855,1.0700000530050602e-05,8.900000466383062e-06,0.0006948000000193133
