percentage,execution,ar_r_sub,k_s_sup,ks_sf_in,n_r_t,nk_k_sup,nrs_ns_r,ns_s_spe,ns_s_sup,ns_sub_r,r_ar_sup,s_k_sub,s_ns_sub,s_nsup_k,sub_r_r,t_k_sup,total_time
40,10,7.100000038917642e-05,7.869999990361976e-05,8.799999704933725e-06,5.699999746866524e-06,0.0004546999998638057,5.2999994295532815e-06,4.399999852466863e-06,9.899999895424116e-06,9.299999874201603e-06,0.0008655999990878627,0.0022638000000370084,0.00531190000128845,0.00037789999987580813,1.1299999641778413e-05,0.0034007999993264093,0.012879099997917365
