percentage,execution,ar_r_sub,k_s_sup,ks_sf_in,n_r_t,nk_k_sup,nrs_ns_r,ns_s_spe,ns_s_sup,ns_sub_r,r_ar_sup,s_k_sub,s_ns_sub,s_nsup_k,sub_r_r,t_k_sup,total_time
80,9,0.00012960000003658934,0.003921799999261566,1.2000000424450263e-05,5.300000339047983e-06,0.0009262000003218418,4.999999873689376e-06,0.0005499999997482519,7.350000032602111e-05,0.002755000000433938,0.007237400000121852,0.004125499999645399,0.0042816000004677335,0.0008123000006889924,1.140000040322775e-05,0.0062539999998989515,0.031100600001991552
