percentage,execution,ar_r_sub,k_s_sup,ks_sf_in,n_r_t,nk_k_sup,nrs_ns_r,ns_s_spe,ns_s_sup,ns_sub_r,r_ar_sup,s_k_sub,s_ns_sub,s_nsup_k,sub_r_r,t_k_sup,total_time
80,10,0.0002933999994638725,7.569999979750719e-05,0.0010951000003842637,5.599999894911889e-06,0.0007845999998608022,5.100000635138713e-06,4.599999556376133e-06,9.60000033956021e-06,9.800000043469481e-06,7.570000070700189e-05,0.004189699999187724,0.007278900000528665,0.0006561999998666579,1.1799999811046291e-05,0.005100299999867275,0.019596099999944272
