execution,ar_r_sub,k_s_sup,ks_sf_in,n_r_t,nk_k_sup,nrs_ns_r,ns_s_spe,ns_s_sup,ns_sub_r,r_ar_sup,s_k_sub,s_ns_sub,s_nsup_k,sub_r_r,t_k_sup,total_time
1,1.9600149244070053e-05,0.00013440009206533432,2.1999701857566833e-05,5.09992241859436e-06,0.00019570020958781242,6.00004568696022e-06,5.09992241859436e-06,1.620035618543625e-05,3.600027412176132e-06,0.00015930039808154106,0.0017998996190726757,0.005986200179904699,0.00014929985627532005,1.9000377506017685e-05,0.001613999716937542,0.01013540057465434
2,0.00010479986667633057,1.12997367978096e-05,1.0899733752012253e-05,5.999580025672913e-06,0.00027089985087513924,5.899928510189056e-06,5.200039595365524e-06,1.0400079190731049e-05,2.300366759300232e-06,1.1100433766841888e-05,9.620003402233124e-05,0.00010089995339512825,0.00015719980001449585,1.1699739843606949e-05,1.1700205504894257e-05,0.0008164993487298489
