execution,ar_r_sub,k_s_sup,ks_sf_in,n_r_t,nk_k_sup,nrs_ns_r,ns_s_spe,ns_s_sup,ns_sub_r,r_ar_sup,s_k_sub,s_ns_sub,s_nsup_k,sub_r_r,t_k_sup,total_time
1,0.00572929996997118,1.0299962013959885e-05,1.489988062530756e-05,5.900044925510883e-06,0.0004689999623224139,6.00004568696022e-06,4.699919372797012e-06,1.0199961252510548e-05,2.200016751885414e-06,1.1199968867003918e-05,0.0010563998948782682,0.004448499996215105,0.0003176999744027853,0.0012459000572562218,1.0999967344105244e-05,0.013343199621886015
2,8.579995483160019e-05,1.0400079190731049e-05,9.899958968162537e-06,5.900044925510883e-06,0.00029120000544935465,6.100046448409557e-06,4.799920134246349e-06,9.00006853044033e-06,2.00001522898674e-06,1.0199961252510548e-05,9.089999366551638e-05,8.28000484034419e-05,0.00019809999503195286,1.1199968867003918e-05,1.00000761449337e-05,0.0008283001370728016
3,1.00000761449337e-05,8.79000872373581e-05,9.800074622035027e-06,5.400041118264198e-06,0.0005451999604701996,6.200047209858894e-06,4.900037311017513e-06,1.0199961252510548e-05,1.800013706088066e-06,0.00010219996329396963,0.0032111001200973988,0.015133499982766807,0.00045330007560551167,1.1600088328123093e-05,0.0021231999853625894,0.021716300514526665
4,8.179992437362671e-05,1.3199984095990658e-05,9.7999582067132e-06,5.600042641162872e-06,0.0002313000150024891,5.799927748739719e-06,5.100038833916187e-06,9.399955160915852e-06,1.9000144675374031e-06,1.0600080713629723e-05,0.00011060002725571394,8.389994036406279e-05,0.00014210003428161144,1.1300086043775082e-05,1.2900098226964474e-05,0.0007353001274168491
