execution,ar_r_sub,k_s_sup,ks_sf_in,n_r_t,nk_k_sup,nrs_ns_r,ns_s_spe,ns_s_sup,ns_sub_r,r_ar_sup,s_k_sub,s_ns_sub,s_nsup_k,sub_r_r,t_k_sup,total_time
1,1.0599964298307896e-05,0.004672000068239868,1.0499847121536732e-05,5.700043402612209e-06,5.699926987290382e-06,5.399924702942371e-06,0.0004472000291571021,8.469994645565748e-05,2.00001522898674e-06,0.00319279998075217,8.629995863884687e-05,8.279993198812008e-05,5.200039595365524e-06,1.1999974958598614e-05,0.00010329997166991234,0.008726199623197317
2,1.0800082236528397e-05,0.004807799938134849,1.0500079952180386e-05,5.900044925510883e-06,5.600042641162872e-06,5.300040356814861e-06,0.0004491000436246395,8.489994797855616e-05,2.09989957511425e-06,0.003180599887855351,8.919998072087765e-05,8.460006210952997e-05,4.999921657145023e-06,1.1899974197149277e-05,0.00011630007065832615,0.008869600016623735
3,1.0699965059757233e-05,0.0046576999593526125,9.7999582067132e-06,5.799927748739719e-06,5.500041879713535e-06,5.499925464391708e-06,0.0004501999355852604,8.499994874000549e-05,1.8998980522155762e-06,0.0031878999434411526,8.859997615218163e-05,8.729996625334024e-05,5.100038833916187e-06,1.1599971912801266e-05,0.00010359985753893852,0.00871619931422174
4,9.800074622035027e-06,9.42000187933445e-05,9.999959729611874e-06,5.700043402612209e-06,0.0005017999792471528,9.400071576237679e-06,5.500041879713535e-06,1.6799895092844963e-05,2.00001522898674e-06,8.82000895217061e-05,0.0028356999391689897,0.014176899916492403,0.0004091000882908702,1.1999974958598614e-05,0.003169399918988347,0.021346500026993454
