percentage,execution,ar_r_sub,k_s_sup,ks_sf_in,n_r_t,nk_k_sup,nrs_ns_r,ns_s_spe,ns_s_sup,ns_sub_r,r_ar_sup,s_k_sub,s_ns_sub,s_nsup_k,sub_r_r,t_k_sup,total_time
40,2,0.039852899964898825,0.0009308997541666031,2.1600164473056793e-05,1.4099758118391037e-05,1.3000331819057465e-05,1.090019941329956e-05,0.02791520021855831,0.04490739991888404,0.0005074995569884777,0.0029364004731178284,9.230058640241623e-05,8.979998528957367e-05,1.0599847882986069e-05,3.099953755736351e-05,0.00010700058192014694,0.11744060087949038
