percentage,execution,ar_r_sub,k_s_sup,ks_sf_in,n_r_t,nk_k_sup,nrs_ns_r,ns_s_spe,ns_s_sup,ns_sub_r,r_ar_sup,s_k_sub,s_ns_sub,s_nsup_k,sub_r_r,t_k_sup,total_time
80,3,0.03734509996138513,1.119985245168209e-05,1.0299845598638058e-05,7.0999376475811005e-06,5.799927748739719e-06,5.00003807246685e-06,0.012803700054064393,0.032830100040882826,1.3800105080008507e-05,8.140003774315119e-05,9.900075383484364e-06,1.1300086043775082e-05,5.00003807246685e-06,1.500011421740055e-05,1.0699965059757233e-05,0.0831654000794515
