percentage,execution,ar_r_sub,k_s_sup,ks_sf_in,n_r_t,nk_k_sup,nrs_ns_r,ns_s_spe,ns_s_sup,ns_sub_r,r_ar_sup,s_k_sub,s_ns_sub,s_nsup_k,sub_r_r,t_k_sup,total_time
30,7,0.06134879984892905,0.0008847001008689404,2.189993392676115e-05,1.4100107364356518e-05,1.2199976481497288e-05,1.1499971151351929e-05,0.02521860005799681,0.04073270002845675,0.0005201000021770597,0.0029691000236198306,8.689984679222107e-05,9.789993055164814e-05,1.0499963536858559e-05,3.06001165881753e-05,0.00010040006600320339,0.1320599999744445
