percentage,execution,ar_r_sub,k_s_sup,ks_sf_in,n_r_t,nk_k_sup,nrs_ns_r,ns_s_spe,ns_s_sup,ns_sub_r,r_ar_sup,s_k_sub,s_ns_sub,s_nsup_k,sub_r_r,t_k_sup,total_time
40,1,1.4399998690350913e-05,0.0015442999992956175,1.359999987471383e-05,1.0399999155197293e-05,1.1000000085914508e-05,8.499999239575118e-06,0.02107550000255287,0.005691499998647487,0.0029023000006418442,0.00589870000112569,7.480000203941017e-05,7.499999992433004e-05,9.20000093174167e-06,1.610000072105322e-05,8.739999975659885e-05,0.037432700002682395
