percentage,execution,ar_r_sub,k_s_sup,ks_sf_in,n_r_t,nk_k_sup,nrs_ns_r,ns_s_spe,ns_s_sup,ns_sub_r,r_ar_sup,s_k_sub,s_ns_sub,s_nsup_k,sub_r_r,t_k_sup,total_time
60,7,0.03201259999877948,1.089999932446517e-05,1.0500001735636033e-05,6.70000008540228e-06,6.000000212225132e-06,5.199999577598646e-06,0.010272199999235454,0.029351900002438924,0.0002514000007067807,1.2000000424450263e-05,9.199999112752266e-06,1.049999991664663e-05,4.899999112240039e-06,1.4400000509340316e-05,1.0300000212737359e-05,0.07198870000138413
