percentage,execution,ar_r_sub,k_s_sup,ks_sf_in,n_r_t,nk_k_sup,nrs_ns_r,ns_s_spe,ns_s_sup,ns_sub_r,r_ar_sup,s_k_sub,s_ns_sub,s_nsup_k,sub_r_r,t_k_sup,total_time
40,5,0.04699079995043576,0.0016887999372556806,2.5200191885232925e-05,1.3199984095990658e-05,1.2499978765845299e-05,1.0299845598638058e-05,0.037787599954754114,0.05471969989594072,0.0005126999458298087,0.005328799947164953,0.00014690007083117962,0.00014949997421354055,1.0200077667832375e-05,2.8799870051443577e-05,0.0001612999476492405,0.14758629957213998
