percentage,execution,ar_r_sub,k_s_sup,ks_sf_in,n_r_t,nk_k_sup,nrs_ns_r,ns_s_spe,ns_s_sup,ns_sub_r,r_ar_sup,s_k_sub,s_ns_sub,s_nsup_k,sub_r_r,t_k_sup,total_time
90,8,0.030349199660122395,1.1699739843606949e-05,1.1000316590070724e-05,7.0999376475811005e-06,6.100162863731384e-06,4.999805241823196e-06,0.013995600398629904,0.03475109999999404,1.4500226825475693e-05,8.320016786456108e-05,1.0200310498476028e-05,1.3399869203567505e-05,5.200039595365524e-06,1.8300022929906845e-05,1.0800082236528397e-05,0.07929240074008703
