percentage,execution,ar_r_sub,k_s_sup,ks_sf_in,n_r_t,nk_k_sup,nrs_ns_r,ns_s_spe,ns_s_sup,ns_sub_r,r_ar_sup,s_k_sub,s_ns_sub,s_nsup_k,sub_r_r,t_k_sup,total_time
80,8,1.4299999747890979e-05,0.0008039999993343372,1.3100001524435356e-05,1.0199999451288022e-05,1.0100000508828089e-05,8.500001058564521e-06,0.012320999998337356,0.004979500001354609,1.4199998986441642e-05,0.005700900001102127,4.850000186706893e-05,7.139999979699496e-05,8.799999704933725e-06,1.619999784452375e-05,5.1599998187157325e-05,0.024072299998806557
