percentage,execution,ar_r_sub,k_s_sup,ks_sf_in,n_r_t,nk_k_sup,nrs_ns_r,ns_s_spe,ns_s_sup,ns_sub_r,r_ar_sup,s_k_sub,s_ns_sub,s_nsup_k,sub_r_r,t_k_sup,total_time
80,4,0.020198399666696787,1.1200085282325745e-05,1.090019941329956e-05,7.200054824352264e-06,5.7998113334178925e-06,4.90015372633934e-06,0.012858000118285418,0.03485629986971617,0.00025250017642974854,3.0300114303827286e-05,1.0100193321704865e-05,1.309998333454132e-05,4.999805241823196e-06,1.7999671399593353e-05,1.0699499398469925e-05,0.06829239940270782
