percentage,execution,ar_r_sub,k_s_sup,ks_sf_in,n_r_t,nk_k_sup,nrs_ns_r,ns_s_spe,ns_s_sup,ns_sub_r,r_ar_sup,s_k_sub,s_ns_sub,s_nsup_k,sub_r_r,t_k_sup,total_time
10,9,7.499998901039362e-05,1.0299962013959885e-05,1.0100076906383038e-05,9.7999582067132e-06,5.299923941493034e-06,6.00004568696022e-06,0.004982399987056851,0.01872020005248487,0.0004906000103801489,1.0900082997977734e-05,2.5399960577487946e-05,1.009996049106121e-05,4.600035026669502e-06,1.4699879102408886e-05,9.800074622035027e-06,0.024385199998505414
