percentage,execution,k_s_sup,s_k_sub,t_k_sup,ns_s_sup,s_ns_sub,r_ar_sup,ar_r_sub,ns_sub_r,ks_sf_in,sub_r_r,n_r_t,ns_s_spe,nk_k_sup,s_nsup_k,nrs_ns_r,total_time
80,3,1.1199997970834374e-05,1.0000003385357559e-05,1.3500015484169126e-05,0.02688149998721201,1.1199997970834374e-05,8.36999824969098e-05,0.023854600003687665,0.0001432000135537237,1.1099997209385037e-05,1.5300000086426735e-05,6.89999433234334e-06,0.011884299994562753,5.900001269765198e-06,5.0000089686363935e-06,5.0000089686363935e-06,0.06294240000715945
