percentage,execution,ar_r_sub,k_s_sup,ks_sf_in,n_r_t,nk_k_sup,nrs_ns_r,ns_s_spe,ns_s_sup,ns_sub_r,r_ar_sup,s_k_sub,s_ns_sub,s_nsup_k,sub_r_r,t_k_sup,total_time
50,10,0.013889200519770384,0.0037576998583972454,2.209935337305069e-05,1.3899989426136017e-05,1.4500226825475693e-05,1.0999385267496109e-05,0.03892500000074506,0.04804090037941933,0.000812700018286705,0.010356699582189322,0.00017749983817338943,0.00014930078759789467,1.0800082236528397e-05,2.9299408197402954e-05,0.00016489997506141663,0.11637549940496683
