percentage,execution,ar_r_sub,k_s_sup,ks_sf_in,n_r_t,nk_k_sup,nrs_ns_r,ns_s_spe,ns_s_sup,ns_sub_r,r_ar_sup,s_k_sub,s_ns_sub,s_nsup_k,sub_r_r,t_k_sup,total_time
40,8,0.0003572999994503334,1.0799998563015833e-05,1.0600000678095967e-05,6.7999990278622136e-06,5.399999281507917e-06,5.500000042957254e-06,0.01036519999979646,0.03719540000020061,0.0005880000007891795,1.1800000720540993e-05,9.299999874201603e-06,1.0800000382005237e-05,7.5000007200287655e-06,1.469999915570952e-05,1.0399999155197293e-05,0.0486094999978377
