percentage,execution,ar_r_sub,k_s_sup,ks_sf_in,n_r_t,nk_k_sup,nrs_ns_r,ns_s_spe,ns_s_sup,ns_sub_r,r_ar_sup,s_k_sub,s_ns_sub,s_nsup_k,sub_r_r,t_k_sup,total_time
80,6,0.025106800021603703,1.1299853213131428e-05,1.0600080713629723e-05,7.1999384090304375e-06,5.499925464391708e-06,4.899920895695686e-06,0.012529400060884655,0.03294090006966144,0.0001316999550908804,7.830001413822174e-05,9.70007386058569e-06,1.1800089851021767e-05,4.800036549568176e-06,1.4499877579510212e-05,1.0600080713629723e-05,0.0708779999986291
