percentage,execution,ar_r_sub,k_s_sup,ks_sf_in,n_r_t,nk_k_sup,nrs_ns_r,ns_s_spe,ns_s_sup,ns_sub_r,r_ar_sup,s_k_sub,s_ns_sub,s_nsup_k,sub_r_r,t_k_sup,total_time
60,8,0.05365409981459379,0.0006388999754562974,1.489988062530756e-05,1.3900105841457844e-05,1.1999858543276787e-05,1.070008147507906e-05,0.024802700034342706,0.0226703000953421,1.970015000551939e-05,0.0009090000530704856,4.8699905164539814e-05,0.00010039994958788157,1.0300078429281712e-05,2.119992859661579e-05,5.689996760338545e-05,0.10298369987867773
