percentage,execution,ar_r_sub,k_s_sup,ks_sf_in,n_r_t,nk_k_sup,nrs_ns_r,ns_s_spe,ns_s_sup,ns_sub_r,r_ar_sup,s_k_sub,s_ns_sub,s_nsup_k,sub_r_r,t_k_sup,total_time
80,1,0.019646999891847372,1.1199968867003918e-05,1.0300078429281712e-05,6.600050255656242e-06,5.800044164061546e-06,5.09992241859436e-06,0.012493699905462563,0.03190770000219345,0.00023850006982684135,1.71000137925148e-05,9.599956683814526e-06,1.5399884432554245e-05,5.200039595365524e-06,1.4699995517730713e-05,1.3299984857439995e-05,0.06440119980834424
