percentage,execution,ar_r_sub,k_s_sup,ks_sf_in,n_r_t,nk_k_sup,nrs_ns_r,ns_s_spe,ns_s_sup,ns_sub_r,r_ar_sup,s_k_sub,s_ns_sub,s_nsup_k,sub_r_r,t_k_sup,total_time
50,6,0.05057219974696636,0.001731300726532936,2.12998129427433e-05,1.4099758118391037e-05,1.2499745935201645e-05,1.039961352944374e-05,0.03643410000950098,0.04576299898326397,0.0002927999012172222,0.0037961998023092747,0.00015160022303462029,0.0001500006765127182,1.0899268090724945e-05,2.9999762773513794e-05,0.00017060013487935066,0.13916099816560745
