percentage,execution,k_s_sup,s_k_sub,t_k_sup,ns_s_sup,s_ns_sub,r_ar_sup,ar_r_sub,ns_sub_r,ks_sf_in,sub_r_r,n_r_t,ns_s_spe,nk_k_sup,s_nsup_k,nrs_ns_r,total_time
90,10,1.1399999493733048e-05,9.90001717582345e-06,1.09999964479357e-05,0.027542000025277957,1.1399999493733048e-05,7.729999197181314e-05,0.02509749999444466,1.300001167692244e-05,1.0500007192604244e-05,1.4499993994832039e-05,6.89999433234334e-06,0.01277509999636095,8.59999272506684e-06,5.399997462518513e-06,5.0000089686363935e-06,0.06559950002701953
