percentage,execution,ar_r_sub,k_s_sup,ks_sf_in,n_r_t,nk_k_sup,nrs_ns_r,ns_s_spe,ns_s_sup,ns_sub_r,r_ar_sup,s_k_sub,s_ns_sub,s_nsup_k,sub_r_r,t_k_sup,total_time
10,7,7.779989391565323e-05,1.0600313544273376e-05,1.0200310498476028e-05,6.6999346017837524e-06,5.6996941566467285e-06,6.400048732757568e-06,0.002049599774181843,0.004210400395095348,0.0001401999033987522,1.0600313544273376e-05,8.699949830770493e-06,1.00000761449337e-05,4.90015372633934e-06,1.4499761164188385e-05,9.600073099136353e-06,0.006575900595635176
