percentage,execution,ar_r_sub,k_s_sup,ks_sf_in,n_r_t,nk_k_sup,nrs_ns_r,ns_s_spe,ns_s_sup,ns_sub_r,r_ar_sup,s_k_sub,s_ns_sub,s_nsup_k,sub_r_r,t_k_sup,total_time
80,9,0.03348780004307628,1.1600088328123093e-05,1.1000316590070724e-05,7.199589163064957e-06,5.900394171476364e-06,5.3998082876205444e-06,0.012802599929273129,0.0361267002299428,0.00014330027624964714,1.2699980288743973e-05,1.5799887478351593e-05,1.2599863111972809e-05,5.200039595365524e-06,1.5099998563528061e-05,1.0799616575241089e-05,0.08267370006069541
