percentage,execution,ar_r_sub,k_s_sup,ks_sf_in,n_r_t,nk_k_sup,nrs_ns_r,ns_s_spe,ns_s_sup,ns_sub_r,r_ar_sup,s_k_sub,s_ns_sub,s_nsup_k,sub_r_r,t_k_sup,total_time
20,7,0.0002249000008305302,1.0199999451288022e-05,1.0199997632298619e-05,6.599999323952943e-06,5.599998985417187e-06,6.100000973674469e-06,0.007654999999431311,0.029625299999679555,0.0005897999999433523,1.1300000551273115e-05,8.800001523923129e-06,1.0400000974186696e-05,4.900000931229442e-06,1.4500001270789653e-05,1.0100000508828089e-05,0.03819370000201161
