percentage,execution,ar_r_sub,k_s_sup,ks_sf_in,n_r_t,nk_k_sup,nrs_ns_r,ns_s_spe,ns_s_sup,ns_sub_r,r_ar_sup,s_k_sub,s_ns_sub,s_nsup_k,sub_r_r,t_k_sup,total_time
20,8,0.00019320007413625717,1.0300078429281712e-05,9.900075383484364e-06,6.300047971308231e-06,5.300040356814861e-06,5.899928510189056e-06,0.007831199909560382,0.031135499943047762,0.0005895998328924179,1.0899966582655907e-05,9.100069291889668e-06,1.009996049106121e-05,4.800036549568176e-06,1.4299876056611538e-05,1.00000761449337e-05,0.03984639991540462
