percentage,execution,ar_r_sub,k_s_sup,ks_sf_in,n_r_t,nk_k_sup,nrs_ns_r,ns_s_spe,ns_s_sup,ns_sub_r,r_ar_sup,s_k_sub,s_ns_sub,s_nsup_k,sub_r_r,t_k_sup,total_time
90,4,0.02624250017106533,1.1300202459096909e-05,1.0599847882986069e-05,7.0999376475811005e-06,5.999580025672913e-06,4.999805241823196e-06,0.01295530004426837,0.027794300112873316,1.3899989426136017e-05,8.379993960261345e-05,1.0099727660417557e-05,1.4299526810646057e-05,5.200039595365524e-06,1.530023291707039e-05,1.0999850928783417e-05,0.06718569900840521
