percentage,execution,ar_r_sub,k_s_sup,ks_sf_in,n_r_t,nk_k_sup,nrs_ns_r,ns_s_spe,ns_s_sup,ns_sub_r,r_ar_sup,s_k_sub,s_ns_sub,s_nsup_k,sub_r_r,t_k_sup,total_time
80,6,1.0800000382005237e-05,0.0024694999992789235,8.900000466383062e-06,5.2999994295532815e-06,5.500000042957254e-06,4.399999852466863e-06,0.0008998000002975459,0.00013519999993150122,9.499999578110874e-06,0.0024406999991697376,0.00018840000029740622,0.00018199999976786785,4.800000169780105e-06,1.049999991664663e-05,0.000208599999496073,0.006583899998076959
