percentage,execution,ar_r_sub,k_s_sup,ks_sf_in,n_r_t,nk_k_sup,nrs_ns_r,ns_s_spe,ns_s_sup,ns_sub_r,r_ar_sup,s_k_sub,s_ns_sub,s_nsup_k,sub_r_r,t_k_sup,total_time
20,6,8.399999387620483e-06,9.399999726156238e-06,8.499999239575118e-06,5.500000042957254e-06,5.099999725644011e-06,5.099999725644011e-06,0.0005203999999139342,7.370000093942508e-05,8.900000466383062e-06,7.579999964946182e-05,8.199999683711212e-06,8.300000445160549e-06,4.399999852466863e-06,1.049999991664663e-05,1.2700000297627412e-05,0.0007648999990124139
