percentage,execution,ar_r_sub,k_s_sup,ks_sf_in,n_r_t,nk_k_sup,nrs_ns_r,ns_s_spe,ns_s_sup,ns_sub_r,r_ar_sup,s_k_sub,s_ns_sub,s_nsup_k,sub_r_r,t_k_sup,total_time
30,9,0.008477300172671676,0.0002946999156847596,2.4600070901215076e-05,1.9400031305849552e-05,0.004401899874210358,0.0010449000401422381,0.011982199968770146,0.00018909992650151253,2.899987157434225e-05,0.0023657999699935317,0.02197200001683086,0.04604700021445751,0.003779800026677549,3.489980008453131e-05,0.012911299942061305,0.11357389984186739
