percentage,execution,ar_r_sub,k_s_sup,ks_sf_in,n_r_t,nk_k_sup,nrs_ns_r,ns_s_spe,ns_s_sup,ns_sub_r,r_ar_sup,s_k_sub,s_ns_sub,s_nsup_k,sub_r_r,t_k_sup,total_time
70,10,0.003604500088840723,0.00022140005603432655,2.5900080800056458e-05,1.4000572264194489e-05,0.00854559987783432,1.3399869203567505e-05,0.0018587997183203697,0.00015510013327002525,2.3200176656246185e-05,0.0032368004322052,0.010393000673502684,0.02065039938315749,0.002451099921017885,2.8300099074840546e-05,0.007257500663399696,0.05847900174558163
