percentage,execution,ar_r_sub,k_s_sup,ks_sf_in,n_r_t,nk_k_sup,nrs_ns_r,ns_s_spe,ns_s_sup,ns_sub_r,r_ar_sup,s_k_sub,s_ns_sub,s_nsup_k,sub_r_r,t_k_sup,total_time
80,4,0.007095100001606625,0.00020909999875584617,1.5099998563528061e-05,1.6000001778593287e-05,0.0029204000002209796,0.0010113999978784705,0.001717500001177541,0.00011339999946358148,1.68999977177009e-05,0.0026216000005661044,0.013816999999107793,0.01962229999844567,0.0025838999990810407,2.0400000721565448e-05,0.008551400002033915,0.060331499997118954
