percentage,execution,k_s_sup,s_k_sub,t_k_sup,ns_s_sup,s_ns_sub,r_ar_sup,ar_r_sub,ns_sub_r,ks_sf_in,sub_r_r,n_r_t,ns_s_spe,nk_k_sup,s_nsup_k,nrs_ns_r,total_time
90,6,0.0001353999978164211,0.009408199999597855,0.005863800004590303,7.609999738633633e-05,0.013755200008745305,0.0017817999905673787,0.0018935000116471201,1.2099990271963179e-05,1.0000003385357559e-05,1.4699995517730713e-05,6.999995093792677e-06,0.0008577999979024753,0.0014610000071115792,0.0014205999905243516,5.5000127758830786e-06,0.03670270000293385
