percentage,execution,ar_r_sub,k_s_sup,ks_sf_in,n_r_t,nk_k_sup,nrs_ns_r,ns_s_spe,ns_s_sup,ns_sub_r,r_ar_sup,s_k_sub,s_ns_sub,s_nsup_k,sub_r_r,t_k_sup,total_time
50,6,0.0118219000287354,0.00022029993124306202,2.219993621110916e-05,1.2899981811642647e-05,0.008466799976304173,0.0011090000625699759,0.00179460016079247,0.00015069986693561077,2.2700056433677673e-05,0.004667400033213198,0.012907200027257204,0.030366999795660377,0.0023259000154212117,2.7399975806474686e-05,0.00729239999782294,0.08120839984621853
