percentage,execution,k_s_sup,s_k_sub,t_k_sup,ns_s_sup,s_ns_sub,r_ar_sup,ar_r_sub,ns_sub_r,ks_sf_in,sub_r_r,n_r_t,ns_s_spe,nk_k_sup,s_nsup_k,nrs_ns_r,total_time
50,10,0.00017410001601092517,0.007869599998230115,0.005563400001847185,7.890000415500253e-05,0.02699340000981465,0.00013359999866224825,0.005790600000182167,1.1299998732283711e-05,9.399998816661537e-06,1.2799995602108538e-05,6.400005077011883e-06,0.0008133999945130199,0.001491499991971068,0.0012414000084390864,0.0001041999930748716,0.050294000015128404
