percentage,execution,k_s_sup,s_k_sub,t_k_sup,ns_s_sup,s_ns_sub,r_ar_sup,ar_r_sub,ns_sub_r,ks_sf_in,sub_r_r,n_r_t,ns_s_spe,nk_k_sup,s_nsup_k,nrs_ns_r,total_time
50,6,0.00014090001059230417,0.00950679999368731,0.006108699992182665,1.0700008715502918e-05,0.024781799991615117,0.0017034000193234533,0.00013740001304540783,1.1500000255182385e-05,9.599985787644982e-06,1.3600001693703234e-05,6.600006599910557e-06,4.899993655271828e-06,0.0015196000022115186,0.001289600011659786,6.50000583846122e-06,0.04525160003686324
