percentage,execution,k_s_sup,s_k_sub,t_k_sup,ns_s_sup,s_ns_sub,r_ar_sup,ar_r_sub,ns_sub_r,ks_sf_in,sub_r_r,n_r_t,ns_s_spe,nk_k_sup,s_nsup_k,nrs_ns_r,total_time
20,4,1.0500007192604244e-05,0.0001446999958716333,9.900002623908222e-06,8.999995770864189e-06,0.00013640000543091446,1.030000566970557e-05,0.0001365999924018979,9.99998883344233e-06,9.399998816661537e-06,1.3500000932253897e-05,7.099995855242014e-06,4.8000074457377195e-06,0.0004878999898210168,0.0003404000017326325,6.89999433234334e-06,0.001337399982730858
