percentage,execution,ar_r_sub,k_s_sup,ks_sf_in,n_r_t,nk_k_sup,nrs_ns_r,ns_s_spe,ns_s_sup,ns_sub_r,r_ar_sup,s_k_sub,s_ns_sub,s_nsup_k,sub_r_r,t_k_sup,total_time
20,8,2.059992402791977e-05,0.00021950015798211098,2.1200161427259445e-05,1.2500211596488953e-05,0.008393900003284216,1.3899989426136017e-05,9.600073099136353e-06,2.079969272017479e-05,1.9599683582782745e-05,0.00325119961053133,0.012515199836343527,0.03797740023583174,0.002060800325125456,2.6999972760677338e-05,0.007560799829661846,0.0721239997074008
