percentage,execution,ar_r_sub,k_s_sup,ks_sf_in,n_r_t,nk_k_sup,nrs_ns_r,ns_s_spe,ns_s_sup,ns_sub_r,r_ar_sup,s_k_sub,s_ns_sub,s_nsup_k,sub_r_r,t_k_sup,total_time
60,9,0.007099299691617489,0.00021740002557635307,1.8300022929906845e-05,1.3400334864854813e-05,0.0034124995581805706,0.001428700052201748,0.0018771998584270477,0.00011650007218122482,2.090074121952057e-05,0.001493699848651886,0.013310800306499004,0.030381300020962954,0.002757299691438675,2.470053732395172e-05,0.008916399907320738,0.07108840066939592
