percentage,execution,ar_r_sub,k_s_sup,ks_sf_in,n_r_t,nk_k_sup,nrs_ns_r,ns_s_spe,ns_s_sup,ns_sub_r,r_ar_sup,s_k_sub,s_ns_sub,s_nsup_k,sub_r_r,t_k_sup,total_time
50,5,0.0002782996743917465,8.299993351101875e-05,9.799841791391373e-06,6.5998174250125885e-06,0.0014539998956024647,6.400048732757568e-06,4.800036549568176e-06,1.0299962013959885e-05,1.0599847882986069e-05,0.0009015998803079128,0.008227899670600891,0.017883900087326765,0.0011713998392224312,1.3499986380338669e-05,0.004363199695944786,0.03442529821768403
