percentage,execution,k_s_sup,s_k_sub,t_k_sup,ns_s_sup,s_ns_sub,r_ar_sup,ar_r_sub,ns_sub_r,ks_sf_in,sub_r_r,n_r_t,ns_s_spe,nk_k_sup,s_nsup_k,nrs_ns_r,total_time
60,1,0.00013980000221636146,0.00798130000475794,0.0057696999865584075,8.379999781027436e-05,0.024838400015141815,0.0001404999929945916,0.001663400005782023,1.1800002539530396e-05,9.99998883344233e-06,1.7799990018829703e-05,6.699992809444666e-06,0.0008471000037388876,0.0014890000020386651,0.0012922000023536384,5.900001269765198e-06,0.04429739998886362
