percentage,execution,ar_r_sub,k_s_sup,ks_sf_in,n_r_t,nk_k_sup,nrs_ns_r,ns_s_spe,ns_s_sup,ns_sub_r,r_ar_sup,s_k_sub,s_ns_sub,s_nsup_k,sub_r_r,t_k_sup,total_time
80,1,0.005222700536251068,0.0002302001230418682,2.1200161427259445e-05,1.4500226825475693e-05,0.009385299868881702,1.9600149244070053e-05,0.0019680997356772423,0.00015540001913905144,2.5300774723291397e-05,0.004863899201154709,0.01467110076919198,0.02016130043193698,0.002764299511909485,0.000395399983972311,0.015599800273776054,0.07549810176715255
