percentage,execution,ar_r_sub,k_s_sup,ks_sf_in,n_r_t,nk_k_sup,nrs_ns_r,ns_s_spe,ns_s_sup,ns_sub_r,r_ar_sup,s_k_sub,s_ns_sub,s_nsup_k,sub_r_r,t_k_sup,total_time
50,5,0.008193400222808123,0.0001497003249824047,2.0100269466638565e-05,1.4299992471933365e-05,0.01784979971125722,0.00011170003563165665,0.0018822001293301582,0.00014770030975341797,2.3000407963991165e-05,0.0031993999145925045,0.008221200201660395,0.025567899458110332,0.0019749999046325684,2.7999747544527054e-05,0.009152600076049566,0.07653600070625544
