percentage,execution,ar_r_sub,k_s_sup,ks_sf_in,n_r_t,nk_k_sup,nrs_ns_r,ns_s_spe,ns_s_sup,ns_sub_r,r_ar_sup,s_k_sub,s_ns_sub,s_nsup_k,sub_r_r,t_k_sup,total_time
70,5,1.7200130969285965e-05,6.810016930103302e-05,1.7000362277030945e-05,1.2999866157770157e-05,0.011741000227630138,1.2699514627456665e-05,1.0299962013959885e-05,1.5099998563528061e-05,1.6899779438972473e-05,0.028676699846982956,0.02181749977171421,0.030311600770801306,0.004363900050520897,2.150004729628563e-05,0.0009125000797212124,0.09801500057801604
