percentage,execution,ar_r_sub,k_s_sup,ks_sf_in,n_r_t,nk_k_sup,nrs_ns_r,ns_s_spe,ns_s_sup,ns_sub_r,r_ar_sup,s_k_sub,s_ns_sub,s_nsup_k,sub_r_r,t_k_sup,total_time
20,4,7.059999916236848e-05,0.00010350000047765207,0.00026870000147027895,5.300000339047983e-06,0.0009261000013793819,5.800000508315861e-06,4.300000000512227e-06,1.0000001566368155e-05,9.40000063565094e-06,7.369999730144627e-05,0.00642859999970824,0.02451149999978952,0.0007724000006419374,1.179999890155159e-05,0.00650830000085989,0.03971000000274216
