percentage,execution,ar_r_sub,k_s_sup,ks_sf_in,n_r_t,nk_k_sup,nrs_ns_r,ns_s_spe,ns_s_sup,ns_sub_r,r_ar_sup,s_k_sub,s_ns_sub,s_nsup_k,sub_r_r,t_k_sup,total_time
80,1,0.0016186000011657597,0.0001339999980700668,1.0300000212737359e-05,6.199999916134402e-06,0.0014069999997445848,5.599998985417187e-06,0.0008472999998048181,7.340000047406647e-05,1.4100000043981709e-05,0.002379899999141344,0.007234400001834729,0.016301900001053582,0.0011948999999731313,1.3100001524435356e-05,0.008705500000360189,0.03994620000230498
