percentage,execution,ar_r_sub,k_s_sup,ks_sf_in,n_r_t,nk_k_sup,nrs_ns_r,ns_s_spe,ns_s_sup,ns_sub_r,r_ar_sup,s_k_sub,s_ns_sub,s_nsup_k,sub_r_r,t_k_sup,total_time
90,1,1.3299752026796341e-05,8.04997980594635e-05,1.00000761449337e-05,6.00004568696022e-06,0.0025611999444663525,5.899928510189056e-06,5.09992241859436e-06,1.090019941329956e-05,1.0499730706214905e-05,0.024579099379479885,0.020525299943983555,0.02323479950428009,0.002219799906015396,1.4500226825475693e-05,0.002171299885958433,0.07544819824397564
