percentage,execution,ar_r_sub,k_s_sup,ks_sf_in,n_r_t,nk_k_sup,nrs_ns_r,ns_s_spe,ns_s_sup,ns_sub_r,r_ar_sup,s_k_sub,s_ns_sub,s_nsup_k,sub_r_r,t_k_sup,total_time
80,10,1.5800000255694613e-05,4.780000199389178e-05,1.4299997928901576e-05,1.199999860546086e-05,0.010593799999696785,1.2499998774728738e-05,9.800000043469481e-06,1.5000001440057531e-05,1.5600000551785342e-05,0.03130380000220612,0.020847500001764274,0.027375100000426755,0.004330399997343193,2.1000001652282663e-05,0.0008960999966802774,0.09551049999936367
