percentage,execution,ar_r_sub,k_s_sup,ks_sf_in,n_r_t,nk_k_sup,nrs_ns_r,ns_s_spe,ns_s_sup,ns_sub_r,r_ar_sup,s_k_sub,s_ns_sub,s_nsup_k,sub_r_r,t_k_sup,total_time
10,3,2.1599698811769485e-05,8.949963375926018e-05,1.910002902150154e-05,1.3699755072593689e-05,0.007315600290894508,1.3899989426136017e-05,9.600073099136353e-06,1.950003206729889e-05,1.9999686628580093e-05,0.0032276995480060577,0.005847799126058817,0.02519990038126707,0.0010335003025829792,2.800067886710167e-05,0.00616110023111105,0.04902049945667386
