percentage,execution,ar_r_sub,k_s_sup,ks_sf_in,n_r_t,nk_k_sup,nrs_ns_r,ns_s_spe,ns_s_sup,ns_sub_r,r_ar_sup,s_k_sub,s_ns_sub,s_nsup_k,sub_r_r,t_k_sup,total_time
40,5,2.2700056433677673e-05,9.110011160373688e-05,2.0499806851148605e-05,1.2699980288743973e-05,0.010120599996298552,1.380033791065216e-05,1.019984483718872e-05,2.070050686597824e-05,2.169935032725334e-05,0.02556199999526143,0.02143280068412423,0.047032800037413836,0.0036075999960303307,3.200024366378784e-05,0.0019127000123262405,0.10991390096023679
