percentage,execution,ar_r_sub,k_s_sup,ks_sf_in,n_r_t,nk_k_sup,nrs_ns_r,ns_s_spe,ns_s_sup,ns_sub_r,r_ar_sup,s_k_sub,s_ns_sub,s_nsup_k,sub_r_r,t_k_sup,total_time
60,4,2.220000169472769e-05,8.86999987415038e-05,1.9499999325489625e-05,1.1699999959091656e-05,0.010603699998682714,1.21000011858996e-05,1.2399999832268804e-05,2.0600000425474718e-05,2.1299998479662463e-05,0.03162789999805682,0.031389199997647665,0.04404879999856348,0.004137500000069849,2.849999873433262e-05,0.0021735000009357464,0.12421759999233473
