percentage,execution,ar_r_sub,k_s_sup,ks_sf_in,n_r_t,nk_k_sup,nrs_ns_r,ns_s_spe,ns_s_sup,ns_sub_r,r_ar_sup,s_k_sub,s_ns_sub,s_nsup_k,sub_r_r,t_k_sup,total_time
80,8,0.006876700092107058,0.0001467997208237648,1.1000316590070724e-05,7.0999376475811005e-06,0.0015215999446809292,6.00004568696022e-06,0.0009182002395391464,8.039968088269234e-05,1.3499986380338669e-05,0.003472300246357918,0.008275199681520462,0.01766789983958006,0.0013033002614974976,0.0011072000488638878,0.009444099850952625,0.05085129989311099
