percentage,execution,ar_r_sub,k_s_sup,ks_sf_in,n_r_t,nk_k_sup,nrs_ns_r,ns_s_spe,ns_s_sup,ns_sub_r,r_ar_sup,s_k_sub,s_ns_sub,s_nsup_k,sub_r_r,t_k_sup,total_time
70,2,1.729978248476982e-05,4.949979484081268e-05,1.530023291707039e-05,1.219986006617546e-05,0.01192300021648407,1.3499520719051361e-05,1.019984483718872e-05,1.5700235962867737e-05,1.5799887478351593e-05,0.026336100418120623,0.02244820026680827,0.031853100284934044,0.0043889000080525875,2.1999701857566833e-05,0.0009226002730429173,0.09804340032860637
