percentage,execution,ar_r_sub,k_s_sup,ks_sf_in,n_r_t,nk_k_sup,nrs_ns_r,ns_s_spe,ns_s_sup,ns_sub_r,r_ar_sup,s_k_sub,s_ns_sub,s_nsup_k,sub_r_r,t_k_sup,total_time
80,7,0.00030870000045979396,8.010000055946875e-05,0.0009054999991349177,5.599998985417187e-06,0.0009228999988408759,5.399999281507917e-06,4.600000465870835e-06,9.699999282020144e-06,9.700001101009548e-06,7.530000220867805e-05,0.004876799999692594,0.010844899998119217,0.0007716000000073109,1.1699999959091656e-05,0.005960100001175306,0.02479259999927308
