percentage,execution,ar_r_sub,k_s_sup,ks_sf_in,n_r_t,nk_k_sup,nrs_ns_r,ns_s_spe,ns_s_sup,ns_sub_r,r_ar_sup,s_k_sub,s_ns_sub,s_nsup_k,sub_r_r,t_k_sup,total_time
50,2,0.012347299605607986,0.00014990055933594704,1.5700701624155045e-05,1.5099532902240753e-05,0.0029948996379971504,0.00020819995552301407,0.007776800077408552,0.00011729961261153221,1.8099788576364517e-05,0.003977300599217415,0.010050300043076277,0.029281200375407934,0.0025800997391343117,0.0011762995272874832,0.010590800549834967,0.08129930030554533
