percentage,execution,ar_r_sub,k_s_sup,ks_sf_in,n_r_t,nk_k_sup,nrs_ns_r,ns_s_spe,ns_s_sup,ns_sub_r,r_ar_sup,s_k_sub,s_ns_sub,s_nsup_k,sub_r_r,t_k_sup,total_time
20,10,7.100000038917642e-05,7.74000000092201e-05,0.0002706000013859011,5.40000110049732e-06,0.0009312000001955312,5.800000508315861e-06,4.499999704421498e-06,1.219999830937013e-05,9.399998816661537e-06,7.550000009359792e-05,0.005226299999776529,0.023324400001001777,0.0007708000011916738,1.1599999197642319e-05,0.006046700000297278,0.036842800001977594
