percentage,execution,ar_r_sub,k_s_sup,ks_sf_in,n_r_t,nk_k_sup,nrs_ns_r,ns_s_spe,ns_s_sup,ns_sub_r,r_ar_sup,s_k_sub,s_ns_sub,s_nsup_k,sub_r_r,t_k_sup,total_time
80,3,0.00030249999872467015,8.060000072873663e-05,0.0009061999990080949,5.500000042957254e-06,0.000937000000703847,5.600000804406591e-06,4.599998646881431e-06,9.800000043469481e-06,9.999999747378752e-06,7.580000055895653e-05,0.0049348000011377735,0.010742100001152721,0.0007659000002604444,1.1600001016631722e-05,0.006058699998902739,0.02485070000147971
