execution,ar_r_sub,k_s_sup,ks_sf_in,n_r_t,nk_k_sup,nrs_ns_r,ns_s_spe,ns_s_sup,ns_sub_r,r_ar_sup,s_k_sub,s_ns_sub,s_nsup_k,sub_r_r,t_k_sup,total_time
1,9.699724614620209e-06,8.610030636191368e-05,1.2600328773260117e-05,5.3998082876205444e-06,0.0003259996883571148,8.800067007541656e-06,4.90015372633934e-06,1.00000761449337e-05,1.2899748980998993e-05,8.250027894973755e-05,0.0020364997908473015,0.009682499803602695,0.0002828002907335758,1.3899989426136017e-05,0.002161400392651558,0.014736000448465347
2,2.200016751885414e-05,9.269919246435165e-05,1.9900500774383545e-05,1.16005539894104e-05,0.007096000015735626,1.1699739843606949e-05,1.019984483718872e-05,1.9999686628580093e-05,2.140086144208908e-05,0.0038212998770177364,0.0020477999933063984,0.005456199403852224,0.0004087998531758785,2.330029383301735e-05,0.0022125989198684692,0.021275498904287815
3,2.079969272017479e-05,9.020045399665833e-05,1.8300022929906845e-05,1.0499730706214905e-05,0.006837400142103434,1.0900665074586868e-05,9.29972156882286e-06,1.859990879893303e-05,1.9700732082128525e-05,0.0033570993691682816,0.0018490003421902657,0.00520160049200058,0.00038800016045570374,2.6399735361337662e-05,0.0020504998974502087,0.019908301066607237
