execution,k_s_sup,s_k_sub,t_k_sup,ns_s_sup,s_ns_sub,r_ar_sup,ar_r_sub,ns_sub_r,ks_sf_in,sub_r_r,n_r_t,ns_s_spe,nk_k_sup,s_nsup_k,nrs_ns_r,total_time
1,8.149999484885484e-05,0.0017258000007132068,0.0018752000032691285,8.29999044071883e-06,0.007762399996863678,7.140000525396317e-05,7.999988156370819e-06,8.200004231184721e-06,7.700000423938036e-06,9.399998816661537e-06,4.5000051613897085e-06,3.7999998312443495e-06,0.0002817999920807779,0.00023230000806506723,4.7000066842883825e-06,0.012084999994840473
2,8.299997716676444e-05,0.0016013999993447214,0.0017809999990276992,1.5700003132224083e-05,0.004704699982539751,0.003009399995789863,1.7299986211583018e-05,1.6700010746717453e-05,1.5900004655122757e-05,1.8099977751262486e-05,8.999995770864189e-06,7.700000423938036e-06,0.00615309999557212,0.0003487000067252666,9.499999578110874e-06,0.01779119993443601
3,8.419998630415648e-05,0.0018805999861797318,0.0019112999871140346,1.6999998479150236e-05,0.00491229999170173,0.003529499997966923,1.8800012185238302e-05,1.7800004570744932e-05,1.7300015315413475e-05,1.9499973859637976e-05,9.399998816661537e-06,8.300004992634058e-06,0.006665800014161505,0.0003628000122262165,9.99998883344233e-06,0.01946459997270722
