percentage,execution,ar_r_sub,k_s_sup,ks_sf_in,n_r_t,nk_k_sup,nrs_ns_r,ns_s_spe,ns_s_sup,ns_sub_r,r_ar_sup,s_k_sub,s_ns_sub,s_nsup_k,sub_r_r,t_k_sup,total_time
70,9,0.00013810000382363796,0.006415100069716573,1.0699965059757233e-05,2.0200037397444248e-05,0.0014584000455215573,6.500049494206905e-06,0.0011353000300005078,7.569999434053898e-05,0.0001802999759092927,0.00959019991569221,0.005238100071437657,0.011315200012177229,0.0011020000092685223,1.3299984857439995e-05,0.011528899893164635,0.04822800005786121
