percentage,execution,ar_r_sub,k_s_sup,ks_sf_in,n_r_t,nk_k_sup,nrs_ns_r,ns_s_spe,ns_s_sup,ns_sub_r,r_ar_sup,s_k_sub,s_ns_sub,s_nsup_k,sub_r_r,t_k_sup,total_time
80,1,0.00017230026423931122,0.003279899712651968,1.0299962013959885e-05,7.300172001123428e-06,0.0014617000706493855,9.200070053339005e-06,0.001013800036162138,7.660035043954849e-05,1.12997367978096e-05,0.00844910042360425,0.005171099677681923,0.011580499820411205,0.0016005001962184906,1.3799406588077545e-05,0.011655899696052074,0.044513299595564604
