percentage,execution,k_s_sup,s_k_sub,t_k_sup,ns_s_sup,s_ns_sub,r_ar_sup,ar_r_sub,ns_sub_r,ks_sf_in,sub_r_r,n_r_t,ns_s_spe,nk_k_sup,s_nsup_k,nrs_ns_r,total_time
50,7,0.0024455000093439594,0.005373899999540299,0.011229299998376518,7.579999510198832e-05,0.02074559999164194,0.00393209999310784,7.599999662488699e-05,1.0900010238401592e-05,9.60000033956021e-06,1.3299999409355223e-05,6.400005077011883e-06,0.0009031999943545088,0.0012698999926215038,0.0011162000009790063,1.5199999324977398e-05,0.04722289998608176
