percentage,execution,ar_r_sub,k_s_sup,ks_sf_in,n_r_t,nk_k_sup,nrs_ns_r,ns_s_spe,ns_s_sup,ns_sub_r,r_ar_sup,s_k_sub,s_ns_sub,s_nsup_k,sub_r_r,t_k_sup,total_time
30,7,0.0001558004878461361,0.006700899917632341,2.189958468079567e-05,1.3000331819057465e-05,0.014211999718099833,1.309998333454132e-05,0.0018617999739944935,0.00018299976363778114,0.00033770035952329636,0.014314400032162666,0.007892999798059464,0.020318100228905678,0.001936599612236023,2.8899405151605606e-05,0.01659429958090186,0.08458449877798557
