percentage,execution,k_s_sup,s_k_sub,t_k_sup,ns_s_sup,s_ns_sub,r_ar_sup,ar_r_sub,ns_sub_r,ks_sf_in,sub_r_r,n_r_t,ns_s_spe,nk_k_sup,s_nsup_k,nrs_ns_r,total_time
50,2,0.002870999989681877,0.004773400010890327,0.009909900007187389,0.0001176999940071255,0.01408720001927577,0.0029279000009410083,0.00029850000282749534,1.6500023775734007e-05,1.5000012353993952e-05,2.3599990527145565e-05,1.2800010154023767e-05,0.0018189999973401427,0.011495499988086522,0.0019635999924503267,1.270000939257443e-05,0.050344300048891455
