percentage,execution,k_s_sup,s_k_sub,t_k_sup,ns_s_sup,s_ns_sub,r_ar_sup,ar_r_sub,ns_sub_r,ks_sf_in,sub_r_r,n_r_t,ns_s_spe,nk_k_sup,s_nsup_k,nrs_ns_r,total_time
30,8,1.1299998732283711e-05,0.0002576000115368515,1.0500007192604244e-05,9.599985787644982e-06,0.0002477000089129433,0.005945400000200607,0.00013819999003317207,1.030000566970557e-05,1.0000003385357559e-05,1.6999998479150236e-05,6.499991286545992e-06,5.0000089686363935e-06,0.0009202999935951084,0.0006474999972851947,6.499991286545992e-06,0.008243399992352352
