percentage,execution,ar_r_sub,k_s_sup,ks_sf_in,n_r_t,nk_k_sup,nrs_ns_r,ns_s_spe,ns_s_sup,ns_sub_r,r_ar_sup,s_k_sub,s_ns_sub,s_nsup_k,sub_r_r,t_k_sup,total_time
90,6,0.00020040012896060944,0.007385400123894215,1.1699739843606949e-05,6.6999346017837524e-06,0.0013093999586999416,5.6996941566467285e-06,0.0009228000417351723,0.00010319985449314117,0.003091100137680769,0.012798099778592587,0.00525459973141551,0.00604110024869442,0.0011956999078392982,1.550000160932541e-05,0.01159319980069995,0.049934599082916975
