percentage,execution,ar_r_sub,k_s_sup,ks_sf_in,n_r_t,nk_k_sup,nrs_ns_r,ns_s_spe,ns_s_sup,ns_sub_r,r_ar_sup,s_k_sub,s_ns_sub,s_nsup_k,sub_r_r,t_k_sup,total_time
20,6,1.070008147507906e-05,0.0016683000139892101,9.300070814788342e-06,6.299931555986404e-06,0.0007521000225096941,6.9999368861317635e-06,0.0009186000097543001,7.849989924579859e-05,1.0499963536858559e-05,0.0016737999394536018,0.0032769000390544534,0.015862500062212348,0.0006428000051528215,1.619989052414894e-05,0.006566499941982329,0.03149999980814755
