percentage,execution,ar_r_sub,k_s_sup,ks_sf_in,n_r_t,nk_k_sup,nrs_ns_r,ns_s_spe,ns_s_sup,ns_sub_r,r_ar_sup,s_k_sub,s_ns_sub,s_nsup_k,sub_r_r,t_k_sup,total_time
30,1,2.1500163711607456e-05,0.0016724999295547605,1.9499799236655235e-05,1.54001172631979e-05,0.013083299971185625,1.2900098226964474e-05,0.0019011000404134393,0.00016029994003474712,2.170016523450613e-05,0.014260300085879862,0.0033183001214638352,0.006578000029549003,0.0011582999723032117,2.7700094506144524e-05,0.006760199903510511,0.04901100043207407
