percentage,execution,k_s_sup,s_k_sub,t_k_sup,ns_s_sup,s_ns_sub,r_ar_sup,ar_r_sub,ns_sub_r,ks_sf_in,sub_r_r,n_r_t,ns_s_spe,nk_k_sup,s_nsup_k,nrs_ns_r,total_time
70,3,0.003376699998625554,0.00539010000647977,0.01162760000443086,7.830001413822174e-05,0.014900800000759773,0.006397200006176718,0.00013689999468624592,1.1399999493733048e-05,1.030000566970557e-05,1.3399985618889332e-05,2.5399989681318402e-05,0.0009259000071324408,0.0013935000024503097,0.0014131999923847616,6.800008122809231e-06,0.04570750001585111
