percentage,execution,k_s_sup,s_k_sub,t_k_sup,ns_s_sup,s_ns_sub,r_ar_sup,ar_r_sub,ns_sub_r,ks_sf_in,sub_r_r,n_r_t,ns_s_spe,nk_k_sup,s_nsup_k,nrs_ns_r,total_time
90,6,0.003301600008853711,0.005141799992998131,0.01175290001265239,7.88000033935532e-05,0.005540000012842938,0.009714499989058822,0.00019809999503195286,1.1500000255182385e-05,1.0099989594891667e-05,1.3500000932253897e-05,6.599992047995329e-06,0.0009205999958794564,0.0013007999950787053,0.001170899995486252,5.599998985417187e-06,0.03916729998309165
