percentage,execution,k_s_sup,s_k_sub,t_k_sup,ns_s_sup,s_ns_sub,r_ar_sup,ar_r_sub,ns_sub_r,ks_sf_in,sub_r_r,n_r_t,ns_s_spe,nk_k_sup,s_nsup_k,nrs_ns_r,total_time
40,1,0.0025533999723847955,0.007076899986714125,0.014817999981460162,0.00015629999688826501,0.016684699992765673,0.011326799998641945,0.00019309997151140124,2.2299995180219412e-05,1.960000372491777e-05,4.5800014049746096e-05,1.2800010154023767e-05,0.0019099999917671084,0.007960099988849834,0.00187569999252446,1.3299984857439995e-05,0.06466879988147411
