percentage,execution,ar_r_sub,k_s_sup,ks_sf_in,n_r_t,nk_k_sup,nrs_ns_r,ns_s_spe,ns_s_sup,ns_sub_r,r_ar_sup,s_k_sub,s_ns_sub,s_nsup_k,sub_r_r,t_k_sup,total_time
80,8,0.00029879994690418243,0.004267200129106641,1.5600118786096573e-05,1.2899981811642647e-05,0.009150099940598011,1.750001683831215e-05,0.0018219000194221735,0.00011699984315782785,1.750001683831215e-05,0.012477600015699863,0.007204500027000904,0.01072840008419007,0.0024085999466478825,2.0799925550818443e-05,0.01576259988360107,0.06432099989615381
