percentage,execution,k_s_sup,s_k_sub,t_k_sup,ns_s_sup,s_ns_sub,r_ar_sup,ar_r_sub,ns_sub_r,ks_sf_in,sub_r_r,n_r_t,ns_s_spe,nk_k_sup,s_nsup_k,nrs_ns_r,total_time
40,8,0.004247699995175935,0.008781099983025342,0.01851810001244303,0.0001714000100037083,0.024852499991538934,0.00742510000418406,0.0001593000051798299,2.2100008209235966e-05,2.3200002033263445e-05,2.8000009479001164e-05,1.3200013199821115e-05,0.0019437000009929761,0.0119099000148708,0.0019982000085292384,1.619999238755554e-05,0.08010970005125273
