percentage,execution,ar_r_sub,k_s_sup,ks_sf_in,n_r_t,nk_k_sup,nrs_ns_r,ns_s_spe,ns_s_sup,ns_sub_r,r_ar_sup,s_k_sub,s_ns_sub,s_nsup_k,sub_r_r,t_k_sup,total_time
30,7,0.00015599990729242563,0.00667899998370558,2.0499923266470432e-05,1.279998105019331e-05,0.01763430004939437,1.3200100511312485e-05,0.0018532999092712998,0.00015980005264282227,0.00031340005807578564,0.012977499980479479,0.007836799952201545,0.020430300035513937,0.0019329000497236848,2.7300091460347176e-05,0.016683600144460797,0.08673070021905005
