percentage,execution,ar_r_sub,k_s_sup,ks_sf_in,n_r_t,nk_k_sup,nrs_ns_r,ns_s_spe,ns_s_sup,ns_sub_r,r_ar_sup,s_k_sub,s_ns_sub,s_nsup_k,sub_r_r,t_k_sup,total_time
30,3,0.0002805000403895974,0.005805400083772838,2.0300038158893585e-05,1.2599979527294636e-05,0.011842499952763319,1.8799910321831703e-05,0.0018649999983608723,0.00016020005568861961,0.0003130999393761158,0.007454599952325225,0.006755499984137714,0.016206600004807115,0.0017683999612927437,2.769986167550087e-05,0.014570900006219745,0.06710209976881742
