percentage,execution,k_s_sup,s_k_sub,t_k_sup,ns_s_sup,s_ns_sub,r_ar_sup,ar_r_sub,ns_sub_r,ks_sf_in,sub_r_r,n_r_t,ns_s_spe,nk_k_sup,s_nsup_k,nrs_ns_r,total_time
60,4,0.0024290999863296747,0.004535100000794046,0.00961779999488499,7.829998503439128e-05,0.010647099989000708,0.003964200004702434,0.0002052999916486442,1.1100011761300266e-05,9.799987310543656e-06,1.340000017080456e-05,6.50000583846122e-06,0.0009095999994315207,0.001155799996922724,0.0009560000034980476,6.000002031214535e-06,0.034545099959359504
