percentage,execution,k_s_sup,s_k_sub,t_k_sup,ns_s_sup,s_ns_sub,r_ar_sup,ar_r_sub,ns_sub_r,ks_sf_in,sub_r_r,n_r_t,ns_s_spe,nk_k_sup,s_nsup_k,nrs_ns_r,total_time
50,3,0.005713699996704236,0.005463699999381788,0.01158029999351129,8.249998791143298e-05,0.01797459999215789,0.007470000011380762,7.79999973019585e-05,0.00016599999798927456,1.309999788645655e-05,1.3499986380338669e-05,6.399990525096655e-06,0.0009099000017158687,0.0013373999972827733,0.0011232000106247142,6.300004315562546e-06,0.05193859996506944
