percentage,execution,ar_r_sub,k_s_sup,ks_sf_in,n_r_t,nk_k_sup,nrs_ns_r,ns_s_spe,ns_s_sup,ns_sub_r,r_ar_sup,s_k_sub,s_ns_sub,s_nsup_k,sub_r_r,t_k_sup,total_time
20,7,2.350000067963265e-05,0.0008574000003136462,1.9200002498109825e-05,1.2399999832268804e-05,0.0067494000013539335,1.300000076298602e-05,0.0018664000017452054,0.00015039999925647862,2.0800001948373392e-05,0.008748599999307771,0.0024299000015162164,0.005476500002259854,0.0008138000011967961,2.8500000553322025e-05,0.004996700001356658,0.03220650001458125
