execution,k_s_sup,s_k_sub,t_k_sup,ns_s_sup,s_ns_sub,r_ar_sup,ar_r_sub,ns_sub_r,ks_sf_in,sub_r_r,n_r_t,ns_s_spe,nk_k_sup,s_nsup_k,nrs_ns_r,total_time
1,9.680003859102726e-05,0.0019841999746859074,0.0020767998648807406,1.9200146198272705e-05,0.005403900169767439,9.160011541098356e-05,0.00015929993242025375,2.0100153051316738e-05,1.880002673715353e-05,2.119992859661579e-05,1.1099851690232754e-05,9.300070814788342e-06,0.011808000039309263,0.0004433001158758998,1.2300093658268452e-05,0.022175900521688163
2,9.799993131309748e-05,0.0020469999872148037,0.002265100018121302,1.9099796190857887e-05,0.005471499869599938,9.410001803189516e-05,0.00019329995848238468,2.3099943064153194e-05,2.210005186498165e-05,2.5000073947012424e-05,1.0899966582655907e-05,9.600073099136353e-06,0.01142019999679178,0.00043370004277676344,1.1599971912801266e-05,0.022144299698993564
3,8.479994721710682e-05,0.001969599979929626,0.002134299953468144,9.599956683814526e-06,0.0092644999967888,8.319993503391743e-05,1.0999967344105244e-05,9.600073099136353e-06,9.599840268492699e-06,1.1100084520876408e-05,5.199923180043697e-06,4.699919372797012e-06,0.0003198999911546707,0.0002634000265970826,6.00004568696022e-06,0.014186499640345573
