percentage,execution,ar_r_sub,k_s_sup,ks_sf_in,n_r_t,nk_k_sup,nrs_ns_r,ns_s_spe,ns_s_sup,ns_sub_r,r_ar_sup,s_k_sub,s_ns_sub,s_nsup_k,sub_r_r,t_k_sup,total_time
90,2,1.699943095445633e-05,0.0005981000140309334,1.5299301594495773e-05,1.2699980288743973e-05,1.2800097465515137e-05,1.219986006617546e-05,0.026004399638623,0.03175899991765618,1.729978248476982e-05,0.032825199887156487,4.9899332225322723e-05,4.970002919435501e-05,1.0699965059757233e-05,2.019992098212242e-05,6.029987707734108e-05,0.09146479703485966
