percentage,execution,ar_r_sub,k_s_sup,ks_sf_in,n_r_t,nk_k_sup,nrs_ns_r,ns_s_spe,ns_s_sup,ns_sub_r,r_ar_sup,s_k_sub,s_ns_sub,s_nsup_k,sub_r_r,t_k_sup,total_time
20,10,1.0800082236528397e-05,1.200009137392044e-05,1.1899508535861969e-05,6.5998174250125885e-06,5.300156772136688e-06,5.700159817934036e-06,0.004210100043565035,0.015462699346244335,0.006089499685913324,0.011591999791562557,9.499955922365189e-06,1.0699499398469925e-05,4.699919372797012e-06,1.659942790865898e-05,1.3700220733880997e-05,0.03746179770678282
