percentage,execution,ar_r_sub,k_s_sup,ks_sf_in,n_r_t,nk_k_sup,nrs_ns_r,ns_s_spe,ns_s_sup,ns_sub_r,r_ar_sup,s_k_sub,s_ns_sub,s_nsup_k,sub_r_r,t_k_sup,total_time
40,4,1.0399962775409222e-05,1.0800082236528397e-05,1.0599964298307896e-05,5.900044925510883e-06,5.700043402612209e-06,5.499925464391708e-06,0.005180000094696879,0.016761300037615,0.003054699976928532,0.012533999979496002,9.399838745594025e-06,1.0500079952180386e-05,4.600035026669502e-06,1.3599987141788006e-05,9.70007386058569e-06,0.03762670012656599
