percentage,execution,ar_r_sub,k_s_sup,ks_sf_in,n_r_t,nk_k_sup,nrs_ns_r,ns_s_spe,ns_s_sup,ns_sub_r,r_ar_sup,s_k_sub,s_ns_sub,s_nsup_k,sub_r_r,t_k_sup,total_time
20,2,1.5399884432554245e-05,1.5900004655122757e-05,1.5799421817064285e-05,9.29972156882286e-06,5.500391125679016e-06,5.6996941566467285e-06,0.004960200283676386,0.033450699876993895,0.00914090033620596,0.02464150032028556,1.3799872249364853e-05,1.589953899383545e-05,4.500150680541992e-06,2.039968967437744e-05,1.4699995517730713e-05,0.07233019918203354
