percentage,execution,ar_r_sub,k_s_sup,ks_sf_in,n_r_t,nk_k_sup,nrs_ns_r,ns_s_spe,ns_s_sup,ns_sub_r,r_ar_sup,s_k_sub,s_ns_sub,s_nsup_k,sub_r_r,t_k_sup,total_time
80,5,1.5799887478351593e-05,0.0022676000371575356,1.619989052414894e-05,1.2299511581659317e-05,1.529976725578308e-05,8.699949830770493e-06,0.02565980004146695,0.02985529974102974,0.003285500220954418,0.029687799979001284,4.739966243505478e-05,4.949979484081268e-05,1.0599847882986069e-05,2.0699575543403625e-05,5.469983443617821e-05,0.09100719774141908
