percentage,execution,ar_r_sub,k_s_sup,ks_sf_in,n_r_t,nk_k_sup,nrs_ns_r,ns_s_spe,ns_s_sup,ns_sub_r,r_ar_sup,s_k_sub,s_ns_sub,s_nsup_k,sub_r_r,t_k_sup,total_time
70,9,1.5900121070444584e-05,0.002247400116175413,1.5200115740299225e-05,1.2299977242946625e-05,1.279998105019331e-05,9.399955160915852e-06,0.025567700038664043,0.03145600017160177,0.005947799771092832,0.02975479990709573,4.9900030717253685e-05,4.9400026910007e-05,1.0200077667832375e-05,1.98000343516469e-05,5.289993714541197e-05,0.09522150026168674
