percentage,execution,ar_r_sub,k_s_sup,ks_sf_in,n_r_t,nk_k_sup,nrs_ns_r,ns_s_spe,ns_s_sup,ns_sub_r,r_ar_sup,s_k_sub,s_ns_sub,s_nsup_k,sub_r_r,t_k_sup,total_time
70,1,2.0900042727589607e-05,0.004702900070697069,2.040015533566475e-05,1.2199976481497288e-05,3.0299881473183632e-05,9.7999582067132e-06,0.026154500083066523,0.03911989997141063,0.006018499960191548,0.036426300066523254,8.909986354410648e-05,9.120011236518621e-05,1.0400079190731049e-05,2.6799971237778664e-05,9.899993892759085e-05,0.11283220013137907
