percentage,execution,ar_r_sub,k_s_sup,ks_sf_in,n_r_t,nk_k_sup,nrs_ns_r,ns_s_spe,ns_s_sup,ns_sub_r,r_ar_sup,s_k_sub,s_ns_sub,s_nsup_k,sub_r_r,t_k_sup,total_time
50,6,2.1599698811769485e-05,0.0009203002555295825,2.040015533566475e-05,1.2100092135369778e-05,1.2999866157770157e-05,1.2999866157770157e-05,0.026327700004912913,0.05109059996902943,0.011625300161540508,0.04482060007285327,8.460006210952997e-05,8.649996016174555e-05,1.0400079190731049e-05,2.6599853299558163e-05,0.00010429997928440571,0.13517700007651
