percentage,execution,ar_r_sub,k_s_sup,ks_sf_in,n_r_t,nk_k_sup,nrs_ns_r,ns_s_spe,ns_s_sup,ns_sub_r,r_ar_sup,s_k_sub,s_ns_sub,s_nsup_k,sub_r_r,t_k_sup,total_time
90,10,1.1499505490064621e-05,1.0699499398469925e-05,1.0599847882986069e-05,6.600283086299896e-06,5.7998113334178925e-06,4.800036549568176e-06,0.009417799767106771,0.023662100080400705,0.0029269997030496597,0.02244260022416711,9.09995287656784e-06,1.1300202459096909e-05,4.800036549568176e-06,1.3999640941619873e-05,9.80030745267868e-06,0.05854849889874458
