percentage,execution,ar_r_sub,k_s_sup,ks_sf_in,n_r_t,nk_k_sup,nrs_ns_r,ns_s_spe,ns_s_sup,ns_sub_r,r_ar_sup,s_k_sub,s_ns_sub,s_nsup_k,sub_r_r,t_k_sup,total_time
60,5,2.3900065571069717e-05,0.0028026001527905464,2.140016295015812e-05,1.2399861589074135e-05,1.1599855497479439e-05,1.2099859304726124e-05,0.03316460002679378,0.04115009994711727,0.006352300173602998,0.037931600119918585,8.28000484034419e-05,8.540006820112467e-05,1.0100076906383038e-05,2.8099864721298218e-05,9.240012150257826e-05,0.12178140040487051
