percentage,execution,ar_r_sub,k_s_sup,ks_sf_in,n_r_t,nk_k_sup,nrs_ns_r,ns_s_spe,ns_s_sup,ns_sub_r,r_ar_sup,s_k_sub,s_ns_sub,s_nsup_k,sub_r_r,t_k_sup,total_time
90,6,1.1099851690232754e-05,1.0499847121536732e-05,1.0499847121536732e-05,6.200047209858894e-06,5.799927748739719e-06,4.799920134246349e-06,0.008952099946327507,0.02457799995318055,0.002963100094348192,0.02281400002539158,9.500072337687016e-06,1.3599870726466179e-05,6.200047209858894e-06,1.3200100511312485e-05,1.0200077667832375e-05,0.05940879962872714
