percentage,execution,ar_r_sub,k_s_sup,ks_sf_in,n_r_t,nk_k_sup,nrs_ns_r,ns_s_spe,ns_s_sup,ns_sub_r,r_ar_sup,s_k_sub,s_ns_sub,s_nsup_k,sub_r_r,t_k_sup,total_time
40,5,1.0699965059757233e-05,1.1199619621038437e-05,1.0299962013959885e-05,6.1998143792152405e-06,5.499925464391708e-06,5.5995769798755646e-06,0.004139400087296963,0.008136400021612644,0.00017399946227669716,0.006621200125664473,9.500421583652496e-06,1.0299962013959885e-05,4.699919372797012e-06,1.3699755072593689e-05,1.0200310498476028e-05,0.019168898928910494
