percentage,execution,ar_r_sub,k_s_sup,ks_sf_in,n_r_t,nk_k_sup,nrs_ns_r,ns_s_spe,ns_s_sup,ns_sub_r,r_ar_sup,s_k_sub,s_ns_sub,s_nsup_k,sub_r_r,t_k_sup,total_time
30,2,1.0699965059757233e-05,1.0300078429281712e-05,1.0299845598638058e-05,6.09993003308773e-06,5.299923941493034e-06,5.599926225841045e-06,0.005709200049750507,0.02494920010212809,0.000453400076366961,0.01315649994648993,8.599949069321156e-06,1.0699965059757233e-05,4.800036549568176e-06,1.4199991710484028e-05,9.600073099136353e-06,0.04436449985951185
