percentage,execution,ar_r_sub,k_s_sup,ks_sf_in,n_r_t,nk_k_sup,nrs_ns_r,ns_s_spe,ns_s_sup,ns_sub_r,r_ar_sup,s_k_sub,s_ns_sub,s_nsup_k,sub_r_r,t_k_sup,total_time
20,6,9.899999895424116e-06,9.699999282020144e-06,9.800000043469481e-06,5.899999450775795e-06,5.200000487093348e-06,5.4000001910026185e-06,0.0038853000005474314,0.017633899999964342,0.005686599999535247,0.013565100000050734,8.50000014906982e-06,9.899999895424116e-06,4.499999704421498e-06,1.2999998943996616e-05,9.800000952964183e-06,0.040862499999093416
