execution,ar_r_sub,k_s_sup,ks_sf_in,n_r_t,nk_k_sup,nrs_ns_r,ns_s_spe,ns_s_sup,ns_sub_r,r_ar_sup,s_k_sub,s_ns_sub,s_nsup_k,sub_r_r,t_k_sup,total_time
1,8.600065484642982e-06,7.940002251416445e-05,9.00006853044033e-06,4.699919372797012e-06,0.0003215000033378601,5.800044164061546e-06,4.300032742321491e-06,9.199953638017178e-06,2.199900336563587e-06,7.720000576227903e-05,0.0020915999775752425,0.008754800073802471,0.00024560000747442245,1.0500079952180386e-05,0.0020659001311287284,0.013690300285816193
2,9.299837984144688e-06,0.004211200051940978,9.00006853044033e-06,5.300040356814861e-06,5.100038833916187e-06,4.800036549568176e-06,0.00033650000113993883,7.410009857267141e-05,1.700012944638729e-06,0.0028421999886631966,7.660000119358301e-05,7.579999510198832e-05,4.700035788118839e-06,9.899958968162537e-06,9.469990618526936e-05,0.007760900072753429
3,9.600073099136353e-06,0.004150700056925416,8.999952115118504e-06,4.900037311017513e-06,5.200039595365524e-06,4.500034265220165e-06,0.0003380000125616789,7.850001566112041e-05,1.800013706088066e-06,0.0028538000769913197,7.830013055354357e-05,7.379997987300158e-05,4.500034265220165e-06,9.900075383484364e-06,9.599991608411074e-05,0.0077185004483908415
