execution,k_s_sup,s_k_sub,t_k_sup,ns_s_sup,s_ns_sub,r_ar_sup,ar_r_sub,ns_sub_r,ks_sf_in,sub_r_r,n_r_t,ns_s_spe,nk_k_sup,s_nsup_k,nrs_ns_r,total_time
1,8.560006972402334e-05,0.0011882999679073691,0.001139800064265728,9.699957445263863e-06,0.004950699862092733,8.729996625334024e-05,9.300070814788342e-06,1.0200077667832375e-05,9.399955160915852e-06,1.070008147507906e-05,8.09994526207447e-06,4.600035026669502e-06,0.00018880004063248634,0.00016250007320195436,5.600042641162872e-06,0.007870600209571421
2,5.039991810917854e-05,0.0006296999054029584,0.0005553000373765826,1.3600103557109833e-05,0.0005442999536171556,5.259993486106396e-05,0.00011999986600130796,1.4200108125805855e-05,1.370010431855917e-05,1.5199999324977398e-05,1.0200077667832375e-05,8.899951353669167e-06,0.011090899934060872,0.0002911000046879053,9.899958968162537e-06,0.01341999985743314
