execution,k_s_sup,s_k_sub,t_k_sup,ns_s_sup,s_ns_sub,r_ar_sup,ar_r_sub,ns_sub_r,ks_sf_in,sub_r_r,n_r_t,ns_s_spe,nk_k_sup,s_nsup_k,nrs_ns_r,total_time
1,7.750012446194887e-05,0.0009518999140709639,0.0010010000551119447,9.00006853044033e-06,0.004028099938295782,8.09000339359045e-05,8.499948307871819e-06,1.700012944638729e-06,8.799834176898003e-06,9.400071576237679e-06,4.499917849898338e-06,4.300032742321491e-06,0.00015490001533180475,0.00012229999992996454,4.700035788118839e-06,0.006467500003054738
2,1.209997572004795e-05,0.00010010006371885538,1.2699980288743973e-05,1.1999858543276787e-05,0.00013219995889812708,0.00341189990285784,1.0400079190731049e-05,1.9000144675374031e-06,1.6300124116241932e-05,1.9000028260052204e-05,4.900037311017513e-06,4.400033503770828e-06,0.00020499993115663528,0.00012670003343373537,4.799920134246349e-06,0.004074399941600859
