execution,ar_r_sub,k_s_sup,ks_sf_in,n_r_t,nk_k_sup,nrs_ns_r,ns_s_spe,ns_s_sup,ns_sub_r,r_ar_sup,s_k_sub,s_ns_sub,s_nsup_k,sub_r_r,t_k_sup,total_time
1,7.680011913180351e-05,1.6499776393175125e-05,9.499955922365189e-06,5.700159817934036e-06,5.300156772136688e-06,5.600042641162872e-06,0.001176600344479084,0.0047148000448942184,1.80024653673172e-06,1.019984483718872e-05,9.09995287656784e-06,9.999610483646393e-06,4.800036549568176e-06,1.679966226220131e-05,9.700190275907516e-06,0.0060732001438736916
2,7.700035348534584e-05,1.019984483718872e-05,1.2600328773260117e-05,5.899928510189056e-06,5.2996911108493805e-06,5.400273948907852e-06,0.0011714003048837185,0.004317299462854862,1.80024653673172e-06,1.0200310498476028e-05,9.400304406881332e-06,1.0599847882986069e-05,4.699919372797012e-06,1.4299992471933365e-05,9.499955922365189e-06,0.005665600765496492
3,8.500181138515472e-06,9.499955922365189e-06,9.09995287656784e-06,5.3998082876205444e-06,5.09992241859436e-06,5.2996911108493805e-06,0.0005892002955079079,7.520010694861412e-05,1.6004778444766998e-06,7.440010085701942e-05,8.600298315286636e-06,8.500181138515472e-06,4.599802196025848e-06,1.0300427675247192e-05,8.999835699796677e-06,0.0008243010379374027
4,1.019984483718872e-05,0.004655200056731701,9.599607437849045e-06,5.5995769798755646e-06,5.2996911108493805e-06,5.499925464391708e-06,0.0005982997827231884,8.140038698911667e-05,1.8994323909282684e-06,0.002971199806779623,8.240016177296638e-05,7.609976455569267e-05,4.600267857313156e-06,1.1599622666835785e-05,0.00010850001126527786,0.008627397939562798
5,7.460033521056175e-05,9.799841791391373e-06,9.300187230110168e-06,5.499925464391708e-06,5.000270903110504e-06,5.499925464391708e-06,0.0011439998634159565,0.00422929972410202,1.6996636986732483e-06,9.799841791391373e-06,8.400529623031616e-06,9.699724614620209e-06,4.400033503770828e-06,1.109996810555458e-05,8.999835699796677e-06,0.0055370996706187725
6,9.799841791391373e-06,0.004140699747949839,9.399838745594025e-06,5.400273948907852e-06,5.2996911108493805e-06,5.400273948907852e-06,0.000587299931794405,7.779989391565323e-05,2.200249582529068e-06,0.0028261998668313026,7.849978283047676e-05,7.33998604118824e-05,4.699919372797012e-06,1.1399853974580765e-05,9.20998863875866e-05,0.007929598912596703
