execution,ar_r_sub,k_s_sup,ks_sf_in,n_r_t,nk_k_sup,nrs_ns_r,ns_s_spe,ns_s_sup,ns_sub_r,r_ar_sup,s_k_sub,s_ns_sub,s_nsup_k,sub_r_r,t_k_sup,total_time
1,7.379986345767975e-05,9.699724614620209e-06,0.0002821004018187523,5.700159817934036e-06,0.00019539985805749893,5.8002769947052e-06,4.699919372797012e-06,1.1499971151351929e-05,1.80024653673172e-06,9.09995287656784e-06,7.779989391565323e-05,7.479963824152946e-05,0.00012579979375004768,1.1399388313293457e-05,9.300187230110168e-06,0.0008986992761492729
2,7.160007953643799e-05,9.499955922365189e-06,0.0002708001993596554,5.200039595365524e-06,0.00019109994173049927,5.400273948907852e-06,4.3995678424835205e-06,8.200295269489288e-06,1.900363713502884e-06,9.09995287656784e-06,7.84001313149929e-05,7.509952411055565e-05,0.00012600002810359,1.4200340956449509e-05,9.09995287656784e-06,0.0008800006471574306
3,8.300039917230606e-05,1.00000761449337e-05,8.699949830770493e-06,6.100162863731384e-06,0.00022959988564252853,5.499925464391708e-06,4.500150680541992e-06,8.299481123685837e-06,1.7997808754444122e-06,8.999835699796677e-06,7.660035043954849e-05,7.379986345767975e-05,0.00013060029596090317,1.00000761449337e-05,9.400304406881332e-06,0.0006669005379080772
4,7.769977673888206e-05,1.0299962013959885e-05,0.0003219996578991413,5.700159817934036e-06,0.00019449973478913307,5.6996941566467285e-06,4.1997991502285e-06,8.799601346254349e-06,2.00001522898674e-06,9.300187230110168e-06,8.010026067495346e-05,7.6299998909235e-05,0.00012509990483522415,1.200009137392044e-05,9.40077006816864e-06,0.0009430996142327785
