percentage,execution,ar_r_sub,k_s_sup,ks_sf_in,n_r_t,nk_k_sup,nrs_ns_r,ns_s_spe,ns_s_sup,ns_sub_r,r_ar_sup,s_k_sub,s_ns_sub,s_nsup_k,sub_r_r,t_k_sup,total_time
80,3,0.015347200000178418,0.01846209999985149,1.7499999557912815e-05,1.7500000467407517e-05,0.006227300000318792,8.50000014906982e-06,0.1496157999999923,0.06338610000057088,1.99999976757681e-06,0.0595487000000503,0.01352130000032048,0.01649840000027325,0.005303599999933795,0.001713400000880938,0.02324140000018815,0.37291080000250076
