percentage,execution,ar_r_sub,k_s_sup,ks_sf_in,n_r_t,nk_k_sup,nrs_ns_r,ns_s_spe,ns_s_sup,ns_sub_r,r_ar_sup,s_k_sub,s_ns_sub,s_nsup_k,sub_r_r,t_k_sup,total_time
50,2,0.03337339963763952,0.0047808000817894936,1.659989356994629e-05,1.7799902707338333e-05,0.005838899873197079,1.0499730706214905e-05,0.12139889970421791,0.05818139994516969,1.9995495676994324e-06,0.038712999783456326,0.007747699972242117,0.026158499997109175,0.004802100360393524,0.004288900177925825,0.007809099741280079,0.31313959835097194
