percentage,execution,ar_r_sub,k_s_sup,ks_sf_in,n_r_t,nk_k_sup,nrs_ns_r,ns_s_spe,ns_s_sup,ns_sub_r,r_ar_sup,s_k_sub,s_ns_sub,s_nsup_k,sub_r_r,t_k_sup,total_time
70,3,0.043157300096936524,0.013065099949017167,2.019992098212242e-05,2.050003968179226e-05,0.0067313999170437455,0.0001341000897809863,0.17683190002571791,0.07145539997145534,2.300017513334751e-06,0.06658089999109507,0.015699599985964596,0.029440000071190298,0.006086100009270012,0.0039527000626549125,0.026693099993281066,0.4598706001415849
