percentage,execution,ar_r_sub,k_s_sup,ks_sf_in,n_r_t,nk_k_sup,nrs_ns_r,ns_s_spe,ns_s_sup,ns_sub_r,r_ar_sup,s_k_sub,s_ns_sub,s_nsup_k,sub_r_r,t_k_sup,total_time
20,9,0.011948400060646236,0.005458600004203618,1.7300015315413475e-05,1.9399914890527725e-05,0.004184400080703199,1.379998866468668e-05,0.07430290000047535,0.03298939997330308,2.200016751885414e-06,0.014583999989554286,0.004566699964925647,0.0220594999846071,0.0035185000160709023,0.002332800067961216,0.008873899932950735,0.18487180001102388
