percentage,execution,ar_r_sub,k_s_sup,ks_sf_in,n_r_t,nk_k_sup,nrs_ns_r,ns_s_spe,ns_s_sup,ns_sub_r,r_ar_sup,s_k_sub,s_ns_sub,s_nsup_k,sub_r_r,t_k_sup,total_time
50,9,0.034900300088338554,0.005360799957998097,1.9300030544400215e-05,2.0099920220673084e-05,0.007243599975481629,0.0001241000136360526,0.13392309995833784,0.0820096000097692,2.800021320581436e-06,0.05296900006942451,0.008529300102964044,0.022724500042386353,0.005971800070255995,0.003887399914674461,0.008649000083096325,0.3663347002584487
