percentage,execution,ar_r_sub,k_s_sup,ks_sf_in,n_r_t,nk_k_sup,nrs_ns_r,ns_s_spe,ns_s_sup,ns_sub_r,r_ar_sup,s_k_sub,s_ns_sub,s_nsup_k,sub_r_r,t_k_sup,total_time
20,2,0.05305309989489615,1.810002140700817e-05,1.7799902707338333e-05,1.8900027498602867e-05,0.00044319999869912863,1.379998866468668e-05,0.0919014000101015,0.056801200029440224,2.300017513334751e-06,0.03464900003746152,9.289989247918129e-05,9.680003859102726e-05,0.00034499994944781065,5.079992115497589e-05,1.850002445280552e-05,0.2375227997545153
