percentage,execution,k_s_sup,s_k_sub,t_k_sup,ns_s_sup,s_ns_sub,r_ar_sup,ar_r_sub,ns_sub_r,ks_sf_in,sub_r_r,n_r_t,ns_s_spe,nk_k_sup,s_nsup_k,nrs_ns_r,total_time
10,10,0.007863299993914552,0.0001483000087318942,9.469999349676073e-05,0.03670779998356011,0.00018179998733103275,0.02910340001108125,8.730000990908593e-05,2.1000014385208488e-06,1.3600001693703234e-05,4.7999987145885825e-05,1.8999999156221747e-05,0.053440899995621294,0.00030359999800566584,0.00021939999714959413,1.2400007108226418e-05,0.1282455999753438
