percentage,execution,k_s_sup,s_k_sub,t_k_sup,ns_s_sup,s_ns_sub,r_ar_sup,ar_r_sub,ns_sub_r,ks_sf_in,sub_r_r,n_r_t,ns_s_spe,nk_k_sup,s_nsup_k,nrs_ns_r,total_time
70,7,0.019225699987146072,0.013942899997346103,0.023717199990642257,0.062274799987790175,0.023264600007678382,0.054822499994770624,0.030015399999683723,2.00001522898674e-06,1.7300000763498247e-05,0.001741500003845431,1.750000228639692e-05,0.14770729999872856,0.006027499999618158,0.005426799994893372,0.00011100000119768083,0.3883139999816194
