percentage,execution,ar_r_sub,k_s_sup,ks_sf_in,n_r_t,nk_k_sup,nrs_ns_r,ns_s_spe,ns_s_sup,ns_sub_r,r_ar_sup,s_k_sub,s_ns_sub,s_nsup_k,sub_r_r,t_k_sup,total_time
60,6,0.00789020024240017,0.01242530019953847,1.710047945380211e-05,1.730024814605713e-05,0.006383699830621481,1.0099727660417557e-05,0.14610589994117618,0.07285270001739264,1.80024653673172e-06,0.05254549952223897,0.012475099880248308,0.03597750049084425,0.005526799708604813,0.0011567999608814716,0.023911899887025356,0.3772977003827691
