percentage,execution,k_s_sup,s_k_sub,t_k_sup,ns_s_sup,s_ns_sub,r_ar_sup,ar_r_sub,ns_sub_r,ks_sf_in,sub_r_r,n_r_t,ns_s_spe,nk_k_sup,s_nsup_k,nrs_ns_r,total_time
90,9,0.012935399994603358,0.014005299992277287,0.02397979999659583,0.060287200001766905,0.013881999999284744,0.05950959998881444,0.01906000000599306,1.8999853637069464e-06,1.8400009139440954e-05,0.0008711999980732799,1.8100006855092943e-05,0.15951300000597257,0.006254499996430241,0.005527999994228594,8.29999044071883e-06,0.3758726999658393
