percentage,execution,k_s_sup,s_k_sub,t_k_sup,ns_s_sup,s_ns_sub,r_ar_sup,ar_r_sub,ns_sub_r,ks_sf_in,sub_r_r,n_r_t,ns_s_spe,nk_k_sup,s_nsup_k,nrs_ns_r,total_time
50,2,0.007908100029453635,0.0026464000111445785,0.007631800137460232,0.05900779995135963,0.00556640001013875,0.044466900057159364,0.008672900032252073,2.09989957511425e-06,1.6900012269616127e-05,4.870002157986164e-05,1.750001683831215e-05,0.12290320009924471,0.0031798999989405274,0.0025850998936221004,1.070008147507906e-05,0.2646644002525136
