percentage,execution,ar_r_sub,k_s_sup,ks_sf_in,n_r_t,nk_k_sup,nrs_ns_r,ns_s_spe,ns_s_sup,ns_sub_r,r_ar_sup,s_k_sub,s_ns_sub,s_nsup_k,sub_r_r,t_k_sup,total_time
20,8,0.006061300000510528,1.6900000446185004e-05,1.5400000847876072e-05,1.7100000150094274e-05,0.0008403000001635519,1.2600000445672777e-05,0.08204029999978957,0.04396560000077443,2.099999619531445e-06,0.019328600000335427,0.00014180000016494887,0.00013889999991079094,0.0006615000002057059,4.739999985758914e-05,1.5999999959603883e-05,0.1533058000031815
