percentage,execution,ar_r_sub,k_s_sup,ks_sf_in,n_r_t,nk_k_sup,nrs_ns_r,ns_s_spe,ns_s_sup,ns_sub_r,r_ar_sup,s_k_sub,s_ns_sub,s_nsup_k,sub_r_r,t_k_sup,total_time
60,6,0.03035520005505532,0.017129600048065186,2.059992402791977e-05,2.0099920220673084e-05,0.00645819993223995,1.0900082997977734e-05,0.15636289992835373,0.06724329991266131,2.500019036233425e-06,0.05759320012293756,0.013104300014674664,0.01665759994648397,0.005550400004722178,0.002099699922837317,0.017950700130313635,0.3905591999646276
