percentage,execution,ar_r_sub,k_s_sup,ks_sf_in,n_r_t,nk_k_sup,nrs_ns_r,ns_s_spe,ns_s_sup,ns_sub_r,r_ar_sup,s_k_sub,s_ns_sub,s_nsup_k,sub_r_r,t_k_sup,total_time
10,7,0.006797199952416122,1.7200130969285965e-05,1.580000389367342e-05,1.850002445280552e-05,0.00039599998854100704,1.3999990187585354e-05,0.05915060010738671,0.04966010001953691,2.200016751885414e-06,0.02227119996678084,9.23000043258071e-05,9.320001117885113e-05,0.0002975999377667904,5.119992420077324e-05,1.659989356994629e-05,0.138893699971959
