percentage,execution,ar_r_sub,k_s_sup,ks_sf_in,n_r_t,nk_k_sup,nrs_ns_r,ns_s_spe,ns_s_sup,ns_sub_r,r_ar_sup,s_k_sub,s_ns_sub,s_nsup_k,sub_r_r,t_k_sup,total_time
30,1,0.006214400287717581,0.027606199961155653,1.619989052414894e-05,1.6899779438972473e-05,0.005395600106567144,1.2299977242946625e-05,0.08173089986667037,0.03075519995763898,1.8994323909282684e-06,0.0369250001385808,0.01196330040693283,0.038894500117748976,0.005004699807614088,4.7099776566028595e-05,0.024241900071501732,0.2688260995782912
