percentage,execution,ar_r_sub,k_s_sup,ks_sf_in,n_r_t,nk_k_sup,nrs_ns_r,ns_s_spe,ns_s_sup,ns_sub_r,r_ar_sup,s_k_sub,s_ns_sub,s_nsup_k,sub_r_r,t_k_sup,total_time
10,9,1.3899989426136017e-05,0.020457200007513165,1.1500087566673756e-05,8.100061677396297e-06,7.200054824352264e-06,7.400056347250938e-06,0.005652399966493249,0.0053026999812573195,2.100015990436077e-06,0.014841399854049087,0.00015899993013590574,0.00015750003512948751,5.800044164061546e-06,1.9300146959722042e-05,0.00018700002692639828,0.04683250025846064
