percentage,execution,ar_r_sub,k_s_sup,ks_sf_in,n_r_t,nk_k_sup,nrs_ns_r,ns_s_spe,ns_s_sup,ns_sub_r,r_ar_sup,s_k_sub,s_ns_sub,s_nsup_k,sub_r_r,t_k_sup,total_time
50,5,0.024968899902887642,2.0700041204690933e-05,1.8999911844730377e-05,2.0000035874545574e-05,0.004524699994362891,1.2499978765845299e-05,0.14344270003493875,0.06621249997988343,2.200016751885414e-06,0.04370609996840358,0.0022193999029695988,0.005506400018930435,0.0036211999831721187,0.0013157000066712499,2.089992631226778e-05,0.29561289970297366
