percentage,execution,ar_r_sub,k_s_sup,ks_sf_in,n_r_t,nk_k_sup,nrs_ns_r,ns_s_spe,ns_s_sup,ns_sub_r,r_ar_sup,s_k_sub,s_ns_sub,s_nsup_k,sub_r_r,t_k_sup,total_time
80,2,0.04005969990976155,0.010680500068701804,2.0000035874545574e-05,2.0600040443241596e-05,0.006239899899810553,0.00011939997784793377,0.1769503999967128,0.06907600001432002,2.399901859462261e-06,0.061118299956433475,0.01554489997215569,0.029281099908985198,0.00559030007570982,0.0019709999905899167,0.028724599978886545,0.44539909972809255
