percentage,execution,k_s_sup,s_k_sub,t_k_sup,ns_s_sup,s_ns_sub,r_ar_sup,ar_r_sub,ns_sub_r,ks_sf_in,sub_r_r,n_r_t,ns_s_spe,nk_k_sup,s_nsup_k,nrs_ns_r,total_time
45,1,0.007967800018377602,0.0041761999018490314,0.007854400086216629,0.04813040001317859,0.016285899910144508,0.04123930004425347,0.04279190010856837,2.09989957511425e-06,1.7300015315413475e-05,0.0020136998500674963,1.759990118443966e-05,0.11402910004835576,0.003965799929574132,0.00344030000269413,0.00010890001431107521,0.29204069974366575
