percentage,execution,ar_r_sub,k_s_sup,ks_sf_in,n_r_t,nk_k_sup,nrs_ns_r,ns_s_spe,ns_s_sup,ns_sub_r,r_ar_sup,s_k_sub,s_ns_sub,s_nsup_k,sub_r_r,t_k_sup,total_time
90,7,0.013563099782913923,0.011253000237047672,1.840014010667801e-05,1.8300022929906845e-05,0.006388199981302023,8.899718523025513e-06,0.1730032996274531,0.06915550027042627,2.00001522898674e-06,0.061696299351751804,0.01392580009996891,0.014410300180315971,0.005793900229036808,0.0008677993901073933,0.023771299980580807,0.39387609902769327
