percentage,execution,ar_r_sub,k_s_sup,ks_sf_in,n_r_t,nk_k_sup,nrs_ns_r,ns_s_spe,ns_s_sup,ns_sub_r,r_ar_sup,s_k_sub,s_ns_sub,s_nsup_k,sub_r_r,t_k_sup,total_time
40,6,1.270044595003128e-05,0.023623499553650618,1.1899974197149277e-05,1.019984483718872e-05,0.00162209989503026,8.500181138515472e-06,0.014750800095498562,0.005173900164663792,1.600012183189392e-06,0.02363790012896061,0.007813900243490934,0.02970500010997057,0.0013910001143813133,2.1700281649827957e-05,0.012519400101155043,0.1203041011467576
