percentage,execution,ar_r_sub,k_s_sup,ks_sf_in,n_r_t,nk_k_sup,nrs_ns_r,ns_s_spe,ns_s_sup,ns_sub_r,r_ar_sup,s_k_sub,s_ns_sub,s_nsup_k,sub_r_r,t_k_sup,total_time
20,8,1.1700000868586358e-05,0.025714799999150273,1.1399999493733048e-05,9.60000033956021e-06,0.0003586999991966877,8.099999831756577e-06,0.012501300000621995,0.002548200000092038,1.600000359758269e-06,0.02150179999989632,0.00025300000015704427,0.00024620000021968735,0.0002328000000488828,2.099999983329326e-05,0.0001635999997233739,0.06358379999983299
