percentage,execution,k_s_sup,s_k_sub,t_k_sup,ns_s_sup,s_ns_sub,r_ar_sup,ar_r_sub,ns_sub_r,ks_sf_in,sub_r_r,n_r_t,ns_s_spe,nk_k_sup,s_nsup_k,nrs_ns_r,total_time
50,1,0.013809700030833483,0.0005364000098779798,0.00028460007160902023,0.0023970998590812087,0.00046550005208700895,0.018874900066293776,1.209997572004795e-05,2.100015990436077e-06,3.269989974796772e-05,2.050003968179226e-05,9.900075383484364e-06,0.012065099901519716,0.000870700110681355,0.000548299984075129,7.3999399319291115e-06,0.049937000032514334
