percentage,execution,k_s_sup,s_k_sub,t_k_sup,ns_s_sup,s_ns_sub,r_ar_sup,ar_r_sub,ns_sub_r,ks_sf_in,sub_r_r,n_r_t,ns_s_spe,nk_k_sup,s_nsup_k,nrs_ns_r,total_time
25,2,0.01571509998757392,0.007348799845203757,0.011985900113359094,0.0051113999215886,0.028840000042691827,0.01688760006800294,1.2899981811642647e-05,2.600019797682762e-06,1.1299969628453255e-05,2.2000051103532314e-05,2.6699970476329327e-05,0.010682599968276918,0.0015909000067040324,0.0014643000904470682,8.299946784973145e-06,0.09971039998345077
