percentage,execution,ar_r_sub,k_s_sup,ks_sf_in,n_r_t,nk_k_sup,nrs_ns_r,ns_s_spe,ns_s_sup,ns_sub_r,r_ar_sup,s_k_sub,s_ns_sub,s_nsup_k,sub_r_r,t_k_sup,total_time
80,6,1.5700003132224083e-05,0.021008700015954673,1.209997572004795e-05,9.899958968162537e-06,0.0015926000196486712,6.800051778554916e-06,0.016057200031355023,0.007599099888466299,1.8998980522155762e-06,0.03533869993407279,0.007046299870125949,0.016116500017233193,0.0013647000305354595,2.0700041204690933e-05,0.012096000020392239,0.1182868997566402
