percentage,execution,k_s_sup,s_k_sub,t_k_sup,ns_s_sup,s_ns_sub,r_ar_sup,ar_r_sub,ns_sub_r,ks_sf_in,sub_r_r,n_r_t,ns_s_spe,nk_k_sup,s_nsup_k,nrs_ns_r,total_time
20,10,0.012015399988740683,0.00014210000517778099,0.00016039999900385737,0.0022757999977329746,0.00013740001304540783,0.009532900003250688,1.2100004823878407e-05,1.600012183189392e-06,1.09999964479357e-05,2.0700012100860476e-05,1.0100004146806896e-05,0.009092799999052659,6.400005077011883e-06,5.699999746866524e-06,7.499998901039362e-06,0.03343190003943164
