percentage,execution,k_s_sup,s_k_sub,t_k_sup,ns_s_sup,s_ns_sub,r_ar_sup,ar_r_sub,ns_sub_r,ks_sf_in,sub_r_r,n_r_t,ns_s_spe,nk_k_sup,s_nsup_k,nrs_ns_r,total_time
35,3,0.016458200057968497,0.0003758000675588846,0.0001596000511199236,0.0024780998937785625,0.00029540015384554863,0.017268499941565096,1.209997572004795e-05,1.9000144675374031e-06,1.1199968867003918e-05,2.0999927073717117e-05,1.2299977242946625e-05,0.012533099972642958,0.0005101000424474478,0.0003307999577373266,7.899943739175797e-06,0.050475999945774674
