percentage,execution,k_s_sup,s_k_sub,t_k_sup,ns_s_sup,s_ns_sub,r_ar_sup,ar_r_sub,ns_sub_r,ks_sf_in,sub_r_r,n_r_t,ns_s_spe,nk_k_sup,s_nsup_k,nrs_ns_r,total_time
50,5,0.027417400007834658,0.0006138000026112422,0.0002860999957192689,0.005094100008136593,0.0006491000094683841,0.03160529998422135,1.2500007869675756e-05,1.9000144675374031e-06,1.1500000255182385e-05,2.1099986042827368e-05,1.0499992640689015e-05,0.014588000005460344,0.0010811999964062124,0.0006850999925518408,6.999995093792677e-06,0.0820845999987796
