percentage,execution,ar_r_sub,k_s_sup,ks_sf_in,n_r_t,nk_k_sup,nrs_ns_r,ns_s_spe,ns_s_sup,ns_sub_r,r_ar_sup,s_k_sub,s_ns_sub,s_nsup_k,sub_r_r,t_k_sup,total_time
40,4,1.0700000530050602e-05,0.004234199998791155,9.500000487605575e-06,5.4000001910026185e-06,0.00028500000007625204,5.300000339047983e-06,0.0005198999997446663,7.470000036846614e-05,2.200000380980782e-06,0.008603899999798159,0.00013529999978345586,0.00013010000020585721,0.00020949999998265412,1.320000046689529e-05,0.00011189999986527255,0.014350800001011521
