percentage,execution,k_s_sup,s_k_sub,t_k_sup,ns_s_sup,s_ns_sub,r_ar_sup,ar_r_sub,ns_sub_r,ks_sf_in,sub_r_r,n_r_t,ns_s_spe,nk_k_sup,s_nsup_k,nrs_ns_r,total_time
50,1,0.02896850000252016,0.007396299988613464,0.0119468000048073,0.007838999998057261,0.02900660000159405,0.03347980001126416,1.3600001693703234e-05,1.9999861251562834e-06,1.1399999493733048e-05,2.0000006770715117e-05,9.2999980552122e-06,0.016036399989388883,0.002162399992812425,0.0013812000106554478,8.29999044071883e-06,0.1382815999822924
