percentage,execution,ar_r_sub,k_s_sup,ks_sf_in,n_r_t,nk_k_sup,nrs_ns_r,ns_s_spe,ns_s_sup,ns_sub_r,r_ar_sup,s_k_sub,s_ns_sub,s_nsup_k,sub_r_r,t_k_sup,total_time
70,7,1.2299977242946625e-05,0.02070799982175231,1.200009137392044e-05,1.0099727660417557e-05,0.001275199931114912,7.0999376475811005e-06,0.016415600199252367,0.007842200342565775,2.1997839212417603e-06,0.03586329985409975,0.0006757001392543316,0.0006996998563408852,0.0009021000005304813,2.1000392735004425e-05,0.00035900017246603966,0.08480550022795796
