percentage,execution,k_s_sup,s_k_sub,t_k_sup,ns_s_sup,s_ns_sub,r_ar_sup,ar_r_sub,ns_sub_r,ks_sf_in,sub_r_r,n_r_t,ns_s_spe,nk_k_sup,s_nsup_k,nrs_ns_r,total_time
10,7,1.2100004823878407e-05,7.870000263210386e-05,1.3599987141788006e-05,0.017741299991030246,8.120000711642206e-05,0.01279069998417981,1.1600001016631722e-05,2.2999884095042944e-06,1.060000795405358e-05,2.1599989850074053e-05,1.0100004146806896e-05,0.01107860000047367,0.00018509999790694565,0.00012669998977798969,8.199989679269493e-06,0.042172399946139194
