percentage,execution,ar_r_sub,k_s_sup,ks_sf_in,n_r_t,nk_k_sup,nrs_ns_r,ns_s_spe,ns_s_sup,ns_sub_r,r_ar_sup,s_k_sub,s_ns_sub,s_nsup_k,sub_r_r,t_k_sup,total_time
50,5,1.2400094419717789e-05,0.02101980010047555,1.3400334864854813e-05,1.0100193321704865e-05,0.0016131000593304634,7.899943739175797e-06,0.012998000252991915,0.0024903002195060253,1.80024653673172e-06,0.02512770052999258,0.00750460010021925,0.020540399476885796,0.0013532997108995914,2.1399930119514465e-05,0.012302599847316742,0.10501680104061961
