percentage,execution,ar_r_sub,k_s_sup,ks_sf_in,n_r_t,nk_k_sup,nrs_ns_r,ns_s_spe,ns_s_sup,ns_sub_r,r_ar_sup,s_k_sub,s_ns_sub,s_nsup_k,sub_r_r,t_k_sup,total_time
60,4,1.300000076298602e-05,0.03286690000004455,1.2099999366910197e-05,9.999999747378752e-06,0.0008473000007143128,7.199999345175456e-06,0.01577900000029331,0.007818199998837372,1.7000002117129043e-06,0.04044770000018616,0.0006870999995953753,0.0006380999993780279,0.0005542999997487641,2.080000012938399e-05,0.00039790000028006034,0.10010129999864148
