percentage,execution,k_s_sup,s_k_sub,t_k_sup,ns_s_sup,s_ns_sub,r_ar_sup,ar_r_sub,ns_sub_r,ks_sf_in,sub_r_r,n_r_t,ns_s_spe,nk_k_sup,s_nsup_k,nrs_ns_r,total_time
70,3,0.035840800002915785,0.00743910000892356,0.012172399990959093,0.00784800000838004,0.019855300008202903,0.04238980000081938,1.239999255631119e-05,1.8999999156221747e-06,1.1600001016631722e-05,2.0199993741698563e-05,9.499999578110874e-06,0.015763200004585087,0.001534599985461682,0.0013085999962640926,6.999995093792677e-06,0.1442143999884138
