percentage,execution,ar_r_sub,k_s_sup,ks_sf_in,n_r_t,nk_k_sup,nrs_ns_r,ns_s_spe,ns_s_sup,ns_sub_r,r_ar_sup,s_k_sub,s_ns_sub,s_nsup_k,sub_r_r,t_k_sup,total_time
80,9,1.27000967040658e-05,0.022659200010821223,1.1599971912801266e-05,9.999959729611874e-06,0.0017695999704301357,6.500049494206905e-06,0.01405569992493838,0.0049999000038951635,1.6998965293169022e-06,0.03559689980465919,0.0008823999669402838,0.0008964998414739966,0.0012157000601291656,2.059992402791977e-05,0.0004056000616401434,0.0825445995433256
