percentage,execution,k_s_sup,s_k_sub,t_k_sup,ns_s_sup,s_ns_sub,r_ar_sup,ar_r_sub,ns_sub_r,ks_sf_in,sub_r_r,n_r_t,ns_s_spe,nk_k_sup,s_nsup_k,nrs_ns_r,total_time
55,1,0.02216489997226745,0.00834269996266812,0.013645900064148009,0.00878600007854402,0.02569849998690188,0.040475100046023726,1.7799902707338333e-05,5.00003807246685e-06,1.5299883671104908e-05,2.6699970476329327e-05,1.1899974197149277e-05,0.01907079992815852,0.0018530000234022737,0.0015572999836876988,9.399955160915852e-06,0.141680299770087
