percentage,execution,ar_r_sub,k_s_sup,ks_sf_in,n_r_t,nk_k_sup,nrs_ns_r,ns_s_spe,ns_s_sup,ns_sub_r,r_ar_sup,s_k_sub,s_ns_sub,s_nsup_k,sub_r_r,t_k_sup,total_time
30,6,1.2399978004395962e-05,0.018294099951162934,1.1699856258928776e-05,1.0499963536858559e-05,0.00019479996990412474,8.299946784973145e-06,0.013889499939978123,0.005051199928857386,1.9000144675374031e-06,0.01947740011382848,0.00026409991551190615,0.0003002999583259225,0.00012280000373721123,2.4300068616867065e-05,0.00022280006669461727,0.057886099675670266
