percentage,execution,ar_r_sub,k_s_sup,ks_sf_in,n_r_t,nk_k_sup,nrs_ns_r,ns_s_spe,ns_s_sup,ns_sub_r,r_ar_sup,s_k_sub,s_ns_sub,s_nsup_k,sub_r_r,t_k_sup,total_time
80,8,1.4900113455951214e-05,0.02114530000835657,1.179997343569994e-05,9.699957445263863e-06,0.0015725999837741256,6.5999338403344154e-06,0.014125799993053079,0.004955999902449548,1.800013706088066e-06,0.03385190002154559,0.007631100132130086,0.013045700150541961,0.0013864000793546438,2.0300038158893585e-05,0.011800700100138783,0.10958060040138662
