execution,k_s_sup,s_k_sub,t_k_sup,ns_s_sup,s_ns_sub,r_ar_sup,ar_r_sub,ns_sub_r,ks_sf_in,sub_r_r,n_r_t,ns_s_spe,nk_k_sup,s_nsup_k,nrs_ns_r,total_time
1,9.200011845678091e-06,7.689994527027011e-05,9.400013368576765e-06,8.600007276982069e-06,7.320003351196647e-05,0.0023579999688081443,9.700015652924776e-06,1.800013706088066e-06,9.599956683814526e-06,1.0699965059757233e-05,5.499983672052622e-06,4.399975296109915e-06,0.00019679998513311148,0.00012590002734214067,5.299982149153948e-06,0.002904999884776771
2,9.90001717582345e-06,8.589995559304953e-05,9.400013368576765e-06,8.600007276982069e-06,7.740000728517771e-05,0.002779400034341961,1.3499986380338669e-05,2.800021320581436e-06,1.0200019460171461e-05,1.3999990187585354e-05,5.399982910603285e-06,4.499976057559252e-06,0.00022719998378306627,0.00013260002015158534,5.500041879713535e-06,0.0033863000571727753
3,9.09995287656784e-06,7.54999928176403e-05,8.899951353669167e-06,1.090002479031682e-05,7.280003046616912e-05,0.0024438999826088548,9.299954399466515e-06,1.9000144675374031e-06,8.999952115118504e-06,1.0999967344105244e-05,5.099980626255274e-06,4.099973011761904e-06,0.0001981999957934022,0.0001248999615199864,5.399982910603285e-06,0.0029899997171014547
4,1.1899974197149277e-05,8.859997615218163e-05,9.300070814788342e-06,9.000010322779417e-06,7.479998748749495e-05,0.002523499948438257,9.90001717582345e-06,1.9000144675374031e-06,9.300012607127428e-06,1.1100026313215494e-05,8.100003469735384e-06,7.199996616691351e-06,0.00019789999350905418,0.00012969999806955457,5.499983672052622e-06,0.0030977000133134425
5,8.200004231184721e-05,0.0034783000010065734,0.0037025000201538205,9.700015652924776e-06,0.016262699966318905,8.299999171867967e-05,8.800008799880743e-06,1.9000144675374031e-06,9.399955160915852e-06,1.1199968867003918e-05,5.100038833916187e-06,4.300032742321491e-06,0.0005712999845854938,0.00047150003956630826,5.500041879713535e-06,0.024707200122065842
