percentage,execution,k_s_sup,s_k_sub,t_k_sup,ns_s_sup,s_ns_sub,r_ar_sup,ar_r_sub,ns_sub_r,ks_sf_in,sub_r_r,n_r_t,ns_s_spe,nk_k_sup,s_nsup_k,nrs_ns_r,total_time
80,3,0.00042830000165849924,0.02964270010124892,0.0016441999468952417,0.00012250000145286322,0.03987849992699921,0.06080229999497533,2.0999927073717117e-05,1.7900136299431324e-05,1.659989356994629e-05,2.720009069889784e-05,1.4799879863858223e-05,0.008436700096353889,0.008681799983605742,0.00781540002208203,1.2599979527294636e-05,0.15756249998230487
