percentage,execution,ar_r_sub,k_s_sup,ks_sf_in,n_r_t,nk_k_sup,nrs_ns_r,ns_s_spe,ns_s_sup,ns_sub_r,r_ar_sup,s_k_sub,s_ns_sub,s_nsup_k,sub_r_r,t_k_sup,total_time
80,9,0.0004994999999325955,0.010983500000293134,1.4000000192027073e-05,7.3999999585794285e-06,0.002315299999281706,6.199999916134402e-06,0.0026127000000997214,0.0001353999996354105,0.00015889999940554844,0.009175199999845063,0.0077124000008552684,0.014172899999721267,0.002004500000111875,1.9499999325489625e-05,0.022689599999466736,0.07250699999804056
