percentage,execution,ar_r_sub,k_s_sup,ks_sf_in,n_r_t,nk_k_sup,nrs_ns_r,ns_s_spe,ns_s_sup,ns_sub_r,r_ar_sup,s_k_sub,s_ns_sub,s_nsup_k,sub_r_r,t_k_sup,total_time
30,7,0.0019801994785666466,9.50000248849392e-05,2.259993925690651e-05,1.4299992471933365e-05,0.010485700331628323,1.2799631804227829e-05,0.0016442001797258854,0.0001576002687215805,2.1799467504024506e-05,9.030010551214218e-05,0.0018005995079874992,0.004929699935019016,0.0008418005891144276,2.7200207114219666e-05,0.0032429001294076443,0.025366699788719416
