percentage,execution,ar_r_sub,k_s_sup,ks_sf_in,n_r_t,nk_k_sup,nrs_ns_r,ns_s_spe,ns_s_sup,ns_sub_r,r_ar_sup,s_k_sub,s_ns_sub,s_nsup_k,sub_r_r,t_k_sup,total_time
20,6,0.013714800123125315,8.879986125975847e-05,1.9000028260052204e-05,1.3800105080008507e-05,0.011255200137384236,1.4099874533712864e-05,0.0016588999424129725,0.00014929985627532005,2.5099958293139935e-05,9.229988791048527e-05,0.0017596001271158457,0.004767300095409155,0.0005439999513328075,2.6700086891651154e-05,0.0033059000270441175,0.03743480006232858
