percentage,execution,ar_r_sub,k_s_sup,ks_sf_in,n_r_t,nk_k_sup,nrs_ns_r,ns_s_spe,ns_s_sup,ns_sub_r,r_ar_sup,s_k_sub,s_ns_sub,s_nsup_k,sub_r_r,t_k_sup,total_time
70,9,1.1899974197149277e-05,0.0009119000751525164,1.0899966582655907e-05,7.1999384090304375e-06,0.004493700107559562,7.900060154497623e-06,0.0014012000756338239,8.0699915997684e-05,1.2200092896819115e-05,0.0362444999627769,0.02239139995072037,0.04096950008533895,0.0039907998871058226,1.7700018361210823e-05,0.003320500021800399,0.11387200013268739
