percentage,execution,ar_r_sub,k_s_sup,ks_sf_in,n_r_t,nk_k_sup,nrs_ns_r,ns_s_spe,ns_s_sup,ns_sub_r,r_ar_sup,s_k_sub,s_ns_sub,s_nsup_k,sub_r_r,t_k_sup,total_time
80,10,1.1499971151351929e-05,0.004159000003710389,1.109996810555458e-05,7.00005330145359e-06,0.004336999962106347,6.09993003308773e-06,0.0014798999764025211,7.810001261532307e-05,0.0028200000524520874,0.04136380006093532,0.02627289993688464,0.03719589998945594,0.003873900044709444,1.71000137925148e-05,0.0032232000958174467,0.12485650007147342
