percentage,execution,ar_r_sub,k_s_sup,ks_sf_in,n_r_t,nk_k_sup,nrs_ns_r,ns_s_spe,ns_s_sup,ns_sub_r,r_ar_sup,s_k_sub,s_ns_sub,s_nsup_k,sub_r_r,t_k_sup,total_time
60,9,0.02122020022943616,0.00033590011298656464,1.9999686628580093e-05,1.4199875295162201e-05,0.010973100084811449,0.0005093002691864967,0.004619599785655737,0.0003954996354877949,2.4400651454925537e-05,0.0003452003002166748,0.006370000075548887,0.017335799522697926,0.001419799868017435,2.6999972760677338e-05,0.013625799678266048,0.07723579974845052
