percentage,execution,ar_r_sub,k_s_sup,ks_sf_in,n_r_t,nk_k_sup,nrs_ns_r,ns_s_spe,ns_s_sup,ns_sub_r,r_ar_sup,s_k_sub,s_ns_sub,s_nsup_k,sub_r_r,t_k_sup,total_time
20,4,1.8599999748403206e-05,8.399999933317304e-05,1.6999999388644937e-05,1.0000000656873453e-05,0.006559300000844814,1.0600000678095967e-05,8.600000001024455e-06,1.7699999261822086e-05,1.8200000340584666e-05,0.003170799998770235,0.00388920000204962,0.012995900000532856,0.0006795999997848412,2.150000091205584e-05,0.0018807999995260616,0.029381800001829106
