percentage,execution,ar_r_sub,k_s_sup,ks_sf_in,n_r_t,nk_k_sup,nrs_ns_r,ns_s_spe,ns_s_sup,ns_sub_r,r_ar_sup,s_k_sub,s_ns_sub,s_nsup_k,sub_r_r,t_k_sup,total_time
30,3,0.0056397998705506325,1.0600080713629723e-05,9.500072337687016e-06,6.900052540004253e-06,0.00045689998660236597,6.200047209858894e-06,0.0008379999781027436,9.540002793073654e-05,1.1400086805224419e-05,1.0500079952180386e-05,0.00013930001296103,0.0001330999657511711,0.00032400002237409353,1.309998333454132e-05,1.0599964298307896e-05,0.007705300231464207
