percentage,execution,ar_r_sub,k_s_sup,ks_sf_in,n_r_t,nk_k_sup,nrs_ns_r,ns_s_spe,ns_s_sup,ns_sub_r,r_ar_sup,s_k_sub,s_ns_sub,s_nsup_k,sub_r_r,t_k_sup,total_time
30,6,2.3099943064153194e-05,0.0008147999178618193,2.0500156097114086e-05,1.400010660290718e-05,0.011604400118812919,1.680001150816679e-05,0.002704999875277281,0.00015219999477267265,2.3000058718025684e-05,0.03232989995740354,0.021943100029602647,0.06655219988897443,0.005170099902898073,3.450002986937761e-05,0.0032439999049529433,0.14464759989641607
