percentage,execution,ar_r_sub,k_s_sup,ks_sf_in,n_r_t,nk_k_sup,nrs_ns_r,ns_s_spe,ns_s_sup,ns_sub_r,r_ar_sup,s_k_sub,s_ns_sub,s_nsup_k,sub_r_r,t_k_sup,total_time
20,3,7.910002022981644e-05,8.41999426484108e-05,9.699258953332901e-06,7.000286132097244e-06,0.0006234003230929375,6.9998204708099365e-06,4.699919372797012e-06,1.0299962013959885e-05,1.1799857020378113e-05,7.810071110725403e-05,0.0018830997869372368,0.008304599672555923,0.000498299952596426,1.3300683349370956e-05,0.0034864996559917927,0.015101099852472544
