percentage,execution,ar_r_sub,k_s_sup,ks_sf_in,n_r_t,nk_k_sup,nrs_ns_r,ns_s_spe,ns_s_sup,ns_sub_r,r_ar_sup,s_k_sub,s_ns_sub,s_nsup_k,sub_r_r,t_k_sup,total_time
20,1,0.0055813999997553765,9.800000043469481e-06,1.1499999345687684e-05,6.70000008540228e-06,0.00022420000004785834,8.600000001024455e-06,0.0007875000001149601,0.00012730000071314862,1.0400000974186696e-05,1.2299999980314169e-05,7.29000003047986e-05,0.00010629999906086596,0.0002248999999210355,1.2599999536178075e-05,1.2099999366910197e-05,0.007208499999251217
