percentage,execution,ar_r_sub,k_s_sup,ks_sf_in,n_r_t,nk_k_sup,nrs_ns_r,ns_s_spe,ns_s_sup,ns_sub_r,r_ar_sup,s_k_sub,s_ns_sub,s_nsup_k,sub_r_r,t_k_sup,total_time
10,7,0.00013449985999614,1.1399970389902592e-05,1.2499862350523472e-05,7.200054824352264e-06,0.0006096999859437346,7.400056347250938e-06,4.900037311017513e-06,9.800074622035027e-06,1.0800082236528397e-05,1.0900082997977734e-05,0.00013880012556910515,0.00013749999925494194,0.00043379992712289095,1.54001172631979e-05,1.079996582120657e-05,0.001555400202050805
