percentage,execution,ar_r_sub,k_s_sup,ks_sf_in,n_r_t,nk_k_sup,nrs_ns_r,ns_s_spe,ns_s_sup,ns_sub_r,r_ar_sup,s_k_sub,s_ns_sub,s_nsup_k,sub_r_r,t_k_sup,total_time
80,3,1.200009137392044e-05,0.004118299926631153,1.1400086805224419e-05,7.300055585801601e-06,0.004508699988946319,6.500049494206905e-06,0.0013719999697059393,8.210004307329655e-05,0.0029548999154940248,0.04036659991834313,0.027303299866616726,0.03661030007060617,0.0040744999423623085,1.7399899661540985e-05,0.0033638000022619963,0.12480909982696176
