percentage,execution,k_s_sup,s_k_sub,t_k_sup,ns_s_sup,s_ns_sub,r_ar_sup,ar_r_sub,ns_sub_r,ks_sf_in,sub_r_r,n_r_t,ns_s_spe,nk_k_sup,s_nsup_k,nrs_ns_r,total_time
70,5,0.00024170000688172877,0.0044406999804778025,0.008936800004448742,0.00011649998486973345,0.004334999990533106,0.00024360000679735094,0.0017272999975830317,1.6700010746717453e-05,1.4800010831095278e-05,2.02999945031479e-05,1.3699987903237343e-05,0.0015715999907115474,0.011349399996106513,0.0016355999978259206,1.1099997209385037e-05,0.03467479995742906
