percentage,execution,k_s_sup,s_k_sub,t_k_sup,ns_s_sup,s_ns_sub,r_ar_sup,ar_r_sub,ns_sub_r,ks_sf_in,sub_r_r,n_r_t,ns_s_spe,nk_k_sup,s_nsup_k,nrs_ns_r,total_time
30,7,0.0001399999891873449,0.0024741999950492755,0.004823700000997633,1.0399991879239678e-05,0.008773699999437667,0.00013840000610798597,7.259999983943999e-05,1.0000003385357559e-05,9.499999578110874e-06,1.2799995602108538e-05,6.700007361359894e-06,4.7000066842883825e-06,0.0005597000126726925,0.00048070000775624067,6.199989002197981e-06,0.017523300004540943
