percentage,execution,ar_r_sub,k_s_sup,ks_sf_in,n_r_t,nk_k_sup,nrs_ns_r,ns_s_spe,ns_s_sup,ns_sub_r,r_ar_sup,s_k_sub,s_ns_sub,s_nsup_k,sub_r_r,t_k_sup,total_time
80,1,0.006152299698442221,0.00018250010907649994,1.4599878340959549e-05,1.3799872249364853e-05,0.020883500110358,1.0400079190731049e-05,0.004798500332981348,0.0003351997584104538,1.74008309841156e-05,0.00017919996753335,0.003708300180733204,0.0036951997317373753,0.0016395999118685722,2.00001522898674e-05,0.00696370005607605,0.04861420067027211
