percentage,execution,ar_r_sub,k_s_sup,ks_sf_in,n_r_t,nk_k_sup,nrs_ns_r,ns_s_spe,ns_s_sup,ns_sub_r,r_ar_sup,s_k_sub,s_ns_sub,s_nsup_k,sub_r_r,t_k_sup,total_time
40,5,1.06999996205559e-05,0.0038848999993206235,1.1000000085914508e-05,6.70000008540228e-06,0.004207100000712671,7.0000005507608876e-06,0.0012960000003658934,7.750000077066943e-05,0.0027239999999437714,0.021768500000689528,0.022226799999771174,0.05912480000006326,0.003738399999747344,1.7500000467407517e-05,0.003198700001121324,0.1222996000033163
