percentage,execution,ar_r_sub,k_s_sup,ks_sf_in,n_r_t,nk_k_sup,nrs_ns_r,ns_s_spe,ns_s_sup,ns_sub_r,r_ar_sup,s_k_sub,s_ns_sub,s_nsup_k,sub_r_r,t_k_sup,total_time
30,10,0.00027419987600296736,0.005639299866743386,2.2699940018355846e-05,1.4399876818060875e-05,0.021463100099936128,1.4699995517730713e-05,0.005053400062024593,0.00027199997566640377,2.280005719512701e-05,0.005797699908725917,0.006329100113362074,0.01868290000129491,0.0020537000382319093,3.160000778734684e-05,0.017741699935868382,0.0834132997551933
