percentage,execution,ar_r_sub,k_s_sup,ks_sf_in,n_r_t,nk_k_sup,nrs_ns_r,ns_s_spe,ns_s_sup,ns_sub_r,r_ar_sup,s_k_sub,s_ns_sub,s_nsup_k,sub_r_r,t_k_sup,total_time
40,9,0.021320899948477745,0.00030029984191060066,2.8100330382585526e-05,2.0999927073717117e-05,0.011015400290489197,0.0013786996714770794,0.0047936998307704926,0.0003583994694054127,2.8899870812892914e-05,0.0002920003607869148,0.004567399621009827,0.012492399662733078,0.0013627996668219566,3.3800024539232254e-05,0.008896099869161844,0.06688989838585258
