percentage,execution,k_s_sup,s_k_sub,t_k_sup,ns_s_sup,s_ns_sub,r_ar_sup,ar_r_sub,ns_sub_r,ks_sf_in,sub_r_r,n_r_t,ns_s_spe,nk_k_sup,s_nsup_k,nrs_ns_r,total_time
70,9,0.00021070000366307795,0.004086699991603382,0.008000900008482859,7.789998198859394e-05,0.007029599990346469,0.0002060999977402389,0.0010564999975031242,1.1199997970834374e-05,1.0100018698722124e-05,1.3100012438371778e-05,7.000009645707905e-06,0.0007903999940026551,0.0009515999990981072,0.0007888999971328303,6.000002031214535e-06,0.023246700002346188
