percentage,execution,k_s_sup,s_k_sub,t_k_sup,ns_s_sup,s_ns_sub,r_ar_sup,ar_r_sub,ns_sub_r,ks_sf_in,sub_r_r,n_r_t,ns_s_spe,nk_k_sup,s_nsup_k,nrs_ns_r,total_time
70,2,0.00020399999630171806,0.003961499998695217,0.007819299993570894,7.669998740311712e-05,0.007033600006252527,0.00020029999723192304,0.005381999988458119,1.1399999493733048e-05,1.0400006431154907e-05,1.3299984857439995e-05,7.000009645707905e-06,0.0007830999966245145,0.0009697999921627343,0.0008619000000180677,0.00010130000009667128,0.02743559995724354
