percentage,execution,k_s_sup,s_k_sub,t_k_sup,ns_s_sup,s_ns_sub,r_ar_sup,ar_r_sub,ns_sub_r,ks_sf_in,sub_r_r,n_r_t,ns_s_spe,nk_k_sup,s_nsup_k,nrs_ns_r,total_time
40,5,1.2299991794861853e-05,0.00030289997812360525,1.2099990271963179e-05,1.069999416358769e-05,0.00029269998776726425,1.2699994840659201e-05,0.0002941999991890043,1.1800002539530396e-05,1.1299998732283711e-05,1.4999997802078724e-05,9.099996532313526e-06,5.900001269765198e-06,0.001142900000559166,0.00077120000787545,7.300011930055916e-06,0.0029120999533915892
