percentage,execution,k_s_sup,s_k_sub,t_k_sup,ns_s_sup,s_ns_sub,r_ar_sup,ar_r_sub,ns_sub_r,ks_sf_in,sub_r_r,n_r_t,ns_s_spe,nk_k_sup,s_nsup_k,nrs_ns_r,total_time
90,1,0.000961300014751032,0.027547899997443892,0.003230800008168444,7.729999197181314e-05,0.033312500003376044,0.040151399982278235,1.2299991794861853e-05,1.2200005585327744e-05,1.1200012522749603e-05,1.7000013031065464e-05,7.299997378140688e-06,0.001405600007274188,0.004396800009999424,0.004028600000310689,6.200003554113209e-06,0.11517840003944002
