percentage,execution,k_s_sup,s_k_sub,t_k_sup,ns_s_sup,s_ns_sub,r_ar_sup,ar_r_sub,ns_sub_r,ks_sf_in,sub_r_r,n_r_t,ns_s_spe,nk_k_sup,s_nsup_k,nrs_ns_r,total_time
90,2,0.000902900006622076,0.0271667999913916,0.003301599994301796,7.730000652372837e-05,0.03314009998575784,0.04026029999658931,1.200000406242907e-05,1.1900003300979733e-05,1.1199997970834374e-05,1.6999998479150236e-05,7.299997378140688e-06,0.0013675000082002953,0.004486500009079464,0.004029100004117936,6.199989002197981e-06,0.11479769999277778
