percentage,execution,ar_r_sub,k_s_sup,ks_sf_in,n_r_t,nk_k_sup,nrs_ns_r,ns_s_spe,ns_s_sup,ns_sub_r,r_ar_sup,s_k_sub,s_ns_sub,s_nsup_k,sub_r_r,t_k_sup,total_time
60,6,9.40000063565094e-06,7.60000002628658e-05,8.69999985297909e-06,4.900000021734741e-06,0.0006444999999075662,5.099999725644011e-06,4.200000148557592e-06,9.399999726156238e-06,9.100001079787035e-06,0.00432230000023992,0.0037503999992622994,0.009738100000504346,0.000541700000212586,1.0799999472510535e-05,0.0018452000003890134,0.020979800001441617
