percentage,execution,ar_r_sub,k_s_sup,ks_sf_in,n_r_t,nk_k_sup,nrs_ns_r,ns_s_spe,ns_s_sup,ns_sub_r,r_ar_sup,s_k_sub,s_ns_sub,s_nsup_k,sub_r_r,t_k_sup,total_time
60,10,1.1099851690232754e-05,0.0009055000264197588,1.0399846360087395e-05,6.9999368861317635e-06,0.004421700024977326,6.800051778554916e-06,0.001402099966071546,7.850013207644224e-05,1.1800089851021767e-05,0.031055100029334426,0.02185390004888177,0.047413299907930195,0.004028099938295782,1.8200022168457508e-05,0.003234699950553477,0.11445819982327521
