percentage,execution,ar_r_sub,k_s_sup,ks_sf_in,n_r_t,nk_k_sup,nrs_ns_r,ns_s_spe,ns_s_sup,ns_sub_r,r_ar_sup,s_k_sub,s_ns_sub,s_nsup_k,sub_r_r,t_k_sup,total_time
60,7,0.0005197999998927116,0.014491599518805742,2.479972317814827e-05,1.7399899661540985e-05,0.01388499978929758,1.2999866157770157e-05,0.005111899692565203,0.0003223000094294548,2.439972013235092e-05,0.014818500261753798,0.014810999855399132,0.03511570068076253,0.003925600089132786,3.2899901270866394e-05,0.042150100227445364,0.14526399923488498
