percentage,execution,ar_r_sub,k_s_sup,ks_sf_in,n_r_t,nk_k_sup,nrs_ns_r,ns_s_spe,ns_s_sup,ns_sub_r,r_ar_sup,s_k_sub,s_ns_sub,s_nsup_k,sub_r_r,t_k_sup,total_time
50,6,0.014030999969691038,0.0004521002992987633,2.4300068616867065e-05,2.0699575543403625e-05,0.012150600086897612,0.001382400281727314,0.004729699809104204,0.000349599402397871,2.9500573873519897e-05,0.0004692994989454746,0.008495599497109652,0.019572200253605843,0.0023036999627947807,3.5400036722421646e-05,0.016894600354135036,0.0809406996704638
