percentage,execution,ar_r_sub,k_s_sup,ks_sf_in,n_r_t,nk_k_sup,nrs_ns_r,ns_s_spe,ns_s_sup,ns_sub_r,r_ar_sup,s_k_sub,s_ns_sub,s_nsup_k,sub_r_r,t_k_sup,total_time
60,5,0.012224500067532063,0.00014489982277154922,1.019984483718872e-05,7.3998235166072845e-06,0.0007904996164143085,0.00011099968105554581,0.0015912000089883804,0.0001401999033987522,1.2099742889404297e-05,0.00014569982886314392,0.002602300141006708,0.0056790998205542564,0.0006518000736832619,1.4100223779678345e-05,0.004851099569350481,0.02897609816864133
