percentage,execution,ar_r_sub,k_s_sup,ks_sf_in,n_r_t,nk_k_sup,nrs_ns_r,ns_s_spe,ns_s_sup,ns_sub_r,r_ar_sup,s_k_sub,s_ns_sub,s_nsup_k,sub_r_r,t_k_sup,total_time
90,1,0.00839029997587204,0.00020150002092123032,1.0200310498476028e-05,6.800051778554916e-06,0.0009145000949501991,0.00010540010407567024,0.0023020999506115913,0.00019589997828006744,1.180032268166542e-05,0.00019910000264644623,0.004086500033736229,0.0073645999655127525,0.0007910998538136482,1.2800097465515137e-05,0.007929000072181225,0.03252160083502531
