percentage,execution,ar_r_sub,k_s_sup,ks_sf_in,n_r_t,nk_k_sup,nrs_ns_r,ns_s_spe,ns_s_sup,ns_sub_r,r_ar_sup,s_k_sub,s_ns_sub,s_nsup_k,sub_r_r,t_k_sup,total_time
50,7,1.1900090612471104e-05,0.0008686998626217246,1.070008147507906e-05,7.00005330145359e-06,0.0046276000794023275,8.599949069321156e-06,0.0014980999985709786,8.509994950145483e-05,1.1999858543276787e-05,0.024882200174033642,0.021731199929490685,0.056152199977077544,0.004093699972145259,1.819990575313568e-05,0.003659800044260919,0.11766699992585927
