percentage,execution,ar_r_sub,k_s_sup,ks_sf_in,n_r_t,nk_k_sup,nrs_ns_r,ns_s_spe,ns_s_sup,ns_sub_r,r_ar_sup,s_k_sub,s_ns_sub,s_nsup_k,sub_r_r,t_k_sup,total_time
90,6,0.008654099889099598,0.00022439996246248484,9.900075383484364e-06,6.800051778554916e-06,0.0009438999695703387,0.00013999990187585354,0.0024060000432655215,0.00022890011314302683,1.1999974958598614e-05,0.00021540012676268816,0.003948099911212921,0.007761199958622456,0.000784900039434433,1.3099866919219494e-05,0.008544899988919497,0.033893599873408675
