percentage,execution,ar_r_sub,k_s_sup,ks_sf_in,n_r_t,nk_k_sup,nrs_ns_r,ns_s_spe,ns_s_sup,ns_sub_r,r_ar_sup,s_k_sub,s_ns_sub,s_nsup_k,sub_r_r,t_k_sup,total_time
60,3,1.3699999726668466e-05,4.5900001168774907e-05,1.2700000297627412e-05,9.999999747378752e-06,0.00685449999946286,1.0099999599333387e-05,8.499999239575118e-06,1.2999998943996616e-05,1.359999987471383e-05,0.00603429999864602,0.0037013999999544467,0.00658219999877474,0.0010523000000830507,1.5899999198154546e-05,0.0008817000007184106,0.02524979999543575
