percentage,execution,k_s_sup,s_k_sub,t_k_sup,ns_s_sup,s_ns_sub,r_ar_sup,ar_r_sub,ns_sub_r,ks_sf_in,sub_r_r,n_r_t,ns_s_spe,nk_k_sup,s_nsup_k,nrs_ns_r,total_time
10,8,0.009654699984821491,0.003231099995900877,0.008935500009101816,0.00014930000179447234,0.015701199998147786,0.0067156000004615635,1.1199997970834374e-05,0.0003096000000368804,1.0700008715502918e-05,1.6600009985268116e-05,6.999995093792677e-06,0.002484500000718981,0.0009221000073011965,0.0008242000039899722,7.700000423938036e-06,0.04898100001446437
