percentage,execution,ar_r_sub,k_s_sup,ks_sf_in,n_r_t,nk_k_sup,nrs_ns_r,ns_s_spe,ns_s_sup,ns_sub_r,r_ar_sup,s_k_sub,s_ns_sub,s_nsup_k,sub_r_r,t_k_sup,total_time
40,7,0.00013109995052218437,0.00014139991253614426,9.699724614620209e-06,6.500165909528732e-06,0.0007904996164143085,6.299931555986404e-06,4.4996850192546844e-06,1.00000761449337e-05,1.0400079190731049e-05,0.00015069963410496712,0.0027300999499857426,0.008846099488437176,0.0006436998955905437,1.2999866157770157e-05,0.00497390003874898,0.01846789801493287
