percentage,execution,k_s_sup,s_k_sub,t_k_sup,ns_s_sup,s_ns_sub,r_ar_sup,ar_r_sub,ns_sub_r,ks_sf_in,sub_r_r,n_r_t,ns_s_spe,nk_k_sup,s_nsup_k,nrs_ns_r,total_time
60,2,0.011423999996623024,0.012247999969986267,0.03615290000743698,0.0002812999882735312,0.02466010002535768,0.011535699988598935,0.0007571000023745,2.409999433439225e-05,2.200000744778663e-05,3.200001083314419e-05,1.5099998563528061e-05,0.004990100002032705,0.022992900005192496,0.0036930000060237944,1.5600002370774746e-05,0.12884390000544954
