percentage,execution,k_s_sup,s_k_sub,t_k_sup,ns_s_sup,s_ns_sub,r_ar_sup,ar_r_sub,ns_sub_r,ks_sf_in,sub_r_r,n_r_t,ns_s_spe,nk_k_sup,s_nsup_k,nrs_ns_r,total_time
30,2,9.750001481734216e-05,0.0016561000084038824,0.003237699987948872,0.0002817000058712438,0.004782800009706989,9.410000347997993e-05,0.020111499979975633,2.400000812485814e-05,2.0099992980249226e-05,2.7500020223669708e-05,1.550000160932541e-05,0.003299799995147623,0.010169200017116964,0.0005174999969312921,1.2899996363557875e-05,0.04434790003870148
