percentage,execution,k_s_sup,s_k_sub,t_k_sup,ns_s_sup,s_ns_sub,r_ar_sup,ar_r_sub,ns_sub_r,ks_sf_in,sub_r_r,n_r_t,ns_s_spe,nk_k_sup,s_nsup_k,nrs_ns_r,total_time
60,8,0.0009033999958774075,0.0212510999845108,0.0033546999911777675,8.320000779349357e-05,0.049260399988270365,0.03211159999773372,1.170000177808106e-05,1.170000177808106e-05,1.0900010238401592e-05,1.929998688865453e-05,7.499998901039362e-06,0.0013715999957639724,0.004569099997752346,0.003977800006396137,6.999995093792677e-06,0.11695099995995406
