percentage,execution,ar_r_sub,k_s_sup,ks_sf_in,n_r_t,nk_k_sup,nrs_ns_r,ns_s_spe,ns_s_sup,ns_sub_r,r_ar_sup,s_k_sub,s_ns_sub,s_nsup_k,sub_r_r,t_k_sup,total_time
40,2,0.0006355000659823418,0.010253499960526824,2.1700048819184303e-05,1.4699995517730713e-05,0.03154470003210008,1.4099990949034691e-05,0.005162999965250492,0.00028519995976239443,0.00034449994564056396,0.009021200239658356,0.008031300036236644,0.01721889991313219,0.002674899995326996,3.299990203231573e-05,0.023073299904353917,0.10832949995528907
