percentage,execution,ar_r_sub,k_s_sup,ks_sf_in,n_r_t,nk_k_sup,nrs_ns_r,ns_s_spe,ns_s_sup,ns_sub_r,r_ar_sup,s_k_sub,s_ns_sub,s_nsup_k,sub_r_r,t_k_sup,total_time
90,9,0.003155499929562211,0.0002055000513792038,1.0200077667832375e-05,6.700051017105579e-06,0.0009117999579757452,5.300040356814861e-06,0.0015320000238716602,0.00013699987903237343,1.2200092896819115e-05,0.00019940000493079424,0.0037780998973175883,0.0037403000751510262,0.0007938999915495515,1.3399985618889332e-05,0.007719299988821149,0.022220600047148764
