percentage,execution,ar_r_sub,k_s_sup,ks_sf_in,n_r_t,nk_k_sup,nrs_ns_r,ns_s_spe,ns_s_sup,ns_sub_r,r_ar_sup,s_k_sub,s_ns_sub,s_nsup_k,sub_r_r,t_k_sup,total_time
80,2,0.009976700001061545,0.0002417999994577258,1.4999999621068127e-05,1.320000046689529e-05,0.010954299999866635,0.00021689999994123355,0.004513300000326126,0.00029089999952702783,1.7800000023271423e-05,0.0002375999993091682,0.00493680000090535,0.00786820000030275,0.00154480000037438,4.690000059781596e-05,0.009785199999896577,0.05065940000167757
