percentage,execution,ar_r_sub,k_s_sup,ks_sf_in,n_r_t,nk_k_sup,nrs_ns_r,ns_s_spe,ns_s_sup,ns_sub_r,r_ar_sup,s_k_sub,s_ns_sub,s_nsup_k,sub_r_r,t_k_sup,total_time
20,1,1.2100208550691605e-05,0.0044407001696527,1.1199619621038437e-05,7.3998235166072845e-06,0.00449919980019331,7.799826562404633e-06,0.0014105001464486122,8.330028504133224e-05,0.0029301000759005547,0.013789799995720387,0.02168670017272234,0.07484830031171441,0.00406270008534193,1.7999671399593353e-05,0.0034048999659717083,0.13121270015835762
