percentage,execution,ar_r_sub,k_s_sup,ks_sf_in,n_r_t,nk_k_sup,nrs_ns_r,ns_s_spe,ns_s_sup,ns_sub_r,r_ar_sup,s_k_sub,s_ns_sub,s_nsup_k,sub_r_r,t_k_sup,total_time
70,10,1.8099788576364517e-05,0.00044030044227838516,1.58003531396389e-05,1.4299992471933365e-05,0.009072400163859129,1.3999640941619873e-05,0.00858349958434701,0.00011399993672966957,1.7300713807344437e-05,0.049436899833381176,0.029714100528508425,0.0456793000921607,0.008152700029313564,2.6600435376167297e-05,0.001670200377702713,0.15296950191259384
