percentage,execution,ar_r_sub,k_s_sup,ks_sf_in,n_r_t,nk_k_sup,nrs_ns_r,ns_s_spe,ns_s_sup,ns_sub_r,r_ar_sup,s_k_sub,s_ns_sub,s_nsup_k,sub_r_r,t_k_sup,total_time
40,2,1.2299977242946625e-05,1.1599971912801266e-05,1.070008147507906e-05,7.200054824352264e-06,0.005419600056484342,7.300055585801601e-06,5.400041118264198e-06,1.0500079952180386e-05,1.209997572004795e-05,0.026716900058090687,0.014216699986718595,0.04724799992982298,0.004000900080427527,1.919991336762905e-05,1.2099859304726124e-05,0.09771050012204796
