percentage,execution,k_s_sup,s_k_sub,t_k_sup,ns_s_sup,s_ns_sub,r_ar_sup,ar_r_sub,ns_sub_r,ks_sf_in,sub_r_r,n_r_t,ns_s_spe,nk_k_sup,s_nsup_k,nrs_ns_r,total_time
10,6,1.1099997209385037e-05,0.0040388000052189454,1.650000922381878e-05,1.0400020983070135e-05,0.019997200011857785,0.008777600000030361,1.1600001016631722e-05,1.09999964479357e-05,1.0100004146806896e-05,1.7499987734481692e-05,6.800008122809231e-06,4.999994416721165e-06,0.002328200003830716,0.0016625000134808943,8.400005754083395e-06,0.036912700059474446
