percentage,execution,ar_r_sub,k_s_sup,ks_sf_in,n_r_t,nk_k_sup,nrs_ns_r,ns_s_spe,ns_s_sup,ns_sub_r,r_ar_sup,s_k_sub,s_ns_sub,s_nsup_k,sub_r_r,t_k_sup,total_time
20,7,0.0001547001302242279,0.01516489963978529,2.16006301343441e-05,1.3700220733880997e-05,0.011927700135856867,1.5199650079011917e-05,0.005000799894332886,0.0002896995283663273,0.0006109997630119324,0.01272130012512207,0.008156999945640564,0.02429630048573017,0.0022871005348861217,3.369990736246109e-05,0.02473049983382225,0.1054252004250884
