percentage,execution,ar_r_sub,k_s_sup,ks_sf_in,n_r_t,nk_k_sup,nrs_ns_r,ns_s_spe,ns_s_sup,ns_sub_r,r_ar_sup,s_k_sub,s_ns_sub,s_nsup_k,sub_r_r,t_k_sup,total_time
70,3,1.0199961252510548e-05,1.0499963536858559e-05,9.300070814788342e-06,5.900044925510883e-06,5.299923941493034e-06,5.199923180043697e-06,0.005195500096306205,0.011476400075480342,1.0599964298307896e-05,0.01132239995058626,9.299954399466515e-06,1.0100076906383038e-05,4.700035788118839e-06,1.189985778182745e-05,9.999959729611874e-06,0.028097299858927727
