percentage,execution,k_s_sup,s_k_sub,t_k_sup,ns_s_sup,s_ns_sub,r_ar_sup,ar_r_sub,ns_sub_r,ks_sf_in,sub_r_r,n_r_t,ns_s_spe,nk_k_sup,s_nsup_k,nrs_ns_r,total_time
90,5,1.0400006431154907e-05,9.299983503296971e-06,9.69998654909432e-06,0.02050849999068305,1.0199990356341004e-05,0.01931509999849368,1.0500021744519472e-05,0.002945900007034652,1.0099989594891667e-05,1.2599979527294636e-05,5.900001269765198e-06,0.007493299999623559,5.599998985417187e-06,4.799992893822491e-06,4.5000051613897085e-06,0.05035639995185193
