percentage,execution,k_s_sup,s_k_sub,t_k_sup,ns_s_sup,s_ns_sub,r_ar_sup,ar_r_sub,ns_sub_r,ks_sf_in,sub_r_r,n_r_t,ns_s_spe,nk_k_sup,s_nsup_k,nrs_ns_r,total_time
20,10,1.0599993402138352e-05,8.99998121894896e-06,9.700001101009548e-06,0.016844900004798546,1.1100011761300266e-05,0.011631899993517436,1.1299998732283711e-05,0.00040079999598674476,1.0299991117790341e-05,1.4000004739500582e-05,6.300004315562546e-06,0.0038128000014694408,5.3000112529844046e-06,4.999994416721165e-06,5.599998985417187e-06,0.032788599986815825
