percentage,execution,k_s_sup,s_k_sub,t_k_sup,ns_s_sup,s_ns_sub,r_ar_sup,ar_r_sub,ns_sub_r,ks_sf_in,sub_r_r,n_r_t,ns_s_spe,nk_k_sup,s_nsup_k,nrs_ns_r,total_time
60,8,1.0400006431154907e-05,9.2999980552122e-06,9.800001862458885e-06,0.009258499994757585,1.0200019460171461e-05,0.009218999999575317,1.0599993402138352e-05,1.0899995686486363e-05,9.099996532313526e-06,1.2200005585327744e-05,5.900001269765198e-06,0.004391999988001771,5.099995178170502e-06,4.699992132373154e-06,5.099995178170502e-06,0.022972799983108416
