percentage,execution,k_s_sup,s_k_sub,t_k_sup,ns_s_sup,s_ns_sub,r_ar_sup,ar_r_sub,ns_sub_r,ks_sf_in,sub_r_r,n_r_t,ns_s_spe,nk_k_sup,s_nsup_k,nrs_ns_r,total_time
30,4,1.5699988580308855e-05,1.2899981811642647e-05,1.170000177808106e-05,0.012827900005504489,1.0799994925037026e-05,0.00886519999767188,1.0799994925037026e-05,0.0002825999981723726,9.500014130026102e-06,1.2800010154023767e-05,6.000002031214535e-06,0.0037066999939270318,5.3000112529844046e-06,5.0000089686363935e-06,5.4000120144337416e-06,0.0257883000158472
