percentage,execution,k_s_sup,s_k_sub,t_k_sup,ns_s_sup,s_ns_sub,r_ar_sup,ar_r_sub,ns_sub_r,ks_sf_in,sub_r_r,n_r_t,ns_s_spe,nk_k_sup,s_nsup_k,nrs_ns_r,total_time
20,2,1.0599993402138352e-05,1.0799994925037026e-05,9.90001717582345e-06,0.010315999999875203,1.3200013199821115e-05,0.0065353000100003555,1.0899995686486363e-05,0.00028649999876506627,1.030000566970557e-05,1.68999977177009e-05,6.300004315562546e-06,0.0031808000057935715,5.49999822396785e-06,6.399990525096655e-06,6.200003554113209e-06,0.02042560002882965
