percentage,execution,ar_r_sub,k_s_sup,ks_sf_in,n_r_t,nk_k_sup,nrs_ns_r,ns_s_spe,ns_s_sup,ns_sub_r,r_ar_sup,s_k_sub,s_ns_sub,s_nsup_k,sub_r_r,t_k_sup,total_time
80,5,1.5900000107649248e-05,0.00230459999966115,1.6699999832781032e-05,1.160000010713702e-05,1.140000040322775e-05,9.000000318337698e-06,0.029737600000771636,0.020697500000096625,1.6399999367422424e-05,0.02270969999881345,7.989999903657008e-05,7.739999909972539e-05,9.599999430065509e-06,2.0899999071843922e-05,8.749999960855348e-05,0.07580569999572617
