percentage,execution,ar_r_sub,k_s_sup,ks_sf_in,n_r_t,nk_k_sup,nrs_ns_r,ns_s_spe,ns_s_sup,ns_sub_r,r_ar_sup,s_k_sub,s_ns_sub,s_nsup_k,sub_r_r,t_k_sup,total_time
80,4,1.7399434000253677e-05,0.002696199808269739,1.5900470316410065e-05,1.2699980288743973e-05,1.4399643987417221e-05,1.00000761449337e-05,0.03384550008922815,0.02272159978747368,1.800013706088066e-05,0.024878000374883413,8.499948307871819e-05,9.089987725019455e-05,1.0800082236528397e-05,1.9799452275037766e-05,9.560026228427887e-05,0.08453179895877838
