percentage,execution,ar_r_sub,k_s_sup,ks_sf_in,n_r_t,nk_k_sup,nrs_ns_r,ns_s_spe,ns_s_sup,ns_sub_r,r_ar_sup,s_k_sub,s_ns_sub,s_nsup_k,sub_r_r,t_k_sup,total_time
20,4,1.06999996205559e-05,1.0599998859106563e-05,1.0200000360782724e-05,6.100000064179767e-06,5.499999133462552e-06,6.000000212225132e-06,0.0038189999995665858,0.016027300000132527,0.0003901999998561223,0.011032000000341213,9.200000022246968e-06,1.0700000530050602e-05,4.800000169780105e-06,1.3899999430577736e-05,9.900000804918818e-06,0.031366099999104335
