percentage,execution,k_s_sup,s_k_sub,t_k_sup,ns_s_sup,s_ns_sub,r_ar_sup,ar_r_sub,ns_sub_r,ks_sf_in,sub_r_r,n_r_t,ns_s_spe,nk_k_sup,s_nsup_k,nrs_ns_r,total_time
30,2,1.0200004908256233e-05,9.300012607127428e-06,9.60000033956021e-06,0.012657600018428639,1.0799994925037026e-05,0.00886950000131037,1.1500000255182385e-05,0.0002889000024879351,9.900002623908222e-06,1.3200013199821115e-05,6.300004315562546e-06,0.003814099996816367,5.299996701069176e-06,4.8000074457377195e-06,5.800000508315861e-06,0.02572680005687289
