percentage,execution,k_s_sup,s_k_sub,t_k_sup,ns_s_sup,s_ns_sub,r_ar_sup,ar_r_sub,ns_sub_r,ks_sf_in,sub_r_r,n_r_t,ns_s_spe,nk_k_sup,s_nsup_k,nrs_ns_r,total_time
40,10,1.0400006431154907e-05,9.499985026195645e-06,1.0100004146806896e-05,0.009793000004719943,1.0799994925037026e-05,0.007574899995233864,1.069999416358769e-05,0.00018479999562259763,1.0100004146806896e-05,1.2900010915473104e-05,6.000002031214535e-06,0.003788200003327802,5.5000127758830786e-06,5.199995939619839e-06,5.800000508315861e-06,0.0214379000099143
