percentage,execution,k_s_sup,s_k_sub,t_k_sup,ns_s_sup,s_ns_sub,r_ar_sup,ar_r_sub,ns_sub_r,ks_sf_in,sub_r_r,n_r_t,ns_s_spe,nk_k_sup,s_nsup_k,nrs_ns_r,total_time
80,7,0.001210800008266233,4.630000330507755e-05,5.3700015996582806e-05,0.027502299984917045,4.910001007374376e-05,0.027281800008495338,1.6099991626106203e-05,0.0028390000079525635,1.4500008546747267e-05,2.1100015146657825e-05,1.200000406242907e-05,0.022211600007722154,1.170000177808106e-05,1.270000939257443e-05,9.099996532313526e-06,0.08129180007381365
