percentage,execution,k_s_sup,s_k_sub,t_k_sup,ns_s_sup,s_ns_sub,r_ar_sup,ar_r_sub,ns_sub_r,ks_sf_in,sub_r_r,n_r_t,ns_s_spe,nk_k_sup,s_nsup_k,nrs_ns_r,total_time
50,9,1.0199990356341004e-05,9.399998816661537e-06,9.60000033956021e-06,0.017081800004234537,1.0299991117790341e-05,0.013618400000268593,1.0399991879239678e-05,0.003082600000197999,1.0200004908256233e-05,1.5099998563528061e-05,6.000002031214535e-06,0.005094799998914823,5.299996701069176e-06,4.799992893822491e-06,5.399997462518513e-06,0.038974299968685955
