percentage,execution,ar_r_sub,k_s_sup,ks_sf_in,n_r_t,nk_k_sup,nrs_ns_r,ns_s_spe,ns_s_sup,ns_sub_r,r_ar_sup,s_k_sub,s_ns_sub,s_nsup_k,sub_r_r,t_k_sup,total_time
40,5,1.780036836862564e-05,1.659989356994629e-05,1.6999896615743637e-05,9.300187230110168e-06,5.6996941566467285e-06,5.6996941566467285e-06,0.005025699734687805,0.022740600164979696,0.006868499796837568,0.01947779953479767,1.4299992471933365e-05,1.6999896615743637e-05,5.000270903110504e-06,2.16006301343441e-05,1.569977030158043e-05,0.05425829952582717
