percentage,execution,k_s_sup,s_k_sub,t_k_sup,ns_s_sup,s_ns_sub,r_ar_sup,ar_r_sub,ns_sub_r,ks_sf_in,sub_r_r,n_r_t,ns_s_spe,nk_k_sup,s_nsup_k,nrs_ns_r,total_time
70,1,0.006829899997683242,0.0002238000015495345,0.00030359999800566584,0.03489889999036677,0.00015100000018719584,0.03237069999158848,2.4900000425986946e-05,0.0033787999855121598,2.0500010577961802e-05,2.5999994250014424e-05,1.2500007869675756e-05,0.03024199999345001,1.1900003300979733e-05,1.0399991879239678e-05,9.399984264746308e-06,0.10851429995091166
