percentage,execution,ar_r_sub,k_s_sup,ks_sf_in,n_r_t,nk_k_sup,nrs_ns_r,ns_s_spe,ns_s_sup,ns_sub_r,r_ar_sup,s_k_sub,s_ns_sub,s_nsup_k,sub_r_r,t_k_sup,total_time
40,5,1.0300078429281712e-05,1.0100076906383038e-05,1.0299962013959885e-05,5.800044164061546e-06,5.300040356814861e-06,5.300040356814861e-06,0.004410999943502247,0.015822399989701807,0.0030608000233769417,0.011643400066532195,2.52000754699111e-05,1.2699980288743973e-05,4.499917849898338e-06,1.2499978765845299e-05,9.299954399466515e-06,0.03504890017211437
