percentage,execution,ar_r_sub,k_s_sup,ks_sf_in,n_r_t,nk_k_sup,nrs_ns_r,ns_s_spe,ns_s_sup,ns_sub_r,r_ar_sup,s_k_sub,s_ns_sub,s_nsup_k,sub_r_r,t_k_sup,total_time
70,2,1.1300202459096909e-05,1.1400319635868073e-05,1.019984483718872e-05,6.399583071470261e-06,5.7998113334178925e-06,5.600042641162872e-06,0.0055506001226603985,0.012495300266891718,1.1700205504894257e-05,0.012308199889957905,9.899958968162537e-06,1.1200085282325745e-05,8.299946784973145e-06,1.3500452041625977e-05,1.039961352944374e-05,0.03046980034559965
