percentage,execution,k_s_sup,s_k_sub,t_k_sup,ns_s_sup,s_ns_sub,r_ar_sup,ar_r_sub,ns_sub_r,ks_sf_in,sub_r_r,n_r_t,ns_s_spe,nk_k_sup,s_nsup_k,nrs_ns_r,total_time
70,10,0.004708799999207258,0.00014399999054148793,0.00017759998445399106,0.030199299988453276,0.00014740000187885016,0.03198289999272674,2.1599989850074053e-05,0.003665500014903955,1.990000600926578e-05,2.6000008801929653e-05,1.1900003300979733e-05,0.030276699995738454,1.1900003300979733e-05,1.0299991117790341e-05,9.199997293762863e-06,0.1014129999675788
