percentage,execution,ar_r_sub,k_s_sup,ks_sf_in,n_r_t,nk_k_sup,nrs_ns_r,ns_s_spe,ns_s_sup,ns_sub_r,r_ar_sup,s_k_sub,s_ns_sub,s_nsup_k,sub_r_r,t_k_sup,total_time
80,2,1.650000012887176e-05,0.002232400000139023,1.4199999895936344e-05,1.1699999049596954e-05,1.1599999197642319e-05,9.099999260797631e-06,0.02935879999949975,0.020791199999621313,1.629999951546779e-05,0.023492199999964214,7.619999996677507e-05,8.199999956559623e-05,1.0199999451288022e-05,1.8500000805943273e-05,8.799999977782136e-05,0.07622889999584004
