percentage,execution,ar_r_sub,k_s_sup,ks_sf_in,n_r_t,nk_k_sup,nrs_ns_r,ns_s_spe,ns_s_sup,ns_sub_r,r_ar_sup,s_k_sub,s_ns_sub,s_nsup_k,sub_r_r,t_k_sup,total_time
60,6,1.0399962775409222e-05,1.0800082236528397e-05,1.0300078429281712e-05,5.900044925510883e-06,5.400041118264198e-06,5.00003807246685e-06,0.005174699937924743,0.01525149994995445,0.0029115999350324273,0.013174899970181286,9.199953638017178e-06,1.009996049106121e-05,4.699919372797012e-06,1.2599979527294636e-05,1.0100076906383038e-05,0.03660719993058592
