execution,ar_r_sub,k_s_sup,ks_sf_in,n_r_t,nk_k_sup,nrs_ns_r,ns_s_spe,ns_s_sup,ns_sub_r,r_ar_sup,s_k_sub,s_ns_sub,s_nsup_k,sub_r_r,t_k_sup,total_time
1,2.220005262643099e-05,0.00013500009663403034,2.0099803805351257e-05,1.170008908957243e-05,0.007650800049304962,1.2200092896819115e-05,1.0499963536858559e-05,2.0399922505021095e-05,2.220005262643099e-05,0.003989200107753277,0.002089700079523027,0.005757500068284571,0.0004558999789878726,2.4399952962994576e-05,0.0022827000357210636,0.022504500346258283
2,2.340017817914486e-05,0.00010349997319281101,2.1300045773386955e-05,1.470011193305254e-05,0.00799009995535016,1.2599979527294636e-05,1.0699965059757233e-05,2.2099935449659824e-05,2.2400054149329662e-05,0.004059900180436671,0.002172500011511147,0.006363399908877909,0.0004851999692618847,2.450007013976574e-05,0.0026237000711262226,0.023950000409968197
3,1.0500079952180386e-05,0.00010009994730353355,1.0500079952180386e-05,5.800044164061546e-06,0.0003744999412447214,6.400048732757568e-06,5.400041118264198e-06,1.1299853213131428e-05,1.1300086043775082e-05,9.670003782957792e-05,0.002330100047402084,0.009916000068187714,0.00030259997583925724,1.2300093658268452e-05,0.0024650999112054706,0.015658600255846977
