percentage,execution,k_s_sup,s_k_sub,t_k_sup,ns_s_sup,s_ns_sub,r_ar_sup,ar_r_sub,ns_sub_r,ks_sf_in,sub_r_r,n_r_t,ns_s_spe,nk_k_sup,s_nsup_k,nrs_ns_r,total_time
10,2,1.3499986380338669e-05,0.002308800001628697,1.3799872249364853e-05,7.670011837035418e-05,0.008276799926534295,0.011354099959135056,0.010547999991104007,2.00001522898674e-06,1.2599863111972809e-05,0.002117800060659647,9.599956683814526e-06,0.002500399947166443,0.0018209000118076801,0.001421599998138845,1.009996049106121e-05,0.04048669966869056
