percentage,execution,k_s_sup,s_k_sub,t_k_sup,ns_s_sup,s_ns_sub,r_ar_sup,ar_r_sub,ns_sub_r,ks_sf_in,sub_r_r,n_r_t,ns_s_spe,nk_k_sup,s_nsup_k,nrs_ns_r,total_time
85,4,0.005739099928177893,0.026506699970923364,0.019608600065112114,0.00014110002666711807,0.03626510011963546,0.03808300010859966,0.002834700047969818,2.00001522898674e-06,0.0006665999535471201,0.0004113998729735613,1.0299962013959885e-05,0.004843799979425967,0.00651009997818619,0.005455399979837239,3.1100003980100155e-05,0.14710900001227856
