percentage,execution,ar_r_sub,k_s_sup,ks_sf_in,n_r_t,nk_k_sup,nrs_ns_r,ns_s_spe,ns_s_sup,ns_sub_r,r_ar_sup,s_k_sub,s_ns_sub,s_nsup_k,sub_r_r,t_k_sup,total_time
50,9,0.014704299857839942,0.008299199980683625,0.000839299988001585,1.0899966582655907e-05,0.0056044000666588545,9.599956683814526e-06,0.005507300025783479,0.00015930004883557558,2.300017513334751e-06,0.026480400003492832,0.0184354999801144,0.04524190002121031,0.004667599918320775,0.0027262000367045403,0.012666699942201376,0.1453548998106271
