percentage,execution,k_s_sup,s_k_sub,t_k_sup,ns_s_sup,s_ns_sub,r_ar_sup,ar_r_sub,ns_sub_r,ks_sf_in,sub_r_r,n_r_t,ns_s_spe,nk_k_sup,s_nsup_k,nrs_ns_r,total_time
70,3,0.008752300054766238,0.025888599921017885,0.01742710010148585,0.00013920001219958067,0.04144289996474981,0.031606500037014484,0.004001099965535104,2.200016751885414e-06,0.00042910000775009394,0.0006053999532014132,1.27000967040658e-05,0.004823100054636598,0.0055041000014171,0.004800299997441471,7.899943739175797e-06,0.14544250012841076
