percentage,execution,k_s_sup,s_k_sub,t_k_sup,ns_s_sup,s_ns_sub,r_ar_sup,ar_r_sub,ns_sub_r,ks_sf_in,sub_r_r,n_r_t,ns_s_spe,nk_k_sup,s_nsup_k,nrs_ns_r,total_time
80,2,0.00475959999312181,0.024191100004827604,0.011090700005297549,0.00015750000602565706,0.03333990000828635,0.0313659999956144,0.004101800004718825,1.8999999156221747e-06,0.000704599980963394,0.0006450999935623258,9.800001862458885e-06,0.004808900004718453,0.006211200001416728,0.005104600000777282,7.499998901039362e-06,0.1265002000000095
