percentage,execution,k_s_sup,s_k_sub,t_k_sup,ns_s_sup,s_ns_sub,r_ar_sup,ar_r_sub,ns_sub_r,ks_sf_in,sub_r_r,n_r_t,ns_s_spe,nk_k_sup,s_nsup_k,nrs_ns_r,total_time
30,9,0.006423900005756877,0.01691710000159219,0.013632499991217628,0.00014630000805482268,0.05365949998667929,0.012078700005076826,0.006695799995213747,2.0000006770715117e-06,0.0005547999899135903,0.0012374999932944775,9.60000033956021e-06,0.0050106999988202006,0.004912699994747527,0.004021200002171099,9.499999578110874e-06,0.12531179997313302
