percentage,execution,ar_r_sub,k_s_sup,ks_sf_in,n_r_t,nk_k_sup,nrs_ns_r,ns_s_spe,ns_s_sup,ns_sub_r,r_ar_sup,s_k_sub,s_ns_sub,s_nsup_k,sub_r_r,t_k_sup,total_time
50,2,0.010802799835801125,0.006665300112217665,0.0005820002406835556,9.699724614620209e-06,0.006106900051236153,8.800067007541656e-06,0.00496899988502264,0.00018540024757385254,1.900363713502884e-06,0.03369330009445548,0.023704000283032656,0.05483409995213151,0.005010399967432022,0.0020337002351880074,0.009190499782562256,0.1577978008426726
