percentage,execution,k_s_sup,s_k_sub,t_k_sup,ns_s_sup,s_ns_sub,r_ar_sup,ar_r_sub,ns_sub_r,ks_sf_in,sub_r_r,n_r_t,ns_s_spe,nk_k_sup,s_nsup_k,nrs_ns_r,total_time
20,1,0.00487750000320375,0.008429900000919588,0.00800889999663923,7.940000796224922e-05,0.03785319998860359,0.013065200007986277,0.006447100007790141,2.1000014385208488e-06,1.4499993994832039e-05,0.0012275000044610351,9.099996532313526e-06,0.0023832000006223097,0.00397809999412857,0.0031776999967405573,1.0099989594891667e-05,0.08956349999061786
