percentage,execution,k_s_sup,s_k_sub,t_k_sup,ns_s_sup,s_ns_sub,r_ar_sup,ar_r_sub,ns_sub_r,ks_sf_in,sub_r_r,n_r_t,ns_s_spe,nk_k_sup,s_nsup_k,nrs_ns_r,total_time
60,5,0.005034499918110669,0.030171100050210953,0.018652200000360608,7.92001374065876e-05,0.057777199894189835,0.027044499991461635,0.008998400066047907,2.100015990436077e-06,0.00042239995673298836,0.0014906999422237277,9.899958968162537e-06,0.0024173000128939748,0.0061021000146865845,0.005036299931816757,8.300063200294971e-06,0.16324619995430112
