percentage,execution,ar_r_sub,k_s_sup,ks_sf_in,n_r_t,nk_k_sup,nrs_ns_r,ns_s_spe,ns_s_sup,ns_sub_r,r_ar_sup,s_k_sub,s_ns_sub,s_nsup_k,sub_r_r,t_k_sup,total_time
40,4,0.012376599999697646,0.004054100000757899,1.3500000022759195e-05,9.800000043469481e-06,0.004243300000780437,1.1699999959091656e-05,0.0048040000001492444,0.0001390999996147002,1.8000000636675395e-06,0.024110600000312843,0.014251600000534381,0.026872800000091956,0.0034638999995877384,0.0023572999989482923,0.0016736000006858376,0.09838370000124996
