percentage,execution,k_s_sup,s_k_sub,t_k_sup,ns_s_sup,s_ns_sub,r_ar_sup,ar_r_sub,ns_sub_r,ks_sf_in,sub_r_r,n_r_t,ns_s_spe,nk_k_sup,s_nsup_k,nrs_ns_r,total_time
20,4,0.004099899990251288,0.004370000009657815,0.002562599998782389,0.00011619999713730067,0.017912299997988157,0.008767899998929352,0.000262100002146326,1.7999846022576094e-06,0.000282799985143356,3.0399998649954796e-05,9.499999578110874e-06,0.0025465000071562827,0.0035075000050710514,0.0027713000017683953,1.379998866468668e-05,0.04725459996552672
