percentage,execution,ar_r_sub,k_s_sup,ks_sf_in,n_r_t,nk_k_sup,nrs_ns_r,ns_s_spe,ns_s_sup,ns_sub_r,r_ar_sup,s_k_sub,s_ns_sub,s_nsup_k,sub_r_r,t_k_sup,total_time
20,9,8.229999912146013e-05,0.00475670000014361,0.000283800000033807,9.200000022246968e-06,0.0029288999994605547,9.999999747378752e-06,0.00240490000032878,8.000000070751412e-05,1.8999999156221747e-06,0.01404370000000199,0.008175300000402785,0.026618600000801962,0.002295899999808171,2.9099999665049836e-05,0.006078499999603082,0.06779879999976401
