percentage,execution,k_s_sup,s_k_sub,t_k_sup,ns_s_sup,s_ns_sub,r_ar_sup,ar_r_sub,ns_sub_r,ks_sf_in,sub_r_r,n_r_t,ns_s_spe,nk_k_sup,s_nsup_k,nrs_ns_r,total_time
30,6,0.006125099986093119,0.006252000006497838,0.0019320999999763444,8.189999789465219e-05,0.018936899985419586,0.02370270001119934,0.0002052000054391101,1.9999861251562834e-06,0.0005387999990489334,2.9699993319809437e-05,9.400013368576765e-06,0.0024842999991960824,0.003725200003827922,0.002860400010831654,9.499999578110874e-06,0.06689519999781623
