percentage,execution,k_s_sup,s_k_sub,t_k_sup,ns_s_sup,s_ns_sub,r_ar_sup,ar_r_sub,ns_sub_r,ks_sf_in,sub_r_r,n_r_t,ns_s_spe,nk_k_sup,s_nsup_k,nrs_ns_r,total_time
60,6,0.003259300021454692,0.013533699995605275,0.009038400006829761,0.00010750000365078449,0.02880620000360068,0.02872540001408197,0.008503400007612072,2.5000044843181968e-06,0.0010201999975834042,0.00160090001008939,9.900002623908222e-06,0.0024693000013940036,0.006314700003713369,0.004983499995432794,8.399991202168167e-06,0.10838330005935859
