percentage,execution,ar_r_sub,k_s_sup,ks_sf_in,n_r_t,nk_k_sup,nrs_ns_r,ns_s_spe,ns_s_sup,ns_sub_r,r_ar_sup,s_k_sub,s_ns_sub,s_nsup_k,sub_r_r,t_k_sup,total_time
60,4,0.0018977000008817413,0.004054399999404268,0.0009175999994113226,9.599999430065509e-06,0.006039099999725295,8.69999985297909e-06,0.0023639000000912347,8.24999997348641e-05,2.0999987100367434e-06,0.02577740000015183,0.01676450000013574,0.03822969999964698,0.005150400000275113,0.00025909999931172933,0.007482999999410822,0.10903969999617402
