percentage,execution,k_s_sup,s_k_sub,t_k_sup,ns_s_sup,s_ns_sub,r_ar_sup,ar_r_sub,ns_sub_r,ks_sf_in,sub_r_r,n_r_t,ns_s_spe,nk_k_sup,s_nsup_k,nrs_ns_r,total_time
20,7,0.005039199997554533,0.020109499993850477,0.009792600001674145,0.00014259999443311244,0.07582589999947231,0.009822099993471056,0.00021350001043174416,1.9000144675374031e-06,0.00031359998683910817,2.990000939462334e-05,9.60000033956021e-06,0.005197999998927116,0.005774000004748814,0.0047116999921854585,1.030000566970557e-05,0.1369944000034593
