percentage,execution,ar_r_sub,k_s_sup,ks_sf_in,n_r_t,nk_k_sup,nrs_ns_r,ns_s_spe,ns_s_sup,ns_sub_r,r_ar_sup,s_k_sub,s_ns_sub,s_nsup_k,sub_r_r,t_k_sup,total_time
80,7,0.008463500001198554,0.009622500000659784,0.0006652000001849956,1.0299999303242657e-05,0.006222300000445102,7.200000254670158e-06,0.004763200000525103,0.0001554000000396627,1.8999999156221747e-06,0.03119290000086039,0.028533600000628212,0.04365419999976439,0.005295000000842265,0.0014711000003444497,0.018546299999798066,0.1586046000047645
