percentage,execution,ar_r_sub,k_s_sup,ks_sf_in,n_r_t,nk_k_sup,nrs_ns_r,ns_s_spe,ns_s_sup,ns_sub_r,r_ar_sup,s_k_sub,s_ns_sub,s_nsup_k,sub_r_r,t_k_sup,total_time
80,10,0.010744899999735935,0.00695859999905224,0.0008873000006133225,9.60000033956021e-06,0.005573499999627529,7.0000005507608876e-06,0.004538000000138709,0.00013889999991079094,1.8999999156221747e-06,0.02758789999916189,0.029364300000452204,0.05034650000015972,0.005017000000407279,0.0022480000006908085,0.019497999999657623,0.162921400000414
