percentage,execution,ar_r_sub,k_s_sup,ks_sf_in,n_r_t,nk_k_sup,nrs_ns_r,ns_s_spe,ns_s_sup,ns_sub_r,r_ar_sup,s_k_sub,s_ns_sub,s_nsup_k,sub_r_r,t_k_sup,total_time
80,1,0.007077299989759922,0.006715700030326843,0.0009288005530834198,9.799841791391373e-06,0.006008099764585495,7.4999406933784485e-06,0.005068299826234579,0.00014719972386956215,1.7997808754444122e-06,0.02629250008612871,0.03265610011294484,0.051988199818879366,0.005280400160700083,0.0012888996861875057,0.018864700105041265,0.1623352994211018
