percentage,execution,ar_r_sub,k_s_sup,ks_sf_in,n_r_t,nk_k_sup,nrs_ns_r,ns_s_spe,ns_s_sup,ns_sub_r,r_ar_sup,s_k_sub,s_ns_sub,s_nsup_k,sub_r_r,t_k_sup,total_time
40,4,0.005324700000528537,1.049999991664663e-05,1.0099999599333387e-05,5.9000003602704965e-06,0.0006167000001369161,5.4000001910026185e-06,0.00229979999949137,0.009457600000132516,2.0000006770715117e-06,0.0031906000012895674,0.001015999999253836,0.004082300000845862,0.00047699999959149864,0.001080599999113474,1.0800000382005237e-05,0.027590000001509907
