percentage,execution,ar_r_sub,k_s_sup,ks_sf_in,n_r_t,nk_k_sup,nrs_ns_r,ns_s_spe,ns_s_sup,ns_sub_r,r_ar_sup,s_k_sub,s_ns_sub,s_nsup_k,sub_r_r,t_k_sup,total_time
60,5,0.0016923999992286554,9.899998985929415e-06,9.299999874201603e-06,5.899999450775795e-06,0.0008886999994501821,5.500000042957254e-06,4.499999704421498e-06,8.89999955688836e-06,1.8000000636675395e-06,1.0100000508828089e-05,0.0017403000010745018,0.0016156000001501525,0.0006258999992496683,0.0003204000004188856,1.3099999705445953e-05,0.006952299997465161
