execution,ar_r_sub,k_s_sup,ks_sf_in,n_r_t,nk_k_sup,nrs_ns_r,ns_s_spe,ns_s_sup,ns_sub_r,r_ar_sup,s_k_sub,s_ns_sub,s_nsup_k,sub_r_r,t_k_sup,total_time
1,1.0900082997977734e-05,0.004413899965584278,9.499955922365189e-06,5.400041118264198e-06,5.400041118264198e-06,5.300040356814861e-06,0.0004803999327123165,7.800001185387373e-05,1.9000144675374031e-06,0.0030167000368237495,8.5200066678226e-05,7.639999967068434e-05,4.800036549568176e-06,1.0800082236528397e-05,0.00010709988418966532,0.008311700192280114
2,9.399955160915852e-06,8.279993198812008e-05,9.299954399466515e-06,5.09992241859436e-06,0.0006009999196976423,5.599926225841045e-06,4.600035026669502e-06,9.400071576237679e-06,1.500011421740055e-06,7.98000255599618e-05,0.0032916999189183116,0.016280399984680116,0.0004919000202789903,1.109996810555458e-05,0.0037696000654250383,0.0246531997108832
3,9.70007386058569e-06,0.004137400072067976,9.09995287656784e-06,5.599926225841045e-06,5.09992241859436e-06,5.09992241859436e-06,0.00045930000487715006,7.68998870626092e-05,1.600012183189392e-06,0.0028204999398440123,7.740000728517771e-05,7.38000962883234e-05,4.700035788118839e-06,1.0600080713629723e-05,9.300000965595245e-05,0.007789799943566322
4,9.800074622035027e-06,0.004388800007291138,9.399955160915852e-06,5.299923941493034e-06,8.299946784973145e-06,5.299923941493034e-06,0.00047610001638531685,7.780001033097506e-05,1.9000144675374031e-06,0.002938200021162629,7.930002175271511e-05,7.760000880807638e-05,4.800036549568176e-06,1.1100084520876408e-05,0.00010229996405541897,0.008196000009775162
5,9.399955160915852e-06,0.004128100001253188,9.400071576237679e-06,5.299923941493034e-06,5.200039595365524e-06,5.09992241859436e-06,0.00046680006198585033,7.57001107558608e-05,1.6998965293169022e-06,0.0028284998843446374,7.810001261532307e-05,7.350009400397539e-05,4.700035788118839e-06,1.0499963536858559e-05,9.799993131309748e-05,0.007799999904818833
