percentage,execution,ar_r_sub,k_s_sup,ks_sf_in,n_r_t,nk_k_sup,nrs_ns_r,ns_s_spe,ns_s_sup,ns_sub_r,r_ar_sup,s_k_sub,s_ns_sub,s_nsup_k,sub_r_r,t_k_sup,total_time
60,2,0.017586400266736746,0.0073527004569768906,1.3499986380338669e-05,8.00006091594696e-06,7.80029222369194e-06,6.90016895532608e-06,0.01744419988244772,0.02597810048609972,0.00032999971881508827,0.007494400255382061,0.00016119983047246933,0.00016070017591118813,6.300397217273712e-06,1.9600149244070053e-05,0.000180000439286232,0.07674980256706476
