percentage,execution,ar_r_sub,k_s_sup,ks_sf_in,n_r_t,nk_k_sup,nrs_ns_r,ns_s_spe,ns_s_sup,ns_sub_r,r_ar_sup,s_k_sub,s_ns_sub,s_nsup_k,sub_r_r,t_k_sup,total_time
50,10,0.021483000367879868,0.0052617997862398624,1.2600328773260117e-05,7.900409400463104e-06,8.00006091594696e-06,7.000286132097244e-06,0.01422869972884655,0.024296999908983707,0.00029669981449842453,0.010280499700456858,0.00025410018861293793,0.00021929992362856865,6.4997002482414246e-06,1.879967749118805e-05,0.00025269994512200356,0.07663459982722998
