percentage,execution,ar_r_sub,k_s_sup,ks_sf_in,n_r_t,nk_k_sup,nrs_ns_r,ns_s_spe,ns_s_sup,ns_sub_r,r_ar_sup,s_k_sub,s_ns_sub,s_nsup_k,sub_r_r,t_k_sup,total_time
40,7,0.01469360000010056,0.010843199999726494,1.1000000085914508e-05,6.8999997893115506e-06,7.200000254670158e-06,6.199999916134402e-06,0.012676399999691057,0.022240999998757616,0.0005285000006551854,0.012670500000240281,0.00019940000038332073,0.0001971000001503853,5.300000339047983e-06,1.6999999388644937e-05,0.00021710000055463752,0.07432040000003326
