percentage,execution,ar_r_sub,k_s_sup,ks_sf_in,n_r_t,nk_k_sup,nrs_ns_r,ns_s_spe,ns_s_sup,ns_sub_r,r_ar_sup,s_k_sub,s_ns_sub,s_nsup_k,sub_r_r,t_k_sup,total_time
30,1,0.001743100001476705,1.1600088328123093e-05,1.1399970389902592e-05,6.8999361246824265e-06,5.799927748739719e-06,6.6999346017837524e-06,0.014678000006824732,0.031816599890589714,0.0006428000051528215,0.005583699909038842,9.999959729611874e-06,1.1500087566673756e-05,5.200039595365524e-06,1.7299898900091648e-05,1.1300086043775082e-05,0.054561899742111564
