percentage,execution,ar_r_sub,k_s_sup,ks_sf_in,n_r_t,nk_k_sup,nrs_ns_r,ns_s_spe,ns_s_sup,ns_sub_r,r_ar_sup,s_k_sub,s_ns_sub,s_nsup_k,sub_r_r,t_k_sup,total_time
80,8,0.02201079996302724,0.005428200121968985,1.6700010746717453e-05,8.200295269489288e-06,7.799826562404633e-06,5.999580025672913e-06,0.020382100250571966,0.03111750027164817,0.003375700209289789,0.014667700044810772,0.00022240029647946358,0.00022560032084584236,6.299931555986404e-06,2.259993925690651e-05,0.0002470002509653568,0.09774460131302476
