percentage,execution,ar_r_sub,k_s_sup,ks_sf_in,n_r_t,nk_k_sup,nrs_ns_r,ns_s_spe,ns_s_sup,ns_sub_r,r_ar_sup,s_k_sub,s_ns_sub,s_nsup_k,sub_r_r,t_k_sup,total_time
20,6,0.018730599998889375,0.00797359999978653,1.1099999937869143e-05,7.3999999585794285e-06,6.100000064179767e-06,6.799999937356915e-06,0.007706200000029639,0.009325499999249587,0.0002843000002030749,0.006879200001094432,8.04999999672873e-05,8.000000070751412e-05,5.300000339047983e-06,1.720000000204891e-05,9.229999977833359e-05,0.051206099999944854
