percentage,execution,k_s_sup,s_k_sub,t_k_sup,ns_s_sup,s_ns_sub,r_ar_sup,ar_r_sub,ns_sub_r,ks_sf_in,sub_r_r,n_r_t,ns_s_spe,nk_k_sup,s_nsup_k,nrs_ns_r,total_time
50,3,0.01091929999529384,0.00019609999435488135,0.00022300001000985503,0.02174090000335127,0.00019770000653807074,0.01262779999524355,0.009333599999081343,0.0005385999975260347,1.1500000255182385e-05,1.7400016076862812e-05,7.299997378140688e-06,0.014249900006689131,6.999995093792677e-06,6.100002792663872e-06,5.900001269765198e-06,0.07008210002095439
