percentage,execution,k_s_sup,s_k_sub,t_k_sup,ns_s_sup,s_ns_sub,r_ar_sup,ar_r_sub,ns_sub_r,ks_sf_in,sub_r_r,n_r_t,ns_s_spe,nk_k_sup,s_nsup_k,nrs_ns_r,total_time
20,3,1.1500000255182385e-05,9.899988071992993e-06,1.060000795405358e-05,0.017550799995660782,1.1599986464716494e-05,0.008192199995392002,0.04100569999718573,0.0004040000058012083,1.1600001016631722e-05,1.650000922381878e-05,6.700007361359894e-06,0.009090199993806891,6.100002792663872e-06,5.199995939619839e-06,6.499991286545992e-06,0.0763390999782132
