percentage,execution,ar_r_sub,k_s_sup,ks_sf_in,n_r_t,nk_k_sup,nrs_ns_r,ns_s_spe,ns_s_sup,ns_sub_r,r_ar_sup,s_k_sub,s_ns_sub,s_nsup_k,sub_r_r,t_k_sup,total_time
90,3,0.008977500023320317,0.009653599932789803,1.200009137392044e-05,7.300055585801601e-06,7.2999391704797745e-06,5.00003807246685e-06,0.01921920001041144,0.027270599966868758,0.005866500083357096,0.015876000048592687,0.00025729998014867306,0.0002620999002829194,6.00004568696022e-06,1.6399892047047615e-05,0.0002948000328615308,0.0877316000405699
