percentage,execution,ar_r_sub,k_s_sup,ks_sf_in,n_r_t,nk_k_sup,nrs_ns_r,ns_s_spe,ns_s_sup,ns_sub_r,r_ar_sup,s_k_sub,s_ns_sub,s_nsup_k,sub_r_r,t_k_sup,total_time
80,6,0.02451279992237687,0.00703419977799058,1.4199875295162201e-05,7.900409400463104e-06,8.00006091594696e-06,6.400048732757568e-06,0.015864400193095207,0.01620699977502227,1.6299542039632797e-05,0.011873999610543251,0.000295999925583601,0.00029399944469332695,6.800051778554916e-06,1.840014010667801e-05,0.0003249999135732651,0.07648539869114757
