percentage,execution,ar_r_sub,k_s_sup,ks_sf_in,n_r_t,nk_k_sup,nrs_ns_r,ns_s_spe,ns_s_sup,ns_sub_r,r_ar_sup,s_k_sub,s_ns_sub,s_nsup_k,sub_r_r,t_k_sup,total_time
50,6,0.029008899815380573,0.007482999935746193,1.2999866157770157e-05,7.700175046920776e-06,7.6000578701496124e-06,6.799586117267609e-06,0.015751699917018414,0.02524490002542734,0.0003162999637424946,0.011057199910283089,0.0001620999537408352,0.00016410043463110924,6.1998143792152405e-06,1.9200146198272705e-05,0.00018909992650151253,0.08943779952824116
