percentage,execution,ar_r_sub,k_s_sup,ks_sf_in,n_r_t,nk_k_sup,nrs_ns_r,ns_s_spe,ns_s_sup,ns_sub_r,r_ar_sup,s_k_sub,s_ns_sub,s_nsup_k,sub_r_r,t_k_sup,total_time
20,4,0.02055259999997361,0.008206399998925917,1.1299999641778413e-05,7.099999493220821e-06,6.400000529538374e-06,6.8999997893115506e-06,0.010341400000470458,0.01830450000034034,0.0006404999994629179,0.009670899999946414,8.000000070751412e-05,7.880000066506909e-05,7.899999218352605e-06,1.7500000467407517e-05,9.380000028613722e-05,0.06802599999991799
