percentage,execution,k_s_sup,s_k_sub,t_k_sup,ns_s_sup,s_ns_sub,r_ar_sup,ar_r_sub,ns_sub_r,ks_sf_in,sub_r_r,n_r_t,ns_s_spe,nk_k_sup,s_nsup_k,nrs_ns_r,total_time
30,7,0.009439999994356185,0.00013800001761410385,0.00016090000281110406,0.024920900003053248,0.00013610000314656645,0.011160599999129772,0.018977799991262145,0.0006327000010060146,1.1900003300979733e-05,1.71000137925148e-05,7.099995855242014e-06,0.013785199989797547,6.999995093792677e-06,5.599998985417187e-06,6.50000583846122e-06,0.0794074000150431
