percentage,execution,ar_r_sub,k_s_sup,ks_sf_in,n_r_t,nk_k_sup,nrs_ns_r,ns_s_spe,ns_s_sup,ns_sub_r,r_ar_sup,s_k_sub,s_ns_sub,s_nsup_k,sub_r_r,t_k_sup,total_time
70,5,0.010576499975286424,0.010589299956336617,1.1599971912801266e-05,7.200054824352264e-06,6.7999353632330894e-06,5.600042641162872e-06,0.01772750006057322,0.024810599978081882,0.0004007000243291259,0.012975200079381466,0.00013949989806860685,0.0001401000190526247,5.700043402612209e-06,1.7000013031065464e-05,0.00016409996896982193,0.07757740002125502
