percentage,execution,ar_r_sub,k_s_sup,ks_sf_in,n_r_t,nk_k_sup,nrs_ns_r,ns_s_spe,ns_s_sup,ns_sub_r,r_ar_sup,s_k_sub,s_ns_sub,s_nsup_k,sub_r_r,t_k_sup,total_time
70,3,0.026252499781548977,0.009150399826467037,1.3999640941619873e-05,8.00006091594696e-06,8.500181138515472e-06,6.400048732757568e-06,0.01841370016336441,0.029073200188577175,0.003379100002348423,0.016363900154829025,0.0002230997197329998,0.0002347002737224102,6.4997002482414246e-06,1.949956640601158e-05,0.0002632997930049896,0.10341679910197854
