percentage,execution,ar_r_sub,k_s_sup,ks_sf_in,n_r_t,nk_k_sup,nrs_ns_r,ns_s_spe,ns_s_sup,ns_sub_r,r_ar_sup,s_k_sub,s_ns_sub,s_nsup_k,sub_r_r,t_k_sup,total_time
70,2,0.02818909997586161,0.00509230000898242,1.1500087566673756e-05,7.100054062902927e-06,6.700051017105579e-06,6.00004568696022e-06,0.014405599911697209,0.01883989991620183,1.4399876818060875e-05,0.009511399897746742,0.0001987998839467764,0.00019699998665601015,6.199930794537067e-06,1.6799895092844963e-05,0.00022270006593316793,0.07672549958806485
