percentage,execution,k_s_sup,s_k_sub,t_k_sup,ns_s_sup,s_ns_sub,r_ar_sup,ar_r_sub,ns_sub_r,ks_sf_in,sub_r_r,n_r_t,ns_s_spe,nk_k_sup,s_nsup_k,nrs_ns_r,total_time
80,7,8.289999095723033e-05,0.0037321000127121806,0.0030504999886034057,0.00019759999122470617,0.0036435999936657026,7.999999797903001e-05,0.011958399991272017,1.7999991541728377e-06,1.0799994925037026e-05,0.00035790000401902944,7.099995855242014e-06,0.0024182999914046377,0.0011460000096121803,0.0009341999975731596,5.399997462518513e-06,0.02762659995642025
