percentage,execution,ar_r_sub,k_s_sup,ks_sf_in,n_r_t,nk_k_sup,nrs_ns_r,ns_s_spe,ns_s_sup,ns_sub_r,r_ar_sup,s_k_sub,s_ns_sub,s_nsup_k,sub_r_r,t_k_sup,total_time
30,6,0.016996900085359812,1.0400079190731049e-05,1.0299962013959885e-05,6.7999353632330894e-06,0.00033380009699612856,6.199930794537067e-06,0.0017326000379398465,0.00013479997869580984,2.00001522898674e-06,1.3299984857439995e-05,7.98999099060893e-05,7.329997606575489e-05,0.0002576999831944704,1.3399985618889332e-05,9.999959729611874e-06,0.0196813999209553
