percentage,execution,k_s_sup,s_k_sub,t_k_sup,ns_s_sup,s_ns_sub,r_ar_sup,ar_r_sub,ns_sub_r,ks_sf_in,sub_r_r,n_r_t,ns_s_spe,nk_k_sup,s_nsup_k,nrs_ns_r,total_time
60,3,0.00010660001134965569,0.0040028000075835735,0.0033764999971026555,7.82000133767724e-05,0.007031400004052557,7.71000050008297e-05,0.007697199980611913,1.7999991541728377e-06,1.0500021744519472e-05,0.0012325999996392056,7.400012691505253e-06,0.0008419999940088019,0.001407499992637895,0.0011298000026727095,8.699993486516178e-06,0.027010100035113283
