percentage,execution,k_s_sup,s_k_sub,t_k_sup,ns_s_sup,s_ns_sub,r_ar_sup,ar_r_sub,ns_sub_r,ks_sf_in,sub_r_r,n_r_t,ns_s_spe,nk_k_sup,s_nsup_k,nrs_ns_r,total_time
10,9,1.0200019460171461e-05,0.000990300002740696,1.0800009476952255e-05,8.99998121894896e-06,0.00411000000895001,1.0500007192604244e-05,0.0051371000008657575,1.9000144675374031e-06,1.2899996363557875e-05,0.0010636000079102814,6.800008122809231e-06,4.5000051613897085e-06,0.000563900000997819,0.0004081999941263348,6.700007361359894e-06,0.01234640006441623
