percentage,execution,ar_r_sub,k_s_sup,ks_sf_in,n_r_t,nk_k_sup,nrs_ns_r,ns_s_spe,ns_s_sup,ns_sub_r,r_ar_sup,s_k_sub,s_ns_sub,s_nsup_k,sub_r_r,t_k_sup,total_time
20,8,0.011347200023010373,1.079996582120657e-05,1.0499963536858559e-05,7.100054062902927e-06,0.0005576999392360449,5.799927748739719e-06,0.000835500075481832,7.579999510198832e-05,2.300017513334751e-06,1.1200085282325745e-05,0.0010037000756710768,0.004235300119034946,0.0004144000122323632,0.0010775000555440784,1.1299969628453255e-05,0.019606100278906524
