percentage,execution,ar_r_sub,k_s_sup,ks_sf_in,n_r_t,nk_k_sup,nrs_ns_r,ns_s_spe,ns_s_sup,ns_sub_r,r_ar_sup,s_k_sub,s_ns_sub,s_nsup_k,sub_r_r,t_k_sup,total_time
50,5,0.0206705997698009,1.1499971151351929e-05,1.090019941329956e-05,6.9998204708099365e-06,0.0007964000105857849,6.100162863731384e-06,0.002587100025266409,0.00019990000873804092,1.8998980522155762e-06,1.2299977242946625e-05,0.001000099815428257,0.0008874996565282345,0.0005830000154674053,0.00018499977886676788,1.1700205504894257e-05,0.02697099931538105
