percentage,execution,ar_r_sub,k_s_sup,ks_sf_in,n_r_t,nk_k_sup,nrs_ns_r,ns_s_spe,ns_s_sup,ns_sub_r,r_ar_sup,s_k_sub,s_ns_sub,s_nsup_k,sub_r_r,t_k_sup,total_time
50,3,0.014672999968752265,8.0699915997684e-05,1.0399962775409222e-05,6.8999361246824265e-06,0.0014049999881535769,0.00021590001415461302,0.0016555000329390168,0.00014110002666711807,1.9000144675374031e-06,7.669988553971052e-05,0.0036530999932438135,0.012964500114321709,0.0011259999591857195,0.00017699995078146458,0.0031923999777063727,0.03938009974081069
