percentage,execution,k_s_sup,s_k_sub,t_k_sup,ns_s_sup,s_ns_sub,r_ar_sup,ar_r_sub,ns_sub_r,ks_sf_in,sub_r_r,n_r_t,ns_s_spe,nk_k_sup,s_nsup_k,nrs_ns_r,total_time
30,5,1.0500007192604244e-05,7.769999501761049e-05,1.3199998647905886e-05,0.0001379000023007393,7.300000288523734e-05,1.069999416358769e-05,0.019821899986709468,2.00001522898674e-06,1.069999416358769e-05,1.3499986380338669e-05,7.100010407157242e-06,0.0016965999966487288,0.0003394000086700544,0.00026139999681618065,6.599992047995329e-06,0.022482199987280183
