percentage,execution,ar_r_sub,k_s_sup,ks_sf_in,n_r_t,nk_k_sup,nrs_ns_r,ns_s_spe,ns_s_sup,ns_sub_r,r_ar_sup,s_k_sub,s_ns_sub,s_nsup_k,sub_r_r,t_k_sup,total_time
20,8,0.017795599999772094,1.3099999705445953e-05,1.6400000276917126e-05,6.999999641266186e-06,0.00033429999984946335,9.099999260797631e-06,0.0009227000000464614,7.579999964946182e-05,1.7999991541728377e-06,1.3099999705445953e-05,9.030000001075678e-05,7.170000026235357e-05,0.00025939999977708794,1.6200000573007856e-05,1.0199999451288022e-05,0.01963669999713602
