percentage,execution,k_s_sup,s_k_sub,t_k_sup,ns_s_sup,s_ns_sub,r_ar_sup,ar_r_sub,ns_sub_r,ks_sf_in,sub_r_r,n_r_t,ns_s_spe,nk_k_sup,s_nsup_k,nrs_ns_r,total_time
90,1,0.00014819999341852963,0.00582639999629464,0.006034500009263866,0.00019630001042969525,0.008830899998429231,0.00013919999764766544,0.012428899994120002,2.1999876480549574e-06,1.3900003978051245e-05,0.0012231000000610948,7.199996616691351e-06,0.0025667000008979812,0.0013663999998243526,0.0012359999964246526,2.0899999071843922e-05,0.04004079998412635
