percentage,execution,ar_r_sub,k_s_sup,ks_sf_in,n_r_t,nk_k_sup,nrs_ns_r,ns_s_spe,ns_s_sup,ns_sub_r,r_ar_sup,s_k_sub,s_ns_sub,s_nsup_k,sub_r_r,t_k_sup,total_time
50,7,0.018870099913328886,8.429959416389465e-05,1.0299962013959885e-05,9.700190275907516e-06,0.0011897003278136253,0.0002139001153409481,0.0016442001797258854,0.00014139991253614426,1.7997808754444122e-06,8.019991219043732e-05,0.003610100131481886,0.009666599798947573,0.000978199765086174,0.00017829984426498413,0.0031285001896321774,0.03980729961767793
