percentage,execution,ar_r_sub,k_s_sup,ks_sf_in,n_r_t,nk_k_sup,nrs_ns_r,ns_s_spe,ns_s_sup,ns_sub_r,r_ar_sup,s_k_sub,s_ns_sub,s_nsup_k,sub_r_r,t_k_sup,total_time
30,10,0.0010274999076500535,1.0400079190731049e-05,1.0100076906383038e-05,6.900052540004253e-06,0.0007848000386729836,6.400048732757568e-06,4.699919372797012e-06,9.299954399466515e-06,2.100015990436077e-06,1.1699972674250603e-05,0.0010727999033406377,0.0009846000466495752,0.0005768999690189958,0.00018309999722987413,1.1499971151351929e-05,0.004702799953520298
