percentage,execution,ar_r_sub,k_s_sup,ks_sf_in,n_r_t,nk_k_sup,nrs_ns_r,ns_s_spe,ns_s_sup,ns_sub_r,r_ar_sup,s_k_sub,s_ns_sub,s_nsup_k,sub_r_r,t_k_sup,total_time
80,4,0.006094499956816435,8.029991295188665e-05,1.0500079952180386e-05,7.100054062902927e-06,0.0016663999995216727,5.699926987290382e-06,0.00165350001771003,0.00014110002666711807,1.800013706088066e-06,7.850001566112041e-05,0.0038193000946193933,0.0037370999343693256,0.0011224000481888652,0.0003315000794827938,0.0030380000825971365,0.02178770024329424
