percentage,execution,k_s_sup,s_k_sub,t_k_sup,ns_s_sup,s_ns_sub,r_ar_sup,ar_r_sub,ns_sub_r,ks_sf_in,sub_r_r,n_r_t,ns_s_spe,nk_k_sup,s_nsup_k,nrs_ns_r,total_time
40,7,7.999999797903001e-05,0.003705499999341555,0.0033601000031922013,8.070000330917537e-05,0.012954099991475232,8.170001092366874e-05,0.0066928999876836315,1.8999999156221747e-06,1.0299991117790341e-05,0.00017810000281315297,6.799993570894003e-06,0.0008334999874932691,0.0011706000077538192,0.0009676000045146793,0.00012090000382158905,0.03024469998490531
