percentage,execution,ar_r_sub,k_s_sup,ks_sf_in,n_r_t,nk_k_sup,nrs_ns_r,ns_s_spe,ns_s_sup,ns_sub_r,r_ar_sup,s_k_sub,s_ns_sub,s_nsup_k,sub_r_r,t_k_sup,total_time
40,4,0.011050099999920349,1.1000000085914508e-05,1.3100000614940654e-05,7.099999493220821e-06,0.0008538000001863111,6.600000233447645e-06,0.0008149999994202517,7.259999983943999e-05,1.8000000636675395e-06,1.1699999959091656e-05,0.0009354000003440888,0.0009012000000439002,0.0006388000001606997,0.00018309999995835824,1.06999996205559e-05,0.015511999999944237
