percentage,execution,ar_r_sub,k_s_sup,ks_sf_in,n_r_t,nk_k_sup,nrs_ns_r,ns_s_spe,ns_s_sup,ns_sub_r,r_ar_sup,s_k_sub,s_ns_sub,s_nsup_k,sub_r_r,t_k_sup,total_time
40,8,0.030017399927601218,1.0399962775409222e-05,1.0200077667832375e-05,6.6999346017837524e-06,0.00023260002490133047,5.799927748739719e-06,0.002462000004015863,0.00019319995772093534,1.800013706088066e-06,1.0800082236528397e-05,7.940002251416445e-05,7.24999699741602e-05,0.0001680999994277954,1.3399869203567505e-05,1.009996049106121e-05,0.03329439973458648
