percentage,execution,ar_r_sub,k_s_sup,ks_sf_in,n_r_t,nk_k_sup,nrs_ns_r,ns_s_spe,ns_s_sup,ns_sub_r,r_ar_sup,s_k_sub,s_ns_sub,s_nsup_k,sub_r_r,t_k_sup,total_time
20,6,9.499999578110874e-06,9.500001397100277e-06,8.400000297115184e-06,5.800000508315861e-06,0.00028790000033040997,5.699999746866524e-06,4.400000761961564e-06,8.300001354655251e-06,9.100001989281736e-06,0.006365900000673719,7.360000017797574e-05,7.100000038917642e-05,0.00020990000120946206,1.1599999197642319e-05,9.100000170292333e-06,0.007089700007782085
