percentage,execution,ar_r_sub,k_s_sup,ks_sf_in,n_r_t,nk_k_sup,nrs_ns_r,ns_s_spe,ns_s_sup,ns_sub_r,r_ar_sup,s_k_sub,s_ns_sub,s_nsup_k,sub_r_r,t_k_sup,total_time
40,7,1.8900002032751217e-05,8.730000263312832e-05,1.7400001524947584e-05,1.0299998393747956e-05,0.007091699999364209,1.0399999155197293e-05,8.599998182035051e-06,1.7299998944508843e-05,1.799999881768599e-05,0.012745499998345622,0.00589629999922181,0.018632099996466422,0.0011166000003868248,2.1699999706470408e-05,0.0018749000009847805,0.04756699999416014
