percentage,execution,ar_r_sub,k_s_sup,ks_sf_in,n_r_t,nk_k_sup,nrs_ns_r,ns_s_spe,ns_s_sup,ns_sub_r,r_ar_sup,s_k_sub,s_ns_sub,s_nsup_k,sub_r_r,t_k_sup,total_time
50,9,1.4199991710484028e-05,9.400001727044582e-05,1.1900090612471104e-05,7.00005330145359e-06,0.002146099926903844,7.2999391704797745e-06,5.300040356814861e-06,1.1499971151351929e-05,2.599903382360935e-06,0.006392199895344675,0.011119399801827967,0.036356199998408556,0.0018211000133305788,1.6200006939470768e-05,0.01343390007968992,0.07143889972940087
