percentage,execution,k_s_sup,s_k_sub,t_k_sup,ns_s_sup,s_ns_sub,r_ar_sup,ar_r_sub,ns_sub_r,ks_sf_in,sub_r_r,n_r_t,ns_s_spe,nk_k_sup,s_nsup_k,nrs_ns_r,total_time
20,8,0.014663800000562333,0.0025085999950533733,0.005043099983595312,0.0023954999924171716,0.011982900003204122,0.010488199986866675,1.09999964479357e-05,1.7999991541728377e-06,1.3299999409355223e-05,1.580000389367342e-05,6.499991286545992e-06,0.003187499998603016,0.0005605999904219061,0.0005209000082686543,6.999995093792677e-06,0.05140649994427804
