percentage,execution,ar_r_sub,k_s_sup,ks_sf_in,n_r_t,nk_k_sup,nrs_ns_r,ns_s_spe,ns_s_sup,ns_sub_r,r_ar_sup,s_k_sub,s_ns_sub,s_nsup_k,sub_r_r,t_k_sup,total_time
50,5,1.2199976481497288e-05,9.159999899566174e-05,1.1399853974580765e-05,6.5999338403344154e-06,0.0021358999656513333,7.00005330145359e-06,5.500041879713535e-06,1.1800089851021767e-05,2.300017513334751e-06,0.006240100017748773,0.011176900006830692,0.0355791999027133,0.001778499921783805,1.5300116501748562e-05,0.013547000125981867,0.07062130002304912
