percentage,execution,k_s_sup,s_k_sub,t_k_sup,ns_s_sup,s_ns_sub,r_ar_sup,ar_r_sub,ns_sub_r,ks_sf_in,sub_r_r,n_r_t,ns_s_spe,nk_k_sup,s_nsup_k,nrs_ns_r,total_time
80,7,8.099999104160815e-05,0.0077585000108229,0.00954890000866726,1.0199990356341004e-05,0.01391460000013467,0.007490400006645359,1.1099997209385037e-05,2.100015990436077e-06,2.8599999495781958e-05,1.2799995602108538e-05,6.100002792663872e-06,5.199995939619839e-06,0.001542199999676086,0.0015024000022094697,6.399990525096655e-06,0.041920500007108785
