percentage,execution,ar_r_sub,k_s_sup,ks_sf_in,n_r_t,nk_k_sup,nrs_ns_r,ns_s_spe,ns_s_sup,ns_sub_r,r_ar_sup,s_k_sub,s_ns_sub,s_nsup_k,sub_r_r,t_k_sup,total_time
80,8,1.300009898841381e-05,9.34000127017498e-05,1.4300108887255192e-05,6.6999346017837524e-06,0.001691599958576262,8.299946784973145e-06,5.499925464391708e-06,1.1600088328123093e-05,1.8998980522155762e-06,0.008286900003440678,0.008516600006259978,0.01641479996033013,0.001422800007276237,1.4900113455951214e-05,0.010997199919074774,0.047499499982222915
