percentage,execution,k_s_sup,s_k_sub,t_k_sup,ns_s_sup,s_ns_sub,r_ar_sup,ar_r_sub,ns_sub_r,ks_sf_in,sub_r_r,n_r_t,ns_s_spe,nk_k_sup,s_nsup_k,nrs_ns_r,total_time
30,9,8.209999941755086e-05,0.008041599998250604,0.009596999996574596,9.700015652924776e-06,0.03321549999236595,0.002466300007654354,1.0100004146806896e-05,1.800013706088066e-06,9.600014891475439e-06,1.2300006346777081e-05,6.000002031214535e-06,4.899993655271828e-06,0.001527700005681254,0.0012411999923642725,6.200003554113209e-06,0.05623200004629325
