percentage,execution,ar_r_sub,k_s_sup,ks_sf_in,n_r_t,nk_k_sup,nrs_ns_r,ns_s_spe,ns_s_sup,ns_sub_r,r_ar_sup,s_k_sub,s_ns_sub,s_nsup_k,sub_r_r,t_k_sup,total_time
50,2,1.1600088328123093e-05,1.1999625712633133e-05,1.039961352944374e-05,6.799586117267609e-06,0.0013900003395974636,6.500165909528732e-06,4.999805241823196e-06,9.699724614620209e-06,1.5995465219020844e-06,0.008022199850529432,0.0004909001290798187,0.0004859995096921921,0.000914399977773428,1.3999640941619873e-05,1.0500196367502213e-05,0.011391597799956799
