percentage,execution,k_s_sup,s_k_sub,t_k_sup,ns_s_sup,s_ns_sub,r_ar_sup,ar_r_sub,ns_sub_r,ks_sf_in,sub_r_r,n_r_t,ns_s_spe,nk_k_sup,s_nsup_k,nrs_ns_r,total_time
50,3,0.019312299991725013,0.0012743999977828935,0.003688900003908202,0.0033173999981954694,0.0044827999954577535,0.01763089999440126,1.1699987226165831e-05,1.700012944638729e-06,1.0600022505968809e-05,1.8999999156221747e-05,6.599992047995329e-06,0.004908999995677732,0.0002928000030806288,0.0002638000005390495,6.599992047995329e-06,0.05522849998669699
