percentage,execution,ar_r_sub,k_s_sup,ks_sf_in,n_r_t,nk_k_sup,nrs_ns_r,ns_s_spe,ns_s_sup,ns_sub_r,r_ar_sup,s_k_sub,s_ns_sub,s_nsup_k,sub_r_r,t_k_sup,total_time
90,1,1.16005539894104e-05,8.530030027031898e-05,1.0899733752012253e-05,6.600283086299896e-06,0.0019509997218847275,6.00004568696022e-06,5.09992241859436e-06,1.109996810555458e-05,1.700129359960556e-06,0.010496399831026793,0.009805800393223763,0.012797700241208076,0.001629900187253952,1.3899989426136017e-05,0.012552999891340733,0.04938600119203329
