percentage,execution,k_s_sup,s_k_sub,t_k_sup,ns_s_sup,s_ns_sub,r_ar_sup,ar_r_sub,ns_sub_r,ks_sf_in,sub_r_r,n_r_t,ns_s_spe,nk_k_sup,s_nsup_k,nrs_ns_r,total_time
40,3,8.05000017862767e-05,0.008075999998254701,0.009719499998027459,1.0099989594891667e-05,0.030012500006705523,0.0034444000048097223,1.030000566970557e-05,1.8999999156221747e-06,9.800001862458885e-06,1.2800010154023767e-05,5.800000508315861e-06,4.899993655271828e-06,0.001525599989690818,0.0012429999915184453,6.100002792663872e-06,0.0541631999949459
