percentage,execution,ar_r_sub,k_s_sup,ks_sf_in,n_r_t,nk_k_sup,nrs_ns_r,ns_s_spe,ns_s_sup,ns_sub_r,r_ar_sup,s_k_sub,s_ns_sub,s_nsup_k,sub_r_r,t_k_sup,total_time
40,4,1.3100000614940654e-05,0.015676600000006147,1.0700000530050602e-05,6.599999323952943e-06,0.0007326999993892969,7.200000254670158e-06,0.0035374000008232542,0.001646200000323006,1.8000000636675395e-06,0.013678600000275765,0.0030252000005930313,0.012504600000283972,0.0006549999998242129,1.6699999832781032e-05,0.005041000000346685,0.05655340000248543
