percentage,execution,ar_r_sub,k_s_sup,ks_sf_in,n_r_t,nk_k_sup,nrs_ns_r,ns_s_spe,ns_s_sup,ns_sub_r,r_ar_sup,s_k_sub,s_ns_sub,s_nsup_k,sub_r_r,t_k_sup,total_time
30,2,1.1899974197149277e-05,0.0017683003097772598,1.0300427675247192e-05,6.4997002482414246e-06,6.400048732757568e-06,8.699949830770493e-06,0.0017031999304890633,0.0009078998118638992,1.80024653673172e-06,0.003122699912637472,7.890025153756142e-05,8.030002936720848e-05,5.300156772136688e-06,1.5000347048044205e-05,9.249988943338394e-05,0.007819700986146927
