percentage,execution,k_s_sup,s_k_sub,t_k_sup,ns_s_sup,s_ns_sub,r_ar_sup,ar_r_sub,ns_sub_r,ks_sf_in,sub_r_r,n_r_t,ns_s_spe,nk_k_sup,s_nsup_k,nrs_ns_r,total_time
60,10,1.030000566970557e-05,0.0004315999976824969,9.899988071992993e-06,9.2999980552122e-06,0.0004228000034345314,0.007132999991881661,1.069999416358769e-05,1.8999999156221747e-06,1.2500007869675756e-05,1.410000550094992e-05,6.400005077011883e-06,5.0000089686363935e-06,0.0013084999955026433,0.0008405999979004264,6.100002792663872e-06,0.010222700002486818
