percentage,execution,ar_r_sub,k_s_sup,ks_sf_in,n_r_t,nk_k_sup,nrs_ns_r,ns_s_spe,ns_s_sup,ns_sub_r,r_ar_sup,s_k_sub,s_ns_sub,s_nsup_k,sub_r_r,t_k_sup,total_time
40,5,1.0799616575241089e-05,1.0999850928783417e-05,1.00000761449337e-05,6.399583071470261e-06,0.0008737999014556408,6.1998143792152405e-06,4.90015372633934e-06,9.300187230110168e-06,1.700129359960556e-06,0.005503199528902769,0.00031140027567744255,0.00030960002914071083,0.0005761999636888504,1.490022987127304e-05,1.0300427675247192e-05,0.007659699767827988
