percentage,execution,ar_r_sub,k_s_sup,ks_sf_in,n_r_t,nk_k_sup,nrs_ns_r,ns_s_spe,ns_s_sup,ns_sub_r,r_ar_sup,s_k_sub,s_ns_sub,s_nsup_k,sub_r_r,t_k_sup,total_time
20,7,1.2100092135369778e-05,1.170008908957243e-05,1.0999967344105244e-05,7.100054062902927e-06,0.0006157000316306949,7.900060154497623e-06,5.600042641162872e-06,1.0499963536858559e-05,1.9000144675374031e-06,0.0044961998937651515,0.0002256000880151987,0.00022380007430911064,0.00040220003575086594,1.5500118024647236e-05,1.1399970389902592e-05,0.006058200495317578
