percentage,execution,ar_r_sub,k_s_sup,ks_sf_in,n_r_t,nk_k_sup,nrs_ns_r,ns_s_spe,ns_s_sup,ns_sub_r,r_ar_sup,s_k_sub,s_ns_sub,s_nsup_k,sub_r_r,t_k_sup,total_time
70,7,1.0799616575241089e-05,8.019991219043732e-05,1.0400544852018356e-05,6.100162863731384e-06,0.0014940002001821995,6.00004568696022e-06,4.800036549568176e-06,1.0400079190731049e-05,1.7997808754444122e-06,0.0055956002324819565,0.007763999979943037,0.020251899491995573,0.001246000174432993,1.2600328773260117e-05,0.009564100299030542,0.04605870088562369
