percentage,execution,ar_r_sub,k_s_sup,ks_sf_in,n_r_t,nk_k_sup,nrs_ns_r,ns_s_spe,ns_s_sup,ns_sub_r,r_ar_sup,s_k_sub,s_ns_sub,s_nsup_k,sub_r_r,t_k_sup,total_time
80,3,1.2200001037854236e-05,7.780000032653334e-05,9.399999726156238e-06,5.200000487093348e-06,0.0009326999997938401,5.2999994295532815e-06,4.599999556376133e-06,9.899999895424116e-06,1.8000000636675395e-06,0.004019699999844306,0.004983699999684177,0.010804699999425793,0.0007666000001336215,1.1000000085914508e-05,0.00607529999979306,0.02771989999928337
