percentage,execution,ar_r_sub,k_s_sup,ks_sf_in,n_r_t,nk_k_sup,nrs_ns_r,ns_s_spe,ns_s_sup,ns_sub_r,r_ar_sup,s_k_sub,s_ns_sub,s_nsup_k,sub_r_r,t_k_sup,total_time
50,4,1.1999858543276787e-05,8.889997843652964e-05,1.1299969628453255e-05,6.299931555986404e-06,0.001727099996060133,6.700051017105579e-06,5.299923941493034e-06,1.1199968867003918e-05,2.200016751885414e-06,0.00446679990272969,0.008716800017282367,0.02975500002503395,0.001408900017850101,1.4499877579510212e-05,0.010668799979612231,0.05690179951488972
