percentage,execution,ar_r_sub,k_s_sup,ks_sf_in,n_r_t,nk_k_sup,nrs_ns_r,ns_s_spe,ns_s_sup,ns_sub_r,r_ar_sup,s_k_sub,s_ns_sub,s_nsup_k,sub_r_r,t_k_sup,total_time
20,4,1.2500095181167126e-05,0.016861699987202883,1.1399970389902592e-05,7.3999399319291115e-06,7.0999376475811005e-06,7.500057108700275e-06,0.004050799994729459,0.0018460998544469476,1.9000144675374031e-06,0.012508400017395616,0.0002891999902203679,0.00028939987532794476,5.999929271638393e-06,1.8300022929906845e-05,0.00032220000866800547,0.036239899694919586
