percentage,execution,ar_r_sub,k_s_sup,ks_sf_in,n_r_t,nk_k_sup,nrs_ns_r,ns_s_spe,ns_s_sup,ns_sub_r,r_ar_sup,s_k_sub,s_ns_sub,s_nsup_k,sub_r_r,t_k_sup,total_time
10,4,1.719989813864231e-05,0.024402799899689853,1.6200006939470768e-05,1.4699995517730713e-05,0.0039663000497967005,1.4899997040629387e-05,0.017899699974805117,0.0036470999475568533,2.00001522898674e-06,0.018630499951541424,0.014277199981734157,0.05665260006207973,0.0035530999302864075,5.1600043661892414e-05,0.018103899899870157,0.16124979965388775
