percentage,execution,ar_r_sub,k_s_sup,ks_sf_in,n_r_t,nk_k_sup,nrs_ns_r,ns_s_spe,ns_s_sup,ns_sub_r,r_ar_sup,s_k_sub,s_ns_sub,s_nsup_k,sub_r_r,t_k_sup,total_time
10,5,1.2400094419717789e-05,0.005535200005397201,1.1400086805224419e-05,7.699942216277122e-06,6.7999353632330894e-06,7.79994297772646e-06,0.002926899935118854,0.0010307000484317541,2.0997831597924232e-06,0.0050070000579580665,9.210000280290842e-05,8.709996473044157e-05,5.999929271638393e-06,1.8600141629576683e-05,0.00011180003639310598,0.014863599906675518
