percentage,execution,ar_r_sub,k_s_sup,ks_sf_in,n_r_t,nk_k_sup,nrs_ns_r,ns_s_spe,ns_s_sup,ns_sub_r,r_ar_sup,s_k_sub,s_ns_sub,s_nsup_k,sub_r_r,t_k_sup,total_time
60,10,1.1900090612471104e-05,8.949998300522566e-05,1.1199968867003918e-05,6.600050255656242e-06,0.00167859997600317,6.8999361246824265e-06,5.599926225841045e-06,1.1699856258928776e-05,2.00001522898674e-06,0.0053925999673083425,0.008677799953147769,0.02616659994237125,0.0014012999599799514,1.4300108887255192e-05,0.010644199908711016,0.05412079964298755
