percentage,execution,ar_r_sub,k_s_sup,ks_sf_in,n_r_t,nk_k_sup,nrs_ns_r,ns_s_spe,ns_s_sup,ns_sub_r,r_ar_sup,s_k_sub,s_ns_sub,s_nsup_k,sub_r_r,t_k_sup,total_time
80,3,1.2699980288743973e-05,0.03305549966171384,1.0899733752012253e-05,6.600283086299896e-06,7.599592208862305e-06,5.400273948907852e-06,0.006108699832111597,0.006224900018423796,1.6996636986732483e-06,0.027900499757379293,0.0008400995284318924,0.0007356000132858753,5.899928510189056e-06,1.6300007700920105e-05,0.000950399786233902,0.0758827980607748
