percentage,execution,ar_r_sub,k_s_sup,ks_sf_in,n_r_t,nk_k_sup,nrs_ns_r,ns_s_spe,ns_s_sup,ns_sub_r,r_ar_sup,s_k_sub,s_ns_sub,s_nsup_k,sub_r_r,t_k_sup,total_time
40,7,1.1199999789823778e-05,0.014580600000044797,1.0400000064691994e-05,6.70000008540228e-06,0.0002872000004572328,7.0000005507608876e-06,0.00474099999973987,0.003166800000144576,1.99999976757681e-06,0.013809799999762618,0.0011033999999199295,0.004087299998900562,0.00025610000011511147,1.5999999959603883e-05,0.003406599999834725,0.04549209999913728
