percentage,execution,ar_r_sub,k_s_sup,ks_sf_in,n_r_t,nk_k_sup,nrs_ns_r,ns_s_spe,ns_s_sup,ns_sub_r,r_ar_sup,s_k_sub,s_ns_sub,s_nsup_k,sub_r_r,t_k_sup,total_time
90,10,1.2099859304726124e-05,9.300000965595245e-05,1.170008908957243e-05,6.7999353632330894e-06,0.0017526999581605196,6.199930794537067e-06,5.699926987290382e-06,1.189985778182745e-05,2.100015990436077e-06,0.009146599913947284,0.008631200180388987,0.012076399871148169,0.0014590999344363809,1.4600111171603203e-05,0.010962100001052022,0.04419219959527254
