percentage,execution,ar_r_sub,k_s_sup,ks_sf_in,n_r_t,nk_k_sup,nrs_ns_r,ns_s_spe,ns_s_sup,ns_sub_r,r_ar_sup,s_k_sub,s_ns_sub,s_nsup_k,sub_r_r,t_k_sup,total_time
20,10,1.1999974958598614e-05,0.010964400018565357,1.0800082236528397e-05,6.4999330788850784e-06,6.400048732757568e-06,6.800051778554916e-06,0.0018205000087618828,0.0010131001472473145,2.100015990436077e-06,0.008042900008149445,0.0001550000160932541,0.00016050005797296762,5.700043402612209e-06,1.4800112694501877e-05,0.00018339999951422215,0.022404900519177318
