percentage,execution,k_s_sup,s_k_sub,t_k_sup,ns_s_sup,s_ns_sub,r_ar_sup,ar_r_sub,ns_sub_r,ks_sf_in,sub_r_r,n_r_t,ns_s_spe,nk_k_sup,s_nsup_k,nrs_ns_r,total_time
20,5,0.018764599997666664,0.00020319999021012336,0.000225800002226606,0.0034992000000784174,0.00021960001322440803,0.015320999998948537,1.2400007108226418e-05,2.5000044843181968e-06,9.99998883344233e-06,1.579998934175819e-05,6.400005077011883e-06,0.004409499990288168,6.300004315562546e-06,5.199995939619839e-06,6.199989002197981e-06,0.04270769997674506
