percentage,execution,k_s_sup,s_k_sub,t_k_sup,ns_s_sup,s_ns_sub,r_ar_sup,ar_r_sub,ns_sub_r,ks_sf_in,sub_r_r,n_r_t,ns_s_spe,nk_k_sup,s_nsup_k,nrs_ns_r,total_time
20,8,1.0599993402138352e-05,0.0002148000057786703,1.0900010238401592e-05,9.500014130026102e-06,0.0002297000028192997,0.004719100004876964,1.1200012522749603e-05,1.7999846022576094e-06,9.900002623908222e-06,1.4299992471933365e-05,6.300004315562546e-06,4.799992893822491e-06,0.0005336000031093135,0.0003527000080794096,7.100010407157242e-06,0.006136300042271614
