percentage,execution,ar_r_sub,k_s_sup,ks_sf_in,n_r_t,nk_k_sup,nrs_ns_r,ns_s_spe,ns_s_sup,ns_sub_r,r_ar_sup,s_k_sub,s_ns_sub,s_nsup_k,sub_r_r,t_k_sup,total_time
10,8,1.0800082236528397e-05,1.050066202878952e-05,1.00000761449337e-05,6.300397217273712e-06,0.00020120013505220413,6.6999346017837524e-06,4.800036549568176e-06,9.399838745594025e-06,1.600012183189392e-06,0.002370900474488735,7.979990914463997e-05,7.690023630857468e-05,0.00012960005551576614,1.3499520719051361e-05,1.0099727660417557e-05,0.0029421010985970497
