percentage,execution,ar_r_sub,k_s_sup,ks_sf_in,n_r_t,nk_k_sup,nrs_ns_r,ns_s_spe,ns_s_sup,ns_sub_r,r_ar_sup,s_k_sub,s_ns_sub,s_nsup_k,sub_r_r,t_k_sup,total_time
40,5,1.0299999303242657e-05,1.0200000360782724e-05,9.499998668616172e-06,6.000000212225132e-06,0.0008520999999745982,6.000000212225132e-06,4.900000021734741e-06,8.999999408842996e-06,1.8000000636675395e-06,0.00539420000040991,0.0003006999995704973,0.00029180000001360895,0.0005512999996426515,1.2799999240087345e-05,1.0100000508828089e-05,0.0074706999976115185
