percentage,execution,ar_r_sub,k_s_sup,ks_sf_in,n_r_t,nk_k_sup,nrs_ns_r,ns_s_spe,ns_s_sup,ns_sub_r,r_ar_sup,s_k_sub,s_ns_sub,s_nsup_k,sub_r_r,t_k_sup,total_time
20,2,1.0900000233959872e-05,1.1199999789823778e-05,1.0199999451288022e-05,6.499999471998308e-06,0.0005479999999806751,6.999999641266186e-06,5.200000487093348e-06,9.60000033956021e-06,1.7000002117129043e-06,0.003954400000111491,0.00020060000042576576,0.00019079999947280157,0.0003530000003593159,1.4400000509340316e-05,1.3400001080299262e-05,0.0053369000015663914
