percentage,execution,ar_r_sub,k_s_sup,ks_sf_in,n_r_t,nk_k_sup,nrs_ns_r,ns_s_spe,ns_s_sup,ns_sub_r,r_ar_sup,s_k_sub,s_ns_sub,s_nsup_k,sub_r_r,t_k_sup,total_time
60,10,1.0799999472510535e-05,1.1000000085914508e-05,1.0300000212737359e-05,6.199999916134402e-06,0.001534699999865552,6.199999916134402e-06,4.900000021734741e-06,9.60000033956021e-06,1.8000000636675395e-06,0.008280300000478746,0.000525200000993209,0.0005154000000402448,0.0010265000000799773,1.3500000022759195e-05,1.0599999768601265e-05,0.011967000001277484
