percentage,execution,ar_r_sub,k_s_sup,ks_sf_in,n_r_t,nk_k_sup,nrs_ns_r,ns_s_spe,ns_s_sup,ns_sub_r,r_ar_sup,s_k_sub,s_ns_sub,s_nsup_k,sub_r_r,t_k_sup,total_time
40,10,1.06999996205559e-05,8.019999950192869e-05,9.900000804918818e-06,5.99999930273043e-06,0.0014787000000069384,6.299999768089037e-06,5.099999725644011e-06,1.0300000212737359e-05,1.7000002117129043e-06,0.003251099999943108,0.008076599999185419,0.029281400000400026,0.0012430999995558523,1.269999938813271e-05,0.009567500000230211,0.053041299997858005
