percentage,execution,ar_r_sub,k_s_sup,ks_sf_in,n_r_t,nk_k_sup,nrs_ns_r,ns_s_spe,ns_s_sup,ns_sub_r,r_ar_sup,s_k_sub,s_ns_sub,s_nsup_k,sub_r_r,t_k_sup,total_time
10,8,1.1399970389902592e-05,1.1199968867003918e-05,1.1099851690232754e-05,6.700051017105579e-06,5.600042641162872e-06,7.00005330145359e-06,0.001894799992442131,0.004747199942357838,1.9000144675374031e-06,0.003208999987691641,1.1699972674250603e-05,1.0999850928783417e-05,5.500041879713535e-06,1.4999997802078724e-05,1.0999850928783417e-05,0.009960099589079618
