percentage,execution,ar_r_sub,k_s_sup,ks_sf_in,n_r_t,nk_k_sup,nrs_ns_r,ns_s_spe,ns_s_sup,ns_sub_r,r_ar_sup,s_k_sub,s_ns_sub,s_nsup_k,sub_r_r,t_k_sup,total_time
70,3,1.0699499398469925e-05,1.4800112694501877e-05,1.0200310498476028e-05,6.1998143792152405e-06,0.0013840999454259872,6.300397217273712e-06,4.699919372797012e-06,9.399838745594025e-06,1.5995465219020844e-06,0.007964000105857849,0.0004917997866868973,0.0004882998764514923,0.0009154998697340488,1.3100448995828629e-05,1.019984483718872e-05,0.011330899316817522
