percentage,execution,k_s_sup,s_k_sub,t_k_sup,ns_s_sup,s_ns_sub,r_ar_sup,ar_r_sub,ns_sub_r,ks_sf_in,sub_r_r,n_r_t,ns_s_spe,nk_k_sup,s_nsup_k,nrs_ns_r,total_time
60,2,0.021052500000223517,0.003338400012580678,0.005372600004193373,0.0016526999970665202,0.0142469999846071,0.019300400002975948,1.200000406242907e-05,2.400018274784088e-06,1.060000795405358e-05,1.6000005416572094e-05,6.89999433234334e-06,0.003773200005525723,0.0008308000105898827,0.0006916999991517514,6.799993570894003e-06,0.07031400004052557
