percentage,execution,ar_r_sub,k_s_sup,ks_sf_in,n_r_t,nk_k_sup,nrs_ns_r,ns_s_spe,ns_s_sup,ns_sub_r,r_ar_sup,s_k_sub,s_ns_sub,s_nsup_k,sub_r_r,t_k_sup,total_time
20,8,1.019984483718872e-05,1.039961352944374e-05,1.0000541806221008e-05,6.5998174250125885e-06,0.0003752000629901886,6.500165909528732e-06,4.699919372797012e-06,9.09995287656784e-06,2.00001522898674e-06,0.00321720028296113,0.00014529982581734657,0.00013589998707175255,0.0002470999024808407,1.3299752026796341e-05,1.0400079190731049e-05,0.004203899763524532
