percentage,execution,ar_r_sub,k_s_sup,ks_sf_in,n_r_t,nk_k_sup,nrs_ns_r,ns_s_spe,ns_s_sup,ns_sub_r,r_ar_sup,s_k_sub,s_ns_sub,s_nsup_k,sub_r_r,t_k_sup,total_time
30,10,1.2300442904233932e-05,0.01196799986064434,1.1400319635868073e-05,6.899703294038773e-06,6.400048732757568e-06,6.6999346017837524e-06,0.005174499936401844,0.004796999506652355,2.0996667444705963e-06,0.010546500328928232,0.00020090024918317795,0.0002210000529885292,5.09992241859436e-06,1.7700251191854477e-05,0.00022380007430911064,0.03320030029863119
