percentage,execution,ar_r_sub,k_s_sup,ks_sf_in,n_r_t,nk_k_sup,nrs_ns_r,ns_s_spe,ns_s_sup,ns_sub_r,r_ar_sup,s_k_sub,s_ns_sub,s_nsup_k,sub_r_r,t_k_sup,total_time
80,7,1.070043072104454e-05,0.01524870004504919,1.019984483718872e-05,5.899928510189056e-06,0.00024749990552663803,5.700159817934036e-06,0.001585099846124649,0.0008807000704109669,4.400033503770828e-06,0.013838100247085094,0.0013385000638663769,0.00451819971203804,0.00022079981863498688,1.3200100511312485e-05,0.0029563000425696373,0.04088400024920702
