percentage,execution,ar_r_sub,k_s_sup,ks_sf_in,n_r_t,nk_k_sup,nrs_ns_r,ns_s_spe,ns_s_sup,ns_sub_r,r_ar_sup,s_k_sub,s_ns_sub,s_nsup_k,sub_r_r,t_k_sup,total_time
10,4,1.1199619621038437e-05,0.013328599743545055,1.019984483718872e-05,6.400048732757568e-06,0.00024930015206336975,7.500406354665756e-06,0.0031670997850596905,0.0016995999030768871,1.700129359960556e-06,0.009136199951171875,0.001016099937260151,0.004317900165915489,0.0002163001336157322,1.5500467270612717e-05,0.002567899879068136,0.03575150016695261
