percentage,execution,k_s_sup,s_k_sub,t_k_sup,ns_s_sup,s_ns_sub,r_ar_sup,ar_r_sub,ns_sub_r,ks_sf_in,sub_r_r,n_r_t,ns_s_spe,nk_k_sup,s_nsup_k,nrs_ns_r,total_time
40,9,8.240000170189887e-05,0.008253300009528175,0.009757999985595234,1.0299991117790341e-05,0.03031189998728223,0.003334499997436069,1.0799994925037026e-05,1.8999999156221747e-06,1.0000003385357559e-05,1.2899996363557875e-05,6.100002792663872e-06,5.099995178170502e-06,0.0015225999959511682,0.0012762000114889815,6.300004315562546e-06,0.05460229997697752
