percentage,execution,ar_r_sub,k_s_sup,ks_sf_in,n_r_t,nk_k_sup,nrs_ns_r,ns_s_spe,ns_s_sup,ns_sub_r,r_ar_sup,s_k_sub,s_ns_sub,s_nsup_k,sub_r_r,t_k_sup,total_time
30,5,1.2199976481497288e-05,1.1799857020378113e-05,1.0900082997977734e-05,6.8999361246824265e-06,0.000803799950517714,7.6000578701496124e-06,5.299923941493034e-06,1.0400079190731049e-05,1.9000144675374031e-06,0.0052631000289693475,0.00028669985476881266,0.0002807999262586236,0.0005153999663889408,1.6000005416572094e-05,1.1400086805224419e-05,0.007244199747219682
