percentage,execution,ar_r_sub,k_s_sup,ks_sf_in,n_r_t,nk_k_sup,nrs_ns_r,ns_s_spe,ns_s_sup,ns_sub_r,r_ar_sup,s_k_sub,s_ns_sub,s_nsup_k,sub_r_r,t_k_sup,total_time
70,6,1.1699972674250603e-05,1.1499971151351929e-05,1.0800082236528397e-05,6.900052540004253e-06,0.0017824000678956509,6.400048732757568e-06,5.299923941493034e-06,1.0499963536858559e-05,1.800013706088066e-06,0.009670099942013621,0.0006361999548971653,0.0006183999357745051,0.0011835999321192503,1.479999627918005e-05,1.1400086805224419e-05,0.01398179994430393
