percentage,execution,k_s_sup,s_k_sub,t_k_sup,ns_s_sup,s_ns_sub,r_ar_sup,ar_r_sub,ns_sub_r,ks_sf_in,sub_r_r,n_r_t,ns_s_spe,nk_k_sup,s_nsup_k,nrs_ns_r,total_time
10,5,0.004897599996183999,7.879998884163797e-05,9.499999578110874e-05,0.0009103000193135813,7.899999036453664e-05,0.004436499992152676,1.0799994925037026e-05,1.800013706088066e-06,1.3299999409355223e-05,1.6400008462369442e-05,6.89999433234334e-06,0.002564800000982359,6.000002031214535e-06,5.299996701069176e-06,6.999995093792677e-06,0.013129499988281168
