percentage,execution,ar_r_sub,k_s_sup,ks_sf_in,n_r_t,nk_k_sup,nrs_ns_r,ns_s_spe,ns_s_sup,ns_sub_r,r_ar_sup,s_k_sub,s_ns_sub,s_nsup_k,sub_r_r,t_k_sup,total_time
90,1,1.2399978004395962e-05,9.110011160373688e-05,1.1499971151351929e-05,6.6999346017837524e-06,0.00169339997228235,5.900044925510883e-06,5.500041879713535e-06,1.4999997802078724e-05,2.100015990436077e-06,0.008865000098012388,0.00846269994508475,0.012319299974478781,0.0013993000611662865,1.4500110410153866e-05,0.010518700000829995,0.04342310025822371
