percentage,execution,ar_r_sub,k_s_sup,ks_sf_in,n_r_t,nk_k_sup,nrs_ns_r,ns_s_spe,ns_s_sup,ns_sub_r,r_ar_sup,s_k_sub,s_ns_sub,s_nsup_k,sub_r_r,t_k_sup,total_time
40,8,1.2999982573091984e-05,0.026074200053699315,1.200009137392044e-05,7.500057108700275e-06,7.400056347250938e-06,6.6999346017837524e-06,0.006751700071617961,0.005993700004182756,2.200016751885414e-06,0.02146099996753037,0.0004285000031813979,0.00045190006494522095,6.100046448409557e-06,1.859990879893303e-05,0.0004569999873638153,0.06169150024652481
