percentage,execution,ar_r_sub,k_s_sup,ks_sf_in,n_r_t,nk_k_sup,nrs_ns_r,ns_s_spe,ns_s_sup,ns_sub_r,r_ar_sup,s_k_sub,s_ns_sub,s_nsup_k,sub_r_r,t_k_sup,total_time
40,1,9.899999895424116e-06,8.900000011635711e-05,9.700000191514846e-06,5.7999995988211595e-06,0.001468100000238337,6.599999323952943e-06,4.900000021734741e-06,1.0300000212737359e-05,1.7000002117129043e-06,0.0032891000009840354,0.0084102000000712,0.029618200000186334,0.0012161999993622885,1.249999968422344e-05,0.009576899999956368,0.05372910000005504
