percentage,execution,k_s_sup,s_k_sub,t_k_sup,ns_s_sup,s_ns_sub,r_ar_sup,ar_r_sub,ns_sub_r,ks_sf_in,sub_r_r,n_r_t,ns_s_spe,nk_k_sup,s_nsup_k,nrs_ns_r,total_time
20,4,0.004896699989330955,8.100000559352338e-05,9.180001507047564e-05,0.0009036000119522214,7.849998655728996e-05,0.004409200002555735,1.0399991879239678e-05,1.9999861251562834e-06,9.800016414374113e-06,1.309998333454132e-05,5.699999746866524e-06,0.0016502000071341172,5.699999746866524e-06,4.899993655271828e-06,5.599998985417187e-06,0.012168199988082051
