percentage,execution,ar_r_sub,k_s_sup,ks_sf_in,n_r_t,nk_k_sup,nrs_ns_r,ns_s_spe,ns_s_sup,ns_sub_r,r_ar_sup,s_k_sub,s_ns_sub,s_nsup_k,sub_r_r,t_k_sup,total_time
40,9,1.070043072104454e-05,0.013048200402408838,1.00000761449337e-05,6.299931555986404e-06,0.00024299975484609604,6.299931555986404e-06,0.0015812995843589306,0.0008949995972216129,3.200024366378784e-06,0.010323800146579742,0.0011158003471791744,0.0043033999390900135,0.00021769991144537926,1.2899283319711685e-05,0.0027213003486394882,0.03449889970943332
