percentage,execution,k_s_sup,s_k_sub,t_k_sup,ns_s_sup,s_ns_sub,r_ar_sup,ar_r_sub,ns_sub_r,ks_sf_in,sub_r_r,n_r_t,ns_s_spe,nk_k_sup,s_nsup_k,nrs_ns_r,total_time
20,2,0.01621609998983331,0.00027289999707136303,0.00028989999555051327,0.0017183000018121675,0.0002665999927558005,0.012269099985132925,1.1000010999850929e-05,2.0999868866056204e-06,1.0500007192604244e-05,1.68999977177009e-05,6.599992047995329e-06,0.0037174000026425347,6.399990525096655e-06,5.599998985417187e-06,6.50000583846122e-06,0.034815899954992346
