percentage,execution,ar_r_sub,k_s_sup,ks_sf_in,n_r_t,nk_k_sup,nrs_ns_r,ns_s_spe,ns_s_sup,ns_sub_r,r_ar_sup,s_k_sub,s_ns_sub,s_nsup_k,sub_r_r,t_k_sup,total_time
10,10,1.0800082236528397e-05,1.0499730706214905e-05,1.0499730706214905e-05,6.5998174250125885e-06,0.000373300164937973,7.0999376475811005e-06,5.09992241859436e-06,9.300187230110168e-06,1.600012183189392e-06,0.003132699988782406,0.00014699995517730713,0.00014399969950318336,0.00024429988116025925,1.4099758118391037e-05,1.0500196367502213e-05,0.004127399064600468
