percentage,execution,ar_r_sub,k_s_sup,ks_sf_in,n_r_t,nk_k_sup,nrs_ns_r,ns_s_spe,ns_s_sup,ns_sub_r,r_ar_sup,s_k_sub,s_ns_sub,s_nsup_k,sub_r_r,t_k_sup,total_time
20,10,1.1699856258928776e-05,1.100008375942707e-05,1.0599964298307896e-05,6.9999368861317635e-06,0.0004118999931961298,6.7999353632330894e-06,5.199923180043697e-06,9.900075383484364e-06,2.200016751885414e-06,0.0035324000054970384,0.00015390000771731138,0.00014840008225291967,0.00026789994444698095,1.4200108125805855e-05,1.0500079952180386e-05,0.0046036000130698085
