percentage,execution,ar_r_sub,k_s_sup,ks_sf_in,n_r_t,nk_k_sup,nrs_ns_r,ns_s_spe,ns_s_sup,ns_sub_r,r_ar_sup,s_k_sub,s_ns_sub,s_nsup_k,sub_r_r,t_k_sup,total_time
20,6,9.599999430065509e-06,9.40000063565094e-06,9.000000318337698e-06,5.2999994295532815e-06,0.00034920000052807154,5.699999746866524e-06,4.399999852466863e-06,8.400000297115184e-06,1.5000014172983356e-06,0.0029564000005848357,0.00013240000043879263,0.00013189999936003005,0.00022650000028079376,1.1299999641778413e-05,1.1899999663000926e-05,0.0038729000016246573
