percentage,execution,ar_r_sub,k_s_sup,ks_sf_in,n_r_t,nk_k_sup,nrs_ns_r,ns_s_spe,ns_s_sup,ns_sub_r,r_ar_sup,s_k_sub,s_ns_sub,s_nsup_k,sub_r_r,t_k_sup,total_time
30,10,1.179997343569994e-05,1.209997572004795e-05,1.1299853213131428e-05,7.200054824352264e-06,0.000813000020571053,7.899943739175797e-06,5.400041118264198e-06,1.0900082997977734e-05,2.00001522898674e-06,0.005404900060966611,0.0003021999727934599,0.00029420002829283476,0.000533799990080297,1.5799887478351593e-05,1.1699972674250603e-05,0.007444199873134494
