percentage,execution,ar_r_sub,k_s_sup,ks_sf_in,n_r_t,nk_k_sup,nrs_ns_r,ns_s_spe,ns_s_sup,ns_sub_r,r_ar_sup,s_k_sub,s_ns_sub,s_nsup_k,sub_r_r,t_k_sup,total_time
80,4,1.0099999599333387e-05,0.00716030000057799,8.999999408842996e-06,5.099999725644011e-06,5.500000042957254e-06,4.200000148557592e-06,0.0009153000000878819,0.0008546999997633975,1.6999993022182025e-06,0.005908699999963574,0.00024619999931019265,0.0002478000005794456,4.600000465870835e-06,1.1099999937869143e-05,0.0002873999992516474,0.015671699998165423
