percentage,execution,ar_r_sub,k_s_sup,ks_sf_in,n_r_t,nk_k_sup,nrs_ns_r,ns_s_spe,ns_s_sup,ns_sub_r,r_ar_sup,s_k_sub,s_ns_sub,s_nsup_k,sub_r_r,t_k_sup,total_time
10,7,1.079996582120657e-05,0.013827800052240491,1.0299962013959885e-05,6.400048732757568e-06,6.800051778554916e-06,6.500049494206905e-06,0.003185399924404919,0.0024661999195814133,1.9000144675374031e-06,0.009898000047542155,0.00014100002590566874,0.00014789996203035116,5.100038833916187e-06,1.5200115740299225e-05,0.00016449997201561928,0.029893800150603056
