execution,ar_r_sub,k_s_sup,ks_sf_in,n_r_t,nk_k_sup,nrs_ns_r,ns_s_spe,ns_s_sup,ns_sub_r,r_ar_sup,s_k_sub,s_ns_sub,s_nsup_k,sub_r_r,t_k_sup,total_time
1,2.7299858629703522e-05,0.008171000052243471,2.370018046349287e-05,1.6800127923488617e-05,1.3899989426136017e-05,1.1699972674250603e-05,0.013625899911858141,0.00020129990298300982,0.004116800148040056,0.006147600011900067,0.0002862998517230153,0.0002723000943660736,1.1899974197149277e-05,2.629985101521015e-05,0.0003453000681474805,0.033298099995590746
2,2.5700079277157784e-05,0.00931640004273504,2.450007013976574e-05,1.3800105080008507e-05,1.8400023691356182e-05,1.1599855497479439e-05,0.013887900044210255,0.00020030001178383827,0.004287499934434891,0.0064134999411180615,0.0002906000008806586,0.0002853001933544874,1.200009137392044e-05,2.8099864721298218e-05,0.0003559999167919159,0.035171600175090134
3,1.1299853213131428e-05,0.00010169984307140112,1.5600002370774746e-05,9.500072337687016e-06,0.00037949997931718826,6.600050255656242e-06,8.900067768990993e-06,1.1299853213131428e-05,1.5400000847876072e-05,9.820004925131798e-05,0.0022533999290317297,0.011355299851857126,0.0003731000469997525,1.9700033590197563e-05,0.002675199997611344,0.017334699630737305
