execution,ar_r_sub,k_s_sup,ks_sf_in,n_r_t,nk_k_sup,nrs_ns_r,ns_s_spe,ns_s_sup,ns_sub_r,r_ar_sup,s_k_sub,s_ns_sub,s_nsup_k,sub_r_r,t_k_sup,total_time
1,1.0599964298307896e-05,0.010158899938687682,1.0199961252510548e-05,5.500041879713535e-06,5.700043402612209e-06,5.299923941493034e-06,0.0011018000077456236,0.0009853000519797206,0.00029039999935775995,0.005915899993851781,8.350005373358727e-05,8.0699915997684e-05,4.900037311017513e-06,1.1499971151351929e-05,0.00011030014138668776,0.018780500045977533
2,9.100069291889668e-06,1.0300078429281712e-05,9.299954399466515e-06,5.500041879713535e-06,5.300040356814861e-06,5.800044164061546e-06,0.0005896000657230616,8.180004078894854e-05,1.0200077667832375e-05,8.049991447478533e-05,9.399955160915852e-06,9.00006853044033e-06,4.900037311017513e-06,1.170008908957243e-05,9.599956683814526e-06,0.0008520004339516163
3,1.0499963536858559e-05,0.009535799967125058,9.899958968162537e-06,5.900044925510883e-06,5.600042641162872e-06,5.599926225841045e-06,0.0011017000069841743,0.000965600018389523,0.00028799998108297586,0.005874199909158051,8.409994188696146e-05,8.199992589652538e-05,4.900037311017513e-06,1.1899974197149277e-05,0.00010339997243136168,0.018089099670760334
4,1.0499963536858559e-05,0.008787699975073338,1.0599964298307896e-05,5.899928510189056e-06,5.600042641162872e-06,5.300040356814861e-06,0.001093400060199201,0.0009562999475747347,0.0002832000609487295,0.00585809990298003,8.41999426484108e-05,8.60999571159482e-05,4.899920895695686e-06,1.1899974197149277e-05,9.96999442577362e-05,0.017303399625234306
5,1.0199961252510548e-05,0.004376200144179165,9.299954399466515e-06,5.800044164061546e-06,5.399924702942371e-06,5.200039595365524e-06,0.0005405000410974026,7.810001261532307e-05,0.00015109998639672995,0.002931899973191321,8.030002936720848e-05,7.730000652372837e-05,4.500034265220165e-06,1.1500087566673756e-05,9.69000393524766e-05,0.008384200278669596
6,1.0200077667832375e-05,9.900075383484364e-06,9.999959729611874e-06,5.900044925510883e-06,8.79995059221983e-06,5.500041879713535e-06,0.0010781000601127744,0.004332900047302246,0.00014869996812194586,0.002933999989181757,8.499831892549992e-06,9.600073099136353e-06,4.700035788118839e-06,1.3599987141788006e-05,9.400071576237679e-06,0.008589800214394927
