execution,ar_r_sub,k_s_sup,ks_sf_in,n_r_t,nk_k_sup,nrs_ns_r,ns_s_spe,ns_s_sup,ns_sub_r,r_ar_sup,s_k_sub,s_ns_sub,s_nsup_k,sub_r_r,t_k_sup,total_time
1,1.1499971151351929e-05,7.589953020215034e-05,8.800532668828964e-06,4.4996850192546844e-06,0.00015160022303462029,5.000270903110504e-06,4.200264811515808e-06,8.699949830770493e-06,9.199604392051697e-06,7.389998063445091e-05,0.0009765001013875008,0.004193699453026056,0.00012079998850822449,9.499955922365189e-06,0.0009991000406444073,0.00665289955213666
2,0.0001091999001801014,4.83999028801918e-05,1.2599863111972809e-05,9.400304406881332e-06,0.00978539977222681,9.400304406881332e-06,8.499715477228165e-06,1.250067725777626e-05,1.3300217688083649e-05,4.480034112930298e-05,0.0005176002159714699,0.0004785996861755848,0.00024880003184080124,1.3699755072593689e-05,0.0004973998293280602,0.01180960051715374
