percentage,execution,ar_r_sub,k_s_sup,ks_sf_in,n_r_t,nk_k_sup,nrs_ns_r,ns_s_spe,ns_s_sup,ns_sub_r,r_ar_sup,s_k_sub,s_ns_sub,s_nsup_k,sub_r_r,t_k_sup,total_time
30,5,1.4400109648704529e-05,0.019889399874955416,1.1399853974580765e-05,7.100403308868408e-06,0.002712099812924862,8.100178092718124e-06,0.006685600150376558,0.004540999885648489,1.600012183189392e-06,0.039149200078099966,0.002772099804133177,0.00856349989771843,0.0022928002290427685,2.1700281649827957e-05,0.0135647002607584,0.10023470083251595
