percentage,execution,ar_r_sub,k_s_sup,ks_sf_in,n_r_t,nk_k_sup,nrs_ns_r,ns_s_spe,ns_s_sup,ns_sub_r,r_ar_sup,s_k_sub,s_ns_sub,s_nsup_k,sub_r_r,t_k_sup,total_time
20,5,3.719999949680641e-05,0.06787119999989955,3.749999996216502e-05,1.9500000234984327e-05,0.006733899999744608,3.680000008898787e-05,0.0210692000000563,0.018902399999205954,3.5000002753804438e-06,0.08819690000018454,0.025223300000106974,0.12729419999959646,0.006292899999607471,6.719999964843737e-05,0.050826900000174646,0.41261259999828326
