percentage,execution,ar_r_sub,k_s_sup,ks_sf_in,n_r_t,nk_k_sup,nrs_ns_r,ns_s_spe,ns_s_sup,ns_sub_r,r_ar_sup,s_k_sub,s_ns_sub,s_nsup_k,sub_r_r,t_k_sup,total_time
50,7,2.6099849492311478e-05,0.016195500269532204,1.0899733752012253e-05,7.0999376475811005e-06,0.004882499575614929,7.200054824352264e-06,0.006619000341743231,0.004598400555551052,1.600012183189392e-06,0.04107700055465102,0.008940000087022781,0.030128300189971924,0.003938400186598301,2.0499806851148605e-05,0.013218399602919817,0.12967090075835586
