percentage,execution,k_s_sup,s_k_sub,t_k_sup,ns_s_sup,s_ns_sub,r_ar_sup,ar_r_sub,ns_sub_r,ks_sf_in,sub_r_r,n_r_t,ns_s_spe,nk_k_sup,s_nsup_k,nrs_ns_r,total_time
20,1,0.019650900037959218,0.008429499925114214,0.014462599996477365,0.005437100073322654,0.023762900033034384,0.023331400123424828,1.4799879863858223e-05,2.100015990436077e-06,1.0600080713629723e-05,2.159993164241314e-05,7.0999376475811005e-06,0.007111200015060604,0.002636500052176416,0.0022432999685406685,9.599956683814526e-06,0.10713120002765208
