percentage,execution,ar_r_sub,k_s_sup,ks_sf_in,n_r_t,nk_k_sup,nrs_ns_r,ns_s_spe,ns_s_sup,ns_sub_r,r_ar_sup,s_k_sub,s_ns_sub,s_nsup_k,sub_r_r,t_k_sup,total_time
20,2,1.109996810555458e-05,0.004609100054949522,1.0800082236528397e-05,6.800051778554916e-06,0.0006908001378178596,7.700175046920776e-06,0.006914500147104263,0.0068892003037035465,1.6996636986732483e-06,0.018238000106066465,0.00018979981541633606,0.000193700660020113,0.0005338001064956188,1.9799917936325073e-05,9.379955008625984e-05,0.03841060074046254
