percentage,execution,ar_r_sub,k_s_sup,ks_sf_in,n_r_t,nk_k_sup,nrs_ns_r,ns_s_spe,ns_s_sup,ns_sub_r,r_ar_sup,s_k_sub,s_ns_sub,s_nsup_k,sub_r_r,t_k_sup,total_time
60,3,1.3199984095990658e-05,0.01693350006826222,1.1900090612471104e-05,7.999944500625134e-06,0.004845899995416403,7.800059393048286e-06,0.007002400001510978,0.004709900007583201,2.299901098012924e-06,0.058661699993535876,0.010097699938341975,0.019703700090758502,0.0042675998993217945,2.1699932403862476e-05,0.02802470012102276,0.15431200002785772
