percentage,execution,k_s_sup,s_k_sub,t_k_sup,ns_s_sup,s_ns_sub,r_ar_sup,ar_r_sub,ns_sub_r,ks_sf_in,sub_r_r,n_r_t,ns_s_spe,nk_k_sup,s_nsup_k,nrs_ns_r,total_time
30,9,0.004653100011637434,0.0051004999986616895,8.940001134760678e-05,0.006964400003198534,0.020539899996947497,0.029207100000348873,1.1500000255182385e-05,1.5999976312741637e-06,1.0400006431154907e-05,2.0100007532164454e-05,7.299997378140688e-06,0.006860099994810298,0.003645799995865673,0.0028630000015255064,7.90000194683671e-06,0.07998210002551787
