percentage,execution,ar_r_sub,k_s_sup,ks_sf_in,n_r_t,nk_k_sup,nrs_ns_r,ns_s_spe,ns_s_sup,ns_sub_r,r_ar_sup,s_k_sub,s_ns_sub,s_nsup_k,sub_r_r,t_k_sup,total_time
40,4,1.2400094419717789e-05,0.014268899918533862,1.1799857020378113e-05,7.500057108700275e-06,0.004651100025512278,8.399947546422482e-06,0.007153499987907708,0.0049845000030472875,1.800013706088066e-06,0.03522399999201298,0.010658000013791025,0.03669320000335574,0.00412920000962913,2.219993621110916e-05,0.020675400039181113,0.13850189989898354
