percentage,execution,k_s_sup,s_k_sub,t_k_sup,ns_s_sup,s_ns_sub,r_ar_sup,ar_r_sub,ns_sub_r,ks_sf_in,sub_r_r,n_r_t,ns_s_spe,nk_k_sup,s_nsup_k,nrs_ns_r,total_time
70,1,0.013314700001501478,0.010469400003785267,0.01463460001104977,0.00445670000044629,0.016120999993290752,0.055072900009690784,1.1900003300979733e-05,1.6999983927235007e-06,1.1099997209385037e-05,2.0199979189783335e-05,7.199996616691351e-06,0.006580000001122244,0.00424629999906756,0.0037002000026404858,6.700007361359894e-06,0.12865460000466555
