percentage,execution,k_s_sup,s_k_sub,t_k_sup,ns_s_sup,s_ns_sub,r_ar_sup,ar_r_sub,ns_sub_r,ks_sf_in,sub_r_r,n_r_t,ns_s_spe,nk_k_sup,s_nsup_k,nrs_ns_r,total_time
50,3,0.016054000006988645,0.0048729999689385295,0.02520360006019473,0.0047256998950615525,0.01082009996753186,0.04807690007146448,1.1599855497479439e-05,2.00001522898674e-06,1.1899974197149277e-05,1.9700033590197563e-05,6.8999361246824265e-06,0.0068654000060632825,0.0031870000530034304,0.0028632000321522355,6.9999368861317635e-06,0.12272799981292337
