percentage,execution,k_s_sup,s_k_sub,t_k_sup,ns_s_sup,s_ns_sub,r_ar_sup,ar_r_sub,ns_sub_r,ks_sf_in,sub_r_r,n_r_t,ns_s_spe,nk_k_sup,s_nsup_k,nrs_ns_r,total_time
30,2,0.011875999989570118,0.002275500010000542,0.013794400001643226,0.0047916000039549544,0.002445499994792044,0.029212800014647655,1.2799995602108538e-05,1.7999846022576094e-06,1.4500008546747267e-05,2.5200002710334957e-05,1.0000003385357559e-05,0.007223300010082312,0.0016670000040903687,0.00133790000109002,1.0900010238401592e-05,0.07469920003495645
