percentage,execution,k_s_sup,s_k_sub,t_k_sup,ns_s_sup,s_ns_sub,r_ar_sup,ar_r_sub,ns_sub_r,ks_sf_in,sub_r_r,n_r_t,ns_s_spe,nk_k_sup,s_nsup_k,nrs_ns_r,total_time
80,2,0.013961999997263774,0.009667699996498413,0.02666370001679752,0.004644799992092885,0.022889899992151186,0.06511039998440538,1.270000939257443e-05,2.0999868866056204e-06,1.170000177808106e-05,2.6500012609176338e-05,7.399998139590025e-06,0.007179199994425289,0.005597199997282587,0.004663400002755225,6.89999433234334e-06,0.16044559997681063
