percentage,execution,ar_r_sub,k_s_sup,ks_sf_in,n_r_t,nk_k_sup,nrs_ns_r,ns_s_spe,ns_s_sup,ns_sub_r,r_ar_sup,s_k_sub,s_ns_sub,s_nsup_k,sub_r_r,t_k_sup,total_time
30,1,1.2599979527294636e-05,0.00817689998075366,1.1299969628453255e-05,7.70005863159895e-06,0.0025418000295758247,7.999944500625134e-06,0.007379700080491602,0.00714140001218766,1.800013706088066e-06,0.04346810013521463,0.00045089994091540575,0.0004433998838067055,0.002066600020043552,2.2499938495457172e-05,9.410001803189516e-05,0.07182680000551045
