percentage,execution,ar_r_sub,k_s_sup,ks_sf_in,n_r_t,nk_k_sup,nrs_ns_r,ns_s_spe,ns_s_sup,ns_sub_r,r_ar_sup,s_k_sub,s_ns_sub,s_nsup_k,sub_r_r,t_k_sup,total_time
40,1,3.500000002532033e-05,0.05210990000068705,3.190000006725313e-05,1.2400000741763506e-05,0.007199300000138464,1.8400000044493936e-05,0.028875999999399937,0.012858500000220374,3.4000004234258085e-06,0.10505379999995057,0.005835500000102911,0.008482199999889417,0.005909999999857973,5.599999985861359e-05,0.019683100000293052,0.24616540000170062
