percentage,execution,ar_r_sub,k_s_sup,ks_sf_in,n_r_t,nk_k_sup,nrs_ns_r,ns_s_spe,ns_s_sup,ns_sub_r,r_ar_sup,s_k_sub,s_ns_sub,s_nsup_k,sub_r_r,t_k_sup,total_time
60,7,1.2599979527294636e-05,0.017976899980567396,1.1499971151351929e-05,7.79994297772646e-06,0.004992300062440336,7.500057108700275e-06,0.007130999932996929,0.004665899905376136,1.800013706088066e-06,0.04922639997676015,0.012636100058443844,0.03509970009326935,0.004515199922025204,2.150004729628563e-05,0.03423130000010133,0.17053749994374812
