percentage,execution,ar_r_sub,k_s_sup,ks_sf_in,n_r_t,nk_k_sup,nrs_ns_r,ns_s_spe,ns_s_sup,ns_sub_r,r_ar_sup,s_k_sub,s_ns_sub,s_nsup_k,sub_r_r,t_k_sup,total_time
90,6,1.219986006617546e-05,0.014717599377036095,1.1400319635868073e-05,7.899943739175797e-06,0.005121000111103058,6.1998143792152405e-06,0.0067149000242352486,0.004535200074315071,1.6996636986732483e-06,0.07309529976919293,0.011689300183206797,0.011580700054764748,0.004556300118565559,2.090027555823326e-05,0.025612499564886093,0.15768309915438294
