percentage,execution,ar_r_sub,k_s_sup,ks_sf_in,n_r_t,nk_k_sup,nrs_ns_r,ns_s_spe,ns_s_sup,ns_sub_r,r_ar_sup,s_k_sub,s_ns_sub,s_nsup_k,sub_r_r,t_k_sup,total_time
20,3,7.789999926899327e-05,1.0299999303242657e-05,9.20000093174167e-06,5.600000804406591e-06,0.000208599999496073,5.599999894911889e-06,4.499999704421498e-06,8.600000001024455e-06,1.8000000636675395e-06,9.200000022246968e-06,7.779999941703863e-05,7.419999928970356e-05,0.00013209999997343402,1.0200000360782724e-05,9.899999895424116e-06,0.0006454999984271126
