percentage,execution,ar_r_sub,k_s_sup,ks_sf_in,n_r_t,nk_k_sup,nrs_ns_r,ns_s_spe,ns_s_sup,ns_sub_r,r_ar_sup,s_k_sub,s_ns_sub,s_nsup_k,sub_r_r,t_k_sup,total_time
60,5,0.007342800000515126,7.74000000092201e-05,1.0000000656873453e-05,5.899999450775795e-06,0.0008803999999145162,5.2999994295532815e-06,4.699999408330768e-06,9.499999578110874e-06,1.99999976757681e-06,7.659999937459361e-05,0.006599699999242148,0.012820200000533077,0.000749300000279618,0.001356800000394287,0.0018488000014258432,0.03178939999997965
