percentage,execution,ar_r_sub,k_s_sup,ks_sf_in,n_r_t,nk_k_sup,nrs_ns_r,ns_s_spe,ns_s_sup,ns_sub_r,r_ar_sup,s_k_sub,s_ns_sub,s_nsup_k,sub_r_r,t_k_sup,total_time
60,4,0.011634899999080517,8.129999969241908e-05,1.0199999451288022e-05,5.699999746866524e-06,0.0008682999996381113,4.900000021734741e-06,4.600000465870835e-06,9.599999430065509e-06,1.9000008251168765e-06,7.550000100309262e-05,0.006490900000244437,0.012577800000144634,0.0007546999995611259,0.002232199999525619,0.0018266999995830702,0.03657919999841397
