percentage,execution,ar_r_sub,k_s_sup,ks_sf_in,n_r_t,nk_k_sup,nrs_ns_r,ns_s_spe,ns_s_sup,ns_sub_r,r_ar_sup,s_k_sub,s_ns_sub,s_nsup_k,sub_r_r,t_k_sup,total_time
40,7,1.8400000953988638e-05,8.200000047509093e-05,1.7500000467407517e-05,1.0399999155197293e-05,0.006456899999648158,1.0199999451288022e-05,8.600000001024455e-06,1.7099999240599573e-05,1.8400000044493936e-05,0.004577400000016496,0.0030114000001049135,0.009052999999767053,0.0006677999999737949,1.9600000996433664e-05,0.0034483999988879077,0.027417099999183847
