percentage,execution,ar_r_sub,k_s_sup,ks_sf_in,n_r_t,nk_k_sup,nrs_ns_r,ns_s_spe,ns_s_sup,ns_sub_r,r_ar_sup,s_k_sub,s_ns_sub,s_nsup_k,sub_r_r,t_k_sup,total_time
80,9,0.002656100317835808,8.71000811457634e-05,1.1000316590070724e-05,7.0999376475811005e-06,0.0015936996787786484,7.200054824352264e-06,5.200039595365524e-06,1.090019941329956e-05,1.1799857020378113e-05,8.249981328845024e-05,0.009415099862962961,0.01570860017091036,0.001631299965083599,0.00036450009793043137,0.006375399883836508,0.037967500276863575
