percentage,execution,ar_r_sub,k_s_sup,ks_sf_in,n_r_t,nk_k_sup,nrs_ns_r,ns_s_spe,ns_s_sup,ns_sub_r,r_ar_sup,s_k_sub,s_ns_sub,s_nsup_k,sub_r_r,t_k_sup,total_time
20,10,9.199999112752266e-06,0.00403329999971902,9.200000022246968e-06,5.2999994295532815e-06,5.099999725644011e-06,7.499999810534064e-06,0.00047869999980321154,7.139999979699496e-05,0.00015440000061062165,0.0026619999998729327,7.60000002628658e-05,6.940000002941815e-05,4.399999852466863e-06,1.0300000212737359e-05,9.349999891128391e-05,0.0076896999971722835
