percentage,execution,ar_r_sub,k_s_sup,ks_sf_in,n_r_t,nk_k_sup,nrs_ns_r,ns_s_spe,ns_s_sup,ns_sub_r,r_ar_sup,s_k_sub,s_ns_sub,s_nsup_k,sub_r_r,t_k_sup,total_time
60,10,1.9499999325489625e-05,8.439999965048628e-05,1.7100000150094274e-05,9.899999895424116e-06,0.00772179999967193,1.0400000064691994e-05,8.600000001024455e-06,1.7300000763498247e-05,1.849999989644857e-05,0.0061569999998027924,0.0031030999998620246,0.006831400000010035,0.0007935999992696452,2.0000001313746907e-05,0.0035874999994121026,0.028400099999089434
