percentage,execution,ar_r_sub,k_s_sup,ks_sf_in,n_r_t,nk_k_sup,nrs_ns_r,ns_s_spe,ns_s_sup,ns_sub_r,r_ar_sup,s_k_sub,s_ns_sub,s_nsup_k,sub_r_r,t_k_sup,total_time
40,9,0.011419099755585194,8.449982851743698e-05,9.899958968162537e-06,5.999580025672913e-06,0.001505299936980009,6.0996972024440765e-06,4.800036549568176e-06,1.0500196367502213e-05,1.0800082236528397e-05,7.649976760149002e-05,0.009457700420171022,0.031839500181376934,0.0012753000482916832,0.0021277000196278095,0.006214700173586607,0.06404839968308806
