percentage,execution,ar_r_sub,k_s_sup,ks_sf_in,n_r_t,nk_k_sup,nrs_ns_r,ns_s_spe,ns_s_sup,ns_sub_r,r_ar_sup,s_k_sub,s_ns_sub,s_nsup_k,sub_r_r,t_k_sup,total_time
80,7,9.700000191514846e-06,7.889999960752903e-05,8.799998795439024e-06,5.099999725644011e-06,0.0005464000005304115,5.200000487093348e-06,6.999999641266186e-06,8.89999955688836e-06,9.399999726156238e-06,0.002470500000526954,0.0030315000003611203,0.005950100000518432,0.0004835999998249463,1.0100000508828089e-05,0.0035657000007631723,0.016190900000765396
