percentage,execution,ar_r_sub,k_s_sup,ks_sf_in,n_r_t,nk_k_sup,nrs_ns_r,ns_s_spe,ns_s_sup,ns_sub_r,r_ar_sup,s_k_sub,s_ns_sub,s_nsup_k,sub_r_r,t_k_sup,total_time
20,2,8.200000593205914e-06,7.679999907850288e-05,8.50000014906982e-06,4.699999408330768e-06,0.0005474999998114072,5.2999994295532815e-06,4.300000000512227e-06,1.1800000720540993e-05,8.600000001024455e-06,7.029999960650457e-05,0.003094500000770495,0.015191600000434846,0.0004465000001800945,9.999999747378752e-06,0.003511199999593373,0.02299979999952484
