percentage,execution,ar_r_sub,k_s_sup,ks_sf_in,n_r_t,nk_k_sup,nrs_ns_r,ns_s_spe,ns_s_sup,ns_sub_r,r_ar_sup,s_k_sub,s_ns_sub,s_nsup_k,sub_r_r,t_k_sup,total_time
30,3,0.00039189867675304413,9.130081161856651e-05,1.8700025975704193e-05,1.2599863111972809e-05,0.011610699817538261,1.2800097465515137e-05,9.600073099136353e-06,1.960061490535736e-05,2.040015533566475e-05,9.060045704245567e-05,0.008880199864506721,0.03106020065024495,0.0017098002135753632,2.470100298523903e-05,0.006288799922913313,0.060241902247071266
