percentage,execution,ar_r_sub,k_s_sup,ks_sf_in,n_r_t,nk_k_sup,nrs_ns_r,ns_s_spe,ns_s_sup,ns_sub_r,r_ar_sup,s_k_sub,s_ns_sub,s_nsup_k,sub_r_r,t_k_sup,total_time
20,2,1.880000036180718e-05,8.320000051753595e-05,1.6799999684735667e-05,9.899999895424116e-06,0.0063994000001912354,1.4100000043981709e-05,8.299999535665847e-06,1.7499998648418114e-05,1.8000001546170097e-05,0.0031856000005063834,0.0031720000006316695,0.012453999999706866,0.000819200000478304,2.060000133496942e-05,0.003657400001429778,0.029894800004512945
