percentage,execution,ar_r_sub,k_s_sup,ks_sf_in,n_r_t,nk_k_sup,nrs_ns_r,ns_s_spe,ns_s_sup,ns_sub_r,r_ar_sup,s_k_sub,s_ns_sub,s_nsup_k,sub_r_r,t_k_sup,total_time
60,8,9.899999895424116e-06,7.920000007288763e-05,8.89999955688836e-06,4.900000021734741e-06,0.0005435999992187135,5.300000339047983e-06,4.200000148557592e-06,8.900000466383062e-06,1.2399999832268804e-05,0.0016588999997111387,0.003232999999454478,0.009045299999343115,0.00043959999948128825,9.900000804918818e-06,0.0036725999998452608,0.018736599998192105
