percentage,execution,ar_r_sub,k_s_sup,ks_sf_in,n_r_t,nk_k_sup,nrs_ns_r,ns_s_spe,ns_s_sup,ns_sub_r,r_ar_sup,s_k_sub,s_ns_sub,s_nsup_k,sub_r_r,t_k_sup,total_time
40,9,9.300000783696305e-06,0.004711200000201643,9.299999874201603e-06,5.199999577598646e-06,4.999999873689376e-06,4.300000000512227e-06,0.0009211999995386577,0.0008854999996401602,0.0028405000002749148,0.003835100000287639,7.339999956457177e-05,7.579999873996712e-05,4.300000000512227e-06,1.0300000212737359e-05,8.590000015828991e-05,0.013476299998728791
