percentage,execution,k_s_sup,s_k_sub,t_k_sup,ns_s_sup,s_ns_sub,r_ar_sup,ar_r_sub,ns_sub_r,ks_sf_in,sub_r_r,n_r_t,ns_s_spe,nk_k_sup,s_nsup_k,nrs_ns_r,total_time
20,8,1.2899996363557875e-05,0.00018039999122265726,1.6200006939470768e-05,1.1199997970834374e-05,0.00017240000306628644,0.00694510001630988,1.3199998647905886e-05,2.3999891709536314e-06,1.6000005416572094e-05,1.610000617802143e-05,7.499998901039362e-06,6.000002031214535e-06,0.0005472000048030168,0.00036869999894406646,7.800001185387373e-06,0.008323100017150864
