percentage,execution,ar_r_sub,k_s_sup,ks_sf_in,n_r_t,nk_k_sup,nrs_ns_r,ns_s_spe,ns_s_sup,ns_sub_r,r_ar_sup,s_k_sub,s_ns_sub,s_nsup_k,sub_r_r,t_k_sup,total_time
50,7,1.0299962013959885e-05,8.030002936720848e-05,1.00000761449337e-05,5.900394171476364e-06,0.0013300003483891487,6.100162863731384e-06,4.8996880650520325e-06,1.0099727660417557e-05,1.6996636986732483e-06,0.003982699941843748,0.008316299878060818,0.02358050039038062,0.0011161998845636845,1.200009137392044e-05,0.006257799919694662,0.044724800158292055
