percentage,execution,ar_r_sub,k_s_sup,ks_sf_in,n_r_t,nk_k_sup,nrs_ns_r,ns_s_spe,ns_s_sup,ns_sub_r,r_ar_sup,s_k_sub,s_ns_sub,s_nsup_k,sub_r_r,t_k_sup,total_time
40,7,1.0300000212737359e-05,7.570000070700189e-05,1.2399999832268804e-05,5.4000001910026185e-06,0.0012757000004057772,5.9000003602704965e-06,4.800000169780105e-06,9.700000191514846e-06,1.99999976757681e-06,0.003079799999795796,0.007841300000109186,0.027633599999717262,0.0011193999998795334,1.2099999366910197e-05,0.005966199999420496,0.047054300000127114
