percentage,execution,ar_r_sub,k_s_sup,ks_sf_in,n_r_t,nk_k_sup,nrs_ns_r,ns_s_spe,ns_s_sup,ns_sub_r,r_ar_sup,s_k_sub,s_ns_sub,s_nsup_k,sub_r_r,t_k_sup,total_time
40,5,9.700000191514846e-06,9.999999747378752e-06,9.099999260797631e-06,5.199999577598646e-06,0.00046629999997094274,5.300000339047983e-06,4.399999852466863e-06,8.400000297115184e-06,1.8000000636675395e-06,0.005907300000217219,0.00013419999959296547,0.00013450000005832408,0.00032639999972161604,1.1099999937869143e-05,9.299999874201603e-06,0.007042999998702726
