percentage,execution,ar_r_sub,k_s_sup,ks_sf_in,n_r_t,nk_k_sup,nrs_ns_r,ns_s_spe,ns_s_sup,ns_sub_r,r_ar_sup,s_k_sub,s_ns_sub,s_nsup_k,sub_r_r,t_k_sup,total_time
70,7,1.0600313544273376e-05,1.0500196367502213e-05,9.899493306875229e-06,6.200280040502548e-06,0.0015292000025510788,5.600042641162872e-06,5.000270903110504e-06,9.700190275907516e-06,1.8998980522155762e-06,0.007843100000172853,0.002021700143814087,0.005048099905252457,0.001005799975246191,1.3200100511312485e-05,1.0300427675247192e-05,0.017530801240354776
