percentage,execution,k_s_sup,s_k_sub,t_k_sup,ns_s_sup,s_ns_sub,r_ar_sup,ar_r_sub,ns_sub_r,ks_sf_in,sub_r_r,n_r_t,ns_s_spe,nk_k_sup,s_nsup_k,nrs_ns_r,total_time
10,10,1.3399985618889332e-05,0.00010480001219548285,1.6599995433352888e-05,1.1800002539530396e-05,0.00010019999172072858,0.003965800002333708,1.4900011592544615e-05,2.2999884095042944e-06,1.2600008631125093e-05,1.789999078027904e-05,7.599999662488699e-06,6.100002792663872e-06,0.000264899994363077,0.00017019998631440103,8.300004992634058e-06,0.00471739997738041
