percentage,execution,ar_r_sub,k_s_sup,ks_sf_in,n_r_t,nk_k_sup,nrs_ns_r,ns_s_spe,ns_s_sup,ns_sub_r,r_ar_sup,s_k_sub,s_ns_sub,s_nsup_k,sub_r_r,t_k_sup,total_time
90,3,1.2100092135369778e-05,9.69000393524766e-05,1.0899966582655907e-05,6.4999330788850784e-06,0.001482499996200204,5.800044164061546e-06,5.400041118264198e-06,1.1199968867003918e-05,2.200016751885414e-06,0.008808100130409002,0.00852349994238466,0.011933199944905937,0.0012448999332264066,1.3900105841457844e-05,0.006756899994798005,0.038914000149816275
