percentage,execution,k_s_sup,s_k_sub,t_k_sup,ns_s_sup,s_ns_sub,r_ar_sup,ar_r_sub,ns_sub_r,ks_sf_in,sub_r_r,n_r_t,ns_s_spe,nk_k_sup,s_nsup_k,nrs_ns_r,total_time
90,2,8.129999332595617e-05,0.007784500005072914,0.006212100008269772,9.700001101009548e-06,0.010687099987990223,0.007825499997125007,1.0499992640689015e-05,1.8999853637069464e-06,9.399998816661537e-06,1.200000406242907e-05,5.699999746866524e-06,4.799992893822491e-06,0.0012990000104764476,0.0010978999926010147,5.199995939619839e-06,0.03504659996542614
