percentage,execution,ar_r_sub,k_s_sup,ks_sf_in,n_r_t,nk_k_sup,nrs_ns_r,ns_s_spe,ns_s_sup,ns_sub_r,r_ar_sup,s_k_sub,s_ns_sub,s_nsup_k,sub_r_r,t_k_sup,total_time
60,3,9.999999747378752e-06,7.80000000304426e-05,1.430000065738568e-05,7.3999999585794285e-06,0.0006426999998438987,5.300000339047983e-06,6.999999641266186e-06,1.1600001016631722e-05,1.8999999156221747e-06,0.0045952000000397675,0.0036885999998048646,0.010243800000353076,0.0006133999995654449,1.340000017080456e-05,0.002856900000551832,0.022789500001636043
