percentage,execution,k_s_sup,s_k_sub,t_k_sup,ns_s_sup,s_ns_sub,r_ar_sup,ar_r_sub,ns_sub_r,ks_sf_in,sub_r_r,n_r_t,ns_s_spe,nk_k_sup,s_nsup_k,nrs_ns_r,total_time
70,6,1.030000566970557e-05,0.0018983000045409426,1.0799994925037026e-05,9.300012607127428e-06,0.0017804000090109184,0.00845399999525398,1.0400006431154907e-05,1.7999991541728377e-06,9.800001862458885e-06,1.2200005585327744e-05,5.599998985417187e-06,4.7000066842883825e-06,0.0013278999977046624,0.000895200006198138,5.599998985417187e-06,0.014436300043598749
