percentage,execution,ar_r_sub,k_s_sup,ks_sf_in,n_r_t,nk_k_sup,nrs_ns_r,ns_s_spe,ns_s_sup,ns_sub_r,r_ar_sup,s_k_sub,s_ns_sub,s_nsup_k,sub_r_r,t_k_sup,total_time
90,2,1.200009137392044e-05,8.919998072087765e-05,1.0800082236528397e-05,6.400048732757568e-06,0.0016038999892771244,6.200047209858894e-06,5.400041118264198e-06,1.4999997802078724e-05,2.600019797682762e-06,0.007998800021596253,0.008386599947698414,0.011792999925091863,0.0012586999218910933,1.3599987141788006e-05,0.006761100026778877,0.03796330012846738
