percentage,execution,k_s_sup,s_k_sub,t_k_sup,ns_s_sup,s_ns_sub,r_ar_sup,ar_r_sub,ns_sub_r,ks_sf_in,sub_r_r,n_r_t,ns_s_spe,nk_k_sup,s_nsup_k,nrs_ns_r,total_time
70,7,7.980001100804657e-05,0.007714299994404428,0.0061037999839754775,9.900002623908222e-06,0.017044800013536587,0.005692400023690425,1.0299991117790341e-05,1.9000144675374031e-06,9.600014891475439e-06,1.2199991033412516e-05,7.999988156370819e-06,4.599991370923817e-06,0.0013225000002421439,0.0011128999904030934,5.800000508315861e-06,0.039132800011429936
