percentage,execution,ar_r_sub,k_s_sup,ks_sf_in,n_r_t,nk_k_sup,nrs_ns_r,ns_s_spe,ns_s_sup,ns_sub_r,r_ar_sup,s_k_sub,s_ns_sub,s_nsup_k,sub_r_r,t_k_sup,total_time
60,1,9.60000033956021e-06,8.25000006443588e-05,9.699999282020144e-06,5.100000635138713e-06,0.0006629999998040148,5.300000339047983e-06,4.499999704421498e-06,1.249999968422344e-05,2.3000002329354174e-06,0.0017027000003508874,0.004625700000360666,0.010855900000024121,0.0005599999994956306,1.1500000255182385e-05,0.0019199000007574796,0.02047020000190969
