percentage,execution,ar_r_sub,k_s_sup,ks_sf_in,n_r_t,nk_k_sup,nrs_ns_r,ns_s_spe,ns_s_sup,ns_sub_r,r_ar_sup,s_k_sub,s_ns_sub,s_nsup_k,sub_r_r,t_k_sup,total_time
20,5,9.599999430065509e-06,9.899999895424116e-06,9.100000170292333e-06,5.099999725644011e-06,0.0006457999998019659,5.800000508315861e-06,4.300000000512227e-06,8.700000762473792e-06,2.099999619531445e-06,0.002235899999504909,0.0017240999995919992,0.007960199999615725,0.00044209999941813294,1.140000040322775e-05,1.0000000656873453e-05,0.013084099999105092
