percentage,execution,ar_r_sub,k_s_sup,ks_sf_in,n_r_t,nk_k_sup,nrs_ns_r,ns_s_spe,ns_s_sup,ns_sub_r,r_ar_sup,s_k_sub,s_ns_sub,s_nsup_k,sub_r_r,t_k_sup,total_time
70,6,1.0699965059757233e-05,8.25999304652214e-05,9.699724614620209e-06,5.7998113334178925e-06,0.0013402001932263374,5.7998113334178925e-06,4.8996880650520325e-06,1.400010660290718e-05,1.600012183189392e-06,0.005595499649643898,0.00798470014706254,0.017443000338971615,0.0011350000277161598,1.200009137392044e-05,0.006142999976873398,0.03978849947452545
