percentage,execution,ar_r_sub,k_s_sup,ks_sf_in,n_r_t,nk_k_sup,nrs_ns_r,ns_s_spe,ns_s_sup,ns_sub_r,r_ar_sup,s_k_sub,s_ns_sub,s_nsup_k,sub_r_r,t_k_sup,total_time
30,5,1.0699965059757233e-05,1.0400544852018356e-05,1.0200310498476028e-05,6.0996972024440765e-06,0.0005538999103009701,6.300397217273712e-06,4.8996880650520325e-06,9.300652891397476e-06,1.700129359960556e-06,0.00409399950876832,0.0002029002644121647,0.00019900035113096237,0.0003653997555375099,1.2699980288743973e-05,1.0100193321704865e-05,0.0054976013489067554
