execution,ar_r_sub,k_s_sup,ks_sf_in,n_r_t,nk_k_sup,nrs_ns_r,ns_s_spe,ns_s_sup,ns_sub_r,r_ar_sup,s_k_sub,s_ns_sub,s_nsup_k,sub_r_r,t_k_sup,total_time
1,1.4999881386756897e-05,0.00010780012235045433,1.5199650079011917e-05,7.799826562404633e-06,0.0007398002780973911,9.300187230110168e-06,7.6000578701496124e-06,1.2699980288743973e-05,3.200024366378784e-06,0.00014070048928260803,0.005301600322127342,0.018805400002747774,0.000605500303208828,1.7599668353796005e-05,0.003956399857997894,0.029745600651949644
2,7.799966260790825e-05,1.0100193321704865e-05,0.00029140012338757515,5.8002769947052e-06,0.00020900042727589607,5.499925464391708e-06,4.699919372797012e-06,8.699949830770493e-06,1.8998980522155762e-06,9.300187230110168e-06,8.230004459619522e-05,7.810024544596672e-05,0.00013460032641887665,1.1499971151351929e-05,9.80030745267868e-06,0.0009407014586031437
3,8.329981938004494e-05,1.00000761449337e-05,0.0002693994902074337,5.600042641162872e-06,0.0001954999752342701,5.600042641162872e-06,4.4996850192546844e-06,8.90018418431282e-06,2.00001522898674e-06,9.400304406881332e-06,7.960014045238495e-05,7.75996595621109e-05,0.00013780035078525543,1.1499971151351929e-05,9.399373084306717e-06,0.0009100991301238537
4,7.67996534705162e-05,9.899958968162537e-06,0.000297000166028738,5.499925464391708e-06,0.00020209979265928268,5.600042641162872e-06,7.700175046920776e-06,8.699484169483185e-06,2.100132405757904e-06,9.400304406881332e-06,8.449982851743698e-05,7.830001413822174e-05,0.00013579986989498138,1.1399853974580765e-05,9.699724614620209e-06,0.0009444989264011383
