percentage,execution,ar_r_sub,k_s_sup,ks_sf_in,n_r_t,nk_k_sup,nrs_ns_r,ns_s_spe,ns_s_sup,ns_sub_r,r_ar_sup,s_k_sub,s_ns_sub,s_nsup_k,sub_r_r,t_k_sup,total_time
40,4,8.190000062313629e-05,7.890000051702373e-05,1.0499999007151928e-05,6.199999916134402e-06,0.0004758000004585483,6.100000064179767e-06,4.800000169780105e-06,9.999999747378752e-06,1.8000000636675395e-06,0.0009171000001515495,0.0023401999997076928,0.005494699999871955,0.00039710000055492856,1.2299999980314169e-05,0.003501000000142085,0.013338400000975525
