percentage,execution,ar_r_sub,k_s_sup,ks_sf_in,n_r_t,nk_k_sup,nrs_ns_r,ns_s_spe,ns_s_sup,ns_sub_r,r_ar_sup,s_k_sub,s_ns_sub,s_nsup_k,sub_r_r,t_k_sup,total_time
60,1,1.1199999789823778e-05,0.006272099999478087,1.0199999451288022e-05,5.699999746866524e-06,6.199999916134402e-06,4.999999873689376e-06,0.0004461999997147359,8.100000013655517e-05,1.8000000636675395e-06,0.004706100000475999,0.00021290000040607993,0.00020899999890389154,5.200000487093348e-06,1.1299999641778413e-05,0.00023999999939405825,0.012223899997479748
