percentage,execution,ar_r_sub,k_s_sup,ks_sf_in,n_r_t,nk_k_sup,nrs_ns_r,ns_s_spe,ns_s_sup,ns_sub_r,r_ar_sup,s_k_sub,s_ns_sub,s_nsup_k,sub_r_r,t_k_sup,total_time
20,1,9.40000063565094e-06,7.990000085555948e-05,9.60000033956021e-06,6.199999916134402e-06,0.0004908999999315711,6.299999768089037e-06,4.599999556376133e-06,1.0099999599333387e-05,1.8999999156221747e-06,7.659999937459361e-05,0.0029669000005014823,0.01228609999998298,0.00040069999977276893,1.3099999705445953e-05,0.003876900001159811,0.02023920000101498
