percentage,execution,ar_r_sub,k_s_sup,ks_sf_in,n_r_t,nk_k_sup,nrs_ns_r,ns_s_spe,ns_s_sup,ns_sub_r,r_ar_sup,s_k_sub,s_ns_sub,s_nsup_k,sub_r_r,t_k_sup,total_time
20,6,1.0199999451288022e-05,9.599999430065509e-06,9.300000783696305e-06,5.699999746866524e-06,0.0001861000000644708,5.7999995988211595e-06,4.300000000512227e-06,8.69999985297909e-06,1.7999991541728377e-06,0.0022202000000106636,7.529999948019395e-05,7.189999996626284e-05,0.0001264000002265675,1.1699999959091656e-05,9.40000063565094e-06,0.002756399998361303
