percentage,execution,ar_r_sub,k_s_sup,ks_sf_in,n_r_t,nk_k_sup,nrs_ns_r,ns_s_spe,ns_s_sup,ns_sub_r,r_ar_sup,s_k_sub,s_ns_sub,s_nsup_k,sub_r_r,t_k_sup,total_time
60,1,7.509999977628468e-05,8.269999943877338e-05,9.700000191514846e-06,6.100000064179767e-06,0.0007682999994358397,5.699999746866524e-06,4.70000031782547e-06,9.700000191514846e-06,1.9000008251168765e-06,0.0030372999999599415,0.001113400000576803,0.0041519000005791895,0.0005516999999599648,1.1799999811046291e-05,0.0017073999997592182,0.01153740000063408
