percentage,execution,ar_r_sub,k_s_sup,ks_sf_in,n_r_t,nk_k_sup,nrs_ns_r,ns_s_spe,ns_s_sup,ns_sub_r,r_ar_sup,s_k_sub,s_ns_sub,s_nsup_k,sub_r_r,t_k_sup,total_time
40,6,1.0299999303242657e-05,9.500000487605575e-06,9.399999726156238e-06,5.599999894911889e-06,0.0009535999997751787,5.700000656361226e-06,4.900000021734741e-06,9.40000063565094e-06,1.8999999156221747e-06,0.007358099999692058,0.001050599998961843,0.004088900000169815,0.0006860000003143796,1.1999999514955562e-05,1.0199999451288022e-05,0.014216099998520804
