percentage,execution,ar_r_sub,k_s_sup,ks_sf_in,n_r_t,nk_k_sup,nrs_ns_r,ns_s_spe,ns_s_sup,ns_sub_r,r_ar_sup,s_k_sub,s_ns_sub,s_nsup_k,sub_r_r,t_k_sup,total_time
80,2,0.005926200000430981,0.00013859999944543233,1.0099999599333387e-05,5.7999995988211595e-06,0.0006395999998858315,0.00010650000058376463,0.000533999999788648,7.49000000723754e-05,1.8999999156221747e-06,0.0017486999995526276,0.003228800000215415,0.00624229999993986,0.0005455000000438304,1.160000010713702e-05,0.004932599998937803,0.024147099998117483
