percentage,execution,ar_r_sub,k_s_sup,ks_sf_in,n_r_t,nk_k_sup,nrs_ns_r,ns_s_spe,ns_s_sup,ns_sub_r,r_ar_sup,s_k_sub,s_ns_sub,s_nsup_k,sub_r_r,t_k_sup,total_time
80,1,0.0009145999993052101,0.00480390000029729,1.0599999768601265e-05,6.199999916134402e-06,0.0005904999998165295,5.7999995988211595e-06,0.002956799999992654,0.003161999999974796,1.9000008251168765e-06,0.005104399999254383,0.0014907000004313886,0.0014736000002812943,0.0005360000004657195,1.4000000192027073e-05,0.0067761000000245986,0.027847100000144565
