percentage,execution,ar_r_sub,k_s_sup,ks_sf_in,n_r_t,nk_k_sup,nrs_ns_r,ns_s_spe,ns_s_sup,ns_sub_r,r_ar_sup,s_k_sub,s_ns_sub,s_nsup_k,sub_r_r,t_k_sup,total_time
40,1,7.659999937459361e-05,0.004972799999450217,1.0199999451288022e-05,6.799999937356915e-06,0.0008908999998311629,6.699999175907578e-06,0.0015745000000606524,0.0008880999994289596,2.2999993234407157e-06,0.00437919999967562,0.001727700000628829,0.00800600000002305,0.0007661999998163083,1.6899999536690302e-05,0.007132699999601755,0.03045759999531583
