percentage,execution,ar_r_sub,k_s_sup,ks_sf_in,n_r_t,nk_k_sup,nrs_ns_r,ns_s_spe,ns_s_sup,ns_sub_r,r_ar_sup,s_k_sub,s_ns_sub,s_nsup_k,sub_r_r,t_k_sup,total_time
20,3,0.0001311999994868529,1.0600000678095967e-05,9.500000487605575e-06,6.100000064179767e-06,0.0007567000002381974,6.400000529538374e-06,4.70000031782547e-06,9.300000783696305e-06,1.7000002117129043e-06,9.899999895424116e-06,0.00013639999906445155,0.00013590000071417307,0.0005681000002368819,1.269999938813271e-05,9.999999747378752e-06,0.0018092000018441468
