percentage,execution,ar_r_sub,k_s_sup,ks_sf_in,n_r_t,nk_k_sup,nrs_ns_r,ns_s_spe,ns_s_sup,ns_sub_r,r_ar_sup,s_k_sub,s_ns_sub,s_nsup_k,sub_r_r,t_k_sup,total_time
60,8,0.00023249999958352419,1.049999991664663e-05,2.6400000024295878e-05,6.199999916134402e-06,0.0010410000004412723,5.99999930273043e-06,0.0014815000004091416,0.0009962999993149424,1.7000002117129043e-06,0.0008677999994688435,0.0001878000002761837,0.0001951000003828085,0.0008440999999947962,1.3199999557400588e-05,1.0099999599333387e-05,0.005920199998399767
