percentage,execution,ar_r_sub,k_s_sup,ks_sf_in,n_r_t,nk_k_sup,nrs_ns_r,ns_s_spe,ns_s_sup,ns_sub_r,r_ar_sup,s_k_sub,s_ns_sub,s_nsup_k,sub_r_r,t_k_sup,total_time
50,6,0.04759009985718876,0.004536199965514243,0.001475699944421649,1.3399985618889332e-05,0.0089103999780491,0.0002367999404668808,0.0035343000199645758,9.499990846961737e-05,2.00001522898674e-06,0.01992300001438707,0.03175879979971796,0.08428159996401519,0.007092299987562001,0.005500499974004924,0.012698499951511621,0.22764859930612147
