percentage,execution,ar_r_sub,k_s_sup,ks_sf_in,n_r_t,nk_k_sup,nrs_ns_r,ns_s_spe,ns_s_sup,ns_sub_r,r_ar_sup,s_k_sub,s_ns_sub,s_nsup_k,sub_r_r,t_k_sup,total_time
30,8,0.006452900008298457,0.00010179996024817228,0.0007962998934090137,1.3500102795660496e-05,0.007261499995365739,0.00014079990796744823,0.0037565999664366245,9.220000356435776e-05,2.300017513334751e-06,0.00923329999204725,0.023781699943356216,0.08618350001052022,0.005878999945707619,4.309986252337694e-05,0.007977000088430941,0.15171549969818443
