percentage,execution,k_s_sup,s_k_sub,t_k_sup,ns_s_sup,s_ns_sub,r_ar_sup,ar_r_sub,ns_sub_r,ks_sf_in,sub_r_r,n_r_t,ns_s_spe,nk_k_sup,s_nsup_k,nrs_ns_r,total_time
10,1,0.004865199996856973,0.027814600020064972,0.012379099993268028,8.530000923201442e-05,0.11426000000210479,0.006952200012165122,8.830000297166407e-05,2.0000006770715117e-06,0.0002469000028213486,3.8700003642588854e-05,1.1500000255182385e-05,0.0033245999948121607,0.005733500001952052,0.0047983999975258484,1.2699994840659201e-05,0.18061300003319047
