percentage,execution,ar_r_sub,k_s_sup,ks_sf_in,n_r_t,nk_k_sup,nrs_ns_r,ns_s_spe,ns_s_sup,ns_sub_r,r_ar_sup,s_k_sub,s_ns_sub,s_nsup_k,sub_r_r,t_k_sup,total_time
50,7,0.030900499899871647,0.0011353000300005078,0.0011202000314369798,1.4299992471933365e-05,0.00908370001707226,0.00025750009808689356,0.007737100007943809,0.0001597998198121786,2.800021320581436e-06,0.017925300053320825,0.03038179990835488,0.08713820006232709,0.007381699979305267,0.002929600072093308,0.013485100003890693,0.20965289999730885
