percentage,execution,k_s_sup,s_k_sub,t_k_sup,ns_s_sup,s_ns_sub,r_ar_sup,ar_r_sub,ns_sub_r,ks_sf_in,sub_r_r,n_r_t,ns_s_spe,nk_k_sup,s_nsup_k,nrs_ns_r,total_time
50,3,0.0017435000045225024,0.034681000164709985,0.021725199883803725,7.889990229159594e-05,0.08609570004045963,0.015245700138621032,0.019240600056946278,2.00001522898674e-06,0.0010647999588400126,0.0032799000618979335,1.179997343569994e-05,0.0031735000666230917,0.007040999946184456,0.006030100048519671,1.079996582120657e-05,0.1994245002279058
