percentage,execution,ar_r_sub,k_s_sup,ks_sf_in,n_r_t,nk_k_sup,nrs_ns_r,ns_s_spe,ns_s_sup,ns_sub_r,r_ar_sup,s_k_sub,s_ns_sub,s_nsup_k,sub_r_r,t_k_sup,total_time
70,10,0.02746579982340336,0.002596100326627493,0.0017890003509819508,1.2400094419717789e-05,0.008228400256484747,0.0003177998587489128,0.006487500388175249,0.00014870008453726768,1.80024653673172e-06,0.009958500508219004,0.04364010039716959,0.0901114004664123,0.0073044998571276665,0.0013116998597979546,0.03335670009255409,0.23273040261119604
