percentage,execution,ar_r_sub,k_s_sup,ks_sf_in,n_r_t,nk_k_sup,nrs_ns_r,ns_s_spe,ns_s_sup,ns_sub_r,r_ar_sup,s_k_sub,s_ns_sub,s_nsup_k,sub_r_r,t_k_sup,total_time
80,8,0.022814800031483173,0.00258080055937171,0.0014714999124407768,1.2500211596488953e-05,0.008258200250566006,7.999595254659653e-06,0.006369900424033403,0.00014529982581734657,1.700129359960556e-06,0.014382699504494667,0.04517499962821603,0.07525349967181683,0.0071471999399363995,0.002335299737751484,0.03256259998306632,0.21851899940520525
