percentage,execution,k_s_sup,s_k_sub,t_k_sup,ns_s_sup,s_ns_sub,r_ar_sup,ar_r_sub,ns_sub_r,ks_sf_in,sub_r_r,n_r_t,ns_s_spe,nk_k_sup,s_nsup_k,nrs_ns_r,total_time
25,4,0.00095699995290488,0.014695700025185943,0.010254499968141317,0.00011429993901401758,0.0597828000318259,0.007149499957449734,0.021607099915854633,2.00001522898674e-06,0.0008325000526383519,3.730005118995905e-05,1.1699972674250603e-05,0.003182400017976761,0.005665099946781993,0.0045628000516444445,0.00040229992009699345,0.12925699981860816
