percentage,execution,ar_r_sub,k_s_sup,ks_sf_in,n_r_t,nk_k_sup,nrs_ns_r,ns_s_spe,ns_s_sup,ns_sub_r,r_ar_sup,s_k_sub,s_ns_sub,s_nsup_k,sub_r_r,t_k_sup,total_time
40,5,0.021288099698722363,0.004133399575948715,0.001086799893528223,1.1799857020378113e-05,0.007061199750751257,0.0003141998313367367,0.003244000021368265,8.889986202120781e-05,1.7997808754444122e-06,0.014893800020217896,0.029879499692469835,0.0816301004961133,0.0058420998975634575,3.770040348172188e-05,0.011966999620199203,0.181480398401618
