percentage,execution,ar_r_sub,k_s_sup,ks_sf_in,n_r_t,nk_k_sup,nrs_ns_r,ns_s_spe,ns_s_sup,ns_sub_r,r_ar_sup,s_k_sub,s_ns_sub,s_nsup_k,sub_r_r,t_k_sup,total_time
90,2,0.023925100453197956,0.0017737001180648804,0.002356499433517456,1.3200100511312485e-05,0.008811600040644407,7.799826562404633e-06,0.006389799993485212,0.00014830008149147034,1.900363713502884e-06,0.018263000063598156,0.03851930005475879,0.05008709942921996,0.007188200019299984,0.002338599879294634,0.02267559990286827,0.1824996997602284
