percentage,execution,ar_r_sub,k_s_sup,ks_sf_in,n_r_t,nk_k_sup,nrs_ns_r,ns_s_spe,ns_s_sup,ns_sub_r,r_ar_sup,s_k_sub,s_ns_sub,s_nsup_k,sub_r_r,t_k_sup,total_time
40,2,0.0072592999786138535,0.005072900094091892,0.0002576000988483429,1.2299977242946625e-05,0.0067046997137367725,0.00011830031871795654,0.0032273996621370316,8.25999304652214e-05,1.700129359960556e-06,0.01489690039306879,0.01850430015474558,0.0532691003754735,0.005174399819225073,0.000277799554169178,0.01646379940211773,0.13132309960201383
