percentage,execution,k_s_sup,s_k_sub,t_k_sup,ns_s_sup,s_ns_sub,r_ar_sup,ar_r_sub,ns_sub_r,ks_sf_in,sub_r_r,n_r_t,ns_s_spe,nk_k_sup,s_nsup_k,nrs_ns_r,total_time
80,7,0.0026394000014988706,0.045709500001976267,0.03335510002216324,0.00014369998825713992,0.07660840000608005,0.018754000004264526,0.032984800011035986,2.0999868866056204e-06,0.0018579000025056303,0.0035419999912846833,1.2599994079209864e-05,0.006940700011909939,0.008833900006720796,0.007498000006307848,0.00011699998867698014,0.23899910002364777
