percentage,execution,ar_r_sub,k_s_sup,ks_sf_in,n_r_t,nk_k_sup,nrs_ns_r,ns_s_spe,ns_s_sup,ns_sub_r,r_ar_sup,s_k_sub,s_ns_sub,s_nsup_k,sub_r_r,t_k_sup,total_time
60,3,0.01009420002810657,0.004555599996820092,0.001244200044311583,1.3999990187585354e-05,0.008455400005914271,1.580000389367342e-05,0.0037013000110164285,9.469990618526936e-05,2.299901098012924e-06,0.021689599961973727,0.01774400006979704,0.036088099936023355,0.006475100060924888,0.001463299966417253,0.012572200037539005,0.12420979992020875
