percentage,execution,ar_r_sub,k_s_sup,ks_sf_in,n_r_t,nk_k_sup,nrs_ns_r,ns_s_spe,ns_s_sup,ns_sub_r,r_ar_sup,s_k_sub,s_ns_sub,s_nsup_k,sub_r_r,t_k_sup,total_time
80,10,0.023864099999627797,0.0025284000003011897,0.0018763999996735947,1.2700000297627412e-05,0.007866200000535173,0.0002130999992004945,0.006123699999989185,0.0001382000009471085,1.8999999156221747e-06,0.015555200000562763,0.04195200000049226,0.07046449999870674,0.00701169999956619,0.0014631000003646477,0.03150240000013582,0.21057360000031622
