percentage,execution,ar_r_sub,k_s_sup,ks_sf_in,n_r_t,nk_k_sup,nrs_ns_r,ns_s_spe,ns_s_sup,ns_sub_r,r_ar_sup,s_k_sub,s_ns_sub,s_nsup_k,sub_r_r,t_k_sup,total_time
60,5,0.021025100024417043,0.005386600154452026,0.0014440000522881746,1.4999997802078724e-05,0.009290100075304508,0.00013609998859465122,0.003682499984279275,9.310001041740179e-05,2.300017513334751e-06,0.01964200008660555,0.021652900031767786,0.05023060005623847,0.007229699986055493,0.0027159000746905804,0.018134000012651086,0.16067990055307746
