percentage,execution,k_s_sup,s_k_sub,t_k_sup,ns_s_sup,s_ns_sub,r_ar_sup,ar_r_sub,ns_sub_r,ks_sf_in,sub_r_r,n_r_t,ns_s_spe,nk_k_sup,s_nsup_k,nrs_ns_r,total_time
95,3,0.0026497000362724066,0.04376240004785359,0.03322049998678267,0.00014140002895146608,0.05275999999139458,0.018424900015816092,0.011472400045022368,2.200016751885414e-06,0.0022201999090611935,0.0006095999851822853,3.200001083314419e-05,0.006392699899151921,0.008418300072662532,0.007208699942566454,7.300055585801601e-06,0.1873223000438884
