percentage,execution,k_s_sup,s_k_sub,t_k_sup,ns_s_sup,s_ns_sub,r_ar_sup,ar_r_sub,ns_sub_r,ks_sf_in,sub_r_r,n_r_t,ns_s_spe,nk_k_sup,s_nsup_k,nrs_ns_r,total_time
80,10,0.0017336000018985942,0.02465910000319127,0.015664999998989515,0.00014230000670067966,0.036728200007928535,0.01651790000323672,0.02020069998980034,2.4999899324029684e-06,0.0019662999984575436,0.00152679999882821,1.3500000932253897e-05,0.0064860999991651624,0.009066799990250729,0.006726100007654168,0.00011639999866019934,0.14155129999562632
