execution,k_s_sup,s_k_sub,t_k_sup,ns_s_sup,s_ns_sub,r_ar_sup,ar_r_sub,ns_sub_r,ks_sf_in,sub_r_r,n_r_t,ns_s_spe,nk_k_sup,s_nsup_k,nrs_ns_r,total_time
1,0.00010739998833741993,0.001894799992442131,0.0019881000043824315,3.530000685714185e-05,0.005139600019901991,8.889997843652964e-05,0.0001429999974789098,1.71000137925148e-05,1.6299993149004877e-05,2.19999928958714e-05,9.399984264746308e-06,1.0800009476952255e-05,0.010435999996843748,0.000360800011549145,9.899988071992993e-06,0.02027939997788053
2,7.319998985622078e-05,0.001589299994520843,0.0017657999997027218,8.200004231184721e-06,0.0075483999971766025,7.319998985622078e-05,8.399991202168167e-06,8.200004231184721e-06,7.90000194683671e-06,8.700008038431406e-06,4.3000036384910345e-06,3.9000005926936865e-06,0.00032160000409930944,0.00022600000374950469,4.9000082071870565e-06,0.0116520000010496
3,0.00012510000669863075,0.0017048000154318288,0.0018339999805903062,1.5700003132224083e-05,0.004917899990687147,8.169998181983829e-05,0.00016629998572170734,1.8999999156221747e-05,1.8499995348975062e-05,2.2999971406534314e-05,9.099996532313526e-06,7.800001185387373e-06,0.010216700000455603,0.00035239999124314636,9.499999578110874e-06,0.019501499918987975
