execution,k_s_sup,s_k_sub,t_k_sup,ns_s_sup,s_ns_sub,r_ar_sup,ar_r_sub,ns_sub_r,ks_sf_in,sub_r_r,n_r_t,ns_s_spe,nk_k_sup,s_nsup_k,nrs_ns_r,total_time
1,5.950000195298344e-05,0.0006491999956779182,0.000535300001502037,2.5300003471784294e-05,0.000626600012765266,6.650001159869134e-05,0.00022029998945072293,2.589997893664986e-05,2.570000651758164e-05,2.7000016416423023e-05,1.4099990949034691e-05,1.4200006262399256e-05,0.011031900008674711,0.0002736000024015084,9.500014130026102e-06,0.013604600040707737
2,7.509998977184296e-05,0.000990900007309392,0.0009642999939387664,8.29999044071883e-06,0.004068599999300204,7.580000965390354e-05,7.90000194683671e-06,8.500006515532732e-06,8.100003469735384e-06,8.699993486516178e-06,4.3000036384910345e-06,3.7999998312443495e-06,0.00014709999959450215,0.0001235999952768907,5.199995939619839e-06,0.006500199990114197
