execution,ar_r_sub,k_s_sup,ks_sf_in,n_r_t,nk_k_sup,nrs_ns_r,ns_s_spe,ns_s_sup,ns_sub_r,r_ar_sup,s_k_sub,s_ns_sub,s_nsup_k,sub_r_r,t_k_sup,total_time
1,9.200070053339005e-06,7.990049198269844e-05,9.000301361083984e-06,5.000270903110504e-06,0.0004336000420153141,5.400273948907852e-06,4.800036549568176e-06,9.300187230110168e-06,9.899958968162537e-06,7.830001413822174e-05,0.002441499847918749,0.011878600344061852,0.0003591002896428108,1.019984483718872e-05,0.0027446001768112183,0.018078402150422335
2,2.0299572497606277e-05,8.71000811457634e-05,1.7999671399593353e-05,1.0699965059757233e-05,0.006615399848669767,1.0699965059757233e-05,9.400304406881332e-06,1.8299557268619537e-05,1.9999686628580093e-05,0.003422199748456478,0.0025230995379388332,0.008884800132364035,0.0004910998977720737,2.090027555823326e-05,0.0027850009500980377,0.024936999194324017
3,1.930026337504387e-05,9.150011464953423e-05,1.7500482499599457e-05,9.899958968162537e-06,0.006602200213819742,1.0699965059757233e-05,9.199604392051697e-06,1.8198974430561066e-05,2.1600164473056793e-05,0.0031955991871654987,0.002440200187265873,0.00878030015155673,0.00048499973490834236,2.1000858396291733e-05,0.002773300278931856,0.0244955001398921
4,1.9199680536985397e-05,8.619995787739754e-05,2.0500272512435913e-05,1.0299962013959885e-05,0.006588599644601345,1.0800547897815704e-05,9.099487215280533e-06,1.83996744453907e-05,1.910002902150154e-05,0.0031770006753504276,0.0024099000729620457,0.008791100699454546,0.0004897997714579105,2.0899809896945953e-05,0.002845500595867634,0.024516400881111622
