execution,k_s_sup,s_k_sub,t_k_sup,ns_s_sup,s_ns_sub,r_ar_sup,ar_r_sub,ns_sub_r,ks_sf_in,sub_r_r,n_r_t,ns_s_spe,nk_k_sup,s_nsup_k,nrs_ns_r,total_time
1,7.930002175271511e-05,0.0011116999667137861,0.0010240001138299704,8.799834176898003e-06,0.004225900047458708,8.590007200837135e-05,8.70006624609232e-06,1.7998972907662392e-06,9.09995287656784e-06,1.0600080713629723e-05,4.600035026669502e-06,4.499917849898338e-06,0.00015310000162571669,0.00011969998013228178,5.00003807246685e-06,0.0068527000257745385
2,9.200070053339005e-06,8.310005068778992e-05,9.199953638017178e-06,8.79995059221983e-06,7.690000347793102e-05,0.0024393999483436346,1.1299969628453255e-05,2.700020559132099e-06,1.0399962775409222e-05,1.370010431855917e-05,5.100038833916187e-06,4.400033503770828e-06,0.00020490004681050777,0.00012690003495663404,5.00003807246685e-06,0.003011000226251781
