execution,k_s_sup,s_k_sub,t_k_sup,ns_s_sup,s_ns_sub,r_ar_sup,ar_r_sub,ns_sub_r,ks_sf_in,sub_r_r,n_r_t,ns_s_spe,nk_k_sup,s_nsup_k,nrs_ns_r,total_time
1,8.499948307871819e-06,7.429998368024826e-05,8.700008038431406e-06,7.900060154497623e-06,0.00010460003977641463,0.00223719998029992,8.999952115118504e-06,1.700012944638729e-06,8.599949069321156e-06,9.499955922365189e-06,4.699977580457926e-06,3.999972250312567e-06,0.0001922000083141029,0.00012229999992996454,4.499976057559252e-06,0.0027976998244412243
2,8.159998105838895e-05,0.0010309000499546528,0.0010328999487683177,9.299954399466515e-06,0.004100300022400916,7.479998748749495e-05,8.400005754083395e-06,2.100015990436077e-06,8.700008038431406e-06,9.7999582067132e-06,4.399975296109915e-06,4.200031980872154e-06,0.00015570002142339945,0.0001238000113517046,5.199981387704611e-06,0.006652099953498691
