percentage,execution,ar_r_sub,k_s_sup,ks_sf_in,n_r_t,nk_k_sup,nrs_ns_r,ns_s_spe,ns_s_sup,ns_sub_r,r_ar_sup,s_k_sub,s_ns_sub,s_nsup_k,sub_r_r,t_k_sup,total_time
80,6,0.009643899999900896,9.899999895424116e-06,9.899999895424116e-06,5.9000003602704965e-06,5.099999725644011e-06,4.5000006139162e-06,0.00226829999974143,0.008935800000472227,2.4000000848900527e-06,1.0399999155197293e-05,8.199999683711212e-06,9.899999895424116e-06,4.399999852466863e-06,1.100000099540921e-05,9.60000033956021e-06,0.02093920000061189
