percentage,execution,ar_r_sub,k_s_sup,ks_sf_in,n_r_t,nk_k_sup,nrs_ns_r,ns_s_spe,ns_s_sup,ns_sub_r,r_ar_sup,s_k_sub,s_ns_sub,s_nsup_k,sub_r_r,t_k_sup,total_time
10,1,8.79995059221983e-06,8.019991219043732e-05,9.099836461246014e-06,5.800044164061546e-06,0.0008339000632986426,6.600050255656242e-06,4.599918611347675e-06,9.299954399466515e-06,1.700012944638729e-06,7.269997149705887e-05,0.0037803000304847956,0.01600460009649396,0.0007214999059215188,1.2200092896819115e-05,0.001790700014680624,0.023341999854892492
