percentage,execution,ar_r_sub,k_s_sup,ks_sf_in,n_r_t,nk_k_sup,nrs_ns_r,ns_s_spe,ns_s_sup,ns_sub_r,r_ar_sup,s_k_sub,s_ns_sub,s_nsup_k,sub_r_r,t_k_sup,total_time
60,3,1.1099999937869143e-05,0.010312600000361272,9.999999747378752e-06,7.599999662488699e-06,0.00020849999964411836,5.300000339047983e-06,0.0017327000005025184,0.0010058999996545026,1.9000008251168765e-06,0.008214499999667169,0.0011008000001311302,0.004482999999709136,0.00018040000031760428,1.3100000614940654e-05,0.002214300000559888,0.02950170000167418
