percentage,execution,ar_r_sub,k_s_sup,ks_sf_in,n_r_t,nk_k_sup,nrs_ns_r,ns_s_spe,ns_s_sup,ns_sub_r,r_ar_sup,s_k_sub,s_ns_sub,s_nsup_k,sub_r_r,t_k_sup,total_time
10,10,9.399955160915852e-06,8.28000484034419e-05,9.70007386058569e-06,5.899928510189056e-06,0.0008759000338613987,6.900052540004253e-06,4.500034265220165e-06,9.800074622035027e-06,1.6998965293169022e-06,7.890001870691776e-05,0.003989099874161184,0.016692799981683493,0.0007598999654874206,1.2999982573091984e-05,0.0019335999386385083,0.024473899859003723
