percentage,execution,k_s_sup,s_k_sub,t_k_sup,ns_s_sup,s_ns_sub,r_ar_sup,ar_r_sub,ns_sub_r,ks_sf_in,sub_r_r,n_r_t,ns_s_spe,nk_k_sup,s_nsup_k,nrs_ns_r,total_time
50,4,0.008474300018860959,0.001786499997251667,0.0037161000072956085,0.00018010000349022448,0.001787699991837144,0.015547599992714822,1.0899995686486363e-05,1.7999991541728377e-06,9.900002623908222e-06,1.7400001524947584e-05,6.199989002197981e-06,0.0015184999938355759,0.0008308000105898827,0.000687299994751811,5.900001269765198e-06,0.03458099999988917
