percentage,execution,ar_r_sub,k_s_sup,ks_sf_in,n_r_t,nk_k_sup,nrs_ns_r,ns_s_spe,ns_s_sup,ns_sub_r,r_ar_sup,s_k_sub,s_ns_sub,s_nsup_k,sub_r_r,t_k_sup,total_time
20,9,1.0600080713629723e-05,0.004229999962262809,1.0299962013959885e-05,6.400048732757568e-06,0.0005870000459253788,6.500049494206905e-06,0.0007997999200597405,7.759989239275455e-05,1.800013706088066e-06,0.008696000091731548,0.001614699955098331,0.004831700003705919,0.0005215998971834779,1.3999990187585354e-05,0.0064634999725967646,0.02787149988580495
