percentage,execution,ar_r_sub,k_s_sup,ks_sf_in,n_r_t,nk_k_sup,nrs_ns_r,ns_s_spe,ns_s_sup,ns_sub_r,r_ar_sup,s_k_sub,s_ns_sub,s_nsup_k,sub_r_r,t_k_sup,total_time
80,2,0.008787099999608472,9.60000033956021e-06,9.700000191514846e-06,5.4000001910026185e-06,5.100000635138713e-06,4.699999408330768e-06,0.0017026999994413927,0.003321099999084254,2.099999619531445e-06,9.599999430065509e-06,8.600000001024455e-06,9.399999726156238e-06,4.699999408330768e-06,1.06999996205559e-05,9.899999895424116e-06,0.013900399996600754
