percentage,execution,ar_r_sub,k_s_sup,ks_sf_in,n_r_t,nk_k_sup,nrs_ns_r,ns_s_spe,ns_s_sup,ns_sub_r,r_ar_sup,s_k_sub,s_ns_sub,s_nsup_k,sub_r_r,t_k_sup,total_time
20,1,8.600000001024455e-06,7.579999964946182e-05,8.400000297115184e-06,4.900000021734741e-06,0.0009079000001293025,8.199999683711212e-06,4.300000000512227e-06,9.100000170292333e-06,1.6999993022182025e-06,7.519999962823931e-05,0.004048300000249583,0.0174514000009367,0.0008544000002075336,1.0299999303242657e-05,0.0018726999987848103,0.025341199998365482
