percentage,execution,ar_r_sub,k_s_sup,ks_sf_in,n_r_t,nk_k_sup,nrs_ns_r,ns_s_spe,ns_s_sup,ns_sub_r,r_ar_sup,s_k_sub,s_ns_sub,s_nsup_k,sub_r_r,t_k_sup,total_time
60,9,0.00018519999957788968,9.500000487605575e-06,9.20000093174167e-06,5.100000635138713e-06,5.000000783184078e-06,4.5000006139162e-06,0.0021522999995795544,0.011147199999868462,1.7999991541728377e-06,9.60000033956021e-06,8.19999877421651e-06,9.200000022246968e-06,4.499999704421498e-06,1.340000017080456e-05,9.099999260797631e-06,0.013573799999903713
