percentage,execution,ar_r_sub,k_s_sup,ks_sf_in,n_r_t,nk_k_sup,nrs_ns_r,ns_s_spe,ns_s_sup,ns_sub_r,r_ar_sup,s_k_sub,s_ns_sub,s_nsup_k,sub_r_r,t_k_sup,total_time
10,3,1.2200325727462769e-05,0.004493600223213434,1.039961352944374e-05,6.4997002482414246e-06,5.6996941566467285e-06,5.899928510189056e-06,0.0008581997826695442,7.959967479109764e-05,1.8998980522155762e-06,0.003054200205951929,8.470006287097931e-05,7.880013436079025e-05,5.000270903110504e-06,1.619989052414894e-05,0.00011219969019293785,0.008825099095702171
