percentage,execution,ar_r_sub,k_s_sup,ks_sf_in,n_r_t,nk_k_sup,nrs_ns_r,ns_s_spe,ns_s_sup,ns_sub_r,r_ar_sup,s_k_sub,s_ns_sub,s_nsup_k,sub_r_r,t_k_sup,total_time
40,5,1.9899998733308166e-05,0.005778800001280615,2.2799998987466097e-05,1.089999932446517e-05,0.006577899999683723,1.0900001143454574e-05,0.0009708999987196876,0.00015209999764920212,0.0030106000012892764,0.009284399999160087,0.0024972999999590684,0.00861579999946116,0.0006451999997807434,2.28000008064555e-05,0.00538070000220614,0.04300099999818485
