percentage,execution,ar_r_sub,k_s_sup,ks_sf_in,n_r_t,nk_k_sup,nrs_ns_r,ns_s_spe,ns_s_sup,ns_sub_r,r_ar_sup,s_k_sub,s_ns_sub,s_nsup_k,sub_r_r,t_k_sup,total_time
20,3,9.899998985929415e-06,9.399998816661537e-06,8.799999704933725e-06,5.600000804406591e-06,0.0002440999996906612,5.699999746866524e-06,4.300000000512227e-06,8.599998182035051e-06,9.199999112752266e-06,0.004510200000368059,7.689999983995222e-05,7.660000119358301e-05,0.0001709000007394934,1.1400001312722452e-05,1.0100000508828089e-05,0.005161699999007396
