percentage,execution,ar_r_sub,k_s_sup,ks_sf_in,n_r_t,nk_k_sup,nrs_ns_r,ns_s_spe,ns_s_sup,ns_sub_r,r_ar_sup,s_k_sub,s_ns_sub,s_nsup_k,sub_r_r,t_k_sup,total_time
20,8,9.60000033956021e-06,9.300001693191007e-06,9.699999282020144e-06,5.40000110049732e-06,0.0002480000002833549,5.800000508315861e-06,4.300000000512227e-06,8.499999239575118e-06,9.300001693191007e-06,0.004469399998924928,7.379999988188501e-05,7.14999987394549e-05,0.00016630000027362257,1.1599999197642319e-05,8.900000466383062e-06,0.0051114000016241334
