percentage,execution,ar_r_sub,k_s_sup,ks_sf_in,n_r_t,nk_k_sup,nrs_ns_r,ns_s_spe,ns_s_sup,ns_sub_r,r_ar_sup,s_k_sub,s_ns_sub,s_nsup_k,sub_r_r,t_k_sup,total_time
80,1,1.4400000509340316e-05,0.0016403000008722302,1.3299999409355223e-05,1.0600000678095967e-05,0.001079399999071029,9.0000012278324e-06,0.010017299999162788,0.00010959999963233713,1.4399998690350913e-05,0.008471299999655457,0.0032558000020799227,0.0031529999996564584,0.0009350999989692355,1.5800000255694613e-05,0.007411300000967458,0.036150600000837585
