percentage,execution,k_s_sup,s_k_sub,t_k_sup,ns_s_sup,s_ns_sub,r_ar_sup,ar_r_sub,ns_sub_r,ks_sf_in,sub_r_r,n_r_t,ns_s_spe,nk_k_sup,s_nsup_k,nrs_ns_r,total_time
10,9,1.0499992640689015e-05,7.619999814778566e-05,9.60000033956021e-06,9.099981980398297e-06,7.170000753831118e-05,1.0100004146806896e-05,7.579999510198832e-05,1.2099990271963179e-05,9.400013368576765e-06,1.3500015484169126e-05,6.000002031214535e-06,4.6000059228390455e-06,0.00024950000806711614,0.00017180001304950565,6.999995093792677e-06,0.0007369000231847167
