percentage,execution,ar_r_sub,k_s_sup,ks_sf_in,n_r_t,nk_k_sup,nrs_ns_r,ns_s_spe,ns_s_sup,ns_sub_r,r_ar_sup,s_k_sub,s_ns_sub,s_nsup_k,sub_r_r,t_k_sup,total_time
40,8,0.0006459999995058752,9.020000015880214e-05,1.920000067912042e-05,1.2700000297627412e-05,0.008863600000040606,1.2400000741763506e-05,9.800000043469481e-06,1.9600001905928366e-05,2.0599999515980016e-05,0.002976400000079593,0.014465699999163917,0.03689399999984744,0.0027222999997320585,2.809999932651408e-05,0.003454599999713537,0.07023520000075223
