percentage,execution,ar_r_sub,k_s_sup,ks_sf_in,n_r_t,nk_k_sup,nrs_ns_r,ns_s_spe,ns_s_sup,ns_sub_r,r_ar_sup,s_k_sub,s_ns_sub,s_nsup_k,sub_r_r,t_k_sup,total_time
20,3,0.0002744001103565097,8.889997843652964e-05,1.9300030544400215e-05,1.2300093658268452e-05,0.00879940006416291,1.3399985618889332e-05,9.800074622035027e-06,2.0000035874545574e-05,2.12998129427433e-05,0.002968700136989355,0.014623499941080809,0.04641469998750836,0.00263409991748631,2.810009755194187e-05,0.0034256998915225267,0.07935360015835613
