percentage,execution,k_s_sup,s_k_sub,t_k_sup,ns_s_sup,s_ns_sub,r_ar_sup,ar_r_sub,ns_sub_r,ks_sf_in,sub_r_r,n_r_t,ns_s_spe,nk_k_sup,s_nsup_k,nrs_ns_r,total_time
90,9,0.00010010000551119447,0.015872099989792332,0.0036158000002615154,1.1199997970834374e-05,0.01785329999984242,0.003379700006917119,0.0004909000126644969,1.1199997970834374e-05,1.309999788645655e-05,1.8699996871873736e-05,6.599992047995329e-06,5.199995939619839e-06,0.002286600007209927,0.001905800003441982,8.699993486516178e-06,0.04557899999781512
