percentage,execution,ar_r_sub,k_s_sup,ks_sf_in,n_r_t,nk_k_sup,nrs_ns_r,ns_s_spe,ns_s_sup,ns_sub_r,r_ar_sup,s_k_sub,s_ns_sub,s_nsup_k,sub_r_r,t_k_sup,total_time
30,4,8.04997980594635e-05,8.320063352584839e-05,9.899958968162537e-06,6.1998143792152405e-06,0.002247100230306387,6.90016895532608e-06,4.7995708882808685e-06,1.0999850928783417e-05,1.0499730706214905e-05,0.001693899743258953,0.014554300345480442,0.04703860031440854,0.0019275997765362263,1.569977030158043e-05,0.0036082002334296703,0.0712983999401331
