percentage,execution,ar_r_sub,k_s_sup,ks_sf_in,n_r_t,nk_k_sup,nrs_ns_r,ns_s_spe,ns_s_sup,ns_sub_r,r_ar_sup,s_k_sub,s_ns_sub,s_nsup_k,sub_r_r,t_k_sup,total_time
20,7,0.0002730999840423465,0.00010639999527484179,1.910002902150154e-05,1.2300093658268452e-05,0.00883040006738156,1.2999982573091984e-05,9.899958968162537e-06,1.9999919459223747e-05,2.080004196614027e-05,0.0031609999714419246,0.014233199995942414,0.047369600157253444,0.0025010999524965882,2.850010059773922e-05,0.003577600116841495,0.08017600036691874
