percentage,execution,ar_r_sub,k_s_sup,ks_sf_in,n_r_t,nk_k_sup,nrs_ns_r,ns_s_spe,ns_s_sup,ns_sub_r,r_ar_sup,s_k_sub,s_ns_sub,s_nsup_k,sub_r_r,t_k_sup,total_time
40,6,0.0006749000167474151,8.950009942054749e-05,2.0200037397444248e-05,1.27000967040658e-05,0.009424200048670173,1.4599878340959549e-05,1.00000761449337e-05,2.310005947947502e-05,2.1999934688210487e-05,0.0031314000952988863,0.01494240015745163,0.03901930002029985,0.002906200010329485,2.8499867767095566e-05,0.0036290999269112945,0.07394810032565147
