percentage,execution,ar_r_sub,k_s_sup,ks_sf_in,n_r_t,nk_k_sup,nrs_ns_r,ns_s_spe,ns_s_sup,ns_sub_r,r_ar_sup,s_k_sub,s_ns_sub,s_nsup_k,sub_r_r,t_k_sup,total_time
10,2,9.699841029942036e-06,7.990014273673296e-05,9.299954399466515e-06,6.00004568696022e-06,0.002211799961514771,6.9999368861317635e-06,4.899920895695686e-06,1.2999982573091984e-05,1.0400079190731049e-05,7.830013055354357e-05,0.01288860000204295,0.05560329998843372,0.0019038000609725714,1.3599987141788006e-05,0.003528099972754717,0.07636770000681281
