percentage,execution,ar_r_sub,k_s_sup,ks_sf_in,n_r_t,nk_k_sup,nrs_ns_r,ns_s_spe,ns_s_sup,ns_sub_r,r_ar_sup,s_k_sub,s_ns_sub,s_nsup_k,sub_r_r,t_k_sup,total_time
20,8,0.00018589999945106683,1.0700000530050602e-05,9.200000022246968e-06,6.299999768089037e-06,0.000704799999766692,6.399999620043673e-06,4.5000006139162e-06,8.900000466383062e-06,9.499999578110874e-06,1.0200000360782724e-05,0.00019100000099570025,0.00018289999934495427,0.0005468999997901847,1.3500000022759195e-05,9.800000043469481e-06,0.0019005000003744499
