percentage,execution,ar_r_sub,k_s_sup,ks_sf_in,n_r_t,nk_k_sup,nrs_ns_r,ns_s_spe,ns_s_sup,ns_sub_r,r_ar_sup,s_k_sub,s_ns_sub,s_nsup_k,sub_r_r,t_k_sup,total_time
90,9,0.0004964998224750161,8.249992970377207e-05,1.0500079952180386e-05,6.600050255656242e-06,0.0022722999565303326,5.800044164061546e-06,5.200039595365524e-06,1.079996582120657e-05,1.1400086805224419e-05,0.0032178000546991825,0.015603699954226613,0.0183379000518471,0.0018978000152856112,1.4699995517730713e-05,0.003543600090779364,0.04551710013765842
