percentage,execution,ar_r_sub,k_s_sup,ks_sf_in,n_r_t,nk_k_sup,nrs_ns_r,ns_s_spe,ns_s_sup,ns_sub_r,r_ar_sup,s_k_sub,s_ns_sub,s_nsup_k,sub_r_r,t_k_sup,total_time
40,1,0.00025209999967046315,8.320000051753595e-05,9.60000033956021e-06,6.399999620043673e-06,0.0021212999999988824,6.299999768089037e-06,4.999999873689376e-06,1.0200000360782724e-05,1.0400000064691994e-05,0.0008507000002282439,0.01380090000020573,0.03848969999944529,0.0018043999998553772,1.3799999578623101e-05,0.003481599999759055,0.06094559999928606
