percentage,execution,k_s_sup,s_k_sub,t_k_sup,ns_s_sup,s_ns_sub,r_ar_sup,ar_r_sub,ns_sub_r,ks_sf_in,sub_r_r,n_r_t,ns_s_spe,nk_k_sup,s_nsup_k,nrs_ns_r,total_time
80,6,8.010001329239458e-05,0.015423599994392134,0.0035579000104917213,1.09999964479357e-05,0.024921999996877275,0.0032365999941248447,0.0004135999915888533,1.1299998732283711e-05,1.0299991117790341e-05,1.4900011592544615e-05,6.699992809444666e-06,5.399997462518513e-06,0.002333500000531785,0.0019574000034481287,6.400005077011883e-06,0.05199069999798667
