percentage,execution,ar_r_sub,k_s_sup,ks_sf_in,n_r_t,nk_k_sup,nrs_ns_r,ns_s_spe,ns_s_sup,ns_sub_r,r_ar_sup,s_k_sub,s_ns_sub,s_nsup_k,sub_r_r,t_k_sup,total_time
20,1,2.350000067963265e-05,0.011885899999469984,1.83000001925393e-05,8.099999831756577e-06,7.999999979801942e-06,7.699999514443334e-06,0.0008022000001801644,0.00011130000075354474,3.1999998100218363e-06,0.008085400000709342,0.00012270000024727779,0.00011549999999260763,6.70000008540228e-06,2.1300000298651867e-05,0.00016830000004119938,0.02138810000178637
