percentage,execution,ar_r_sub,k_s_sup,ks_sf_in,n_r_t,nk_k_sup,nrs_ns_r,ns_s_spe,ns_s_sup,ns_sub_r,r_ar_sup,s_k_sub,s_ns_sub,s_nsup_k,sub_r_r,t_k_sup,total_time
60,4,1.6099998902063817e-05,0.012736399999994319,1.880000036180718e-05,7.800000275892671e-06,1.3699999726668466e-05,6.8999997893115506e-06,0.0007269999996424303,0.0001719999991109944,2.599999788799323e-06,0.011438999999882071,0.000692200000230514,0.0005494000006365241,6.900000698806252e-06,1.739999970595818e-05,0.0006578999991688761,0.027064099997915037
