percentage,execution,ar_r_sub,k_s_sup,ks_sf_in,n_r_t,nk_k_sup,nrs_ns_r,ns_s_spe,ns_s_sup,ns_sub_r,r_ar_sup,s_k_sub,s_ns_sub,s_nsup_k,sub_r_r,t_k_sup,total_time
20,5,1.340000017080456e-05,1.9799999790848233e-05,1.3499999113264494e-05,8.199999683711212e-06,1.2900000001536682e-05,1.2600000445672777e-05,0.001447300000108953,0.00018799999998009298,2.599999788799323e-06,0.0001419000000169035,1.900000006571645e-05,1.9300000531075057e-05,1.2200000128359534e-05,3.149999974993989e-05,2.3299999156733975e-05,0.0019654999987324118
