percentage,execution,ar_r_sub,k_s_sup,ks_sf_in,n_r_t,nk_k_sup,nrs_ns_r,ns_s_spe,ns_s_sup,ns_sub_r,r_ar_sup,s_k_sub,s_ns_sub,s_nsup_k,sub_r_r,t_k_sup,total_time
40,3,1.52000002344721e-05,0.0015427999996973085,1.4399999599845614e-05,8.099999831756577e-06,7.999999979801942e-06,7.79999936639797e-06,0.00081410000075266,0.00012480000077630393,2.599999788799323e-06,0.0015495000006922055,0.00011779999931604834,0.00010910000037256395,7.0000005507608876e-06,1.6200001482502557e-05,0.00015500000063184416,0.004492400003073271
