execution,ar_r_sub,k_s_sup,ks_sf_in,n_r_t,nk_k_sup,nrs_ns_r,ns_s_spe,ns_s_sup,ns_sub_r,r_ar_sup,s_k_sub,s_ns_sub,s_nsup_k,sub_r_r,t_k_sup,total_time
1,1.0999850928783417e-05,0.0001020999625325203,1.0600313544273376e-05,5.6996941566467285e-06,0.00022070016711950302,9.09995287656784e-06,5.700159817934036e-06,2.2100284695625305e-05,1.1200085282325745e-05,0.0001012999564409256,0.001276399940252304,0.00539480010047555,0.00019360007718205452,1.1799857020378113e-05,0.0012989002279937267,0.008675000630319118
2,0.00012559955939650536,5.509937182068825e-05,1.529976725578308e-05,1.12997367978096e-05,0.012288999743759632,1.109996810555458e-05,1.0800082236528397e-05,1.5100464224815369e-05,1.5900004655122757e-05,5.519995465874672e-05,0.0007114000618457794,0.0006113997660577297,0.00033060042187571526,1.659989356994629e-05,0.0006168996915221214,0.014891298487782478
