execution,ar_r_sub,k_s_sup,ks_sf_in,n_r_t,nk_k_sup,nrs_ns_r,ns_s_spe,ns_s_sup,ns_sub_r,r_ar_sup,s_k_sub,s_ns_sub,s_nsup_k,sub_r_r,t_k_sup,total_time
1,2.859998494386673e-05,0.00010150019079446793,2.1099578589200974e-05,1.4599878340959549e-05,0.008444400038570166,1.3200100511312485e-05,1.109996810555458e-05,2.2600404918193817e-05,2.2300053387880325e-05,0.004078200552612543,0.0023349993862211704,0.006495899986475706,0.0004691001959145069,2.4400651454925537e-05,0.002455800771713257,0.02453780174255371
2,1.2699980288743973e-05,9.239977225661278e-05,1.0799616575241089e-05,5.6996941566467285e-06,0.00035220012068748474,6.600283086299896e-06,5.300156772136688e-06,1.0899733752012253e-05,1.1699739843606949e-05,9.009987115859985e-05,0.0023179003037512302,0.010680400300770998,0.000453100074082613,1.2300442904233932e-05,0.0024434998631477356,0.016505599953234196
3,3.220001235604286e-05,0.0001491997390985489,2.6898924261331558e-05,1.9000377506017685e-05,0.008781099691987038,2.2500287741422653e-05,1.780036836862564e-05,2.239970490336418e-05,2.8499402105808258e-05,0.005106499418616295,0.003042600117623806,0.007926199585199356,0.000520399771630764,3.099953755736351e-05,0.0025055999867618084,0.028231896925717592
