execution,k_s_sup,s_k_sub,t_k_sup,ns_s_sup,s_ns_sub,r_ar_sup,ar_r_sub,ns_sub_r,ks_sf_in,sub_r_r,n_r_t,ns_s_spe,nk_k_sup,s_nsup_k,nrs_ns_r,total_time
1,7.619993994012475e-05,0.0010089000570587814,0.0010267000179737806,9.000010322779417e-06,0.004143199999816716,7.979996735230088e-05,8.700008038431406e-06,8.800067007541656e-06,8.499948307871819e-06,9.599956683814526e-06,4.500034265220165e-06,3.999972250312567e-06,0.00015259999781847,0.00013139995280653238,5.199981387704611e-06,0.006677099911030382
2,0.004719899967312813,0.00012450001668184996,0.00014140002895146608,9.04000480659306e-05,8.379999781027436e-05,0.0031719999969936907,9.800016414374113e-06,0.0033047000179067254,1.0000017937272787e-05,1.0400020983070135e-05,4.999979864805937e-06,0.000338299956638366,5.599984433501959e-06,4.699977580457926e-06,4.500034265220165e-06,0.012025000061839819
