execution,k_s_sup,s_k_sub,t_k_sup,ns_s_sup,s_ns_sub,r_ar_sup,ar_r_sub,ns_sub_r,ks_sf_in,sub_r_r,n_r_t,ns_s_spe,nk_k_sup,s_nsup_k,nrs_ns_r,total_time
1,8.049997268244624e-05,0.0017167000332847238,0.0018906000186689198,1.5099998563528061e-05,0.007950800005346537,7.250002818182111e-05,8.299946784973145e-06,8.600065484642982e-06,1.1000025551766157e-05,9.09995287656784e-06,4.699977580457926e-06,4.200031980872154e-06,0.0002901999978348613,0.00024309998843818903,4.8999791033566e-06,0.012310300022363663
2,0.005655699991621077,0.0002109999768435955,0.0002416999777778983,0.00014430005103349686,0.00019729998894035816,0.004374499956611544,1.839996548369527e-05,0.003007100021932274,1.769996015354991e-05,1.9200029782950878e-05,9.70007386058569e-06,0.009879599965643138,1.0199961252510548e-05,8.90000956133008e-06,8.499948307871819e-06,0.023803799878805876
3,0.006904700072482228,0.00027169997338205576,0.0002799000358209014,0.00016090006101876497,0.0002503001014702022,0.004974800045602024,2.0899984519928694e-05,0.0033242999925278127,2.010003663599491e-05,2.130010398104787e-05,1.0599964298307896e-05,0.011098400049377233,1.1200027074664831e-05,9.600014891475439e-06,9.400013368576765e-06,0.027368100476451218
