execution,ar_r_sub,k_s_sup,ks_sf_in,n_r_t,nk_k_sup,nrs_ns_r,ns_s_spe,ns_s_sup,ns_sub_r,r_ar_sup,s_k_sub,s_ns_sub,s_nsup_k,sub_r_r,t_k_sup,total_time
1,1.8300139345228672e-05,0.005854099988937378,1.750001683831215e-05,9.699957445263863e-06,1.0399962775409222e-05,8.399947546422482e-06,0.01027189998421818,0.00014859996736049652,0.0030807998264208436,0.004483200027607381,0.00021519989240914583,0.0002038001548498869,8.600065484642982e-06,1.9300030544400215e-05,0.0002579001011326909,0.024607700062915683
2,8.500064723193645e-06,8.0699915997684e-05,8.299946784973145e-06,4.599918611347675e-06,0.00029209989588707685,5.300040356814861e-06,4.100031219422817e-06,8.800067007541656e-06,8.699949830770493e-06,7.71998893469572e-05,0.0017174999229609966,0.00796499999705702,0.0002410999732092023,9.500072337687016e-06,0.0018875000532716513,0.01231889973860234
3,1.9399798475205898e-05,0.006141300080344081,1.859990879893303e-05,1.009996049106121e-05,1.1599971912801266e-05,9.09995287656784e-06,0.01074749999679625,0.0001564000267535448,0.003197900136001408,0.004640700062736869,0.0002191000385209918,0.00021689978893846273,9.399955160915852e-06,2.0100153051316738e-05,0.0002620001323521137,0.025680099963210523
