execution,k_s_sup,s_k_sub,t_k_sup,ns_s_sup,s_ns_sub,r_ar_sup,ar_r_sub,ns_sub_r,ks_sf_in,sub_r_r,n_r_t,ns_s_spe,nk_k_sup,s_nsup_k,nrs_ns_r,total_time
1,8.509994950145483e-05,0.0026903999969363213,0.0028522999491542578,1.7399899661540985e-05,0.009490800031926483,8.599995635449886e-05,0.00014459999511018395,1.8700025975704193e-05,1.7500075045973063e-05,2.3000058718025684e-05,1.0199961252510548e-05,8.500006515532732e-06,0.010764600068796426,0.0005215999553911388,1.1500029359012842e-05,0.026742199959699064
2,8.510000770911574e-05,0.0024856998934410512,0.0029021999216638505,1.8600025214254856e-05,0.00943479995476082,0.0032485999981872737,1.9199971575289965e-05,1.8600025214254856e-05,2.089992631226778e-05,2.03000963665545e-05,1.0300078429281712e-05,8.900067768990993e-06,0.0065818000002764165,0.0004950000438839197,1.0600080713629723e-05,0.02536060009151697
3,9.049999061971903e-05,0.00259269995149225,0.002879600040614605,1.7899961676448584e-05,0.009403900010511279,0.0037499000318348408,2.0099920220673084e-05,1.919991336762905e-05,1.7999904230237007e-05,2.19999928958714e-05,1.0399962775409222e-05,8.79995059221983e-06,0.006783099961467087,0.0005141999572515488,1.109996810555458e-05,0.026141399517655373
4,7.639999967068434e-05,0.0025372999953106046,0.002751799998804927,8.999952115118504e-06,0.011574599950108677,7.620005635544658e-05,8.500006515532732e-06,9.09995287656784e-06,8.500006515532732e-06,9.700015652924776e-06,4.799978341907263e-06,4.299974534660578e-06,0.00042429997120052576,0.00034580001374706626,5.299982149153948e-06,0.01784559985389933
