execution,ar_r_sub,k_s_sup,ks_sf_in,n_r_t,nk_k_sup,nrs_ns_r,ns_s_spe,ns_s_sup,ns_sub_r,r_ar_sup,s_k_sub,s_ns_sub,s_nsup_k,sub_r_r,t_k_sup,total_time
1,0.0001550000160932541,8.529983460903168e-05,1.71000137925148e-05,1.0199961252510548e-05,0.01035929995123297,1.5900121070444584e-05,8.800067007541656e-06,1.7500133253633976e-05,1.8299906514585018e-05,8.530006743967533e-05,0.002536000101827085,0.00892639986705035,0.0005272000562399626,2.0600040443241596e-05,0.0028518999461084604,0.02563480008393526
2,1.8900143913924694e-05,9.479990694671869e-05,1.700012944638729e-05,1.0200077667832375e-05,0.0068191998871043324,1.0899966582655907e-05,8.800067007541656e-06,2.050003968179226e-05,1.8999911844730377e-05,0.0032601000275462866,0.0024765999987721443,0.009286300046369433,0.0004937000339850783,1.9700033590197563e-05,0.0027836998924613,0.025339400162920356
3,1.9200146198272705e-05,9.159988258033991e-05,1.7000013031065464e-05,1.0100076906383038e-05,0.0066278999438509345,1.0599964298307896e-05,8.89983493834734e-06,1.68998958542943e-05,1.800013706088066e-05,0.003236199961975217,0.002448500250466168,0.008842599927447736,0.0004975000629201531,2.0099920220673084e-05,0.0028515999438241124,0.024716699961572886
4,8.800067007541656e-06,7.890013512223959e-05,8.600065484642982e-06,7.79994297772646e-06,0.0004420999903231859,5.499925464391708e-06,4.400033503770828e-06,9.09995287656784e-06,9.100069291889668e-06,7.480010390281677e-05,0.0025448999367654324,0.012229999992996454,0.0003619000781327486,1.0299962013959885e-05,0.002822900074534118,0.018619100330397487
