execution,ar_r_sub,k_s_sup,ks_sf_in,n_r_t,nk_k_sup,nrs_ns_r,ns_s_spe,ns_s_sup,ns_sub_r,r_ar_sup,s_k_sub,s_ns_sub,s_nsup_k,sub_r_r,t_k_sup,total_time
1,8.499948307871819e-06,7.949990686029196e-05,8.500064723193645e-06,4.800036549568176e-06,0.0004382999613881111,5.800044164061546e-06,4.299916326999664e-06,9.200070053339005e-06,9.199953638017178e-06,7.90000194683671e-05,0.0025708999019116163,0.01207209995482117,0.00036429997999221087,1.0100076906383038e-05,0.002849200158379972,0.018513699993491173
2,1.9600149244070053e-05,9.17001161724329e-05,1.7299898900091648e-05,1.4099874533712864e-05,0.0066160999704152346,1.0300078429281712e-05,8.500064723193645e-06,1.7300131730735302e-05,1.8600141629576683e-05,0.0035514000337570906,0.00255940028000623,0.00933689996600151,0.0004995999624952674,2.3400061763823032e-05,0.0028650000458583236,0.025649200775660574
3,1.8100137822329998e-05,8.589995559304953e-05,2.1200045011937618e-05,1.0399846360087395e-05,0.00657809991389513,1.0299962013959885e-05,8.400063961744308e-06,1.7299898900091648e-05,1.7799786292016506e-05,0.003255799994803965,0.0025033000856637955,0.00887380016501993,0.0004955000476911664,1.9700033590197563e-05,0.002853300073184073,0.024768900009803474
4,1.8400023691356182e-05,8.660019375383854e-05,1.7300015315413475e-05,1.00000761449337e-05,0.006540199974551797,1.0500079952180386e-05,8.399947546422482e-06,1.7300015315413475e-05,1.7999904230237007e-05,0.0032366999657824636,0.0024850998306646943,0.008844000054523349,0.0004958000499755144,2.319994382560253e-05,0.002821600064635277,0.024633100139908493
