percentage,execution,ar_r_sub,k_s_sup,ks_sf_in,n_r_t,nk_k_sup,nrs_ns_r,ns_s_spe,ns_s_sup,ns_sub_r,r_ar_sup,s_k_sub,s_ns_sub,s_nsup_k,sub_r_r,t_k_sup,total_time
30,10,0.00039430009201169014,0.020325199933722615,0.0003038001013919711,1.1100084520876408e-05,0.0014835000038146973,1.109996810555458e-05,0.0307479000184685,0.012052700039930642,1.800013706088066e-06,0.02794599998742342,0.0006086999783292413,0.0005774999735876918,0.0011169000063091516,3.9400067180395126e-05,0.0002969001652672887,0.09591680043376982
