percentage,execution,k_s_sup,s_k_sub,t_k_sup,ns_s_sup,s_ns_sub,r_ar_sup,ar_r_sub,ns_sub_r,ks_sf_in,sub_r_r,n_r_t,ns_s_spe,nk_k_sup,s_nsup_k,nrs_ns_r,total_time
60,6,0.014004600016050972,0.0035143999994033948,0.00791100000787992,0.01109790000191424,0.009686199991847388,0.037268100000801496,0.0005019999953219667,1.9999861251562834e-06,0.0009549999958835542,3.840000135824084e-05,1.1500000255182385e-05,0.02939140000671614,0.004039200008264743,0.0029810999985784292,9.399998816661537e-06,0.12141220000921749
