percentage,execution,ar_r_sub,k_s_sup,ks_sf_in,n_r_t,nk_k_sup,nrs_ns_r,ns_s_spe,ns_s_sup,ns_sub_r,r_ar_sup,s_k_sub,s_ns_sub,s_nsup_k,sub_r_r,t_k_sup,total_time
10,1,8.479994721710682e-05,0.017294500139541924,0.0003184000961482525,1.0999967344105244e-05,0.0018845000304281712,1.2899981811642647e-05,0.013636299991048872,0.0024908999912440777,2.100015990436077e-06,0.019983500009402633,0.002763699973002076,0.012374900048598647,0.0015964999329298735,3.9400067180395126e-05,0.007568600121885538,0.08006200031377375
