percentage,execution,ar_r_sub,k_s_sup,ks_sf_in,n_r_t,nk_k_sup,nrs_ns_r,ns_s_spe,ns_s_sup,ns_sub_r,r_ar_sup,s_k_sub,s_ns_sub,s_nsup_k,sub_r_r,t_k_sup,total_time
30,4,0.0004255003295838833,0.011660899966955185,0.00028009992092847824,1.5700235962867737e-05,0.0019786995835602283,1.2299977242946625e-05,0.03161939978599548,0.011362799908965826,1.7997808754444122e-06,0.020032599568367004,0.005368799902498722,0.0211280002258718,0.0015949998050928116,4.2499974370002747e-05,0.011930800508707762,0.11745489947497845
