percentage,execution,k_s_sup,s_k_sub,t_k_sup,ns_s_sup,s_ns_sub,r_ar_sup,ar_r_sub,ns_sub_r,ks_sf_in,sub_r_r,n_r_t,ns_s_spe,nk_k_sup,s_nsup_k,nrs_ns_r,total_time
40,2,0.019926800043322146,0.0036962999729439616,0.014841199852526188,0.013539900071918964,0.013187500066123903,0.0318500999128446,0.0003731000469997525,2.00001522898674e-06,1.4699995517730713e-05,3.839994315057993e-05,1.1199968867003918e-05,0.034588800044730306,0.0026762000052258372,0.0021564000053331256,1.1499971151351929e-05,0.13691409991588444
