percentage,execution,k_s_sup,s_k_sub,t_k_sup,ns_s_sup,s_ns_sub,r_ar_sup,ar_r_sub,ns_sub_r,ks_sf_in,sub_r_r,n_r_t,ns_s_spe,nk_k_sup,s_nsup_k,nrs_ns_r,total_time
95,1,0.02042670000810176,0.010343999951146543,0.029146600048989058,0.026267700013704598,0.01422350003849715,0.05969820008613169,0.0012064999900758266,2.299901098012924e-06,0.0012732000323012471,5.110003985464573e-05,1.309998333454132e-05,0.060768699971958995,0.005227399989962578,0.004399499972350895,8.79995059221983e-06,0.23305729997809976
