percentage,execution,ar_r_sub,k_s_sup,ks_sf_in,n_r_t,nk_k_sup,nrs_ns_r,ns_s_spe,ns_s_sup,ns_sub_r,r_ar_sup,s_k_sub,s_ns_sub,s_nsup_k,sub_r_r,t_k_sup,total_time
80,3,0.0010154000001421082,0.02988809999988007,0.0013474999996105907,1.3900000340072438e-05,0.005539099999623431,1.049999991664663e-05,0.051574900000559865,0.020860399999037327,2.200000380980782e-06,0.04912969999895722,0.012307500001043081,0.024760199999946053,0.004438800000571064,4.579999949783087e-05,0.029157699999814213,0.23009169999932055
