percentage,execution,k_s_sup,s_k_sub,t_k_sup,ns_s_sup,s_ns_sub,r_ar_sup,ar_r_sub,ns_sub_r,ks_sf_in,sub_r_r,n_r_t,ns_s_spe,nk_k_sup,s_nsup_k,nrs_ns_r,total_time
35,4,0.010433300049044192,0.002718099975027144,0.007614100002683699,0.01142330002039671,0.0026566999731585383,0.032051999936811626,0.00020319991745054722,2.00001522898674e-06,1.4299992471933365e-05,3.879994619637728e-05,1.1100084520876408e-05,0.02644499996677041,0.002381000085733831,0.0018164999783039093,1.0499963536858559e-05,0.09781989990733564
