percentage,execution,k_s_sup,s_k_sub,t_k_sup,ns_s_sup,s_ns_sub,r_ar_sup,ar_r_sub,ns_sub_r,ks_sf_in,sub_r_r,n_r_t,ns_s_spe,nk_k_sup,s_nsup_k,nrs_ns_r,total_time
40,9,0.01895370001147967,0.007092300002113916,0.012106800000765361,0.012160400001448579,0.030338200012920424,0.033717799989972264,0.000431999986176379,2.0000006770715117e-06,0.0003028999926755205,3.9999998989515007e-05,1.1800002539530396e-05,0.035166100002243184,0.003392300000996329,0.002613399992696941,1.0800009476952255e-05,0.15634050000517163
