percentage,execution,k_s_sup,s_k_sub,t_k_sup,ns_s_sup,s_ns_sub,r_ar_sup,ar_r_sub,ns_sub_r,ks_sf_in,sub_r_r,n_r_t,ns_s_spe,nk_k_sup,s_nsup_k,nrs_ns_r,total_time
10,7,0.011919800002942793,0.0017715999856591225,0.00753180000174325,0.009361100004753098,0.008032599987927824,0.007948900005430914,0.00026509999588597566,2.0000006770715117e-06,0.0005153999954927713,3.809999907389283e-05,1.069999416358769e-05,0.02026169998862315,0.001149600007920526,0.0009196999890264124,1.1500000255182385e-05,0.06973959995957557
