percentage,execution,ar_r_sub,k_s_sup,ks_sf_in,n_r_t,nk_k_sup,nrs_ns_r,ns_s_spe,ns_s_sup,ns_sub_r,r_ar_sup,s_k_sub,s_ns_sub,s_nsup_k,sub_r_r,t_k_sup,total_time
30,10,0.0005213003605604172,0.0198083003051579,0.0007846001535654068,1.0999850928783417e-05,0.0025229998864233494,1.1399853974580765e-05,0.03349609998986125,0.01490980014204979,1.80024653673172e-06,0.022246900014579296,0.006887900177389383,0.02597339963540435,0.0021844999864697456,3.9800070226192474e-05,0.019082999788224697,0.14848280046135187
