percentage,execution,k_s_sup,s_k_sub,t_k_sup,ns_s_sup,s_ns_sub,r_ar_sup,ar_r_sub,ns_sub_r,ks_sf_in,sub_r_r,n_r_t,ns_s_spe,nk_k_sup,s_nsup_k,nrs_ns_r,total_time
80,5,0.019380100071430206,0.009579500067047775,0.027104099979624152,0.016351299942471087,0.01340559998061508,0.05413859989494085,0.0007337999995797873,2.400018274784088e-06,0.000932500115595758,3.909994848072529e-05,1.1899974197149277e-05,0.04624390008393675,0.00425230001565069,0.0036838999949395657,9.999959729611874e-06,0.19586900004651397
