percentage,execution,k_s_sup,s_k_sub,t_k_sup,ns_s_sup,s_ns_sub,r_ar_sup,ar_r_sub,ns_sub_r,ks_sf_in,sub_r_r,n_r_t,ns_s_spe,nk_k_sup,s_nsup_k,nrs_ns_r,total_time
25,4,0.01201750012114644,0.0013460001209750772,0.00022619985975325108,0.005108400015160441,0.004622000036761165,0.019760599941946566,0.000319099985063076,2.200016751885414e-06,0.0003106999211013317,4.800001624971628e-05,1.109996810555458e-05,0.020673700026236475,0.0014542000135406852,0.0011323000071570277,1.1300086043775082e-05,0.06704330013599247
