percentage,execution,k_s_sup,s_k_sub,t_k_sup,ns_s_sup,s_ns_sub,r_ar_sup,ar_r_sub,ns_sub_r,ks_sf_in,sub_r_r,n_r_t,ns_s_spe,nk_k_sup,s_nsup_k,nrs_ns_r,total_time
70,10,0.019027100002858788,0.008247399993706495,0.01929940000991337,0.016842500001075678,0.017691600005491637,0.04787700000451878,0.0007388000085484236,2.6000052457675338e-06,0.0009809000039240345,3.960001049563289e-05,1.2400007108226418e-05,0.043934799992712215,0.004910300005576573,0.0039059999980963767,9.199997293762863e-06,0.18351960004656576
