percentage,execution,k_s_sup,s_k_sub,t_k_sup,ns_s_sup,s_ns_sub,r_ar_sup,ar_r_sub,ns_sub_r,ks_sf_in,sub_r_r,n_r_t,ns_s_spe,nk_k_sup,s_nsup_k,nrs_ns_r,total_time
70,5,0.012727699999231845,0.007853500006604008,0.018505400003050454,0.01428640000813175,0.013713400010601617,0.044927400012966245,0.0006055999983800575,1.9999861251562834e-06,0.0006979000027058646,3.680000372696668e-05,1.1600001016631722e-05,0.03909240000939462,0.0041373999993084,0.003504699998302385,9.2999980552122e-06,0.16011150003760122
