percentage,execution,ar_r_sub,k_s_sup,ks_sf_in,n_r_t,nk_k_sup,nrs_ns_r,ns_s_spe,ns_s_sup,ns_sub_r,r_ar_sup,s_k_sub,s_ns_sub,s_nsup_k,sub_r_r,t_k_sup,total_time
60,4,0.0006237999768927693,0.022863700054585934,0.0010036000749096274,1.1200085282325745e-05,0.004261200083419681,9.299954399466515e-06,0.03670529997907579,0.013292700052261353,2.100015990436077e-06,0.043629499967209995,0.00955759990029037,0.018870299914851785,0.0034767999313771725,3.830005880445242e-05,0.026303800055757165,0.18064920010510832
