percentage,execution,ar_r_sub,k_s_sup,ks_sf_in,n_r_t,nk_k_sup,nrs_ns_r,ns_s_spe,ns_s_sup,ns_sub_r,r_ar_sup,s_k_sub,s_ns_sub,s_nsup_k,sub_r_r,t_k_sup,total_time
90,6,0.0009417994879186153,0.017186899669468403,0.0011562998406589031,1.200009137392044e-05,0.004727399908006191,7.799826562404633e-06,0.048816700000315905,0.020189599599689245,1.80024653673172e-06,0.05197820020839572,0.009207000024616718,0.009361599572002888,0.0037730997428297997,3.750016912817955e-05,0.025862399954348803,0.19326009834185243
