percentage,execution,k_s_sup,s_k_sub,t_k_sup,ns_s_sup,s_ns_sub,r_ar_sup,ar_r_sub,ns_sub_r,ks_sf_in,sub_r_r,n_r_t,ns_s_spe,nk_k_sup,s_nsup_k,nrs_ns_r,total_time
75,1,0.021462300093844533,0.010636199964210391,0.030833200085908175,0.019083299906924367,0.014658699976280332,0.05283259996213019,0.0008778999326750636,2.400018274784088e-06,0.0013149000005796552,4.529999569058418e-05,1.3199984095990658e-05,0.049563400098122656,0.004512500017881393,0.003702599904499948,9.7999582067132e-06,0.20954829989932477
