execution,ar_r_sub,k_s_sup,ks_sf_in,n_r_t,nk_k_sup,nrs_ns_r,ns_s_spe,ns_s_sup,ns_sub_r,r_ar_sup,s_k_sub,s_ns_sub,s_nsup_k,sub_r_r,t_k_sup,total_time
1,8.899951353669167e-06,8.180004078894854e-05,8.999952115118504e-06,4.900037311017513e-06,0.0003084000200033188,5.400041118264198e-06,4.200031980872154e-06,9.599956683814526e-06,9.00006853044033e-06,8.610007353127003e-05,0.0018632999854162335,0.008220399962738156,0.00025100004859268665,9.900075383484364e-06,0.001999999978579581,0.012871900224126875
2,1.950003206729889e-05,8.780008647590876e-05,1.7800135537981987e-05,9.800074622035027e-06,0.006639800034463406,1.070008147507906e-05,8.999952115118504e-06,1.780001912266016e-05,1.880002673715353e-05,0.0035041001392528415,0.0019207000732421875,0.005015400005504489,0.0003953998675569892,2.050003968179226e-05,0.002065299777314067,0.019752400345169008
3,1.919991336762905e-05,9.179988410323858e-05,1.7499900422990322e-05,1.009996049106121e-05,0.006809899932704866,1.2799864634871483e-05,9.00006853044033e-06,1.8600141629576683e-05,1.9000028260052204e-05,0.003470800002105534,0.0017952000489458442,0.005110300029627979,0.00041229999624192715,2.070015762001276e-05,0.0021161999320611358,0.01993339986074716
