percentage,execution,ar_r_sub,k_s_sup,ks_sf_in,n_r_t,nk_k_sup,nrs_ns_r,ns_s_spe,ns_s_sup,ns_sub_r,r_ar_sup,s_k_sub,s_ns_sub,s_nsup_k,sub_r_r,t_k_sup,total_time
70,1,0.0018288999563083053,0.001737500075250864,0.0007126998389139771,7.4999406933784485e-06,0.0031588999554514885,6.4999330788850784e-06,0.003714699996635318,0.0009129000827670097,1.2500095181167126e-05,0.004015000071376562,0.013336600037291646,0.02974269981496036,0.002772300038486719,0.0002762000076472759,0.019797799992375076,0.08203269983641803
