percentage,execution,ar_r_sub,k_s_sup,ks_sf_in,n_r_t,nk_k_sup,nrs_ns_r,ns_s_spe,ns_s_sup,ns_sub_r,r_ar_sup,s_k_sub,s_ns_sub,s_nsup_k,sub_r_r,t_k_sup,total_time
10,2,8.110050112009048e-05,1.109996810555458e-05,1.0400079190731049e-05,6.90016895532608e-06,0.0005477000959217548,7.699709385633469e-06,5.200039595365524e-06,9.700190275907516e-06,1.0600313544273376e-05,0.006627900525927544,0.00014490028843283653,0.0001370999962091446,0.00039789965376257896,1.7399899661540985e-05,1.109996810555458e-05,0.008026701398193836
