percentage,execution,ar_r_sub,k_s_sup,ks_sf_in,n_r_t,nk_k_sup,nrs_ns_r,ns_s_spe,ns_s_sup,ns_sub_r,r_ar_sup,s_k_sub,s_ns_sub,s_nsup_k,sub_r_r,t_k_sup,total_time
60,3,1.4500000361294951e-05,0.006670300000223506,1.3300000318849925e-05,1.0300000212737359e-05,1.0700000530050602e-05,8.199999683711212e-06,0.012686099999882572,0.004753999999593361,0.002809000000524975,0.009886900000310561,0.00015970000004017493,0.0001388000000588363,9.399999726156238e-06,1.6599999980826396e-05,0.00016460000006190967,0.03735240000150952
