percentage,execution,k_s_sup,s_k_sub,t_k_sup,ns_s_sup,s_ns_sub,r_ar_sup,ar_r_sub,ns_sub_r,ks_sf_in,sub_r_r,n_r_t,ns_s_spe,nk_k_sup,s_nsup_k,nrs_ns_r,total_time
30,1,0.005754300000262447,0.01638790001743473,0.02729349998116959,0.0002995000104419887,0.04798290001053829,0.009046499995747581,0.0002710999979171902,0.000294400000711903,2.1799991372972727e-05,3.440001455601305e-05,1.750000228639692e-05,0.005106399999931455,0.010749499997473322,0.004525199998170137,1.4699995517730713e-05,0.12779960001353174
