percentage,execution,ar_r_sub,k_s_sup,ks_sf_in,n_r_t,nk_k_sup,nrs_ns_r,ns_s_spe,ns_s_sup,ns_sub_r,r_ar_sup,s_k_sub,s_ns_sub,s_nsup_k,sub_r_r,t_k_sup,total_time
80,7,0.0018258000009154784,0.0016880000002856832,0.0007099000004018308,7.3999999585794285e-06,0.0030464999999821885,6.399999620043673e-06,0.003611500000261003,0.0009122999999817694,1.2800000149582047e-05,0.005557600000429375,0.013552599999457016,0.0262297999997827,0.0026942000004055444,0.00025649999952293,0.020055099998899095,0.08016640000005282
