percentage,execution,ar_r_sub,k_s_sup,ks_sf_in,n_r_t,nk_k_sup,nrs_ns_r,ns_s_spe,ns_s_sup,ns_sub_r,r_ar_sup,s_k_sub,s_ns_sub,s_nsup_k,sub_r_r,t_k_sup,total_time
80,6,9.200000022246968e-06,0.003175800000462914,8.800000614428427e-06,5.4000001910026185e-06,5.099999725644011e-06,4.300000000512227e-06,0.0007852999997339793,0.0008443000006082002,9.60000033956021e-06,0.003955199999836623,0.00013749999925494194,0.0001322999996773433,4.5000006139162e-06,1.0300000212737359e-05,0.0001509000003352412,0.00923850000162929
