percentage,execution,ar_r_sub,k_s_sup,ks_sf_in,n_r_t,nk_k_sup,nrs_ns_r,ns_s_spe,ns_s_sup,ns_sub_r,r_ar_sup,s_k_sub,s_ns_sub,s_nsup_k,sub_r_r,t_k_sup,total_time
80,1,9.800000043469481e-06,0.007002999999713211,9.500000487605575e-06,5.199999577598646e-06,5.300000339047983e-06,4.200000148557592e-06,0.0017864999999801512,0.0032354000004488626,0.0028048000003764173,0.008466600000247126,0.0001314999999522115,0.00013140000100975158,4.599999556376133e-06,1.1500001164677087e-05,0.0001542999998491723,0.023763600002894236
