percentage,execution,k_s_sup,s_k_sub,t_k_sup,ns_s_sup,s_ns_sub,r_ar_sup,ar_r_sub,ns_sub_r,ks_sf_in,sub_r_r,n_r_t,ns_s_spe,nk_k_sup,s_nsup_k,nrs_ns_r,total_time
40,6,0.002603299988550134,0.02482139997300692,0.033539199983351864,0.0002867000293917954,0.0536498000001302,0.005670199985615909,0.0003930000093532726,2.340000355616212e-05,0.0009566000226186588,3.6600002204068005e-05,1.719998545013368e-05,0.0053198000096017495,0.015401000011479482,0.005159399996045977,1.410000550094992e-05,0.14789170000585727
