percentage,execution,ar_r_sub,k_s_sup,ks_sf_in,n_r_t,nk_k_sup,nrs_ns_r,ns_s_spe,ns_s_sup,ns_sub_r,r_ar_sup,s_k_sub,s_ns_sub,s_nsup_k,sub_r_r,t_k_sup,total_time
40,3,9.899999895424116e-06,9.499999578110874e-06,1.1999999514955562e-05,5.300000339047983e-06,4.900000021734741e-06,4.800000169780105e-06,0.0014522000001306878,0.005487200000061421,0.0028509000012491015,0.0038279999998849235,7.900000127847306e-06,9.499999578110874e-06,4.399999852466863e-06,1.1500000255182385e-05,8.89999955688836e-06,0.013706900000215683
