percentage,execution,ar_r_sub,k_s_sup,ks_sf_in,n_r_t,nk_k_sup,nrs_ns_r,ns_s_spe,ns_s_sup,ns_sub_r,r_ar_sup,s_k_sub,s_ns_sub,s_nsup_k,sub_r_r,t_k_sup,total_time
70,6,0.007129400037229061,0.0018671993166208267,0.0007060994394123554,7.4999406933784485e-06,0.0031102998182177544,6.400048732757568e-06,0.003796300385147333,0.0009384998120367527,1.2599863111972809e-05,0.004130200017243624,0.014110999647527933,0.03011109959334135,0.002873999997973442,0.0012945993803441525,0.020373899955302477,0.09046909725293517
