percentage,execution,ar_r_sub,k_s_sup,ks_sf_in,n_r_t,nk_k_sup,nrs_ns_r,ns_s_spe,ns_s_sup,ns_sub_r,r_ar_sup,s_k_sub,s_ns_sub,s_nsup_k,sub_r_r,t_k_sup,total_time
40,8,9.699999282020144e-06,0.005400200000622135,1.2999999853491317e-05,5.000000783184078e-06,5.500000042957254e-06,4.70000031782547e-06,0.0008553999996365746,0.0009508999992249301,0.003011099999639555,0.004759800000101677,7.920000098238233e-05,9.090000003197929e-05,4.399999852466863e-06,1.2099999366910197e-05,9.750000026542693e-05,0.015299400000003516
