percentage,execution,ar_r_sub,k_s_sup,ks_sf_in,n_r_t,nk_k_sup,nrs_ns_r,ns_s_spe,ns_s_sup,ns_sub_r,r_ar_sup,s_k_sub,s_ns_sub,s_nsup_k,sub_r_r,t_k_sup,total_time
50,6,0.0006377995014190674,0.005623499862849712,0.0015157000161707401,1.4599878340959549e-05,0.012389299925416708,1.400010660290718e-05,0.0052847000770270824,0.001722000539302826,0.00028869975358247757,0.013662100303918123,0.017065800726413727,0.03699649963527918,0.005245600361377001,3.600027412176132e-05,0.027593399863690138,0.1280897008255124
