percentage,execution,ar_r_sub,k_s_sup,ks_sf_in,n_r_t,nk_k_sup,nrs_ns_r,ns_s_spe,ns_s_sup,ns_sub_r,r_ar_sup,s_k_sub,s_ns_sub,s_nsup_k,sub_r_r,t_k_sup,total_time
40,4,0.006382799241691828,0.005801399704068899,0.0010710000060498714,1.5399884432554245e-05,0.012039799708873034,1.380033791065216e-05,0.002592999953776598,0.00015750015154480934,0.00030609965324401855,0.01140749966725707,0.025659500155597925,0.047246800269931555,0.005494399927556515,0.0012538996525108814,0.033915100153535604,0.15335799846798182
