percentage,execution,ar_r_sub,k_s_sup,ks_sf_in,n_r_t,nk_k_sup,nrs_ns_r,ns_s_spe,ns_s_sup,ns_sub_r,r_ar_sup,s_k_sub,s_ns_sub,s_nsup_k,sub_r_r,t_k_sup,total_time
60,6,0.00827320001553744,0.002101800055243075,0.0011659000301733613,1.5199999324977398e-05,0.006410499918274581,1.3200100511312485e-05,0.010948600014671683,0.00025289994664490223,3.570003900676966e-05,0.006741199875250459,0.01886519999243319,0.03584180003963411,0.0056319000432267785,0.0015174000291153789,0.02374420000705868,0.1215587001061067
