percentage,execution,k_s_sup,s_k_sub,t_k_sup,ns_s_sup,s_ns_sub,r_ar_sup,ar_r_sub,ns_sub_r,ks_sf_in,sub_r_r,n_r_t,ns_s_spe,nk_k_sup,s_nsup_k,nrs_ns_r,total_time
10,4,1.1099997209385037e-05,0.0010313999955542386,1.1399999493733048e-05,1.0100018698722124e-05,0.004150499997194856,0.0044455999886849895,8.010001329239458e-05,1.0899995686486363e-05,0.00032920000376179814,1.8099992303177714e-05,7.299997378140688e-06,5.1000097300857306e-06,0.0010231000051135197,0.0007915000023785979,7.800001185387373e-06,0.011933200017665513
