percentage,execution,ar_r_sub,k_s_sup,ks_sf_in,n_r_t,nk_k_sup,nrs_ns_r,ns_s_spe,ns_s_sup,ns_sub_r,r_ar_sup,s_k_sub,s_ns_sub,s_nsup_k,sub_r_r,t_k_sup,total_time
30,5,0.0064205999951809645,0.005742199951782823,0.0009086000500246882,1.4599878340959549e-05,0.015790099976584315,1.850002445280552e-05,0.0025371001102030277,0.0001561000244691968,0.000287200091406703,0.004297600011341274,0.024500099825672805,0.053331300034187734,0.005754899932071567,0.0012450001668184996,0.03356869996059686,0.15457260003313422
