percentage,execution,k_s_sup,s_k_sub,t_k_sup,ns_s_sup,s_ns_sub,r_ar_sup,ar_r_sub,ns_sub_r,ks_sf_in,sub_r_r,n_r_t,ns_s_spe,nk_k_sup,s_nsup_k,nrs_ns_r,total_time
40,4,0.0016429999959655106,0.012813199995434843,0.019816500003798865,0.0017436000052839518,0.03858239998226054,0.0032638999837217852,0.0006128999957581982,2.2899985197000206e-05,0.001498800003901124,3.390001074876636e-05,1.4199991710484028e-05,0.005009500004234724,0.022467700007837266,0.003701499997987412,1.3299999409355223e-05,0.11123729996324982
