percentage,execution,ar_r_sub,k_s_sup,ks_sf_in,n_r_t,nk_k_sup,nrs_ns_r,ns_s_spe,ns_s_sup,ns_sub_r,r_ar_sup,s_k_sub,s_ns_sub,s_nsup_k,sub_r_r,t_k_sup,total_time
40,4,0.0001455999445170164,0.005131799844093621,0.00029779993928968906,7.500057108700275e-06,0.003235599957406521,7.4999406933784485e-06,0.003914900007657707,0.0009750999743118882,0.00015380000695586205,0.006852799910120666,0.013267099973745644,0.04738559992983937,0.002930099959485233,1.810002140700817e-05,0.02084319991990924,0.10516649938654155
