percentage,execution,ar_r_sub,k_s_sup,ks_sf_in,n_r_t,nk_k_sup,nrs_ns_r,ns_s_spe,ns_s_sup,ns_sub_r,r_ar_sup,s_k_sub,s_ns_sub,s_nsup_k,sub_r_r,t_k_sup,total_time
20,6,1.0099999599333387e-05,9.999999747378752e-06,9.100000170292333e-06,5.4000001910026185e-06,5.000000783184078e-06,4.999999873689376e-06,0.0010083000006488874,0.004325500000049942,0.00014849999934085645,0.0028299000005063135,8.700000762473792e-06,1.049999991664663e-05,4.300000000512227e-06,1.2900000001536682e-05,9.200000022246968e-06,0.008402400001614296
