percentage,execution,ar_r_sub,k_s_sup,ks_sf_in,n_r_t,nk_k_sup,nrs_ns_r,ns_s_spe,ns_s_sup,ns_sub_r,r_ar_sup,s_k_sub,s_ns_sub,s_nsup_k,sub_r_r,t_k_sup,total_time
60,5,9.800000043469481e-06,0.0015986999997039675,8.600000001024455e-06,5.4000001910026185e-06,5.2999994295532815e-06,4.70000031782547e-06,0.001452900000003865,0.0016431000012744335,1.0100000508828089e-05,0.003155999999762571,7.330000062211184e-05,7.310000000870787e-05,4.699999408330768e-06,1.0999999176419806e-05,8.83999991856399e-05,0.00814509999963775
