execution,ar_r_sub,k_s_sup,ks_sf_in,n_r_t,nk_k_sup,nrs_ns_r,ns_s_spe,ns_s_sup,ns_sub_r,r_ar_sup,s_k_sub,s_ns_sub,s_nsup_k,sub_r_r,t_k_sup,total_time
1,0.0001485995016992092,8.449982851743698e-05,0.0004552002064883709,1.0099727660417557e-05,0.009866899810731411,1.019984483718872e-05,8.899718523025513e-06,1.7099548131227493e-05,1.840014010667801e-05,8.619995787739754e-05,0.0016784998588263988,0.004747400525957346,0.00036029983311891556,2.0899344235658646e-05,0.0018486003391444683,0.01936179818585515
2,1.0600313544273376e-05,0.00014320015907287598,1.039961352944374e-05,5.899928510189056e-06,0.0003725998103618622,6.400048732757568e-06,5.300156772136688e-06,2.3900065571069717e-05,1.109996810555458e-05,9.899958968162537e-05,0.0032836003229022026,0.016329400707036257,0.000283299945294857,1.2499745935201645e-05,0.004114400129765272,0.02471160050481558
3,0.0001692003570497036,0.00010499963536858559,0.0005438998341560364,1.1799391359090805e-05,0.0117680998519063,1.2100208550691605e-05,1.0299962013959885e-05,2.0600389689207077e-05,2.16006301343441e-05,9.980006143450737e-05,0.002003100235015154,0.005671700928360224,0.0004251999780535698,2.499949187040329e-05,0.0021934001706540585,0.023080801125615835
