percentage,execution,ar_r_sub,k_s_sup,ks_sf_in,n_r_t,nk_k_sup,nrs_ns_r,ns_s_spe,ns_s_sup,ns_sub_r,r_ar_sup,s_k_sub,s_ns_sub,s_nsup_k,sub_r_r,t_k_sup,total_time
40,5,0.005448199999591452,4.620000072463881e-05,1.6999999388644937e-05,1.049999991664663e-05,0.007226699999591801,1.0199999451288022e-05,8.69999985297909e-06,1.2999999853491317e-05,1.4500000361294951e-05,0.002529100000174367,0.007269700000506418,0.013974100000268663,0.0014084000004004338,0.0011131000001114444,0.0004764000004797708,0.039565800000673335
