percentage,execution,ar_r_sub,k_s_sup,ks_sf_in,n_r_t,nk_k_sup,nrs_ns_r,ns_s_spe,ns_s_sup,ns_sub_r,r_ar_sup,s_k_sub,s_ns_sub,s_nsup_k,sub_r_r,t_k_sup,total_time
20,9,1.3300001228344627e-05,4.910000006930204e-05,1.2999999853491317e-05,9.999999747378752e-06,0.007366400000137219,1.0800000382005237e-05,8.400000297115184e-06,1.2999999853491317e-05,1.3699999726668466e-05,0.002557800000431598,0.006950699999833887,0.017365499999868916,0.0014513000005536014,1.6500001038366463e-05,0.000479700001051242,0.03631920000407263
