execution,ar_r_sub,k_s_sup,ks_sf_in,n_r_t,nk_k_sup,nrs_ns_r,ns_s_spe,ns_s_sup,ns_sub_r,r_ar_sup,s_k_sub,s_ns_sub,s_nsup_k,sub_r_r,t_k_sup,total_time
1,0.00014879973605275154,8.739996701478958e-05,0.000462499912828207,1.0599847882986069e-05,0.010336500126868486,1.1400319635868073e-05,8.800067007541656e-06,1.7999205738306046e-05,1.8999911844730377e-05,8.849939331412315e-05,0.0029112999327480793,0.009276100434362888,0.0005380995571613312,2.259993925690651e-05,0.0019176006317138672,0.025857198983430862
2,9.300187230110168e-06,7.940037176012993e-05,8.999835699796677e-06,4.8996880650520325e-06,0.00047949980944395065,5.600042641162872e-06,4.599802196025848e-06,9.29972156882286e-06,9.699258953332901e-06,8.040014654397964e-05,0.0028997999615967274,0.01245129993185401,0.0004052002914249897,1.1099502444267273e-05,0.0018565994687378407,0.018315698020160198
3,0.006119099911302328,8.540041744709015e-05,0.00046560028567910194,1.0599847882986069e-05,0.010449999943375587,0.001060199923813343,9.399838745594025e-06,1.840014010667801e-05,2.0600389689207077e-05,9.08002257347107e-05,0.003972899634391069,0.01029909960925579,0.0006952998228371143,2.330029383301735e-05,0.00185449980199337,0.03517520008608699
4,7.230043411254883e-05,9.600073099136353e-06,9.200070053339005e-06,5.1995739340782166e-06,0.00025480007752776146,5.600042641162872e-06,4.500150680541992e-06,8.400063961744308e-06,9.200070053339005e-06,9.199604392051697e-06,7.910002022981644e-05,7.21001997590065e-05,0.00017559994012117386,1.0099727660417557e-05,9.29972156882286e-06,0.000734199769794941
