execution,k_s_sup,s_k_sub,t_k_sup,ns_s_sup,s_ns_sub,r_ar_sup,ar_r_sub,ns_sub_r,ks_sf_in,sub_r_r,n_r_t,ns_s_spe,nk_k_sup,s_nsup_k,nrs_ns_r,total_time
1,8.149998029693961e-05,0.0029827999969711527,0.0035513000038918108,1.6299993149004877e-05,0.01221499998064246,0.003037200018297881,1.7699974705465138e-05,1.6600009985268116e-05,1.580000389367342e-05,1.92999723367393e-05,9.60000033956021e-06,8.200004231184721e-06,0.006611799995880574,0.0005673999985447153,1.030000566970557e-05,0.029160799938836135
2,8.159999561030418e-05,0.0030747000128030777,0.003640900002210401,1.7000013031065464e-05,0.013006699999095872,0.0031181999802356586,1.7600003047846258e-05,1.68999977177009e-05,1.6200006939470768e-05,1.9300015992484987e-05,9.300012607127428e-06,8.400005754083395e-06,0.006578500004252419,0.0006150999979581684,1.0100004146806896e-05,0.030230500051402487
3,8.390001312363893e-05,0.003232799979741685,0.003664399977424182,1.8799983081407845e-05,0.012706599998637103,0.00327359999937471,1.7099999240599573e-05,2.4499997380189598e-05,2.130000211764127e-05,2.6999987312592566e-05,9.799987310543656e-06,8.400005754083395e-06,0.006815600005211309,0.0006126999796833843,1.0399991879239678e-05,0.03052689990727231
4,8.55999969644472e-05,0.0033590000093681738,0.004003399997600354,1.6700010746717453e-05,0.012529600018751808,0.003252700000302866,1.8800012185238302e-05,2.2100008209235966e-05,1.71000137925148e-05,3.549997927621007e-05,2.3900007363408804e-05,8.299975888803601e-06,0.006534599990118295,0.0005859999946551397,1.0200004908256233e-05,0.03050350002013147
5,7.439999899361283e-05,0.0031054999999469146,0.0036382999824127182,8.399991202168167e-06,0.015106999999261461,9.399998816661537e-05,8.500006515532732e-06,8.899980457499623e-06,8.000002708286047e-06,9.500014130026102e-06,4.6000059228390455e-06,4.1000021155923605e-06,0.0005346000107238069,0.00044219999108463526,5.5000127758830786e-06,0.02305349998641759
