execution,k_s_sup,s_k_sub,t_k_sup,ns_s_sup,s_ns_sub,r_ar_sup,ar_r_sub,ns_sub_r,ks_sf_in,sub_r_r,n_r_t,ns_s_spe,nk_k_sup,s_nsup_k,nrs_ns_r,total_time
1,8.199999865610152e-05,0.003073699990636669,0.0018715000187512487,1.580000389367342e-05,0.009361000003991649,8.349998097401112e-05,0.0001365000061923638,1.680001150816679e-05,0.000451300002168864,2.269999822601676e-05,9.299983503296971e-06,8.099988917820156e-06,0.009735500003444031,0.0005092000064905733,1.0100004146806896e-05,0.025387000001501292
2,7.639999967068434e-05,0.0029089000017847866,0.0018742999964160845,8.699993486516178e-06,0.012212500005261973,7.890000415500253e-05,8.400005754083395e-06,8.399991202168167e-06,8.200004231184721e-06,1.2100004823878407e-05,4.4000043999403715e-06,4.0000013541430235e-06,0.0004585000133374706,0.00038240000139921904,5.199995939619839e-06,0.018051300023216754
3,8.060000254772604e-05,0.0038948000001255423,0.0018488999921828508,1.960000372491777e-05,0.009771699988050386,8.339999476447701e-05,0.0058898999996017665,1.8100006855092943e-05,0.000438499977462925,2.0700026652775705e-05,9.399984264746308e-06,8.100003469735384e-06,0.009792900003958493,0.0006473999819718301,0.0009834000084083527,0.03350739997404162
4,1.1299984180368483e-05,7.140000525396317e-05,8.59999272506684e-06,7.700000423938036e-06,7.270000060088933e-05,8.500006515532732e-06,6.949999078642577e-05,8.200004231184721e-06,8.000002708286047e-06,9.2999980552122e-06,4.8000074457377195e-06,3.9000005926936865e-06,0.00024610001128166914,0.00017279999156016856,4.999994416721165e-06,0.0007077999907778576
