execution,ar_r_sub,k_s_sup,ks_sf_in,n_r_t,nk_k_sup,nrs_ns_r,ns_s_spe,ns_s_sup,ns_sub_r,r_ar_sup,s_k_sub,s_ns_sub,s_nsup_k,sub_r_r,t_k_sup,total_time
1,0.00014539994299411774,9.139999747276306e-05,1.7400365322828293e-05,1.019984483718872e-05,0.010196300223469734,1.070043072104454e-05,9.29972156882286e-06,1.7599668353796005e-05,1.8800143152475357e-05,8.680019527673721e-05,0.001877499744296074,0.004840100649744272,0.0003795996308326721,1.989956945180893e-05,0.0018837004899978638,0.0196047006174922
2,8.699949830770493e-06,7.820036262273788e-05,8.699949830770493e-06,4.999805241823196e-06,0.00029060011729598045,5.200039595365524e-06,4.599802196025848e-06,9.399838745594025e-06,9.700655937194824e-06,7.670000195503235e-05,0.001717099454253912,0.008001899812370539,0.00023930007591843605,9.80030745267868e-06,0.0018921000882983208,0.012357000261545181
3,0.00014460040256381035,9.159976616501808e-05,1.71000137925148e-05,9.900424629449844e-06,0.010039099957793951,1.0299962013959885e-05,8.800067007541656e-06,1.7900019884109497e-05,1.8499791622161865e-05,8.650030940771103e-05,0.0016904002986848354,0.00482399994507432,0.00037480005994439125,1.950003206729889e-05,0.0018758997321128845,0.019228900782763958
