percentage,execution,ar_r_sub,k_s_sup,ks_sf_in,n_r_t,nk_k_sup,nrs_ns_r,ns_s_spe,ns_s_sup,ns_sub_r,r_ar_sup,s_k_sub,s_ns_sub,s_nsup_k,sub_r_r,t_k_sup,total_time
60,3,1.1699999959091656e-05,0.02641589999802818,1.0799998563015833e-05,6.50000038149301e-06,0.0005547000000660773,7.099999493220821e-06,0.0045743999999103835,0.00392209999881743,0.0005291000015859026,0.021316900001693284,0.0019296999998914544,0.008074999997916166,0.0004922000007354654,1.6200001482502557e-05,0.00656409999828611,0.07442639999680978
