percentage,execution,ar_r_sub,k_s_sup,ks_sf_in,n_r_t,nk_k_sup,nrs_ns_r,ns_s_spe,ns_s_sup,ns_sub_r,r_ar_sup,s_k_sub,s_ns_sub,s_nsup_k,sub_r_r,t_k_sup,total_time
80,4,0.0024922997690737247,0.044031199999153614,1.7700251191854477e-05,1.5099532902240753e-05,0.008597299922257662,1.3499520719051361e-05,0.026199299842119217,0.015008499845862389,0.0036214999854564667,0.053937800228595734,0.004443699959665537,0.004491399973630905,0.002486699726432562,2.989964559674263e-05,0.0214111995883286,0.1867970977909863
