percentage,execution,ar_r_sub,k_s_sup,ks_sf_in,n_r_t,nk_k_sup,nrs_ns_r,ns_s_spe,ns_s_sup,ns_sub_r,r_ar_sup,s_k_sub,s_ns_sub,s_nsup_k,sub_r_r,t_k_sup,total_time
40,7,0.0058594997972249985,0.019760300405323505,1.12997367978096e-05,7.200054824352264e-06,0.00028110016137361526,7.700175046920776e-06,0.011733000166714191,0.008143399376422167,0.0032424000091850758,0.017993099987506866,0.0010118000209331512,0.0009707002900540829,0.0002529001794755459,2.0300503820180893e-05,0.003396200016140938,0.0726909008808434
