percentage,execution,ar_r_sub,k_s_sup,ks_sf_in,n_r_t,nk_k_sup,nrs_ns_r,ns_s_spe,ns_s_sup,ns_sub_r,r_ar_sup,s_k_sub,s_ns_sub,s_nsup_k,sub_r_r,t_k_sup,total_time
80,7,0.0031252000480890274,0.05489190062507987,2.4400651454925537e-05,1.5200115740299225e-05,0.01815679995343089,1.3099517673254013e-05,0.026225500274449587,0.02032229956239462,0.009144000709056854,0.07776699960231781,0.005458899773657322,0.005453500431030989,0.002499400172382593,4.0499959141016006e-05,0.027106499765068293,0.25024420116096735
