percentage,execution,ar_r_sub,k_s_sup,ks_sf_in,n_r_t,nk_k_sup,nrs_ns_r,ns_s_spe,ns_s_sup,ns_sub_r,r_ar_sup,s_k_sub,s_ns_sub,s_nsup_k,sub_r_r,t_k_sup,total_time
10,6,1.1700205504894257e-05,0.016557699535042048,1.1300202459096909e-05,7.799826562404633e-06,0.00044189998880028725,8.300412446260452e-06,0.006860899738967419,0.004846599884331226,0.0005183005705475807,0.01984510011970997,0.0001466004177927971,0.0001434003934264183,0.0003608996048569679,2.1400395780801773e-05,9.870016947388649e-05,0.04988060146570206
