percentage,execution,ar_r_sub,k_s_sup,ks_sf_in,n_r_t,nk_k_sup,nrs_ns_r,ns_s_spe,ns_s_sup,ns_sub_r,r_ar_sup,s_k_sub,s_ns_sub,s_nsup_k,sub_r_r,t_k_sup,total_time
40,6,1.0599847882986069e-05,0.024033499881625175,1.0899733752012253e-05,6.5998174250125885e-06,0.0006272001191973686,6.9998204708099365e-06,0.005039500072598457,0.0041933003813028336,0.0005343002267181873,0.018454600125551224,0.0019261999987065792,0.008770099841058254,0.0005212998948991299,1.58003531396389e-05,0.007220300380140543,0.07137120049446821
