percentage,execution,ar_r_sub,k_s_sup,ks_sf_in,n_r_t,nk_k_sup,nrs_ns_r,ns_s_spe,ns_s_sup,ns_sub_r,r_ar_sup,s_k_sub,s_ns_sub,s_nsup_k,sub_r_r,t_k_sup,total_time
80,4,0.0029776999981550034,0.04441859999860753,2.300000051036477e-05,1.469999915570952e-05,0.016560899999603862,1.2899998182547279e-05,0.02764969999952882,0.021861600000192993,0.00855520000186516,0.062063199999101926,0.004533600000286242,0.007564999999885913,0.0020421000008354895,3.960000140068587e-05,0.018326900002648472,0.21664469999996072
