percentage,execution,ar_r_sub,k_s_sup,ks_sf_in,n_r_t,nk_k_sup,nrs_ns_r,ns_s_spe,ns_s_sup,ns_sub_r,r_ar_sup,s_k_sub,s_ns_sub,s_nsup_k,sub_r_r,t_k_sup,total_time
60,3,0.0032984004355967045,0.04259780002757907,2.41999514400959e-05,1.600012183189392e-05,0.01827009953558445,1.5399884432554245e-05,0.0269379997625947,0.021226500160992146,0.004025400150567293,0.052252099849283695,0.004765100311487913,0.008014199789613485,0.00220589991658926,4.20999713242054e-05,0.020162599626928568,0.20385379949584603
