percentage,execution,ar_r_sub,k_s_sup,ks_sf_in,n_r_t,nk_k_sup,nrs_ns_r,ns_s_spe,ns_s_sup,ns_sub_r,r_ar_sup,s_k_sub,s_ns_sub,s_nsup_k,sub_r_r,t_k_sup,total_time
60,6,0.0002843000002030749,0.0007979000001796521,1.4799998098169453e-05,1.1500002074171789e-05,0.010601899999528541,1.1800000720540993e-05,0.006375699998898199,0.007941799998661736,0.00021670000205631368,0.0020377999971969984,0.0005780000010418007,0.0005696000007446855,0.0011829000013676705,2.0199999198666774e-05,0.0018521000019973144,0.032497000001967535
