percentage,execution,ar_r_sub,k_s_sup,ks_sf_in,n_r_t,nk_k_sup,nrs_ns_r,ns_s_spe,ns_s_sup,ns_sub_r,r_ar_sup,s_k_sub,s_ns_sub,s_nsup_k,sub_r_r,t_k_sup,total_time
10,5,1.109996810555458e-05,0.012496700044721365,1.1499971151351929e-05,6.500165909528732e-06,6.100162863731384e-06,6.6999346017837524e-06,0.0037138997577130795,0.002501700073480606,0.0004159999080002308,0.008284800220280886,8.149957284331322e-05,8.219992741942406e-05,5.2996911108493805e-06,1.619989052414894e-05,9.50000248849392e-05,0.027735199313610792
