percentage,execution,ar_r_sub,k_s_sup,ks_sf_in,n_r_t,nk_k_sup,nrs_ns_r,ns_s_spe,ns_s_sup,ns_sub_r,r_ar_sup,s_k_sub,s_ns_sub,s_nsup_k,sub_r_r,t_k_sup,total_time
40,6,0.015960299999278504,1.0399999155197293e-05,9.60000033956021e-06,5.699999746866524e-06,2.3999999029911123e-05,5.500000042957254e-06,0.003295599999546539,0.00323240000034275,1.1300000551273115e-05,0.0008572999995521968,8.600000001024455e-06,9.900000804918818e-06,4.600000465870835e-06,1.340000017080456e-05,9.799998224480078e-06,0.023458399997252855
