execution,k_s_sup,s_k_sub,t_k_sup,ns_s_sup,s_ns_sub,r_ar_sup,ar_r_sub,ns_sub_r,ks_sf_in,sub_r_r,n_r_t,ns_s_spe,nk_k_sup,s_nsup_k,nrs_ns_r,total_time
1,0.0038210999919101596,6.970006506890059e-05,8.619995787739754e-05,6.790005136281252e-05,6.759993266314268e-05,0.0025761000579223037,9.19983722269535e-06,0.0001555001363158226,8.100061677396297e-06,9.500072337687016e-06,4.800036549568176e-06,0.0005669000092893839,6.8999361246824265e-06,6.600050255656242e-06,7.0999376475811005e-06,0.00746320013422519
2,0.004374900017865002,7.539999205619097e-05,9.679992217570543e-05,6.839993875473738e-05,6.640003994107246e-05,0.002944599953480065,9.399955160915852e-06,0.00017149990890175104,8.999952115118504e-06,1.0400079190731049e-05,4.999921657145023e-06,0.0007156000938266516,6.600050255656242e-06,2.580008003860712e-05,2.1799933165311813e-05,0.008601599838584661
3,0.0037712000776082277,7.050007116049528e-05,8.600007276982069e-05,6.670004222542048e-05,6.73000467941165e-05,0.002508200006559491,8.699833415448666e-06,0.0001447000540792942,8.200062438845634e-06,9.7999582067132e-06,4.899920895695686e-06,0.0004613000201061368,4.800036549568176e-06,4.00003045797348e-06,4.899920895695686e-06,0.007221200154162943
4,0.003827700042165816,7.050007116049528e-05,8.679996244609356e-05,6.84000551700592e-05,6.65000407025218e-05,0.0025513999862596393,8.900067768990993e-06,0.00014610006473958492,8.699949830770493e-06,9.7999582067132e-06,4.800036549568176e-06,0.000457199988886714,4.700035788118839e-06,4.09991480410099e-06,4.500034265220165e-06,0.007320100208744407
5,0.004086000029928982,7.099995855242014e-05,8.880009409040213e-05,7.259997073560953e-05,6.97999494150281e-05,0.0026388000696897507,8.999835699796677e-06,0.0001457001781091094,8.999952115118504e-06,9.999959729611874e-06,4.799920134246349e-06,0.0004691999638453126,4.599918611347675e-06,4.300032742321491e-06,4.700035788118839e-06,0.007688299869187176
6,8.599832653999329e-06,8.100061677396297e-06,8.599949069321156e-06,7.11000757291913e-05,8.100061677396297e-06,6.769981700927019e-05,7.89982732385397e-06,8.399831131100655e-06,8.100061677396297e-06,9.800074622035027e-06,2.3900065571069717e-05,0.0005106000462546945,4.400033503770828e-06,4.100031219422817e-06,4.799920134246349e-06,0.0007541996892541647
