percentage,execution,ar_r_sub,k_s_sup,ks_sf_in,n_r_t,nk_k_sup,nrs_ns_r,ns_s_spe,ns_s_sup,ns_sub_r,r_ar_sup,s_k_sub,s_ns_sub,s_nsup_k,sub_r_r,t_k_sup,total_time
80,8,1.010000141832279e-05,0.008552199999940058,9.60000033956021e-06,8.400000297115184e-06,5.800000508315861e-06,4.499999704421498e-06,0.0009262000003218418,0.0008638999997856445,1.7000002117129043e-06,0.007373599999482394,0.0002553000003899797,0.0002502999996067956,4.999999873689376e-06,1.1299999641778413e-05,0.00027769999996962724,0.018555600001491257
