execution,k_s_sup,s_k_sub,t_k_sup,ns_s_sup,s_ns_sub,r_ar_sup,ar_r_sub,ns_sub_r,ks_sf_in,sub_r_r,n_r_t,ns_s_spe,nk_k_sup,s_nsup_k,nrs_ns_r,total_time
1,9.200070053339005e-06,7.559987716376781e-05,9.300070814788342e-06,8.399947546422482e-06,7.330009248107672e-05,8.900067768990993e-06,7.849989924579859e-05,1.800013706088066e-06,9.100069291889668e-06,9.999959729611874e-06,5.499925464391708e-06,4.500034265220165e-06,0.00021490000654011965,0.00012509990483522415,5.300040356814861e-06,0.0006393999792635441
2,7.930002175271511e-05,0.0017828000709414482,0.0019078999757766724,8.999952115118504e-06,0.007995199994184077,7.81001290306449e-05,8.899951353669167e-06,1.800013706088066e-06,9.00006853044033e-06,1.0599964298307896e-05,4.900037311017513e-06,4.499917849898338e-06,0.00029960006941109896,0.00024500000290572643,5.400041118264198e-06,0.012442000210285187
3,9.100069291889668e-06,7.629988249391317e-05,9.00006853044033e-06,8.300063200294971e-06,7.309997454285622e-05,8.800067007541656e-06,7.230008486658335e-05,1.700012944638729e-06,8.800067007541656e-06,9.999959729611874e-06,5.400041118264198e-06,4.299916326999664e-06,0.00022130005527287722,0.00012949993833899498,5.500041879713535e-06,0.0006434002425521612
