execution,ar_r_sub,k_s_sup,ks_sf_in,n_r_t,nk_k_sup,nrs_ns_r,ns_s_spe,ns_s_sup,ns_sub_r,r_ar_sup,s_k_sub,s_ns_sub,s_nsup_k,sub_r_r,t_k_sup,total_time
1,1.090019941329956e-05,1.5200115740299225e-05,1.0100193321704865e-05,5.8002769947052e-06,0.0002754996530711651,6.0996972024440765e-06,5.000270903110504e-06,9.799841791391373e-06,1.4699529856443405e-05,0.005411699879914522,0.00010540010407567024,8.680019527673721e-05,0.00019010016694664955,1.3000331819057465e-05,1.0899733752012253e-05,0.006171000190079212
2,2.279970794916153e-05,0.00016609998419880867,2.3799482733011246e-05,1.4599878340959549e-05,0.001582699827849865,1.219986006617546e-05,1.0400079190731049e-05,1.3299752026796341e-05,2.12998129427433e-05,0.00013319961726665497,0.005979900248348713,0.02677130000665784,0.0011261003091931343,2.7299858629703522e-05,0.003958499524742365,0.03986349795013666
3,3.4500379115343094e-05,0.00012649968266487122,3.499956801533699e-05,2.690032124519348e-05,0.011902000289410353,1.750001683831215e-05,2.4800188839435577e-05,2.9199756681919098e-05,4.559988155961037e-05,0.00607370026409626,0.005711699835956097,0.02007479965686798,0.001509999856352806,4.679989069700241e-05,0.002659800462424755,0.048318800050765276
4,4.949979484081268e-05,0.00023769959807395935,4.820013418793678e-05,2.619996666908264e-05,0.021170999854803085,3.440026193857193e-05,2.3599714040756226e-05,4.860013723373413e-05,4.630023613572121e-05,0.009120400063693523,0.01654089940711856,0.05081899929791689,0.004459799733012915,6.37006014585495e-05,0.005400299560278654,0.10808959836140275
5,1.859990879893303e-05,1.929979771375656e-05,1.4199875295162201e-05,7.799826562404633e-06,0.000737400259822607,1.769978553056717e-05,1.5999656170606613e-05,1.71000137925148e-05,1.8500257283449173e-05,0.007705300115048885,0.00014299992471933365,0.00014300039038062096,0.0004517999477684498,1.769931986927986e-05,1.8100254237651825e-05,0.009345499332994223
