execution,ar_r_sub,k_s_sup,ks_sf_in,n_r_t,nk_k_sup,nrs_ns_r,ns_s_spe,ns_s_sup,ns_sub_r,r_ar_sup,s_k_sub,s_ns_sub,s_nsup_k,sub_r_r,t_k_sup,total_time
1,0.00014060037210583687,8.529983460903168e-05,0.00044710002839565277,9.699724614620209e-06,0.00986079964786768,1.0099727660417557e-05,8.400063961744308e-06,2.0500272512435913e-05,1.7999671399593353e-05,8.430005982518196e-05,0.0016795000992715359,0.004692699294537306,0.00035660015419125557,2.3700762540102005e-05,0.001810300163924694,0.019247599877417088
2,9.199604392051697e-06,7.809977978467941e-05,8.899718523025513e-06,4.800036549568176e-06,0.00029530003666877747,5.700159817934036e-06,4.599802196025848e-06,9.29972156882286e-06,9.80030745267868e-06,7.539987564086914e-05,0.0017459001392126083,0.008172400295734406,0.00023869983851909637,9.999610483646393e-06,0.0018637999892234802,0.01253189891576767
3,0.00014609983190894127,8.940044790506363e-05,0.0004618000239133835,1.0099727660417557e-05,0.010044799651950598,1.0400079190731049e-05,9.100418537855148e-06,1.7600134015083313e-05,1.879967749118805e-05,8.400063961744308e-05,0.001710700336843729,0.004842099733650684,0.00037430040538311005,2.2100284695625305e-05,0.0018934006802737713,0.019734702073037624
