execution,k_s_sup,s_k_sub,t_k_sup,ns_s_sup,s_ns_sub,r_ar_sup,ar_r_sub,ns_sub_r,ks_sf_in,sub_r_r,n_r_t,ns_s_spe,nk_k_sup,s_nsup_k,nrs_ns_r,total_time
1,9.610014967620373e-05,0.001829399960115552,0.002049700007773936,2.219993621110916e-05,0.005189100047573447,0.003482100088149309,2.089992631226778e-05,1.9900151528418064e-05,1.8999911844730377e-05,2.1700048819184303e-05,1.0499847121536732e-05,9.200070053339005e-06,0.00689110008534044,0.0004039999330416322,1.0600080713629723e-05,0.020075500244274735
2,8.499994874000549e-05,0.0018227000255137682,0.0020265000639483333,1.5600118786096573e-05,0.00865400000475347,8.389994036406279e-05,9.199953638017178e-06,9.300070814788342e-06,9.09995287656784e-06,1.0600080713629723e-05,5.00003807246685e-06,4.700035788118839e-06,0.00030429998878389597,0.00025260006077587605,5.499925464391708e-06,0.01329800020903349
3,9.519990999251604e-05,0.0018783998675644398,0.0020647000055760145,1.859990879893303e-05,0.00525240006390959,0.0035016998881474137,2.0400038920342922e-05,1.9799801521003246e-05,1.8800143152475357e-05,2.159993164241314e-05,1.0499963536858559e-05,9.299954399466515e-06,0.006933100055903196,0.00040579994674772024,1.0699965059757233e-05,0.02026099944487214
