execution,ar_r_sub,k_s_sup,ks_sf_in,n_r_t,nk_k_sup,nrs_ns_r,ns_s_spe,ns_s_sup,ns_sub_r,r_ar_sup,s_k_sub,s_ns_sub,s_nsup_k,sub_r_r,t_k_sup,total_time
1,1.0200077667832375e-05,9.34000127017498e-05,1.00000761449337e-05,5.199923180043697e-06,0.0001832999987527728,5.799927748739719e-06,5.199923180043697e-06,5.080003757029772e-05,1.0500079952180386e-05,9.31998947635293e-05,0.0016494999872520566,0.004905799985863268,0.0001534000039100647,1.1200085282325745e-05,0.0015790000325068831,0.008766500046476722
2,0.00013920001219958067,4.840001929551363e-05,1.2899981811642647e-05,9.999959729611874e-06,0.011322099948301911,9.400071576237679e-06,8.70006624609232e-06,1.279998105019331e-05,1.6399892047047615e-05,5.150004290044308e-05,0.0006232998566702008,0.0005367997800931334,0.00031859998125582933,1.4399876818060875e-05,0.0005250999238342047,0.013649599393829703
