execution,k_s_sup,s_k_sub,t_k_sup,ns_s_sup,s_ns_sub,r_ar_sup,ar_r_sub,ns_sub_r,ks_sf_in,sub_r_r,n_r_t,ns_s_spe,nk_k_sup,s_nsup_k,nrs_ns_r,total_time
1,0.0005112999933771789,6.730000313837081e-05,7.37999944249168e-05,0.000149500003317371,5.979998968541622e-05,0.0006254999898374081,1.2400007108226418e-05,1.309999788645655e-05,1.2500007869675756e-05,1.4300007023848593e-05,9.299983503296971e-06,0.012267300015082583,1.0099989594891667e-05,8.69997893460095e-06,8.000002708286047e-06,0.013842899963492528
2,1.0800009476952255e-05,9.499999578110874e-06,1.0899995686486363e-05,0.005045300000347197,1.0799994925037026e-05,1.0899995686486363e-05,9.219998901244253e-05,0.00017300000763498247,1.030000566970557e-05,1.1099997209385037e-05,5.2000104915350676e-06,0.0006144000071799383,5.700014298781753e-06,5.0000089686363935e-06,5.0000089686363935e-06,0.006020100045134313
