percentage,execution,ar_r_sub,k_s_sup,ks_sf_in,n_r_t,nk_k_sup,nrs_ns_r,ns_s_spe,ns_s_sup,ns_sub_r,r_ar_sup,s_k_sub,s_ns_sub,s_nsup_k,sub_r_r,t_k_sup,total_time
20,3,1.9800001609837636e-05,8.509999861416873e-05,1.8300001102034003e-05,1.060000249708537e-05,0.0071894999982760055,1.2900000001536682e-05,9.399998816661537e-06,1.9299999621580355e-05,1.9499997506500222e-05,0.0032226000002992805,0.006336300000839401,0.015984399997250875,0.001063800000338233,2.3400001737172715e-05,0.0019510999991325662,0.03596599999764294
