execution,k_s_sup,s_k_sub,t_k_sup,ns_s_sup,s_ns_sub,r_ar_sup,ar_r_sub,ns_sub_r,ks_sf_in,sub_r_r,n_r_t,ns_s_spe,nk_k_sup,s_nsup_k,nrs_ns_r,total_time
1,9.199953638017178e-06,8.999952115118504e-06,1.009996049106121e-05,7.829989772289991e-05,8.400063961744308e-06,9.599956683814526e-06,0.005633000051602721,2.500019036233425e-06,9.599840268492699e-06,1.0400079190731049e-05,5.200039595365524e-06,0.00028360006399452686,4.900037311017513e-06,4.500034265220165e-06,4.699919372797012e-06,0.006082999869249761
2,8.800067007541656e-06,7.509998977184296e-05,8.79995059221983e-06,7.800059393048286e-06,7.559987716376781e-05,9.00006853044033e-06,7.319997530430555e-05,1.6997801139950752e-06,8.499948307871819e-06,1.200009137392044e-05,4.899920895695686e-06,4.100031219422817e-06,0.00022139993961900473,0.00012880004942417145,4.899920895695686e-06,0.0006445996696129441
