percentage,execution,ar_r_sub,k_s_sup,ks_sf_in,n_r_t,nk_k_sup,nrs_ns_r,ns_s_spe,ns_s_sup,ns_sub_r,r_ar_sup,s_k_sub,s_ns_sub,s_nsup_k,sub_r_r,t_k_sup,total_time
80,1,0.0016458000009151874,7.649999861314427e-05,9.20000093174167e-06,5.100000635138713e-06,0.0006308000010903925,4.999999873689376e-06,4.200001058052294e-06,9.199999112752266e-06,9.999999747378752e-06,7.46000005165115e-05,0.00437209999836341,0.007348299997829599,0.0005282999991322868,0.00023890000011306256,0.001832900001318194,0.01679089999925054
