percentage,execution,ar_r_sub,k_s_sup,ks_sf_in,n_r_t,nk_k_sup,nrs_ns_r,ns_s_spe,ns_s_sup,ns_sub_r,r_ar_sup,s_k_sub,s_ns_sub,s_nsup_k,sub_r_r,t_k_sup,total_time
20,5,9.999999747378752e-06,0.004003299998657894,9.100000170292333e-06,5.100000635138713e-06,5.20000139658805e-06,4.800000169780105e-06,0.00045090000094205607,7.399999958579428e-05,0.00015080000048328657,0.0027541000017663464,7.619999996677507e-05,7.18000010238029e-05,7.499998901039362e-06,1.0100000508828089e-05,9.32000002649147e-05,0.007726100004219916
