percentage,execution,ar_r_sub,k_s_sup,ks_sf_in,n_r_t,nk_k_sup,nrs_ns_r,ns_s_spe,ns_s_sup,ns_sub_r,r_ar_sup,s_k_sub,s_ns_sub,s_nsup_k,sub_r_r,t_k_sup,total_time
80,2,0.0017719000006763963,8.060000072873663e-05,9.20000093174167e-06,5.399999281507917e-06,0.0011521000014909077,5.20000139658805e-06,4.400000761961564e-06,9.700001101009548e-06,1.3099999705445953e-05,8.089999937510584e-05,0.006441400000767317,0.009260399998311186,0.0008417999997618608,0.00036470000122790225,0.0026710000001912704,0.022711800005708938
