percentage,execution,ar_r_sub,k_s_sup,ks_sf_in,n_r_t,nk_k_sup,nrs_ns_r,ns_s_spe,ns_s_sup,ns_sub_r,r_ar_sup,s_k_sub,s_ns_sub,s_nsup_k,sub_r_r,t_k_sup,total_time
20,5,7.030000051599927e-05,9.800001862458885e-06,8.39999847812578e-06,5.300000339047983e-06,0.00029940000058559235,5.700001565855928e-06,4.19999923906289e-06,8.299997716676444e-06,9.0000012278324e-06,8.999999408842996e-06,7.399999958579428e-05,7.440000081260223e-05,0.00022030000036465935,1.1099999028374441e-05,9.100000170292333e-06,0.0008183000009012176
