percentage,execution,ar_r_sub,k_s_sup,ks_sf_in,n_r_t,nk_k_sup,nrs_ns_r,ns_s_spe,ns_s_sup,ns_sub_r,r_ar_sup,s_k_sub,s_ns_sub,s_nsup_k,sub_r_r,t_k_sup,total_time
20,3,9.100000170292333e-06,0.004158399999141693,8.900000466383062e-06,5.099998816149309e-06,4.700001227320172e-06,4.800000169780105e-06,0.0004318999999668449,7.030000051599927e-05,0.00014700000247103162,0.0026777999992191326,7.550000191258732e-05,7.159999950090423e-05,4.499999704421498e-06,1.0200001270277426e-05,9.520000094198622e-05,0.007775000005494803
