percentage,execution,ar_r_sub,k_s_sup,ks_sf_in,n_r_t,nk_k_sup,nrs_ns_r,ns_s_spe,ns_s_sup,ns_sub_r,r_ar_sup,s_k_sub,s_ns_sub,s_nsup_k,sub_r_r,t_k_sup,total_time
40,5,7.200000072771218e-05,7.580000055895653e-05,8.799999704933725e-06,5.199999577598646e-06,0.0009814000004553236,5.699999746866524e-06,4.599998646881431e-06,9.499999578110874e-06,9.599998520570807e-06,0.0008635000012873206,0.006500899999082321,0.018935900001451955,0.0008333000005222857,1.170000177808106e-05,0.00263960000120278,0.030957500002841698
