execution,k_s_sup,s_k_sub,t_k_sup,ns_s_sup,s_ns_sub,r_ar_sup,ar_r_sub,ns_sub_r,ks_sf_in,sub_r_r,n_r_t,ns_s_spe,nk_k_sup,s_nsup_k,nrs_ns_r,total_time
1,0.004193500033579767,8.41999426484108e-05,9.53000271692872e-05,7.589999586343765e-05,7.309997454285622e-05,0.0028215000638738275,9.90001717582345e-06,1.9000144675374031e-06,8.800067007541656e-06,1.0299962013959885e-05,5.100038833916187e-06,0.0004045999958179891,4.800036549568176e-06,4.500034265220165e-06,4.799978341907263e-06,0.007798200182151049
2,0.004134800052270293,7.810001261532307e-05,9.360001422464848e-05,7.800001185387373e-05,7.329997606575489e-05,0.0028073000139556825,9.600014891475439e-06,1.700012944638729e-06,8.899951353669167e-06,1.0200019460171461e-05,5.099980626255274e-06,0.000395399983972311,5.00003807246685e-06,4.400033503770828e-06,4.799978341907263e-06,0.007710200094152242
3,0.004159600008279085,8.000002708286047e-05,9.399995906278491e-05,7.489998824894428e-05,7.379997987300158e-05,0.0028162000235170126,9.500014130026102e-06,1.600012183189392e-06,8.800008799880743e-06,9.899958968162537e-06,5.400041118264198e-06,0.0003910000086762011,5.099980626255274e-06,4.399975296109915e-06,4.700035788118839e-06,0.007738900021649897
4,8.939998224377632e-05,0.0028517000610008836,0.002834699989762157,1.1200027074664831e-05,0.011951099964790046,7.569999434053898e-05,8.79995059221983e-06,2.100015990436077e-06,9.200011845678091e-06,1.0199961252510548e-05,5.199981387704611e-06,4.399975296109915e-06,0.0004466000245884061,0.0003573000431060791,5.499983672052622e-06,0.018663099966943264
