percentage,execution,ar_r_sub,k_s_sup,ks_sf_in,n_r_t,nk_k_sup,nrs_ns_r,ns_s_spe,ns_s_sup,ns_sub_r,r_ar_sup,s_k_sub,s_ns_sub,s_nsup_k,sub_r_r,t_k_sup,total_time
80,5,9.299999874201603e-06,0.003237600001739338,8.700000762473792e-06,5.099998816149309e-06,5.399999281507917e-06,4.200001058052294e-06,0.00045529999988502823,7.419999928970356e-05,9.699999282020144e-06,0.00319370000033814,0.0002444000001560198,0.00023350000083155464,5.000001692678779e-06,1.0100000508828089e-05,0.00026869999965128954,0.007764900003166986
