percentage,execution,ar_r_sub,k_s_sup,ks_sf_in,n_r_t,nk_k_sup,nrs_ns_r,ns_s_spe,ns_s_sup,ns_sub_r,r_ar_sup,s_k_sub,s_ns_sub,s_nsup_k,sub_r_r,t_k_sup,total_time
60,8,9.49999775912147e-06,7.480000022042077e-05,8.999999408842996e-06,4.999999873689376e-06,0.0005627999998978339,5.500000042957254e-06,4.399998942972161e-06,9.299999874201603e-06,9.299999874201603e-06,0.0018178999998781364,0.0030893000002834015,0.00963170000068203,0.0004450999986147508,1.0300000212737359e-05,0.0038589000014326302,0.019542799996997928
