percentage,execution,ar_r_sub,k_s_sup,ks_sf_in,n_r_t,nk_k_sup,nrs_ns_r,ns_s_spe,ns_s_sup,ns_sub_r,r_ar_sup,s_k_sub,s_ns_sub,s_nsup_k,sub_r_r,t_k_sup,total_time
40,4,1.9299999621580355e-05,8.340000022144523e-05,1.7600001228856854e-05,1.0299998393747956e-05,0.006589799999346724,1.049999991664663e-05,8.600000001024455e-06,1.7799997294787318e-05,1.920000067912042e-05,0.0048581000010017306,0.0033651000030658906,0.010433400000692927,0.0006811000002926448,2.0299998141126707e-05,0.003595900001528207,0.02973040000142646
