percentage,execution,ar_r_sub,k_s_sup,ks_sf_in,n_r_t,nk_k_sup,nrs_ns_r,ns_s_spe,ns_s_sup,ns_sub_r,r_ar_sup,s_k_sub,s_ns_sub,s_nsup_k,sub_r_r,t_k_sup,total_time
60,2,0.00781289999758883,9.189999946102034e-05,0.00046599999950558413,1.2299999070819467e-05,0.011612999998760642,1.0699997801566496e-05,9.499999578110874e-06,1.9400002202019095e-05,2.069999936793465e-05,8.679999882588163e-05,0.00967780000064522,0.019372200000361772,0.0019500000016705599,0.001364700001431629,0.0035545000009733485,0.05606239999724494
