percentage,execution,ar_r_sub,k_s_sup,ks_sf_in,n_r_t,nk_k_sup,nrs_ns_r,ns_s_spe,ns_s_sup,ns_sub_r,r_ar_sup,s_k_sub,s_ns_sub,s_nsup_k,sub_r_r,t_k_sup,total_time
20,2,0.00027260000024398323,9.040000077220611e-05,0.0005434999984572642,1.170000177808106e-05,0.01169800000025134,1.3900000340072438e-05,9.299999874201603e-06,1.920000067912042e-05,2.0600000425474718e-05,8.769999840296805e-05,0.007801199999448727,0.027775900001870468,0.0014444999997067498,2.6899999284069054e-05,0.003724599999259226,0.05354000000079395
