percentage,execution,ar_r_sub,k_s_sup,ks_sf_in,n_r_t,nk_k_sup,nrs_ns_r,ns_s_spe,ns_s_sup,ns_sub_r,r_ar_sup,s_k_sub,s_ns_sub,s_nsup_k,sub_r_r,t_k_sup,total_time
60,9,9.899998985929415e-06,0.006500300001789583,9.299999874201603e-06,5.300000339047983e-06,5.500000042957254e-06,4.800000169780105e-06,0.00047369999992952216,7.850000110920519e-05,0.00017250000018975697,0.005176499998924555,0.0002578000003268244,0.00024620000112918206,4.699999408330768e-06,1.06999996205559e-05,0.00028330000168352854,0.01323900000352296
