percentage,execution,ar_r_sub,k_s_sup,ks_sf_in,n_r_t,nk_k_sup,nrs_ns_r,ns_s_spe,ns_s_sup,ns_sub_r,r_ar_sup,s_k_sub,s_ns_sub,s_nsup_k,sub_r_r,t_k_sup,total_time
60,8,9.999999747378752e-06,0.002608800001326017,8.800001523923129e-06,5.199999577598646e-06,5.500000042957254e-06,4.499999704421498e-06,0.00046470000052067917,7.45999986975221e-05,9.599998520570807e-06,0.002873800000088522,0.00026670000079320744,0.00019260000044596381,4.600000465870835e-06,1.0700001439545304e-05,0.00037850000080652535,0.006918600003700703
