percentage,execution,ar_r_sub,k_s_sup,ks_sf_in,n_r_t,nk_k_sup,nrs_ns_r,ns_s_spe,ns_s_sup,ns_sub_r,r_ar_sup,s_k_sub,s_ns_sub,s_nsup_k,sub_r_r,t_k_sup,total_time
40,7,1.9499999325489625e-05,8.479999996779952e-05,1.759999940986745e-05,1.0199999451288022e-05,0.006621699998504482,1.0600000678095967e-05,8.799999704933725e-06,1.8300002921023406e-05,1.860000156739261e-05,0.0047316000036516925,0.003123200001937221,0.009299000001192326,0.0006921000003785593,2.049999966402538e-05,0.0035754999989876524,0.02825200000734185
