percentage,execution,ar_r_sub,k_s_sup,ks_sf_in,n_r_t,nk_k_sup,nrs_ns_r,ns_s_spe,ns_s_sup,ns_sub_r,r_ar_sup,s_k_sub,s_ns_sub,s_nsup_k,sub_r_r,t_k_sup,total_time
20,9,2.029999905062141e-05,0.0001605000006748014,3.1299999136535916e-05,1.6599999980826396e-05,0.006869100000585604,1.1500000255182385e-05,1.4100000043981709e-05,1.7400000615452882e-05,2.6700000489654485e-05,0.003924800001186668,0.004431800000020303,0.012233900000865106,0.0007727000001978013,3.6699999327538535e-05,0.001966500000889937,0.030533900003320014
