percentage,execution,ar_r_sub,k_s_sup,ks_sf_in,n_r_t,nk_k_sup,nrs_ns_r,ns_s_spe,ns_s_sup,ns_sub_r,r_ar_sup,s_k_sub,s_ns_sub,s_nsup_k,sub_r_r,t_k_sup,total_time
80,2,1.4100000043981709e-05,0.0012867000004916918,1.2900000001536682e-05,1.0900000233959872e-05,0.0010004999994635,9.399999726156238e-06,0.006520199999613396,0.00011329999870213214,1.4299998838396277e-05,0.008117700000184414,0.0025011999996422674,0.0023489000004701666,0.0008466000008411356,1.6799999684735667e-05,0.0010110000002896413,0.02382449999822711
