percentage,execution,k_s_sup,s_k_sub,t_k_sup,ns_s_sup,s_ns_sub,r_ar_sup,ar_r_sub,ns_sub_r,ks_sf_in,sub_r_r,n_r_t,ns_s_spe,nk_k_sup,s_nsup_k,nrs_ns_r,total_time
30,1,8.999998681247234e-05,0.026993999985279515,0.002718299991101958,2.0800027414225042e-05,0.05571240000426769,0.010806499980390072,0.00015339998935814947,2.7399990358389914e-05,1.9800019799731672e-05,3.100000321865082e-05,1.3899989426136017e-05,9.899988071992993e-06,0.011411800020141527,0.004493700005696155,1.3700002455152571e-05,0.11251659998379182
