percentage,execution,ar_r_sub,k_s_sup,ks_sf_in,n_r_t,nk_k_sup,nrs_ns_r,ns_s_spe,ns_s_sup,ns_sub_r,r_ar_sup,s_k_sub,s_ns_sub,s_nsup_k,sub_r_r,t_k_sup,total_time
80,7,0.00038379989564418793,8.249981328845024e-05,1.0599847882986069e-05,7.200054824352264e-06,0.0026305997744202614,6.00004568696022e-06,5.3998082876205444e-06,1.0999850928783417e-05,1.1599622666835785e-05,0.011755699757486582,0.019211700186133385,0.026330800261348486,0.0024222000502049923,1.6300007700920105e-05,0.0028479001484811306,0.06573329912498593
