percentage,execution,ar_r_sub,k_s_sup,ks_sf_in,n_r_t,nk_k_sup,nrs_ns_r,ns_s_spe,ns_s_sup,ns_sub_r,r_ar_sup,s_k_sub,s_ns_sub,s_nsup_k,sub_r_r,t_k_sup,total_time
50,10,0.00015239976346492767,0.00013529974967241287,1.1600088328123093e-05,7.3998235166072845e-06,0.0030180001631379128,7.200054824352264e-06,0.0012874999083578587,0.00010989978909492493,1.2999866157770157e-05,0.006973200011998415,0.020773399621248245,0.052169999573379755,0.002790899947285652,1.670047640800476e-05,0.003191899973899126,0.09065839881077409
