percentage,execution,k_s_sup,s_k_sub,t_k_sup,ns_s_sup,s_ns_sub,r_ar_sup,ar_r_sub,ns_sub_r,ks_sf_in,sub_r_r,n_r_t,ns_s_spe,nk_k_sup,s_nsup_k,nrs_ns_r,total_time
80,4,8.510000770911574e-05,0.019041500010644086,0.0027218999894103035,7.970001024659723e-05,0.029156699994928204,0.011344899990945123,0.0002592000091681257,1.1900003300979733e-05,1.0799994925037026e-05,1.8699996871873736e-05,7.100010407157242e-06,0.0012110999959986657,0.0027295999898342416,0.002291900003910996,6.000002031214535e-06,0.06897610001033172
