percentage,execution,ar_r_sub,k_s_sup,ks_sf_in,n_r_t,nk_k_sup,nrs_ns_r,ns_s_spe,ns_s_sup,ns_sub_r,r_ar_sup,s_k_sub,s_ns_sub,s_nsup_k,sub_r_r,t_k_sup,total_time
60,1,0.00039989978540688753,9.17001161724329e-05,2.0799809135496616e-05,1.7000013031065464e-05,0.011266899993643165,1.2900098226964474e-05,0.0024591999826952815,0.00017790007404983044,2.3900181986391544e-05,0.025544599979184568,0.020984099828638136,0.04201940004713833,0.0042042998829856515,3.1200237572193146e-05,0.002849300275556743,0.11010310030542314
