percentage,execution,ar_r_sub,k_s_sup,ks_sf_in,n_r_t,nk_k_sup,nrs_ns_r,ns_s_spe,ns_s_sup,ns_sub_r,r_ar_sup,s_k_sub,s_ns_sub,s_nsup_k,sub_r_r,t_k_sup,total_time
60,4,0.00025889999960782006,7.809999988239724e-05,1.049999991664663e-05,6.999999641266186e-06,0.0026020000004791655,6.599999323952943e-06,5.099999725644011e-06,1.1099999937869143e-05,1.4199999895936344e-05,0.01150690000031318,0.016642999999930908,0.033386199999767996,0.002253700000437675,1.6199999663513154e-05,0.002668699999958335,0.0694681999984823
