percentage,execution,ar_r_sub,k_s_sup,ks_sf_in,n_r_t,nk_k_sup,nrs_ns_r,ns_s_spe,ns_s_sup,ns_sub_r,r_ar_sup,s_k_sub,s_ns_sub,s_nsup_k,sub_r_r,t_k_sup,total_time
90,5,0.0002557998523116112,8.200015872716904e-05,1.0699965059757233e-05,6.90016895532608e-06,0.0026261997409164906,5.600042641162872e-06,0.0011267000809311867,8.340040221810341e-05,1.1899974197149277e-05,0.012192100286483765,0.017800400033593178,0.024622999597340822,0.002255100291222334,1.5099998563528061e-05,0.002732400316745043,0.06382730090990663
