percentage,execution,ar_r_sub,k_s_sup,ks_sf_in,n_r_t,nk_k_sup,nrs_ns_r,ns_s_spe,ns_s_sup,ns_sub_r,r_ar_sup,s_k_sub,s_ns_sub,s_nsup_k,sub_r_r,t_k_sup,total_time
10,2,0.00016469997353851795,9.599991608411074e-05,2.0700041204690933e-05,1.4500110410153866e-05,0.010136600001715124,1.8099904991686344e-05,1.0599847882986069e-05,2.1200045011937618e-05,2.280005719512701e-05,0.0033677000319585204,0.02026049990672618,0.06285250000655651,0.003259000019170344,3.290001768618822e-05,0.0028925000224262476,0.10317029990255833
