percentage,execution,k_s_sup,s_k_sub,t_k_sup,ns_s_sup,s_ns_sub,r_ar_sup,ar_r_sub,ns_sub_r,ks_sf_in,sub_r_r,n_r_t,ns_s_spe,nk_k_sup,s_nsup_k,nrs_ns_r,total_time
70,6,9.429999045096338e-05,0.01763180001580622,0.0029494000045815483,0.00015719998918939382,0.03714459999173414,0.02770010000676848,0.0005225000058999285,2.3500004317611456e-05,2.1499989088624716e-05,3.5299992305226624e-05,1.4299992471933365e-05,0.0022687000018777326,0.011335200004396029,0.0044178000098327175,1.2600008631125093e-05,0.10432880000735167
