percentage,execution,ar_r_sub,k_s_sup,ks_sf_in,n_r_t,nk_k_sup,nrs_ns_r,ns_s_spe,ns_s_sup,ns_sub_r,r_ar_sup,s_k_sub,s_ns_sub,s_nsup_k,sub_r_r,t_k_sup,total_time
10,9,7.399963214993477e-05,1.1000316590070724e-05,9.599607437849045e-06,7.000286132097244e-06,0.0002453997731208801,7.200054824352264e-06,0.001196300145238638,7.629953324794769e-05,1.0600313544273376e-05,7.599964737892151e-05,7.800059393048286e-05,8.09994526207447e-05,0.0001734001561999321,1.470046117901802e-05,1.0400079190731049e-05,0.0020709000527858734
