percentage,execution,k_s_sup,s_k_sub,t_k_sup,ns_s_sup,s_ns_sub,r_ar_sup,ar_r_sub,ns_sub_r,ks_sf_in,sub_r_r,n_r_t,ns_s_spe,nk_k_sup,s_nsup_k,nrs_ns_r,total_time
70,10,9.14999982342124e-05,0.011244599998462945,0.007034199996269308,1.1499985703267157e-05,0.023926000008941628,7.760000880807638e-05,0.007689100006246008,1.1600001016631722e-05,0.0010956000041915104,1.379998866468668e-05,6.499991286545992e-06,5.199995939619839e-06,0.0018467000045347959,0.0018167000089306384,0.00010049999400507659,0.05497109999123495
