percentage,execution,ar_r_sub,k_s_sup,ks_sf_in,n_r_t,nk_k_sup,nrs_ns_r,ns_s_spe,ns_s_sup,ns_sub_r,r_ar_sup,s_k_sub,s_ns_sub,s_nsup_k,sub_r_r,t_k_sup,total_time
80,6,0.00019069999871135224,0.009323599999333965,0.00041789999886532314,5.500000042957254e-06,0.00044779999916499946,4.800000169780105e-06,0.0023142999998526648,0.0023772999993525445,0.002968400000099791,0.008048900001085713,0.00024989999837998766,0.00024950000079115853,0.00032019999889598694,1.2800001059076749e-05,0.0001534000020910753,0.027084999997896375
