percentage,execution,ar_r_sub,k_s_sup,ks_sf_in,n_r_t,nk_k_sup,nrs_ns_r,ns_s_spe,ns_s_sup,ns_sub_r,r_ar_sup,s_k_sub,s_ns_sub,s_nsup_k,sub_r_r,t_k_sup,total_time
80,6,0.0021554999984800816,9.769992902874947e-05,0.0012345998547971249,7.400289177894592e-06,0.0021922998130321503,7.4999406933784485e-06,5.700159817934036e-06,1.2999866157770157e-05,1.3499986380338669e-05,0.001962099689990282,0.012650600168853998,0.02467190008610487,0.0018118000589311123,1.5900004655122757e-05,0.008316499646753073,0.05515599949285388
