percentage,execution,ar_r_sub,k_s_sup,ks_sf_in,n_r_t,nk_k_sup,nrs_ns_r,ns_s_spe,ns_s_sup,ns_sub_r,r_ar_sup,s_k_sub,s_ns_sub,s_nsup_k,sub_r_r,t_k_sup,total_time
10,4,7.469998672604561e-05,1.0800082236528397e-05,0.0002525000600144267,6.3999323174357414e-06,0.00024339999072253704,6.700051017105579e-06,7.800059393048286e-06,9.09995287656784e-06,1.0199961252510548e-05,1.0200077667832375e-05,7.760000880807638e-05,7.869990076869726e-05,0.00018060009460896254,1.4599994756281376e-05,1.009996049106121e-05,0.0009934001136571169
