percentage,execution,ar_r_sub,k_s_sup,ks_sf_in,n_r_t,nk_k_sup,nrs_ns_r,ns_s_spe,ns_s_sup,ns_sub_r,r_ar_sup,s_k_sub,s_ns_sub,s_nsup_k,sub_r_r,t_k_sup,total_time
90,4,0.0034193999599665403,8.329993579536676e-05,0.0012733000330626965,6.3999323174357414e-06,0.0018273999448865652,6.00004568696022e-06,5.00003807246685e-06,1.2400094419717789e-05,1.1999858543276787e-05,0.0016660999972373247,0.011169100063852966,0.014964599977247417,0.0015545999631285667,1.3999873772263527e-05,0.006947199930436909,0.04296079964842647
