percentage,execution,k_s_sup,s_k_sub,t_k_sup,ns_s_sup,s_ns_sub,r_ar_sup,ar_r_sub,ns_sub_r,ks_sf_in,sub_r_r,n_r_t,ns_s_spe,nk_k_sup,s_nsup_k,nrs_ns_r,total_time
40,4,9.070002124644816e-05,0.012403699991409667,0.006946699984837323,2.0500010577961802e-05,0.03476129999035038,0.003097900000284426,0.012077500010491349,2.2599997464567423e-05,0.0009184999944409356,3.1899980967864394e-05,1.340000017080456e-05,1.0200004908256233e-05,0.008775299997068942,0.002474699998856522,0.00038329999370034784,0.0820281999767758
