percentage,execution,ar_r_sub,k_s_sup,ks_sf_in,n_r_t,nk_k_sup,nrs_ns_r,ns_s_spe,ns_s_sup,ns_sub_r,r_ar_sup,s_k_sub,s_ns_sub,s_nsup_k,sub_r_r,t_k_sup,total_time
20,4,0.012127000372856855,8.940044790506363e-05,0.0005234004929661751,1.2999866157770157e-05,0.008491700049489737,0.0003984002396464348,9.799376130104065e-06,2.0300038158893585e-05,2.240017056465149e-05,0.003286300227046013,0.012826700694859028,0.0410697003826499,0.0022112997248768806,2.9299873858690262e-05,0.0070649003610014915,0.08818360231816769
