percentage,execution,ar_r_sub,k_s_sup,ks_sf_in,n_r_t,nk_k_sup,nrs_ns_r,ns_s_spe,ns_s_sup,ns_sub_r,r_ar_sup,s_k_sub,s_ns_sub,s_nsup_k,sub_r_r,t_k_sup,total_time
30,4,0.0001901998184621334,7.979990914463997e-05,0.00022300053387880325,6.299931555986404e-06,0.0018186001107096672,6.500165909528732e-06,4.999805241823196e-06,1.0299962013959885e-05,1.0299962013959885e-05,7.830001413822174e-05,0.010369200259447098,0.040162499994039536,0.0016339998692274094,1.4199875295162201e-05,0.0071311998181045055,0.061739400029182434
