percentage,execution,ar_r_sub,k_s_sup,ks_sf_in,n_r_t,nk_k_sup,nrs_ns_r,ns_s_spe,ns_s_sup,ns_sub_r,r_ar_sup,s_k_sub,s_ns_sub,s_nsup_k,sub_r_r,t_k_sup,total_time
60,9,0.0016596000004938105,7.919999916339293e-05,0.0008208999988710275,6.100000973674469e-06,0.0019105000010313233,5.799998689326458e-06,4.800000169780105e-06,9.999999747378752e-06,1.1199999789823778e-05,0.001627700001336052,0.010748900000180583,0.02606030000060855,0.0014943000005587237,1.4200000805431046e-05,0.006749399997715955,0.05120290000013483
