percentage,execution,k_s_sup,s_k_sub,t_k_sup,ns_s_sup,s_ns_sub,r_ar_sup,ar_r_sub,ns_sub_r,ks_sf_in,sub_r_r,n_r_t,ns_s_spe,nk_k_sup,s_nsup_k,nrs_ns_r,total_time
20,10,9.030000364873558e-05,0.010436199998366646,0.00698799999372568,1.9500002963468432e-05,0.03989100000762846,9.43000050028786e-05,0.0003831000067293644,2.02999945031479e-05,0.0004726000042865053,2.820001100189984e-05,1.270000939257443e-05,9.700001101009548e-06,0.011589000016101636,0.0019524999952409416,1.2900010915473104e-05,0.07200030006060842
