percentage,execution,ar_r_sub,k_s_sup,ks_sf_in,n_r_t,nk_k_sup,nrs_ns_r,ns_s_spe,ns_s_sup,ns_sub_r,r_ar_sup,s_k_sub,s_ns_sub,s_nsup_k,sub_r_r,t_k_sup,total_time
60,5,0.0037126999977772357,8.739999793760944e-05,0.00215329999991809,1.2399999832268804e-05,0.009142900000369991,1.4300001566880383e-05,9.899998985929415e-06,1.950000114447903e-05,2.4600001779617742e-05,0.0031689000006736023,0.012282099998628837,0.026942399999825284,0.002626100000270526,3.169999945384916e-05,0.006899499998326064,0.06712769999649026
