percentage,execution,ar_r_sub,k_s_sup,ks_sf_in,n_r_t,nk_k_sup,nrs_ns_r,ns_s_spe,ns_s_sup,ns_sub_r,r_ar_sup,s_k_sub,s_ns_sub,s_nsup_k,sub_r_r,t_k_sup,total_time
30,5,0.0004139002412557602,9.789969772100449e-05,0.0004812004044651985,1.3000331819057465e-05,0.008509999606758356,1.3299752026796341e-05,1.0200310498476028e-05,2.0099803805351257e-05,2.180039882659912e-05,0.0032909996807575226,0.010925300419330597,0.04045730037614703,0.0021302001550793648,2.9600225389003754e-05,0.007204699795693159,0.07361950119957328
