percentage,execution,ar_r_sub,k_s_sup,ks_sf_in,n_r_t,nk_k_sup,nrs_ns_r,ns_s_spe,ns_s_sup,ns_sub_r,r_ar_sup,s_k_sub,s_ns_sub,s_nsup_k,sub_r_r,t_k_sup,total_time
10,1,9.300652891397476e-06,8.040014654397964e-05,9.499955922365189e-06,5.899928510189056e-06,0.0018445001915097237,6.800051778554916e-06,4.699919372797012e-06,9.700190275907516e-06,9.80030745267868e-06,8.12998041510582e-05,0.010309700388461351,0.04915820015594363,0.0015285997651517391,1.2999866157770157e-05,0.00685769971460104,0.06992910103872418
