percentage,execution,ar_r_sub,k_s_sup,ks_sf_in,n_r_t,nk_k_sup,nrs_ns_r,ns_s_spe,ns_s_sup,ns_sub_r,r_ar_sup,s_k_sub,s_ns_sub,s_nsup_k,sub_r_r,t_k_sup,total_time
40,7,0.007695700000112993,8.629999865661375e-05,0.001283999999941443,1.2900001820526086e-05,0.012083700001312536,0.00019609999799286015,9.700001101009548e-06,1.9299999621580355e-05,2.1300000298651867e-05,8.689999958733097e-05,0.012461800000892254,0.03448509999907401,0.0023014000016701175,2.910000148403924e-05,0.006938299997273134,0.0777116000008391
