percentage,execution,k_s_sup,s_k_sub,t_k_sup,ns_s_sup,s_ns_sub,r_ar_sup,ar_r_sub,ns_sub_r,ks_sf_in,sub_r_r,n_r_t,ns_s_spe,nk_k_sup,s_nsup_k,nrs_ns_r,total_time
30,4,0.013650199995026924,0.003103100010775961,0.00026700001035351306,0.0017601000145077705,0.01261230000818614,0.03464209999947343,0.015457999994396232,1.9999861251562834e-06,1.4500008546747267e-05,0.002967200009152293,1.0899995686486363e-05,0.012515199996414594,0.004407899992656894,0.0034604000102262944,1.309999788645655e-05,0.10488400002941489
