percentage,execution,ar_r_sub,k_s_sup,ks_sf_in,n_r_t,nk_k_sup,nrs_ns_r,ns_s_spe,ns_s_sup,ns_sub_r,r_ar_sup,s_k_sub,s_ns_sub,s_nsup_k,sub_r_r,t_k_sup,total_time
40,4,8.359970524907112e-05,0.018219200428575277,1.3899523764848709e-05,1.0699965059757233e-05,0.005718400236219168,1.0500196367502213e-05,0.015776200219988823,0.003299399744719267,1.7997808754444122e-06,0.041449999902397394,0.015566499903798103,0.047189099714159966,0.0049196998588740826,3.550015389919281e-05,0.04332999978214502,0.19562449911609292
