percentage,execution,k_s_sup,s_k_sub,t_k_sup,ns_s_sup,s_ns_sub,r_ar_sup,ar_r_sub,ns_sub_r,ks_sf_in,sub_r_r,n_r_t,ns_s_spe,nk_k_sup,s_nsup_k,nrs_ns_r,total_time
20,8,0.0009316999930888414,0.005605400001513772,0.012032300001010299,8.039998647291213e-05,0.027793000001111068,0.0009382000134792179,1.0400006431154907e-05,1.6999983927235007e-06,9.799987310543656e-06,1.2999997125007212e-05,6.299989763647318e-06,0.0008390999864786863,0.0013218000094639137,0.001148099996498786,6.799993570894003e-06,0.050737999961711466
