percentage,execution,ar_r_sub,k_s_sup,ks_sf_in,n_r_t,nk_k_sup,nrs_ns_r,ns_s_spe,ns_s_sup,ns_sub_r,r_ar_sup,s_k_sub,s_ns_sub,s_nsup_k,sub_r_r,t_k_sup,total_time
50,1,0.01091039995662868,0.01655820000451058,1.4699879102408886e-05,1.0999967344105244e-05,0.006062600063160062,9.500072337687016e-06,0.01536580000538379,0.0032354999566450715,2.00001522898674e-06,0.040777500020340085,0.01842690003104508,0.046133800060488284,0.005185000016354024,0.0021324000554159284,0.04756420000921935,0.21238950011320412
