percentage,execution,ar_r_sub,k_s_sup,ks_sf_in,n_r_t,nk_k_sup,nrs_ns_r,ns_s_spe,ns_s_sup,ns_sub_r,r_ar_sup,s_k_sub,s_ns_sub,s_nsup_k,sub_r_r,t_k_sup,total_time
40,10,0.01584579993505031,0.014467600034549832,1.4399876818060875e-05,1.0600080713629723e-05,0.005129700060933828,9.899958968162537e-06,0.012845200020819902,0.001729800016619265,2.00001522898674e-06,0.033214100054465234,0.008186999941244721,0.02843479998409748,0.004107800079509616,0.003225400112569332,0.017239299952052534,0.1444634001236409
