percentage,execution,ar_r_sub,k_s_sup,ks_sf_in,n_r_t,nk_k_sup,nrs_ns_r,ns_s_spe,ns_s_sup,ns_sub_r,r_ar_sup,s_k_sub,s_ns_sub,s_nsup_k,sub_r_r,t_k_sup,total_time
30,2,1.0600080713629723e-05,0.0009087000507861376,1.0200077667832375e-05,6.300047971308231e-06,0.0013246999587863684,6.700051017105579e-06,0.0008399999933317304,7.839989848434925e-05,1.800013706088066e-06,0.0024364000419154763,0.005269300076179206,0.024588199914433062,0.0011454999912530184,1.2300093658268452e-05,0.011366000049747527,0.04800510033965111
