percentage,execution,k_s_sup,s_k_sub,t_k_sup,ns_s_sup,s_ns_sub,r_ar_sup,ar_r_sub,ns_sub_r,ks_sf_in,sub_r_r,n_r_t,ns_s_spe,nk_k_sup,s_nsup_k,nrs_ns_r,total_time
90,6,0.0017801999929361045,0.005214799995883368,0.01139949998469092,0.0009111000108532608,0.00802290000137873,0.011566399989533238,1.0700008715502918e-05,2.1000014385208488e-06,1.0100018698722124e-05,1.270000939257443e-05,6.199989002197981e-06,0.0015297000063583255,0.0012706000125035644,0.0011116000096080825,8.100003469735384e-06,0.04285670003446285
