percentage,execution,ar_r_sub,k_s_sup,ks_sf_in,n_r_t,nk_k_sup,nrs_ns_r,ns_s_spe,ns_s_sup,ns_sub_r,r_ar_sup,s_k_sub,s_ns_sub,s_nsup_k,sub_r_r,t_k_sup,total_time
40,1,0.0009324999991804361,0.017467500059865415,1.4299992471933365e-05,1.0899966582655907e-05,0.0035667000338435173,1.00000761449337e-05,0.012468499946407974,0.0017528000753372908,2.00001522898674e-06,0.04059739992953837,0.003029000014066696,0.0031774999806657434,0.002799399895593524,0.00020540005061775446,0.005097099929116666,0.0911309999646619
