percentage,execution,ar_r_sub,k_s_sup,ks_sf_in,n_r_t,nk_k_sup,nrs_ns_r,ns_s_spe,ns_s_sup,ns_sub_r,r_ar_sup,s_k_sub,s_ns_sub,s_nsup_k,sub_r_r,t_k_sup,total_time
60,4,1.3200100511312485e-05,1.0500079952180386e-05,1.0300078429281712e-05,6.299931555986404e-06,0.001145699992775917,8.500064723193645e-06,0.0016697000246495008,0.0009402999421581626,1.999898813664913e-06,0.010483899968676269,0.00032439990900456905,0.00041069986764341593,0.000847900053486228,1.2799864634871483e-05,1.0299962013959885e-05,0.015896499739028513
