percentage,execution,k_s_sup,s_k_sub,t_k_sup,ns_s_sup,s_ns_sub,r_ar_sup,ar_r_sub,ns_sub_r,ks_sf_in,sub_r_r,n_r_t,ns_s_spe,nk_k_sup,s_nsup_k,nrs_ns_r,total_time
90,4,0.001676099986070767,0.004923999993479811,0.01152319998072926,0.000897699996130541,0.008212299988372251,0.012132400006521493,1.440000778529793e-05,2.0000006770715117e-06,9.800016414374113e-06,1.2300006346777081e-05,6.000002031214535e-06,0.0015412000066135079,0.0013288000045577064,0.0011611000081757084,5.299996701069176e-06,0.04344660000060685
