percentage,execution,ar_r_sub,k_s_sup,ks_sf_in,n_r_t,nk_k_sup,nrs_ns_r,ns_s_spe,ns_s_sup,ns_sub_r,r_ar_sup,s_k_sub,s_ns_sub,s_nsup_k,sub_r_r,t_k_sup,total_time
20,2,0.0001441999338567257,0.017741399933584034,1.3599870726466179e-05,1.0699965059757233e-05,0.002798600005917251,1.109996810555458e-05,0.01296109997201711,0.0017855999758467078,1.9000144675374031e-06,0.02585550001822412,0.0028603000100702047,0.012534999987110496,0.002333899959921837,3.630004357546568e-05,0.0076781000243499875,0.08676729968283325
