percentage,execution,ar_r_sub,k_s_sup,ks_sf_in,n_r_t,nk_k_sup,nrs_ns_r,ns_s_spe,ns_s_sup,ns_sub_r,r_ar_sup,s_k_sub,s_ns_sub,s_nsup_k,sub_r_r,t_k_sup,total_time
10,6,9.699957445263863e-06,0.004211399937048554,8.900067768990993e-06,5.899928510189056e-06,5.200039595365524e-06,5.599926225841045e-06,0.0008422000100836158,8.759996853768826e-05,1.600012183189392e-06,0.0027202999917790294,7.1900081820786e-05,0.0001135998172685504,4.700035788118839e-06,1.2100092135369778e-05,0.00011469994205981493,0.008215399808250368
