percentage,execution,ar_r_sub,k_s_sup,ks_sf_in,n_r_t,nk_k_sup,nrs_ns_r,ns_s_spe,ns_s_sup,ns_sub_r,r_ar_sup,s_k_sub,s_ns_sub,s_nsup_k,sub_r_r,t_k_sup,total_time
20,4,9.7999582067132e-06,0.0040716000366955996,9.200070053339005e-06,6.199930794537067e-06,0.00023650005459785461,6.299931555986404e-06,0.0008172999368980527,7.360009476542473e-05,1.600012183189392e-06,0.005807800102047622,0.0001360998721793294,0.00013209984172135592,0.0001708000199869275,1.2599863111972809e-05,9.390001650899649e-05,0.011585399741306901
