percentage,execution,ar_r_sub,k_s_sup,ks_sf_in,n_r_t,nk_k_sup,nrs_ns_r,ns_s_spe,ns_s_sup,ns_sub_r,r_ar_sup,s_k_sub,s_ns_sub,s_nsup_k,sub_r_r,t_k_sup,total_time
50,4,0.015682600438594818,0.019464099779725075,1.4299992471933365e-05,1.1899974197149277e-05,0.0057494002394378185,1.109996810555458e-05,0.015579700004309416,0.0031427000649273396,1.6996636986732483e-06,0.03795369993895292,0.01230249973013997,0.04306930024176836,0.0047516003251075745,0.003124999813735485,0.02826530020684004,0.18912490038201213
