percentage,execution,ar_r_sub,k_s_sup,ks_sf_in,n_r_t,nk_k_sup,nrs_ns_r,ns_s_spe,ns_s_sup,ns_sub_r,r_ar_sup,s_k_sub,s_ns_sub,s_nsup_k,sub_r_r,t_k_sup,total_time
50,5,1.079996582120657e-05,1.0699965059757233e-05,1.009996049106121e-05,6.800051778554916e-06,0.0011553000658750534,6.199930794537067e-06,0.0016586999408900738,0.0042357000056654215,1.800013706088066e-06,0.0122071000514552,0.00033109996002167463,0.00032180012203752995,0.0008353999583050609,1.3499986380338669e-05,1.070008147507906e-05,0.020815700059756637
