percentage,execution,k_s_sup,s_k_sub,t_k_sup,ns_s_sup,s_ns_sub,r_ar_sup,ar_r_sub,ns_sub_r,ks_sf_in,sub_r_r,n_r_t,ns_s_spe,nk_k_sup,s_nsup_k,nrs_ns_r,total_time
50,1,0.007000900004641153,0.010194500006036833,0.021689700006390922,0.0024870000052032992,0.019269500000518747,0.042056000005686656,0.015595199991366826,1.9000144675374031e-06,1.4400022337213159e-05,0.0030553000106010586,1.1299998732283711e-05,0.01219660000060685,0.005082400006358512,0.00409879999642726,9.099996532313526e-06,0.14276260006590746
