percentage,execution,ar_r_sub,k_s_sup,ks_sf_in,n_r_t,nk_k_sup,nrs_ns_r,ns_s_spe,ns_s_sup,ns_sub_r,r_ar_sup,s_k_sub,s_ns_sub,s_nsup_k,sub_r_r,t_k_sup,total_time
40,5,9.900000804918818e-06,0.00097740000092017,9.700000191514846e-06,5.500000042957254e-06,0.00023699999928794568,5.800000508315861e-06,0.0006701000002067303,7.749999986117473e-05,1.8000000636675395e-06,0.003849699999591394,0.00013970000054541742,0.00013039999976172112,0.00016979999963950831,1.2200001037854236e-05,9.249999948224286e-05,0.006389000001945533
