percentage,execution,ar_r_sub,k_s_sup,ks_sf_in,n_r_t,nk_k_sup,nrs_ns_r,ns_s_spe,ns_s_sup,ns_sub_r,r_ar_sup,s_k_sub,s_ns_sub,s_nsup_k,sub_r_r,t_k_sup,total_time
80,2,1.1099999937869143e-05,0.0009234999997715931,9.899999895424116e-06,6.300000677583739e-06,0.0013184000008550356,5.700000656361226e-06,0.0015887999998085434,0.0008710999991308199,1.8000000636675395e-06,0.012164100000518374,0.0004331999998612446,0.0004209000007904251,0.0009476000004724483,1.3099999705445953e-05,9.43000004554051e-05,0.01880980000260024
