percentage,execution,k_s_sup,s_k_sub,t_k_sup,ns_s_sup,s_ns_sub,r_ar_sup,ar_r_sub,ns_sub_r,ks_sf_in,sub_r_r,n_r_t,ns_s_spe,nk_k_sup,s_nsup_k,nrs_ns_r,total_time
30,4,0.004038700004457496,0.00019559999054763466,8.969999908003956e-05,7.989999721758068e-05,0.0001900999923236668,0.007242799998493865,1.0100004146806896e-05,1.800013706088066e-06,9.60000033956021e-06,1.5099984011612833e-05,5.900001269765198e-06,0.0008568999910494313,0.00045399999362416565,0.00036299999919719994,6.100002792663872e-06,0.013559299972257577
