percentage,execution,ar_r_sub,k_s_sup,ks_sf_in,n_r_t,nk_k_sup,nrs_ns_r,ns_s_spe,ns_s_sup,ns_sub_r,r_ar_sup,s_k_sub,s_ns_sub,s_nsup_k,sub_r_r,t_k_sup,total_time
10,3,0.0055262004025280476,0.009779499378055334,1.7200130969285965e-05,1.109996810555458e-05,0.003055000212043524,1.1900439858436584e-05,0.0064721000380814075,0.000897199846804142,2.100132405757904e-06,0.017811500001698732,0.006578299682587385,0.03244589967653155,0.0025185998529195786,0.0011577997356653214,0.01698409952223301,0.10326849902048707
