percentage,execution,ar_r_sub,k_s_sup,ks_sf_in,n_r_t,nk_k_sup,nrs_ns_r,ns_s_spe,ns_s_sup,ns_sub_r,r_ar_sup,s_k_sub,s_ns_sub,s_nsup_k,sub_r_r,t_k_sup,total_time
10,9,1.039961352944374e-05,1.0499730706214905e-05,9.599607437849045e-06,6.0996972024440765e-06,0.0002481001429259777,6.4997002482414246e-06,4.599802196025848e-06,8.90018418431282e-06,1.700129359960556e-06,0.004438499454408884,7.690023630857468e-05,7.389998063445091e-05,0.00017160037532448769,1.2800097465515137e-05,9.399838745594025e-06,0.005089498590677977
