percentage,execution,k_s_sup,s_k_sub,t_k_sup,ns_s_sup,s_ns_sub,r_ar_sup,ar_r_sub,ns_sub_r,ks_sf_in,sub_r_r,n_r_t,ns_s_spe,nk_k_sup,s_nsup_k,nrs_ns_r,total_time
70,5,0.000909399997908622,0.005065200006356463,0.011302400002023205,0.0008843000105116516,0.011162700000568293,0.009367899998323992,1.239999255631119e-05,1.7999991541728377e-06,9.60000033956021e-06,1.1900003300979733e-05,6.000002031214535e-06,0.0016049999976530671,0.001281300006667152,0.0011177000124007463,5.900001269765198e-06,0.042743500031065196
