percentage,execution,k_s_sup,s_k_sub,t_k_sup,ns_s_sup,s_ns_sub,r_ar_sup,ar_r_sub,ns_sub_r,ks_sf_in,sub_r_r,n_r_t,ns_s_spe,nk_k_sup,s_nsup_k,nrs_ns_r,total_time
80,8,0.0009162000060314313,0.00044099999649915844,9.089999366551638e-05,0.0009002000006148592,0.00043899999582208693,0.012616999985766597,1.09999964479357e-05,2.1000014385208488e-06,9.700001101009548e-06,1.270000939257443e-05,2.720000338740647e-05,0.0016083999944385141,0.00134529999922961,0.0009608000109437853,5.699999746866524e-06,0.019387199994525872
