percentage,execution,k_s_sup,s_k_sub,t_k_sup,ns_s_sup,s_ns_sub,r_ar_sup,ar_r_sub,ns_sub_r,ks_sf_in,sub_r_r,n_r_t,ns_s_spe,nk_k_sup,s_nsup_k,nrs_ns_r,total_time
40,2,0.01727260008919984,0.019340500002726912,0.05546689999755472,0.001786300097592175,0.05581020005047321,0.03186589991673827,8.09000339359045e-05,2.200016751885414e-06,1.3899989426136017e-05,3.50000336766243e-05,1.3699987903237343e-05,0.012347199954092503,0.005407499964348972,0.004724400001578033,1.070008147507906e-05,0.2041779002174735
