percentage,execution,ar_r_sub,k_s_sup,ks_sf_in,n_r_t,nk_k_sup,nrs_ns_r,ns_s_spe,ns_s_sup,ns_sub_r,r_ar_sup,s_k_sub,s_ns_sub,s_nsup_k,sub_r_r,t_k_sup,total_time
80,7,1.0599964298307896e-05,0.0008676999714225531,9.300070814788342e-06,5.800044164061546e-06,0.0012999000027775764,5.600042641162872e-06,0.0016305999597534537,0.0008581000147387385,1.700012944638729e-06,0.012406400055624545,0.0005089999176561832,0.0004911000141873956,0.0010216999799013138,1.2199976481497288e-05,0.00010599999222904444,0.01923570001963526
