percentage,execution,k_s_sup,s_k_sub,t_k_sup,ns_s_sup,s_ns_sub,r_ar_sup,ar_r_sub,ns_sub_r,ks_sf_in,sub_r_r,n_r_t,ns_s_spe,nk_k_sup,s_nsup_k,nrs_ns_r,total_time
80,2,0.0016488000110257417,0.004899300009128638,0.011226999995415099,7.940000796224922e-05,0.008038300002226606,0.010729599991464056,1.0500007192604244e-05,1.7999991541728377e-06,9.900002623908222e-06,1.2599979527294636e-05,6.200003554113209e-06,0.0007775999984005466,0.0012728000001516193,0.001112400001147762,5.599998985417187e-06,0.03983180000795983
