percentage,execution,ar_r_sub,k_s_sup,ks_sf_in,n_r_t,nk_k_sup,nrs_ns_r,ns_s_spe,ns_s_sup,ns_sub_r,r_ar_sup,s_k_sub,s_ns_sub,s_nsup_k,sub_r_r,t_k_sup,total_time
50,7,0.0001438995823264122,0.019723199773579836,1.4500226825475693e-05,1.12997367978096e-05,0.004913299810141325,1.0200310498476028e-05,0.01257740007713437,0.0017214003019034863,4.599802196025848e-06,0.045166799798607826,0.0055532995611429214,0.018123199231922626,0.0039137001149356365,3.640027716755867e-05,0.014578899834305048,0.12649209843948483
