percentage,execution,ar_r_sub,k_s_sup,ks_sf_in,n_r_t,nk_k_sup,nrs_ns_r,ns_s_spe,ns_s_sup,ns_sub_r,r_ar_sup,s_k_sub,s_ns_sub,s_nsup_k,sub_r_r,t_k_sup,total_time
80,1,1.0800082236528397e-05,0.0008539999835193157,9.900424629449844e-06,6.100162863731384e-06,0.0013343999162316322,5.600042641162872e-06,0.0016638999804854393,0.0009006001055240631,1.5995465219020844e-06,0.012122099753469229,0.0004376000724732876,0.0004308996722102165,0.0009624003432691097,1.2800097465515137e-05,9.399978443980217e-05,0.018846699967980385
