percentage,execution,ar_r_sub,k_s_sup,ks_sf_in,n_r_t,nk_k_sup,nrs_ns_r,ns_s_spe,ns_s_sup,ns_sub_r,r_ar_sup,s_k_sub,s_ns_sub,s_nsup_k,sub_r_r,t_k_sup,total_time
50,10,1.1000316590070724e-05,0.001057799905538559,9.700190275907516e-06,6.00004568696022e-06,0.0007173996418714523,6.100162863731384e-06,0.0016744998283684254,0.0010667000897228718,1.7997808754444122e-06,0.007684699725359678,0.0002613002434372902,0.00025349995121359825,0.000479700043797493,1.309998333454132e-05,9.189965203404427e-05,0.013335199560970068
