percentage,execution,k_s_sup,s_k_sub,t_k_sup,ns_s_sup,s_ns_sub,r_ar_sup,ar_r_sub,ns_sub_r,ks_sf_in,sub_r_r,n_r_t,ns_s_spe,nk_k_sup,s_nsup_k,nrs_ns_r,total_time
10,5,0.004704299964942038,0.0017482000403106213,0.004744899924844503,0.0008472000481560826,0.007682299939915538,0.007105999975465238,0.00013700011186301708,1.800013706088066e-06,1.2499862350523472e-05,3.6100042052567005e-05,3.169989213347435e-05,0.006262099952436984,0.0016180999809876084,0.001361900009214878,1.1100084520876408e-05,0.03630519984290004
