percentage,execution,ar_r_sub,k_s_sup,ks_sf_in,n_r_t,nk_k_sup,nrs_ns_r,ns_s_spe,ns_s_sup,ns_sub_r,r_ar_sup,s_k_sub,s_ns_sub,s_nsup_k,sub_r_r,t_k_sup,total_time
20,10,1.049999991664663e-05,1.0100000508828089e-05,9.599999430065509e-06,5.9000003602704965e-06,0.000242400000388443,6.199999916134402e-06,0.0008258000007117516,7.240000104502542e-05,1.5999994502635673e-06,0.003089199999521952,7.809999897290254e-05,7.079999977577245e-05,0.00016799999957584077,1.2700000297627412e-05,9.999999747378752e-06,0.004613299999618903
