execution,k_s_sup,s_k_sub,t_k_sup,ns_s_sup,s_ns_sub,r_ar_sup,ar_r_sub,ns_sub_r,ks_sf_in,sub_r_r,n_r_t,ns_s_spe,nk_k_sup,s_nsup_k,nrs_ns_r,total_time
1,7.780001033097506e-05,0.0019390000379644334,0.002163600060157478,9.499955922365189e-06,0.008376399986445904,8.870003512129188e-05,8.899951353669167e-06,1.800013706088066e-06,8.700008038431406e-06,1.0500021744519472e-05,5.099980626255274e-06,4.299974534660578e-06,0.0003530000103637576,0.00024049996864050627,5.599984433501959e-06,0.013293399999383837
2,9.599956683814526e-06,7.740000728517771e-05,9.09995287656784e-06,8.200004231184721e-06,7.329997606575489e-05,0.002402300073299557,9.499955922365189e-06,1.6999547369778156e-06,9.100011084228754e-06,1.0700023267418146e-05,5.199981387704611e-06,4.699977580457926e-06,0.00020349997794255614,0.0001275999820791185,5.100038833916187e-06,0.0029569998732768
3,1.2200034689158201e-05,7.889996049925685e-05,8.800008799880743e-06,7.900060154497623e-06,7.230002665892243e-05,0.0023089999449439347,9.600014891475439e-06,1.700012944638729e-06,8.700008038431406e-06,9.800016414374113e-06,4.900037311017513e-06,4.200031980872154e-06,0.00019409996457397938,0.0001238000113517046,5.100038833916187e-06,0.00285100017208606
