percentage,execution,ar_r_sub,k_s_sup,ks_sf_in,n_r_t,nk_k_sup,nrs_ns_r,ns_s_spe,ns_s_sup,ns_sub_r,r_ar_sup,s_k_sub,s_ns_sub,s_nsup_k,sub_r_r,t_k_sup,total_time
20,1,8.400000297115184e-06,7.449999975506216e-05,8.50000014906982e-06,4.999999873689376e-06,0.0005457000006572343,5.4000001910026185e-06,4.400000761961564e-06,9.100000170292333e-06,1.5999994502635673e-06,7.090000053722179e-05,0.003176500000336091,0.015117799999643466,0.0004441999999471591,1.0000000656873453e-05,0.0035446000001684297,0.023026600002594932
