percentage,execution,ar_r_sub,k_s_sup,ks_sf_in,n_r_t,nk_k_sup,nrs_ns_r,ns_s_spe,ns_s_sup,ns_sub_r,r_ar_sup,s_k_sub,s_ns_sub,s_nsup_k,sub_r_r,t_k_sup,total_time
60,8,1.0099999599333387e-05,7.679999998799758e-05,9.299999874201603e-06,4.900000021734741e-06,0.0005486999998538522,5.399999281507917e-06,4.399999852466863e-06,9.299999874201603e-06,1.8000000636675395e-06,0.0016874000002644607,0.0030784999999013962,0.009163599998828431,0.00045229999977891566,1.0200000360782724e-05,0.003622700000050827,0.018685399997593777
