percentage,execution,ar_r_sub,k_s_sup,ks_sf_in,n_r_t,nk_k_sup,nrs_ns_r,ns_s_spe,ns_s_sup,ns_sub_r,r_ar_sup,s_k_sub,s_ns_sub,s_nsup_k,sub_r_r,t_k_sup,total_time
40,6,9.800000043469481e-06,9.700000191514846e-06,8.999999408842996e-06,5.4000001910026185e-06,0.0003618000000642496,5.500000042957254e-06,4.499999704421498e-06,8.400000297115184e-06,1.9000008251168765e-06,0.003147600001284445,0.00013760000092588598,0.00012899999910587212,0.0002331000005142414,1.120000069931848e-05,9.499999578110874e-06,0.004084000002876564
