percentage,execution,ar_r_sub,k_s_sup,ks_sf_in,n_r_t,nk_k_sup,nrs_ns_r,ns_s_spe,ns_s_sup,ns_sub_r,r_ar_sup,s_k_sub,s_ns_sub,s_nsup_k,sub_r_r,t_k_sup,total_time
70,10,0.0011210995726287365,0.0009987996891140938,0.0004683001898229122,6.9998204708099365e-06,0.002901599742472172,6.800051778554916e-06,0.0011316998861730099,7.849978283047676e-05,1.6996636986732483e-06,0.004131800029426813,0.01942870020866394,0.03945819986984134,0.002680900041013956,0.00017850007861852646,0.0030387998558580875,0.0756323984824121
