percentage,execution,ar_r_sub,k_s_sup,ks_sf_in,n_r_t,nk_k_sup,nrs_ns_r,ns_s_spe,ns_s_sup,ns_sub_r,r_ar_sup,s_k_sub,s_ns_sub,s_nsup_k,sub_r_r,t_k_sup,total_time
10,8,7.619988173246384e-05,1.0800082236528397e-05,0.0002416999777778983,7.200054824352264e-06,0.00046440004371106625,6.8999361246824265e-06,4.700035788118839e-06,9.300070814788342e-06,1.800013706088066e-06,0.0046366999158635736,0.00015590013936161995,0.0001357001019641757,0.0003312000771984458,1.6399892047047615e-05,9.999843314290047e-06,0.006108900066465139
