percentage,execution,ar_r_sub,k_s_sup,ks_sf_in,n_r_t,nk_k_sup,nrs_ns_r,ns_s_spe,ns_s_sup,ns_sub_r,r_ar_sup,s_k_sub,s_ns_sub,s_nsup_k,sub_r_r,t_k_sup,total_time
30,5,0.0009153001010417938,1.1200085282325745e-05,1.0900082997977734e-05,6.900052540004253e-06,0.0025382000021636486,7.1999384090304375e-06,5.100038833916187e-06,9.999843314290047e-06,1.8998980522155762e-06,0.005731499986723065,0.00957110000308603,0.023352700052782893,0.0019135000184178352,0.00018430000636726618,1.200009137392044e-05,0.04427180020138621
