percentage,execution,ar_r_sub,k_s_sup,ks_sf_in,n_r_t,nk_k_sup,nrs_ns_r,ns_s_spe,ns_s_sup,ns_sub_r,r_ar_sup,s_k_sub,s_ns_sub,s_nsup_k,sub_r_r,t_k_sup,total_time
50,10,0.007836899952962995,1.1299969628453255e-05,1.109996810555458e-05,7.3999399319291115e-06,0.0032709999941289425,7.100054062902927e-06,5.500041879713535e-06,1.0300078429281712e-05,2.300017513334751e-06,0.005430399905890226,0.013659600052051246,0.0292646000161767,0.00249510002322495,0.001393200014717877,1.4499993994832039e-05,0.06342030002269894
