percentage,execution,ar_r_sub,k_s_sup,ks_sf_in,n_r_t,nk_k_sup,nrs_ns_r,ns_s_spe,ns_s_sup,ns_sub_r,r_ar_sup,s_k_sub,s_ns_sub,s_nsup_k,sub_r_r,t_k_sup,total_time
80,8,0.008895699982531369,0.00011529994662851095,0.0004776999121531844,7.6000578701496124e-06,0.0028787999181076884,6.200047209858894e-06,0.0012063999893143773,8.020002860575914e-05,2.100015990436077e-06,0.006607700022868812,0.022115500061772764,0.030419099959544837,0.002732899971306324,0.0015029999194666743,0.002848600037395954,0.0798967998707667
