percentage,execution,ar_r_sub,k_s_sup,ks_sf_in,n_r_t,nk_k_sup,nrs_ns_r,ns_s_spe,ns_s_sup,ns_sub_r,r_ar_sup,s_k_sub,s_ns_sub,s_nsup_k,sub_r_r,t_k_sup,total_time
50,7,0.0037626000121235847,0.004264799994416535,1.0699965059757233e-05,6.8999361246824265e-06,0.0026917000068351626,6.299931555986404e-06,0.0010707000037655234,9.620003402233124e-05,1.8998980522155762e-06,0.006666700006462634,0.017696000053547323,0.04596550005953759,0.0024787000147625804,0.0005133999511599541,0.0027213001158088446,0.0879533999832347
