percentage,execution,k_s_sup,s_k_sub,t_k_sup,ns_s_sup,s_ns_sub,r_ar_sup,ar_r_sub,ns_sub_r,ks_sf_in,sub_r_r,n_r_t,ns_s_spe,nk_k_sup,s_nsup_k,nrs_ns_r,total_time
20,4,0.00439080000796821,0.019830500008538365,0.002779499991447665,8.50000069476664e-05,0.06123870000010356,0.003719900007126853,1.1500000255182385e-05,1.8999999156221747e-06,1.0799994925037026e-05,1.6000005416572094e-05,6.600006599910557e-06,0.0011359000054653734,0.0028292000060901046,0.0025249000027542934,7.299997378140688e-06,0.09858850004093256
