percentage,execution,ar_r_sub,k_s_sup,ks_sf_in,n_r_t,nk_k_sup,nrs_ns_r,ns_s_spe,ns_s_sup,ns_sub_r,r_ar_sup,s_k_sub,s_ns_sub,s_nsup_k,sub_r_r,t_k_sup,total_time
70,5,0.01232390000950545,0.004118799930438399,0.0004160999087616801,7.0999376475811005e-06,0.0026837000623345375,5.800044164061546e-06,0.0010997999925166368,7.809989620000124e-05,1.9000144675374031e-06,0.006625600042752922,0.020351700019091368,0.035274800029583275,0.002374699921347201,0.002270100056193769,0.0027709000278264284,0.09040299989283085
