percentage,execution,ar_r_sub,k_s_sup,ks_sf_in,n_r_t,nk_k_sup,nrs_ns_r,ns_s_spe,ns_s_sup,ns_sub_r,r_ar_sup,s_k_sub,s_ns_sub,s_nsup_k,sub_r_r,t_k_sup,total_time
20,5,8.089980110526085e-05,0.004523199982941151,1.0699965059757233e-05,6.9998204708099365e-06,0.0006325999274849892,7.3998235166072845e-06,0.0011730999685823917,7.790001109242439e-05,1.700129359960556e-06,0.008118800353258848,0.00020700041204690933,0.00019480008631944656,0.0004730997607111931,1.6300473362207413e-05,0.0001097000204026699,0.015634200535714626
