percentage,execution,ar_r_sub,k_s_sup,ks_sf_in,n_r_t,nk_k_sup,nrs_ns_r,ns_s_spe,ns_s_sup,ns_sub_r,r_ar_sup,s_k_sub,s_ns_sub,s_nsup_k,sub_r_r,t_k_sup,total_time
60,9,0.011952999999266467,0.004035500000100001,0.0004441999990376644,6.8999997893115506e-06,0.0026671000005080714,6.100000064179767e-06,0.001046699999278644,7.790000017848797e-05,1.7999991541728377e-06,0.005863999998837244,0.02275000000008731,0.03752890000032494,0.0023590000000695,0.00215459999981249,0.0027101999994556536,0.09360589999596414
