percentage,execution,k_s_sup,s_k_sub,t_k_sup,ns_s_sup,s_ns_sub,r_ar_sup,ar_r_sub,ns_sub_r,ks_sf_in,sub_r_r,n_r_t,ns_s_spe,nk_k_sup,s_nsup_k,nrs_ns_r,total_time
40,2,0.004040299987536855,0.011220599990338087,9.050000517163426e-05,7.949999417178333e-05,0.028048499996657483,0.008084100001724437,0.00014180000289343297,1.8999999156221747e-06,0.00024290000146720558,1.6000005416572094e-05,7.199996616691351e-06,0.0011387999984435737,0.0029580999980680645,0.0020569999906001613,6.999995093792677e-06,0.058134199964115396
