percentage,execution,ar_r_sub,k_s_sup,ks_sf_in,n_r_t,nk_k_sup,nrs_ns_r,ns_s_spe,ns_s_sup,ns_sub_r,r_ar_sup,s_k_sub,s_ns_sub,s_nsup_k,sub_r_r,t_k_sup,total_time
60,2,0.00787190000028204,7.749999986117473e-05,0.0003989000006185961,6.8999997893115506e-06,0.0025677000003270223,6.000000212225132e-06,5.099999725644011e-06,1.0900000233959872e-05,1.8999999156221747e-06,0.005093600000691367,0.019754500000090047,0.032839300000887306,0.002328999999917869,0.0013301000008141273,0.002569900000708003,0.07486320000407432
