percentage,execution,ar_r_sub,k_s_sup,ks_sf_in,n_r_t,nk_k_sup,nrs_ns_r,ns_s_spe,ns_s_sup,ns_sub_r,r_ar_sup,s_k_sub,s_ns_sub,s_nsup_k,sub_r_r,t_k_sup,total_time
40,8,0.012110699999539065,0.004009400001450558,0.0002336999996259692,7.100000402715523e-06,0.00204570000005333,6.299999768089037e-06,0.0010845000006156624,7.349999941652641e-05,1.7000002117129043e-06,0.006845500000054017,0.003868200000397337,0.00982670000030339,0.0016363000004275818,0.002216900000348687,9.080000018002465e-05,0.044057000002794666
