percentage,execution,ar_r_sub,k_s_sup,ks_sf_in,n_r_t,nk_k_sup,nrs_ns_r,ns_s_spe,ns_s_sup,ns_sub_r,r_ar_sup,s_k_sub,s_ns_sub,s_nsup_k,sub_r_r,t_k_sup,total_time
40,6,0.00019940012134611607,8.14999220892787e-05,0.000229199999012053,6.8999361246824265e-06,0.00279300007969141,7.2999391704797745e-06,5.300040356814861e-06,1.0899966582655907e-05,2.500019036233425e-06,0.004424800048582256,0.016490799956955016,0.04795899998862296,0.0024710999568924308,1.5699886716902256e-05,0.002715799957513809,0.0774131998186931
