percentage,execution,k_s_sup,s_k_sub,t_k_sup,ns_s_sup,s_ns_sub,r_ar_sup,ar_r_sub,ns_sub_r,ks_sf_in,sub_r_r,n_r_t,ns_s_spe,nk_k_sup,s_nsup_k,nrs_ns_r,total_time
90,1,0.0009982000046875328,0.020201999999699183,0.0027264999953331426,7.839998579584062e-05,0.028688800011877902,0.0061877999833086506,0.003871299995807931,2.100015990436077e-06,0.00041900000360328704,0.0005164000031072646,6.999995093792677e-06,0.0010977000056300312,0.002785699995001778,0.002426000006380491,5.800000508315861e-06,0.07001270000182558
