percentage,execution,k_s_sup,s_k_sub,t_k_sup,ns_s_sup,s_ns_sub,r_ar_sup,ar_r_sub,ns_sub_r,ks_sf_in,sub_r_r,n_r_t,ns_s_spe,nk_k_sup,s_nsup_k,nrs_ns_r,total_time
10,2,1.0500007192604244e-05,0.0001345000055152923,9.899988071992993e-06,9.399998816661537e-06,0.0001300000149058178,0.0022241999831749126,7.959999493323267e-05,2.200016751885414e-06,0.00023800000781193376,1.6000005416572094e-05,6.700007361359894e-06,4.799992893822491e-06,0.0004118000069865957,0.00027910000062547624,7.000009645707905e-06,0.0035637000401038677
