percentage,execution,ar_r_sub,k_s_sup,ks_sf_in,n_r_t,nk_k_sup,nrs_ns_r,ns_s_spe,ns_s_sup,ns_sub_r,r_ar_sup,s_k_sub,s_ns_sub,s_nsup_k,sub_r_r,t_k_sup,total_time
90,9,0.008349000010639429,8.249981328845024e-05,0.000448799692094326,7.4999406933784485e-06,0.002812799997627735,5.8002769947052e-06,0.0011227000504732132,7.790001109242439e-05,1.700129359960556e-06,0.007891500368714333,0.02308599976822734,0.026201999746263027,0.0024304999969899654,0.0014209002256393433,0.002701699733734131,0.07664129976183176
