percentage,execution,ar_r_sub,k_s_sup,ks_sf_in,n_r_t,nk_k_sup,nrs_ns_r,ns_s_spe,ns_s_sup,ns_sub_r,r_ar_sup,s_k_sub,s_ns_sub,s_nsup_k,sub_r_r,t_k_sup,total_time
60,5,9.79999913397478e-06,7.869999990361976e-05,9.599999430065509e-06,5.200000487093348e-06,0.0005787000000054832,5.599999894911889e-06,4.499999704421498e-06,1.2800001059076749e-05,1.7999991541728377e-06,0.0017291999993176432,0.0030963999997766223,0.009322900000370282,0.00047050000011950033,1.0700000530050602e-05,0.0036624999993364327,0.01899889999822335
