percentage,execution,ar_r_sub,k_s_sup,ks_sf_in,n_r_t,nk_k_sup,nrs_ns_r,ns_s_spe,ns_s_sup,ns_sub_r,r_ar_sup,s_k_sub,s_ns_sub,s_nsup_k,sub_r_r,t_k_sup,total_time
80,1,1.0099999599333387e-05,1.0300000212737359e-05,9.500000487605575e-06,5.200000487093348e-06,0.0006961999997656676,4.900000021734741e-06,4.399999852466863e-06,8.69999985297909e-06,1.600000359758269e-06,0.004766199999721721,0.0002569999996921979,0.00024510000093869166,0.0004546000000118511,1.2000000424450263e-05,9.700000191514846e-06,0.006495500001619803
