percentage,execution,ar_r_sub,k_s_sup,ks_sf_in,n_r_t,nk_k_sup,nrs_ns_r,ns_s_spe,ns_s_sup,ns_sub_r,r_ar_sup,s_k_sub,s_ns_sub,s_nsup_k,sub_r_r,t_k_sup,total_time
10,7,0.00013329973444342613,1.0999850928783417e-05,0.00044300034642219543,6.800051778554916e-06,0.00047930004075169563,7.200054824352264e-06,7.799826562404633e-06,9.200535714626312e-06,1.6996636986732483e-06,1.0999850928783417e-05,0.00014490028843283653,0.0001372997649013996,0.00033639976754784584,1.600012183189392e-05,1.0600779205560684e-05,0.001755500677973032
