percentage,execution,k_s_sup,s_k_sub,t_k_sup,ns_s_sup,s_ns_sub,r_ar_sup,ar_r_sub,ns_sub_r,ks_sf_in,sub_r_r,n_r_t,ns_s_spe,nk_k_sup,s_nsup_k,nrs_ns_r,total_time
80,3,0.0010248000035062432,0.02069260001007933,0.0028005000058328733,7.9699995694682e-05,0.03167459998803679,0.006150199988042004,0.008299699999042787,1.9999861251562834e-06,0.000417199989897199,0.001441300002625212,1.0200004908256233e-05,0.0011188000062247738,0.0028314000082900748,0.002416800009086728,6.000002031214535e-06,0.07896579999942333
