percentage,execution,ar_r_sub,k_s_sup,ks_sf_in,n_r_t,nk_k_sup,nrs_ns_r,ns_s_spe,ns_s_sup,ns_sub_r,r_ar_sup,s_k_sub,s_ns_sub,s_nsup_k,sub_r_r,t_k_sup,total_time
30,10,0.005277699907310307,1.1300086043775082e-05,1.0899966582655907e-05,7.300055585801601e-06,0.002170399995520711,6.800051778554916e-06,0.0011371999280527234,7.619999814778566e-05,1.9000144675374031e-06,0.006643199943937361,0.005874699912965298,0.01654499990399927,0.0016376000130549073,0.0011135999811813235,1.1699972674250603e-05,0.04052549973130226
