percentage,execution,ar_r_sub,k_s_sup,ks_sf_in,n_r_t,nk_k_sup,nrs_ns_r,ns_s_spe,ns_s_sup,ns_sub_r,r_ar_sup,s_k_sub,s_ns_sub,s_nsup_k,sub_r_r,t_k_sup,total_time
20,2,1.3199998647905886e-05,0.016351300000678748,1.2599999536178075e-05,9.60000033956021e-06,7.200000254670158e-06,8.999999408842996e-06,0.01366290000078152,0.005053400000178954,0.0004303999994590413,0.016296599998895545,0.00015010000061010942,0.00014100000043981709,6.099999154685065e-06,3.0500001230393536e-05,0.00016909999976633117,0.0523429999993823
