percentage,execution,ar_r_sub,k_s_sup,ks_sf_in,n_r_t,nk_k_sup,nrs_ns_r,ns_s_spe,ns_s_sup,ns_sub_r,r_ar_sup,s_k_sub,s_ns_sub,s_nsup_k,sub_r_r,t_k_sup,total_time
20,8,0.0017175001557916403,0.019654000061564147,0.0004650999326258898,1.9699917174875736e-05,0.011133800144307315,1.9200029782950878e-05,0.026895999908447266,0.009650199906900525,0.001068799989297986,0.01918840012513101,0.0069383998634293675,0.019365900079719722,0.0014952999772503972,5.349994171410799e-05,0.005097399931401014,0.12276319996453822
