percentage,execution,k_s_sup,s_k_sub,t_k_sup,ns_s_sup,s_ns_sub,r_ar_sup,ar_r_sub,ns_sub_r,ks_sf_in,sub_r_r,n_r_t,ns_s_spe,nk_k_sup,s_nsup_k,nrs_ns_r,total_time
15,4,0.009199900086969137,0.00014659995213150978,9.61000332608819e-05,0.004217599984258413,0.00014109991025179625,0.014108299976214767,1.309998333454132e-05,0.0002927000168710947,1.2200092896819115e-05,3.1100003980100155e-05,9.900075383484364e-06,0.009336699964478612,0.00030070007778704166,0.00022430007811635733,9.7999582067132e-06,0.03814010019414127
