percentage,execution,k_s_sup,s_k_sub,t_k_sup,ns_s_sup,s_ns_sub,r_ar_sup,ar_r_sub,ns_sub_r,ks_sf_in,sub_r_r,n_r_t,ns_s_spe,nk_k_sup,s_nsup_k,nrs_ns_r,total_time
20,9,0.009690200007753447,0.0001517999917268753,9.729999874252826e-05,0.003461000000243075,0.00014940000255592167,0.014818199997534975,1.2799995602108538e-05,0.000308599992422387,1.2300006346777081e-05,2.680000034160912e-05,9.800001862458885e-06,0.011682399999699555,0.00030519999563694,0.00022309999621938914,9.399998816661537e-06,0.04095829998550471
