percentage,execution,k_s_sup,s_k_sub,t_k_sup,ns_s_sup,s_ns_sub,r_ar_sup,ar_r_sub,ns_sub_r,ks_sf_in,sub_r_r,n_r_t,ns_s_spe,nk_k_sup,s_nsup_k,nrs_ns_r,total_time
90,4,0.027529299957677722,0.0015565999783575535,0.000723700039088726,0.012829900020733476,0.001559399999678135,0.04050880006980151,0.0009006001055240631,0.002937900018878281,0.00024449999909847975,2.8399983420968056e-05,9.599956683814526e-06,0.027995600015856326,0.0008087999885901809,0.0005928999744355679,7.6000578701496124e-06,0.11823360016569495
