percentage,execution,k_s_sup,s_k_sub,t_k_sup,ns_s_sup,s_ns_sub,r_ar_sup,ar_r_sub,ns_sub_r,ks_sf_in,sub_r_r,n_r_t,ns_s_spe,nk_k_sup,s_nsup_k,nrs_ns_r,total_time
70,9,0.029775100003462285,0.003945499993278645,0.009894500006339513,0.010867999997572042,0.007229500013636425,0.042493299988564104,0.0013079999771434814,0.0004301000008126721,0.000335000004270114,4.020000051241368e-05,1.8799997633323073e-05,0.040375299999141134,0.008524400007445365,0.002286000002641231,1.650000922381878e-05,0.15754020000167657
