percentage,execution,k_s_sup,s_k_sub,t_k_sup,ns_s_sup,s_ns_sub,r_ar_sup,ar_r_sub,ns_sub_r,ks_sf_in,sub_r_r,n_r_t,ns_s_spe,nk_k_sup,s_nsup_k,nrs_ns_r,total_time
40,4,0.02674300002399832,0.0022229000460356474,0.005651500076055527,0.013442099909298122,0.0054818999487906694,0.04094119998626411,3.529991954565048e-05,0.00065510009881109,2.5600078515708447e-05,5.759997293353081e-05,1.950003206729889e-05,0.03286759997718036,0.006825999938882887,0.0006606000242754817,1.889991108328104e-05,0.13564879994373769
