percentage,execution,ar_r_sub,k_s_sup,ks_sf_in,n_r_t,nk_k_sup,nrs_ns_r,ns_s_spe,ns_s_sup,ns_sub_r,r_ar_sup,s_k_sub,s_ns_sub,s_nsup_k,sub_r_r,t_k_sup,total_time
60,9,0.0013561001978814602,0.038090800400823355,0.0003382996656000614,1.8699560314416885e-05,0.008647799957543612,1.5900470316410065e-05,0.03983569983392954,0.011049000080674887,0.0039401003159582615,0.045443900395184755,0.004015000071376562,0.007079600356519222,0.002236500382423401,3.9999838918447495e-05,0.01024280022829771,0.1723502017557621
