percentage,execution,ar_r_sub,k_s_sup,ks_sf_in,n_r_t,nk_k_sup,nrs_ns_r,ns_s_spe,ns_s_sup,ns_sub_r,r_ar_sup,s_k_sub,s_ns_sub,s_nsup_k,sub_r_r,t_k_sup,total_time
20,6,1.2500000593718141e-05,0.01913609999974142,1.2500002412707545e-05,9.0000012278324e-06,6.999998731771484e-06,8.799999704933725e-06,0.012847899999542278,0.004063300000780146,0.0005224999986239709,0.014470099999016384,0.00019320000137668103,0.00021299999934853986,5.800000508315861e-06,2.4900000425986946e-05,0.00021939999896858353,0.05174600000100327
