percentage,execution,k_s_sup,s_k_sub,t_k_sup,ns_s_sup,s_ns_sub,r_ar_sup,ar_r_sub,ns_sub_r,ks_sf_in,sub_r_r,n_r_t,ns_s_spe,nk_k_sup,s_nsup_k,nrs_ns_r,total_time
70,4,0.04571090009994805,0.0014981001149863005,0.0006253998726606369,0.012401500018313527,0.0014787999680265784,0.04843680001795292,0.000952600035816431,0.009364600060507655,0.00022759998682886362,2.889998722821474e-05,1.3999990187585354e-05,0.028557599987834692,0.000804099952802062,0.0006924000335857272,7.79994297772646e-06,0.15080110006965697
