percentage,execution,ar_r_sub,k_s_sup,ks_sf_in,n_r_t,nk_k_sup,nrs_ns_r,ns_s_spe,ns_s_sup,ns_sub_r,r_ar_sup,s_k_sub,s_ns_sub,s_nsup_k,sub_r_r,t_k_sup,total_time
60,8,0.001687500043772161,0.044112700037658215,0.00044350000098347664,1.889991108328104e-05,0.007377400062978268,1.600012183189392e-05,0.04821469995658845,0.020113499835133553,0.006308000069111586,0.06020659999921918,0.00391470012255013,0.006948100053705275,0.0013529998250305653,5.219993181526661e-05,0.005491900024935603,0.2062586999963969
