percentage,execution,ar_r_sub,k_s_sup,ks_sf_in,n_r_t,nk_k_sup,nrs_ns_r,ns_s_spe,ns_s_sup,ns_sub_r,r_ar_sup,s_k_sub,s_ns_sub,s_nsup_k,sub_r_r,t_k_sup,total_time
40,9,2.029999996011611e-05,0.04893099999935657,1.9699999029398896e-05,1.0399999155197293e-05,7.899998308857903e-06,7.79999936639797e-06,0.021568200001638616,0.014280100000178209,0.009314099999755854,0.04705400000057125,0.0006456999981310219,0.0006763000001228647,6.199999916134402e-06,3.9799999285605736e-05,0.0007308999993256293,0.14331239999410172
