percentage,execution,ar_r_sub,k_s_sup,ks_sf_in,n_r_t,nk_k_sup,nrs_ns_r,ns_s_spe,ns_s_sup,ns_sub_r,r_ar_sup,s_k_sub,s_ns_sub,s_nsup_k,sub_r_r,t_k_sup,total_time
60,1,0.0012696000012510922,0.04221230000075593,0.00034889999915321823,9.299999874201603e-06,0.000501500000609667,8.099999831756577e-06,0.02370580000024347,0.01868119999926421,0.008846300001096097,0.04898239999965881,0.0019088000008196104,0.001905899998746463,0.00036539999928209,3.94000016967766e-05,0.0008078999981080415,0.14959280000039143
