percentage,execution,ar_r_sub,k_s_sup,ks_sf_in,n_r_t,nk_k_sup,nrs_ns_r,ns_s_spe,ns_s_sup,ns_sub_r,r_ar_sup,s_k_sub,s_ns_sub,s_nsup_k,sub_r_r,t_k_sup,total_time
70,10,0.0008824001997709274,0.03468990046530962,0.000238100066781044,9.80030745267868e-06,0.0011033001355826855,8.299946784973145e-06,0.02736120019108057,0.012192999944090843,0.003653399646282196,0.04286300018429756,0.0014217998832464218,0.001417200081050396,0.0008175000548362732,2.8300099074840546e-05,0.0005036997608840466,0.12719090096652508
