percentage,execution,ar_r_sub,k_s_sup,ks_sf_in,n_r_t,nk_k_sup,nrs_ns_r,ns_s_spe,ns_s_sup,ns_sub_r,r_ar_sup,s_k_sub,s_ns_sub,s_nsup_k,sub_r_r,t_k_sup,total_time
40,1,0.0018306998535990715,0.04571670014411211,0.0005112006328999996,1.9199680536985397e-05,0.00873839994892478,1.750001683831215e-05,0.03640160011127591,0.015098500531166792,0.004318799823522568,0.05315419984981418,0.009416399989277124,0.0241281995549798,0.002420600038021803,5.8199744671583176e-05,0.015348200220614672,0.2171784001402557
