percentage,execution,ar_r_sub,k_s_sup,ks_sf_in,n_r_t,nk_k_sup,nrs_ns_r,ns_s_spe,ns_s_sup,ns_sub_r,r_ar_sup,s_k_sub,s_ns_sub,s_nsup_k,sub_r_r,t_k_sup,total_time
40,7,9.60000033956021e-06,8.200000229408033e-05,9.199997293762863e-06,4.900000931229442e-06,0.000656100000924198,5.600000804406591e-06,4.300000000512227e-06,9.699999282020144e-06,9.399998816661537e-06,0.0009102999993046978,0.004505899998548557,0.014183700001012767,0.0005492000000231201,1.1300000551273115e-05,0.0021230000002105953,0.02307420000033744
