percentage,execution,ar_r_sub,k_s_sup,ks_sf_in,n_r_t,nk_k_sup,nrs_ns_r,ns_s_spe,ns_s_sup,ns_sub_r,r_ar_sup,s_k_sub,s_ns_sub,s_nsup_k,sub_r_r,t_k_sup,total_time
80,2,0.0002553000003899797,7.899999945948366e-05,1.1099999937869143e-05,6.900000698806252e-06,0.0024969999994937098,5.7999995988211595e-06,0.001139300000431831,7.950000053824624e-05,2.0000006770715117e-06,0.01347520000035729,0.016630699999950593,0.02667979999932868,0.002216900000348687,1.5300000086426735e-05,0.0027682999998432933,0.06586210000114079
