percentage,execution,k_s_sup,s_k_sub,t_k_sup,ns_s_sup,s_ns_sub,r_ar_sup,ar_r_sub,ns_sub_r,ks_sf_in,sub_r_r,n_r_t,ns_s_spe,nk_k_sup,s_nsup_k,nrs_ns_r,total_time
90,2,8.3099992480129e-05,0.018497500001103617,0.002665300009539351,8.040000102482736e-05,0.02456210000673309,0.013754300001892261,0.00019589999283198267,1.9000144675374031e-06,1.1199997970834374e-05,1.6599995433352888e-05,7.099995855242014e-06,0.0011268000089330599,0.002614600001834333,0.0023615999962203205,5.999987479299307e-06,0.06598440000379924
