percentage,execution,k_s_sup,s_k_sub,t_k_sup,ns_s_sup,s_ns_sub,r_ar_sup,ar_r_sub,ns_sub_r,ks_sf_in,sub_r_r,n_r_t,ns_s_spe,nk_k_sup,s_nsup_k,nrs_ns_r,total_time
60,10,8.209999941755086e-05,0.018092900005285628,0.003449199997703545,7.770000956952572e-05,0.03827439999440685,0.006950099996174686,0.0001979000080609694,1.7999991541728377e-06,1.1100011761300266e-05,1.5099998563528061e-05,7.099995855242014e-06,0.0012281000090297312,0.0026366999954916537,0.0023176999966381118,6.50000583846122e-06,0.07334840002295095
