percentage,execution,ar_r_sub,k_s_sup,ks_sf_in,n_r_t,nk_k_sup,nrs_ns_r,ns_s_spe,ns_s_sup,ns_sub_r,r_ar_sup,s_k_sub,s_ns_sub,s_nsup_k,sub_r_r,t_k_sup,total_time
40,7,0.00015890004578977823,9.410001803189516e-05,1.1900090612471104e-05,7.79994297772646e-06,0.003015700029209256,7.999944500625134e-06,5.599926225841045e-06,1.1600088328123093e-05,2.200016751885414e-06,0.0035793001297861338,0.020304700010456145,0.051754800137132406,0.0025595000479370356,1.680001150816679e-05,0.0030308999121189117,0.0845618003513664
