percentage,execution,ar_r_sub,k_s_sup,ks_sf_in,n_r_t,nk_k_sup,nrs_ns_r,ns_s_spe,ns_s_sup,ns_sub_r,r_ar_sup,s_k_sub,s_ns_sub,s_nsup_k,sub_r_r,t_k_sup,total_time
80,1,0.00033139996230602264,1.1899974197149277e-05,1.12997367978096e-05,7.300172001123428e-06,0.00322150019928813,5.899928510189056e-06,5.2996911108493805e-06,1.0600313544273376e-05,1.8998980522155762e-06,0.015461600385606289,0.009253399912267923,0.012688000220805407,0.0022742999717593193,1.5600118786096573e-05,1.1899508535861969e-05,0.04331189999356866
