percentage,execution,ar_r_sub,k_s_sup,ks_sf_in,n_r_t,nk_k_sup,nrs_ns_r,ns_s_spe,ns_s_sup,ns_sub_r,r_ar_sup,s_k_sub,s_ns_sub,s_nsup_k,sub_r_r,t_k_sup,total_time
90,5,0.00028529996052384377,9.039998985826969e-05,1.2999982573091984e-05,7.899943739175797e-06,0.002919799997471273,6.800051778554916e-06,0.0012678999919444323,8.599995635449886e-05,2.100015990436077e-06,0.013365899911150336,0.01987720001488924,0.026728599914349616,0.002533000078983605,1.670012716203928e-05,0.002968599903397262,0.07016919984016567
