percentage,execution,ar_r_sub,k_s_sup,ks_sf_in,n_r_t,nk_k_sup,nrs_ns_r,ns_s_spe,ns_s_sup,ns_sub_r,r_ar_sup,s_k_sub,s_ns_sub,s_nsup_k,sub_r_r,t_k_sup,total_time
30,9,9.019998833537102e-05,1.2899981811642647e-05,1.200009137392044e-05,7.999944500625134e-06,0.0028630999149754643,8.200062438845634e-06,6.400048732757568e-06,1.1599971912801266e-05,2.300017513334751e-06,0.0117007001535967,0.006993200047872961,0.02493240009061992,0.001974600018002093,1.719989813864231e-05,1.2800097465515137e-05,0.048645600327290595
