percentage,execution,k_s_sup,s_k_sub,t_k_sup,ns_s_sup,s_ns_sub,r_ar_sup,ar_r_sub,ns_sub_r,ks_sf_in,sub_r_r,n_r_t,ns_s_spe,nk_k_sup,s_nsup_k,nrs_ns_r,total_time
70,9,8.270001853816211e-05,0.01684569998178631,0.0026919000083580613,8.060000254772604e-05,0.03385430001071654,0.012021600006846711,0.00026020000223070383,2.3999891709536314e-06,1.1600001016631722e-05,1.6099991626106203e-05,7.299997378140688e-06,0.001302500008023344,0.0026470000011613593,0.0025868000084301457,6.399990525096655e-06,0.072417100018356
