percentage,execution,ar_r_sub,k_s_sup,ks_sf_in,n_r_t,nk_k_sup,nrs_ns_r,ns_s_spe,ns_s_sup,ns_sub_r,r_ar_sup,s_k_sub,s_ns_sub,s_nsup_k,sub_r_r,t_k_sup,total_time
60,2,1.0100000508828089e-05,8.309999975608662e-05,9.199999112752266e-06,5.500000042957254e-06,0.0005124999997860868,5.300000339047983e-06,4.800000169780105e-06,1.0099999599333387e-05,1.700001121207606e-06,0.005830699999023636,0.003120399999716028,0.0029628000002048793,0.0004312999999456224,1.1999999514955562e-05,0.0018591999996715458,0.014858699998512748
