percentage,execution,ar_r_sub,k_s_sup,ks_sf_in,n_r_t,nk_k_sup,nrs_ns_r,ns_s_spe,ns_s_sup,ns_sub_r,r_ar_sup,s_k_sub,s_ns_sub,s_nsup_k,sub_r_r,t_k_sup,total_time
20,1,0.0001322999996773433,1.0800000382005237e-05,9.999999747378752e-06,6.699999175907578e-06,0.001240499999767053,7.0000005507608876e-06,4.800000169780105e-06,9.800000043469481e-06,1.6999993022182025e-06,0.004225000000587897,0.0017913000001499313,0.007723600000645092,0.0008698999999978696,1.4700000974698924e-05,1.1299998732283711e-05,0.01605939999990369
