percentage,execution,ar_r_sub,k_s_sup,ks_sf_in,n_r_t,nk_k_sup,nrs_ns_r,ns_s_spe,ns_s_sup,ns_sub_r,r_ar_sup,s_k_sub,s_ns_sub,s_nsup_k,sub_r_r,t_k_sup,total_time
40,7,0.00013910001143813133,1.1100433766841888e-05,1.0999850928783417e-05,7.000286132097244e-06,0.002212699968367815,7.300172001123428e-06,0.0011773998849093914,7.720012217760086e-05,2.00001522898674e-06,0.005544300191104412,0.0068026999942958355,0.019355300813913345,0.001621099654585123,1.5700235962867737e-05,1.180032268166542e-05,0.03699570195749402
