percentage,execution,k_s_sup,s_k_sub,t_k_sup,ns_s_sup,s_ns_sub,r_ar_sup,ar_r_sub,ns_sub_r,ks_sf_in,sub_r_r,n_r_t,ns_s_spe,nk_k_sup,s_nsup_k,nrs_ns_r,total_time
60,5,8.510002226103097e-05,0.017138700000941753,0.0026926999998977408,8.629998774267733e-05,0.035823500002152286,0.009467900003073737,0.0002700000040931627,2.1000014385208488e-06,1.1199997970834374e-05,1.5199999324977398e-05,7.299997378140688e-06,0.001264999998966232,0.0026331999979447573,0.0022638000082224607,6.700007361359894e-06,0.07176870002876967
