percentage,execution,ar_r_sub,k_s_sup,ks_sf_in,n_r_t,nk_k_sup,nrs_ns_r,ns_s_spe,ns_s_sup,ns_sub_r,r_ar_sup,s_k_sub,s_ns_sub,s_nsup_k,sub_r_r,t_k_sup,total_time
40,4,0.0001385994255542755,1.1399853974580765e-05,1.0699965059757233e-05,7.200054824352264e-06,0.001475099939852953,7.0999376475811005e-06,0.0011374996975064278,7.460033521056175e-05,1.6996636986732483e-06,0.00529870018362999,0.003148600459098816,0.009251399897038937,0.0010782000608742237,1.54995359480381e-05,1.12997367978096e-05,0.021667598746716976
