percentage,execution,k_s_sup,s_k_sub,t_k_sup,ns_s_sup,s_ns_sub,r_ar_sup,ar_r_sub,ns_sub_r,ks_sf_in,sub_r_r,n_r_t,ns_s_spe,nk_k_sup,s_nsup_k,nrs_ns_r,total_time
20,5,1.0299991117790341e-05,0.00013800000306218863,9.900002623908222e-06,7.300000288523734e-05,0.0001297999988310039,7.369999366346747e-05,0.00012910000805277377,1.7999991541728377e-06,9.900002623908222e-06,1.4499993994832039e-05,6.699992809444666e-06,0.0011717000015778467,0.0004621999978553504,0.0003284000122221187,6.800008122809231e-06,0.0025658000085968524
