percentage,execution,k_s_sup,s_k_sub,t_k_sup,ns_s_sup,s_ns_sub,r_ar_sup,ar_r_sub,ns_sub_r,ks_sf_in,sub_r_r,n_r_t,ns_s_spe,nk_k_sup,s_nsup_k,nrs_ns_r,total_time
10,9,1.0800009476952255e-05,0.006276799977058545,1.1500000255182385e-05,9.99998883344233e-06,0.029325900017283857,0.005280899989884347,1.0899995686486363e-05,1.8999999156221747e-06,1.0299991117790341e-05,1.580000389367342e-05,7.000009645707905e-06,4.999994416721165e-06,0.002259599990793504,0.0016176000062841922,7.599999662488699e-06,0.04485159997420851
