percentage,execution,ar_r_sub,k_s_sup,ks_sf_in,n_r_t,nk_k_sup,nrs_ns_r,ns_s_spe,ns_s_sup,ns_sub_r,r_ar_sup,s_k_sub,s_ns_sub,s_nsup_k,sub_r_r,t_k_sup,total_time
20,1,8.930009789764881e-05,1.219986006617546e-05,1.1900090612471104e-05,7.900060154497623e-06,0.0008553999941796064,1.179997343569994e-05,6.00004568696022e-06,1.079996582120657e-05,2.400018274784088e-06,0.00989399990066886,0.0002482999116182327,0.00022000004537403584,0.0006075999699532986,1.7100130207836628e-05,1.2099859304726124e-05,0.01200679992325604
