percentage,execution,ar_r_sub,k_s_sup,ks_sf_in,n_r_t,nk_k_sup,nrs_ns_r,ns_s_spe,ns_s_sup,ns_sub_r,r_ar_sup,s_k_sub,s_ns_sub,s_nsup_k,sub_r_r,t_k_sup,total_time
40,2,0.00029449991416186094,1.2800097465515137e-05,1.1599971912801266e-05,7.79994297772646e-06,0.0026732999831438065,7.79994297772646e-06,5.700043402612209e-06,1.1599971912801266e-05,2.09989957511425e-06,0.005781500018201768,0.007214900106191635,0.02066959987860173,0.0019392999820411205,1.759990118443966e-05,1.3299984857439995e-05,0.0386633996386081
