percentage,execution,k_s_sup,s_k_sub,t_k_sup,ns_s_sup,s_ns_sub,r_ar_sup,ar_r_sub,ns_sub_r,ks_sf_in,sub_r_r,n_r_t,ns_s_spe,nk_k_sup,s_nsup_k,nrs_ns_r,total_time
30,4,1.1500000255182385e-05,0.0032162999996216968,1.1600001016631722e-05,1.0599993402138352e-05,0.009269999995012768,0.008357300001080148,7.79999973019585e-05,1.8999853637069464e-06,1.0499992640689015e-05,1.5600002370774746e-05,6.999995093792677e-06,5.199995939619839e-06,0.0014855000044917688,0.0010328999924240634,7.199996616691351e-06,0.02352109995263163
