percentage,execution,ar_r_sub,k_s_sup,ks_sf_in,n_r_t,nk_k_sup,nrs_ns_r,ns_s_spe,ns_s_sup,ns_sub_r,r_ar_sup,s_k_sub,s_ns_sub,s_nsup_k,sub_r_r,t_k_sup,total_time
30,3,0.00013650022447109222,8.410029113292694e-05,1.0799616575241089e-05,6.9998204708099365e-06,0.002620900049805641,6.9998204708099365e-06,5.000270903110504e-06,1.0699965059757233e-05,1.6996636986732483e-06,0.0024745999835431576,0.01770660001784563,0.04925349960103631,0.0022856998257339,1.5600118786096573e-05,0.0027209999971091747,0.07734069926664233
