execution,ar_r_sub,k_s_sup,ks_sf_in,n_r_t,nk_k_sup,nrs_ns_r,ns_s_spe,ns_s_sup,ns_sub_r,r_ar_sup,s_k_sub,s_ns_sub,s_nsup_k,sub_r_r,t_k_sup,total_time
1,8.999835699796677e-06,8.50004144012928e-05,9.200535714626312e-06,4.599802196025848e-06,0.00016700010746717453,5.1995739340782166e-06,4.500150680541992e-06,9.499955922365189e-06,1.80024653673172e-06,8.150003850460052e-05,0.0010203002020716667,0.004328499548137188,0.00013269996270537376,1.0100193321704865e-05,0.0010851998813450336,0.006954100448638201
2,8.570030331611633e-05,1.039961352944374e-05,9.599607437849045e-06,5.5995769798755646e-06,0.0002487003803253174,5.600042641162872e-06,4.600267857313156e-06,9.400304406881332e-06,2.299901098012924e-06,9.599607437849045e-06,8.569983765482903e-05,8.79000872373581e-05,0.0001437002792954445,1.0999850928783417e-05,9.899958968162537e-06,0.000729699619114399
