execution,ar_r_sub,k_s_sup,ks_sf_in,n_r_t,nk_k_sup,nrs_ns_r,ns_s_spe,ns_s_sup,ns_sub_r,r_ar_sup,s_k_sub,s_ns_sub,s_nsup_k,sub_r_r,t_k_sup,total_time
1,9.999610483646393e-06,0.004343400243669748,9.29972156882286e-06,5.700159817934036e-06,5.600042641162872e-06,5.200039595365524e-06,0.000559699721634388,7.720012217760086e-05,2.0996667444705963e-06,0.002959799487143755,7.860036566853523e-05,7.490022107958794e-05,4.800036549568176e-06,1.1499505490064621e-05,9.390059858560562e-05,0.008241699542850256
2,1.0599847882986069e-05,8.769985288381577e-05,1.039961352944374e-05,5.899928510189056e-06,0.0008470998145639896,6.299931555986404e-06,4.90015372633934e-06,1.0200310498476028e-05,2.200249582529068e-06,8.590007200837135e-05,0.005170399788767099,0.023673000279814005,0.0006956998258829117,1.3499986380338669e-05,0.004169600084424019,0.0347933997400105
3,1.0800082236528397e-05,0.004417600110173225,9.700190275907516e-06,5.7998113334178925e-06,6.1998143792152405e-06,5.600042641162872e-06,0.000589500181376934,9.310012683272362e-05,2.200249582529068e-06,0.0030088000930845737,8.139992132782936e-05,7.589999586343765e-05,5.600042641162872e-06,1.2099742889404297e-05,0.00010040029883384705,0.008424700703471899
4,1.1799857020378113e-05,0.00998149998486042,1.090019941329956e-05,6.00004568696022e-06,6.00004568696022e-06,5.700159817934036e-06,0.0011864001862704754,0.0010758000425994396,2.299901098012924e-06,0.006458799820393324,8.479971438646317e-05,8.390005677938461e-05,5.200039595365524e-06,1.3999640941619873e-05,0.00011220015585422516,0.019045299850404263
5,1.0200310498476028e-05,0.0045150998048484325,9.600073099136353e-06,5.899928510189056e-06,0.0002122996374964714,6.00004568696022e-06,0.0005744998343288898,8.240016177296638e-05,1.900363713502884e-06,0.002989300061017275,0.000968600157648325,0.004277500323951244,0.00018789991736412048,1.1799857020378113e-05,0.0019284998998045921,0.01578150037676096
6,1.200009137392044e-05,0.004874399863183498,1.0500196367502213e-05,6.1998143792152405e-06,6.400048732757568e-06,6.200280040502548e-06,0.0006422000005841255,0.00010050041601061821,2.500135451555252e-06,0.0034651001915335655,8.960021659731865e-05,9.490037336945534e-05,5.3998082876205444e-06,1.3799872249364853e-05,0.00014950009062886238,0.009479201398789883
