execution,ar_r_sub,k_s_sup,ks_sf_in,n_r_t,nk_k_sup,nrs_ns_r,ns_s_spe,ns_s_sup,ns_sub_r,r_ar_sup,s_k_sub,s_ns_sub,s_nsup_k,sub_r_r,t_k_sup,total_time
1,1.0900082997977734e-05,1.0900082997977734e-05,1.0599847882986069e-05,5.500041879713535e-06,0.00022909999825060368,6.00004568696022e-06,4.900037311017513e-06,9.800074622035027e-06,1.9000144675374031e-06,0.0026849000714719296,8.840009104460478e-05,9.150011464953423e-05,0.0001458000624552369,1.1799857020378113e-05,1.0499963536858559e-05,0.003322500386275351
2,9.999843314290047e-06,9.049999061971903e-05,1.0499963536858559e-05,5.400041118264198e-06,0.0003464000765234232,5.900044925510883e-06,4.900037311017513e-06,1.0200077667832375e-05,2.00001522898674e-06,9.039998985826969e-05,0.00206809991504997,0.009330600150860846,0.00028170004952698946,1.1299853213131428e-05,0.0021973999682813883,0.014465300017036498
3,1.070008147507906e-05,1.070008147507906e-05,1.0300078429281712e-05,5.799927748739719e-06,0.00022709998302161694,5.600042641162872e-06,4.899920895695686e-06,9.300070814788342e-06,2.100015990436077e-06,0.002636800054460764,8.779997006058693e-05,8.850009180605412e-05,0.00014849996659904718,1.179997343569994e-05,1.0400079190731049e-05,0.0032703003380447626
