execution,k_s_sup,s_k_sub,t_k_sup,ns_s_sup,s_ns_sub,r_ar_sup,ar_r_sub,ns_sub_r,ks_sf_in,sub_r_r,n_r_t,ns_s_spe,nk_k_sup,s_nsup_k,nrs_ns_r,total_time
1,7.690006168559194e-05,0.0009221999789588153,0.001101000001654029,8.600007276982069e-06,0.00391300005139783,9.23000043258071e-05,8.399947546422482e-06,1.700012944638729e-06,8.400005754083395e-06,9.000010322779417e-06,4.299974534660578e-06,4.00003045797348e-06,0.00014789996203035116,0.00011689995881170034,4.800036549568176e-06,0.006419400044251233
2,0.004106499953195453,7.789995288476348e-05,9.470002260059118e-05,7.219996768981218e-05,7.660000119358301e-05,0.0027338999789208174,9.100011084228754e-06,2.0999577827751637e-06,8.800008799880743e-06,9.499955922365189e-06,4.799978341907263e-06,0.00038049998693168163,1.610000617802143e-05,6.100046448409557e-06,6.299989763647318e-06,0.007605099817737937
