execution,k_s_sup,s_k_sub,t_k_sup,ns_s_sup,s_ns_sub,r_ar_sup,ar_r_sub,ns_sub_r,ks_sf_in,sub_r_r,n_r_t,ns_s_spe,nk_k_sup,s_nsup_k,nrs_ns_r,total_time
1,0.00013880006736144423,0.002057099947705865,0.0025736999814398587,9.600014891475439e-06,0.008559600042644888,7.92999635450542e-05,8.700008038431406e-06,2.300017513334751e-06,9.300012607127428e-06,1.1100026313215494e-05,5.099980626255274e-06,4.599976819008589e-06,0.00031859998125582933,0.00025569996796548367,5.399982910603285e-06,0.014038899971637875
2,9.499955922365189e-06,8.14999220892787e-05,9.699957445263863e-06,9.09995287656784e-06,8.47000046633184e-05,0.00288320000981912,1.0100018698722124e-05,1.800013706088066e-06,9.599956683814526e-06,1.1199968867003918e-05,5.399982910603285e-06,4.499976057559252e-06,0.00021039997227489948,0.00013319996651262045,5.599984433501959e-06,0.003469499642960727
3,1.0599964298307896e-05,8.730002446100116e-05,1.0399962775409222e-05,9.200011845678091e-06,8.369999704882503e-05,0.0029489000444300473,1.1300027836114168e-05,2.100015990436077e-06,1.0400079190731049e-05,1.2299977242946625e-05,6.099988240748644e-06,5.100038833916187e-06,0.00024259998463094234,0.000152900000102818,5.800044164061546e-06,0.0035987001610919833
