execution,k_s_sup,s_k_sub,t_k_sup,ns_s_sup,s_ns_sub,r_ar_sup,ar_r_sub,ns_sub_r,ks_sf_in,sub_r_r,n_r_t,ns_s_spe,nk_k_sup,s_nsup_k,nrs_ns_r,total_time
1,9.200011845678091e-06,7.720006396993995e-05,8.800008799880743e-06,8.400005754083395e-06,7.479998748749495e-05,0.0023947999579831958,9.399955160915852e-06,1.700012944638729e-06,9.000010322779417e-06,1.0399962775409222e-05,5.199981387704611e-06,4.400033503770828e-06,0.00020459998631849885,0.00012969999806955457,5.399982910603285e-06,0.0029529999592341483
2,7.709994679316878e-05,0.0017533000209368765,0.0019247999880462885,9.09995287656784e-06,0.008079399995040148,7.499998901039362e-05,8.499948307871819e-06,1.700012944638729e-06,8.699949830770493e-06,1.0300078429281712e-05,4.799978341907263e-06,4.499976057559252e-06,0.00029880000511184335,0.00024019996635615826,5.099980626255274e-06,0.01250129978870973
3,9.600014891475439e-06,7.82000133767724e-05,9.500014130026102e-06,8.500006515532732e-06,7.889996049925685e-05,0.0025175000191666186,9.90001717582345e-06,3.4999684430658817e-06,1.0899966582655907e-05,1.0600022505968809e-05,5.500041879713535e-06,4.699977580457926e-06,0.00020429998403415084,0.00013020000187680125,5.399982910603285e-06,0.003087199991568923
