execution,ar_r_sub,k_s_sup,ks_sf_in,n_r_t,nk_k_sup,nrs_ns_r,ns_s_spe,ns_s_sup,ns_sub_r,r_ar_sup,s_k_sub,s_ns_sub,s_nsup_k,sub_r_r,t_k_sup,total_time
1,9.999959729611874e-06,8.739996701478958e-05,9.899958968162537e-06,8.400063961744308e-06,0.0005011000903323293,6.200047209858894e-06,5.200039595365524e-06,1.0400079190731049e-05,1.800013706088066e-06,9.029998909682035e-05,0.002800600021146238,0.013580800034105778,0.0004075999604538083,1.1399970389902592e-05,0.0031530000269412994,0.020684100221842527
2,1.079996582120657e-05,1.0299845598638058e-05,1.0200077667832375e-05,5.800044164061546e-06,0.0002245999639853835,5.999929271638393e-06,4.999921657145023e-06,9.600073099136353e-06,1.9000144675374031e-06,0.0026421999791637063,8.849997539073229e-05,8.700008038431406e-05,0.00014759995974600315,1.209997572004795e-05,1.0399846360087395e-05,0.0032719996524974704
3,1.0999967344105244e-05,1.0599964298307896e-05,9.900075383484364e-06,5.700043402612209e-06,0.00022309995256364346,6.00004568696022e-06,4.799920134246349e-06,9.299954399466515e-06,1.9000144675374031e-06,0.002630599890835583,8.470006287097931e-05,8.620007429271936e-05,0.0001436000457033515,1.1699972674250603e-05,1.0199961252510548e-05,0.003249299945309758
4,1.070008147507906e-05,1.1300086043775082e-05,1.00000761449337e-05,5.900044925510883e-06,0.00021770002786070108,5.899928510189056e-06,5.500041879713535e-06,9.200070053339005e-06,1.800013706088066e-06,0.0026067999424412847,8.559995330870152e-05,8.479994721710682e-05,0.00014629994984716177,1.1600088328123093e-05,9.999959729611874e-06,0.003223100211471319
