execution,ar_r_sub,k_s_sup,ks_sf_in,n_r_t,nk_k_sup,nrs_ns_r,ns_s_spe,ns_s_sup,ns_sub_r,r_ar_sup,s_k_sub,s_ns_sub,s_nsup_k,sub_r_r,t_k_sup,total_time
1,9.899958968162537e-06,9.499490261077881e-06,9.60053876042366e-06,5.200039595365524e-06,0.0002101999707520008,5.400273948907852e-06,4.400033503770828e-06,8.599832653999329e-06,1.8998980522155762e-06,0.002402199897915125,8.13002698123455e-05,7.880013436079025e-05,0.0001338999718427658,1.0500196367502213e-05,8.999835699796677e-06,0.0029804003424942493
2,9.300652891397476e-06,8.529983460903168e-05,1.2500211596488953e-05,5.09992241859436e-06,0.0003094002604484558,6.400048732757568e-06,4.4996850192546844e-06,1.0099727660417557e-05,2.00001522898674e-06,8.660042658448219e-05,0.0020078998059034348,0.009222700260579586,0.00025690020993351936,1.0999850928783417e-05,0.0020780996419489384,0.014107800554484129
3,1.0400079190731049e-05,9.899958968162537e-06,9.999610483646393e-06,5.499925464391708e-06,0.00020749960094690323,5.600042641162872e-06,4.70038503408432e-06,9.099487215280533e-06,1.80024653673172e-06,0.0025069997645914555,8.270004764199257e-05,8.310005068778992e-05,0.0001349998638033867,1.1499971151351929e-05,9.699724614620209e-06,0.003093498758971691
