execution,k_s_sup,s_k_sub,t_k_sup,ns_s_sup,s_ns_sub,r_ar_sup,ar_r_sub,ns_sub_r,ks_sf_in,sub_r_r,n_r_t,ns_s_spe,nk_k_sup,s_nsup_k,nrs_ns_r,total_time
1,1.0099844075739384e-05,8.289993274956942e-05,9.800074622035027e-06,8.70006624609232e-06,7.650000043213367e-05,9.699957445263863e-06,7.579999510198832e-05,1.700012944638729e-06,0.00026819994673132896,1.200009137392044e-05,5.600042641162872e-06,4.700035788118839e-06,0.00025479996111243963,0.0001841000048443675,5.799927748739719e-06,0.0010103998938575387
2,1.2599979527294636e-05,0.00010460009798407555,9.899958968162537e-06,9.00006853044033e-06,8.100015111267567e-05,9.89984255284071e-06,7.680011913180351e-05,1.9000144675374031e-06,1.2499862350523472e-05,1.4199875295162201e-05,6.200047209858894e-06,4.800036549568176e-06,0.00022249994799494743,0.0001324999611824751,5.900044925510883e-06,0.0007043000077828765
3,8.249992970377207e-05,0.004935899865813553,0.0028848000802099705,1.0100076906383038e-05,0.022165499976836145,8.220004383474588e-05,9.500072337687016e-06,2.00001522898674e-06,1.289986539632082e-05,1.1400086805224419e-05,8.699949830770493e-06,5.00003807246685e-06,0.0008564000017940998,0.0007165999850258231,6.100046448409557e-06,0.03178960003424436
4,1.0100076906383038e-05,7.82000133767724e-05,9.699957445263863e-06,9.09995287656784e-06,7.610011380165815e-05,9.499839507043362e-06,7.610011380165815e-05,1.800013706088066e-06,0.00027469999622553587,1.2499978765845299e-05,5.699926987290382e-06,4.400033503770828e-06,0.0002570000942796469,0.0001808000961318612,6.100046448409557e-06,0.001011800253763795
5,1.0300078429281712e-05,9.789993055164814e-05,1.0100076906383038e-05,9.09995287656784e-06,7.690000347793102e-05,9.699957445263863e-06,0.00014650006778538227,3.00002284348011e-06,0.0005244000349193811,1.4200108125805855e-05,6.300047971308231e-06,4.799920134246349e-06,0.00025839998852461576,0.00012830004561692476,6.199930794537067e-06,0.0013061001664027572
6,1.6600009985268116e-05,0.0028155000181868672,1.6900012269616127e-05,1.5600002370774746e-05,0.008857199922204018,1.7200014553964138e-05,0.012820900068618357,2.9999064281582832e-06,0.0005988000193610787,2.52000754699111e-05,1.7700018361210823e-05,1.0499963536858559e-05,0.0014352999860420823,0.000646500033326447,0.0003081000177189708,0.027605000068433583
