execution,k_s_sup,s_k_sub,t_k_sup,ns_s_sup,s_ns_sub,r_ar_sup,ar_r_sub,ns_sub_r,ks_sf_in,sub_r_r,n_r_t,ns_s_spe,nk_k_sup,s_nsup_k,nrs_ns_r,total_time
1,8.169998181983829e-05,0.002117800002451986,0.0019580000080168247,9.000010322779417e-06,0.008148399996571243,0.00010869995458051562,1.1599971912801266e-05,6.399990525096655e-06,1.2899981811642647e-05,1.5899946447461843e-05,8.600007276982069e-06,7.800001185387373e-06,0.00040169997373595834,0.00024640001356601715,5.400041118264198e-06,0.013140299881342798
2,8.90000956133008e-06,7.890001870691776e-05,8.70006624609232e-06,8.199946023523808e-06,7.230002665892243e-05,0.002330399991478771,9.499955922365189e-06,1.700012944638729e-06,8.79995059221983e-06,9.90001717582345e-06,5.099980626255274e-06,4.299974534660578e-06,0.00019510003039613366,0.00012590002734214067,4.900037311017513e-06,0.0028726000455208123
3,8.899951353669167e-06,7.559999357908964e-05,8.700008038431406e-06,8.100003469735384e-06,7.240002742037177e-05,0.0023884999682195485,9.200011845678091e-06,1.7999554984271526e-06,9.000010322779417e-06,1.0100018698722124e-05,5.099980626255274e-06,4.099973011761904e-06,0.00019719998817890882,0.0001268000341951847,5.200039595365524e-06,0.002930699964053929
