execution,k_s_sup,s_k_sub,t_k_sup,ns_s_sup,s_ns_sub,r_ar_sup,ar_r_sub,ns_sub_r,ks_sf_in,sub_r_r,n_r_t,ns_s_spe,nk_k_sup,s_nsup_k,nrs_ns_r,total_time
1,7.759989239275455e-05,0.0009404000593349338,0.001005799975246191,9.300070814788342e-06,0.004044199944473803,7.750000804662704e-05,8.899951353669167e-06,1.6998965293169022e-06,8.79995059221983e-06,9.599956683814526e-06,4.500034265220165e-06,7.2999391704797745e-06,0.00015320000238716602,0.00012850004713982344,5.400041118264198e-06,0.006482699769549072
2,8.600065484642982e-06,7.60998809710145e-05,9.00006853044033e-06,8.79995059221983e-06,8.079991675913334e-05,1.1399970389902592e-05,8.439994417130947e-05,1.800013706088066e-06,8.599949069321156e-06,9.500072337687016e-06,5.300040356814861e-06,4.09991480410099e-06,0.00022110005374997854,0.00012999994214624166,5.00003807246685e-06,0.0006644998211413622
