execution,ar_r_sub,k_s_sup,ks_sf_in,n_r_t,nk_k_sup,nrs_ns_r,ns_s_spe,ns_s_sup,ns_sub_r,r_ar_sup,s_k_sub,s_ns_sub,s_nsup_k,sub_r_r,t_k_sup,total_time
1,1.0599964298307896e-05,0.004372000112198293,9.800074622035027e-06,5.999929271638393e-06,5.700043402612209e-06,5.500041879713535e-06,0.0005514000076800585,8.099991828203201e-05,1.600012183189392e-06,0.0029758999589830637,8.300004992634058e-05,8.209992665797472e-05,4.999921657145023e-06,1.2100092135369778e-05,9.870005305856466e-05,0.008300400106236339
2,1.0600080713629723e-05,0.008771599968895316,9.900075383484364e-06,6.00004568696022e-06,5.699926987290382e-06,5.700043402612209e-06,0.0011091999476775527,0.00014939997345209122,1.700012944638729e-06,0.00580810010433197,8.200004231184721e-05,7.880013436079025e-05,5.200039595365524e-06,1.1799857020378113e-05,0.00010930001735687256,0.0161650002701208
3,9.200070053339005e-06,9.70007386058569e-06,9.699841029942036e-06,6.00004568696022e-06,5.100038833916187e-06,5.499925464391708e-06,0.0005663000047206879,7.960002403706312e-05,1.800013706088066e-06,7.950002327561378e-05,9.09995287656784e-06,9.199953638017178e-06,4.699919372797012e-06,1.1200085282325745e-05,9.400071576237679e-06,0.0008160000434145331
4,8.70006624609232e-06,9.800074622035027e-06,9.300070814788342e-06,5.400041118264198e-06,5.100038833916187e-06,5.300040356814861e-06,0.0005686000222340226,7.750000804662704e-05,1.700012944638729e-06,7.740000728517771e-05,8.899951353669167e-06,8.899951353669167e-06,4.500034265220165e-06,1.1100084520876408e-05,9.300070814788342e-06,0.0008115004748106003
5,1.009996049106121e-05,0.004386300104670227,9.599956683814526e-06,6.00004568696022e-06,5.300040356814861e-06,5.400041118264198e-06,0.0005490999901667237,8.170015644282103e-05,1.700012944638729e-06,0.0029557000380009413,7.969990838319063e-05,7.539987564086914e-05,5.09992241859436e-06,1.1400086805224419e-05,0.00010350008960813284,0.008286000229418278
6,9.89984255284071e-06,0.004142500110901892,9.09995287656784e-06,5.500041879713535e-06,5.300040356814861e-06,5.300040356814861e-06,0.0005256999284029007,7.609999738633633e-05,1.600012183189392e-06,0.002848200034350157,7.830013055354357e-05,7.35999783501029e-05,4.900037311017513e-06,1.0999967344105244e-05,9.430001955479383e-05,0.00789130013436079
