execution,k_s_sup,s_k_sub,t_k_sup,ns_s_sup,s_ns_sub,r_ar_sup,ar_r_sub,ns_sub_r,ks_sf_in,sub_r_r,n_r_t,ns_s_spe,nk_k_sup,s_nsup_k,nrs_ns_r,total_time
1,0.00401649996638298,7.840001489967108e-05,8.910009637475014e-05,7.410009857267141e-05,7.229996845126152e-05,0.0027790999738499522,9.399955160915852e-06,1.600012183189392e-06,8.399947546422482e-06,9.70007386058569e-06,4.499917849898338e-06,0.0002631000243127346,5.00003807246685e-06,4.600035026669502e-06,4.300032742321491e-06,0.007420100155286491
2,8.500064723193645e-06,7.999828085303307e-06,8.400063961744308e-06,7.419998291879892e-05,8.199946023523808e-06,7.269997149705887e-05,8.100061677396297e-06,2.09989957511425e-06,8.299946784973145e-06,1.0299962013959885e-05,4.899920895695686e-06,0.00029850006103515625,4.699919372797012e-06,4.200031980872154e-06,4.700035788118839e-06,0.0005257996963337064
