percentage,execution,k_s_sup,s_k_sub,t_k_sup,ns_s_sup,s_ns_sub,r_ar_sup,ar_r_sub,ns_sub_r,ks_sf_in,sub_r_r,n_r_t,ns_s_spe,nk_k_sup,s_nsup_k,nrs_ns_r,total_time
90,4,1.0799994925037026e-05,0.001962700000149198,1.0799994925037026e-05,9.300012607127428e-06,0.0018851999921025708,0.003684900002554059,0.001795399992261082,2.00001522898674e-06,0.0010912000143434852,1.270000939257443e-05,6.100002792663872e-06,4.799992893822491e-06,0.0018263999954797328,0.0011966000020038337,5.099995178170502e-06,0.01350400001683738
