percentage,execution,ar_r_sub,k_s_sup,ks_sf_in,n_r_t,nk_k_sup,nrs_ns_r,ns_s_spe,ns_s_sup,ns_sub_r,r_ar_sup,s_k_sub,s_ns_sub,s_nsup_k,sub_r_r,t_k_sup,total_time
80,3,0.002467700280249119,0.005033800378441811,0.0006558001041412354,6.9998204708099365e-06,0.0012749000452458858,5.7998113334178925e-06,0.0007301000878214836,8.239969611167908e-05,1.8998980522155762e-06,0.0036680996417999268,0.006312399636954069,0.006382700055837631,0.0011240998283028603,1.3899989426136017e-05,0.005069100297987461,0.03282969957217574
