percentage,execution,ar_r_sub,k_s_sup,ks_sf_in,n_r_t,nk_k_sup,nrs_ns_r,ns_s_spe,ns_s_sup,ns_sub_r,r_ar_sup,s_k_sub,s_ns_sub,s_nsup_k,sub_r_r,t_k_sup,total_time
90,8,0.0023892000317573547,0.0016898999456316233,0.0006515999557450414,6.09993003308773e-06,0.0015084999613463879,5.600042641162872e-06,0.0007242000428959727,8.270004764199257e-05,2.00001522898674e-06,0.0017167999176308513,0.0023824000963941216,0.002355200005695224,0.0011062000412493944,1.3500102795660496e-05,0.000157299917191267,0.014791200053878129
