percentage,execution,k_s_sup,s_k_sub,t_k_sup,ns_s_sup,s_ns_sub,r_ar_sup,ar_r_sub,ns_sub_r,ks_sf_in,sub_r_r,n_r_t,ns_s_spe,nk_k_sup,s_nsup_k,nrs_ns_r,total_time
40,7,1.0400006431154907e-05,0.0002548999909777194,9.899988071992993e-06,9.100011084228754e-06,0.00024920000578276813,0.0022450000105891377,0.0001967999996850267,1.8999999156221747e-06,0.00026309999520890415,1.3199984095990658e-05,6.200003554113209e-06,4.699992132373154e-06,0.0007581999961985275,0.0004565999988699332,6.200003554113209e-06,0.004485399986151606
