percentage,execution,ar_r_sub,k_s_sup,ks_sf_in,n_r_t,nk_k_sup,nrs_ns_r,ns_s_spe,ns_s_sup,ns_sub_r,r_ar_sup,s_k_sub,s_ns_sub,s_nsup_k,sub_r_r,t_k_sup,total_time
60,8,0.0066142999567091465,0.004893600009381771,0.0004374999552965164,6.00004568696022e-06,0.0012258999049663544,0.00010409997776150703,0.0007394999265670776,7.569976150989532e-05,2.00001522898674e-06,0.0035139000974595547,0.0062865000218153,0.012404500041157007,0.0011155996471643448,1.3499986380338669e-05,0.004902899730950594,0.042335499078035355
