percentage,execution,ar_r_sub,k_s_sup,ks_sf_in,n_r_t,nk_k_sup,nrs_ns_r,ns_s_spe,ns_s_sup,ns_sub_r,r_ar_sup,s_k_sub,s_ns_sub,s_nsup_k,sub_r_r,t_k_sup,total_time
90,1,0.0024301999947056174,0.0017900000093504786,0.0006502000615000725,6.200047209858894e-06,0.0014970999909564853,5.500041879713535e-06,0.0007227000314742327,7.619988173246384e-05,2.399901859462261e-06,0.0016910000704228878,0.0032674999674782157,0.0024009000044316053,0.0011416999623179436,1.3200100511312485e-05,0.00016190006863325834,0.015856700134463608
