percentage,execution,ar_r_sub,k_s_sup,ks_sf_in,n_r_t,nk_k_sup,nrs_ns_r,ns_s_spe,ns_s_sup,ns_sub_r,r_ar_sup,s_k_sub,s_ns_sub,s_nsup_k,sub_r_r,t_k_sup,total_time
60,2,0.00026750052347779274,8.499994874000549e-05,0.0006633996963500977,6.299931555986404e-06,0.0014720000326633453,6.299931555986404e-06,5.000270903110504e-06,1.0400079190731049e-05,1.8998980522155762e-06,0.0016804002225399017,0.007922299671918154,0.02123149996623397,0.001242500264197588,1.309998333454132e-05,0.007001399993896484,0.04160900041460991
