percentage,execution,ar_r_sub,k_s_sup,ks_sf_in,n_r_t,nk_k_sup,nrs_ns_r,ns_s_spe,ns_s_sup,ns_sub_r,r_ar_sup,s_k_sub,s_ns_sub,s_nsup_k,sub_r_r,t_k_sup,total_time
40,2,0.011119700036942959,0.005057400558143854,0.00026220036670565605,6.299931555986404e-06,0.0010844999924302101,0.00020510004833340645,0.0007406002841889858,8.079968392848969e-05,1.8998980522155762e-06,0.0036720004864037037,0.0024978998117148876,0.008811000268906355,0.0008062999695539474,1.3799872249364853e-05,0.00016279984265565872,0.03452230105176568
