percentage,execution,ar_r_sub,k_s_sup,ks_sf_in,n_r_t,nk_k_sup,nrs_ns_r,ns_s_spe,ns_s_sup,ns_sub_r,r_ar_sup,s_k_sub,s_ns_sub,s_nsup_k,sub_r_r,t_k_sup,total_time
90,8,0.0019224999705329537,8.139992132782936e-05,0.001152500044554472,6.00004568696022e-06,0.0014669999945908785,5.500041879713535e-06,5.09992241859436e-06,1.0100076906383038e-05,2.500019036233425e-06,0.0033775001065805554,0.00833260000217706,0.013494899845682085,0.0012673999881371856,1.3199984095990658e-05,0.006998199853114784,0.03813639981672168
