percentage,execution,ar_r_sub,k_s_sup,ks_sf_in,n_r_t,nk_k_sup,nrs_ns_r,ns_s_spe,ns_s_sup,ns_sub_r,r_ar_sup,s_k_sub,s_ns_sub,s_nsup_k,sub_r_r,t_k_sup,total_time
70,2,0.0003162003122270107,8.079968392848969e-05,0.0006925002671778202,5.7998113334178925e-06,0.0014480999670922756,5.700159817934036e-06,4.8996880650520325e-06,1.019984483718872e-05,1.700129359960556e-06,0.0017126002348959446,0.007806300185620785,0.01775699993595481,0.0012268000282347202,1.2800097465515137e-05,0.006996100302785635,0.03807750064879656
