percentage,execution,k_s_sup,s_k_sub,t_k_sup,ns_s_sup,s_ns_sub,r_ar_sup,ar_r_sub,ns_sub_r,ks_sf_in,sub_r_r,n_r_t,ns_s_spe,nk_k_sup,s_nsup_k,nrs_ns_r,total_time
90,2,7.929999264888465e-05,0.008006200005183928,0.0067085000046063215,1.0000003385357559e-05,0.011229999989154749,0.001625200005946681,0.0017663000035099685,1.800013706088066e-06,0.001082599992514588,1.2500007869675756e-05,6.200003554113209e-06,7.800001185387373e-06,0.0014139999984763563,0.0014056999934837222,5.299996701069176e-06,0.03336140001192689
