percentage,execution,ar_r_sub,k_s_sup,ks_sf_in,n_r_t,nk_k_sup,nrs_ns_r,ns_s_spe,ns_s_sup,ns_sub_r,r_ar_sup,s_k_sub,s_ns_sub,s_nsup_k,sub_r_r,t_k_sup,total_time
20,9,0.00012960005551576614,2.6700086891651154e-05,0.0002517999382689595,5.800044164061546e-06,0.0005251000402495265,6.09993003308773e-06,4.699919372797012e-06,8.600065484642982e-06,1.800013706088066e-06,9.7999582067132e-06,0.00014050002209842205,0.00013340008445084095,0.0003842000151053071,1.2300093658268452e-05,9.400071576237679e-06,0.00164980033878237
