percentage,execution,ar_r_sub,k_s_sup,ks_sf_in,n_r_t,nk_k_sup,nrs_ns_r,ns_s_spe,ns_s_sup,ns_sub_r,r_ar_sup,s_k_sub,s_ns_sub,s_nsup_k,sub_r_r,t_k_sup,total_time
10,9,7.479987107217312e-05,1.0400079190731049e-05,9.00006853044033e-06,5.799927748739719e-06,0.00030999991577118635,6.5999338403344154e-06,4.400033503770828e-06,8.70006624609232e-06,1.700012944638729e-06,9.900075383484364e-06,7.82000133767724e-05,7.539987564086914e-05,0.00022500008344650269,1.580000389367342e-05,9.89984255284071e-06,0.0008455998031422496
