percentage,execution,ar_r_sub,k_s_sup,ks_sf_in,n_r_t,nk_k_sup,nrs_ns_r,ns_s_spe,ns_s_sup,ns_sub_r,r_ar_sup,s_k_sub,s_ns_sub,s_nsup_k,sub_r_r,t_k_sup,total_time
60,6,0.0002594003453850746,1.1199619621038437e-05,0.000659099780023098,6.400048732757568e-06,0.0013142996467649937,6.0996972024440765e-06,5.200039595365524e-06,9.600073099136353e-06,1.7997808754444122e-06,0.0039832997135818005,0.0004368000663816929,0.000431000255048275,0.0008883001282811165,1.3600103557109833e-05,1.0799616575241089e-05,0.008036898914724588
