percentage,execution,k_s_sup,s_k_sub,t_k_sup,ns_s_sup,s_ns_sub,r_ar_sup,ar_r_sub,ns_sub_r,ks_sf_in,sub_r_r,n_r_t,ns_s_spe,nk_k_sup,s_nsup_k,nrs_ns_r,total_time
30,4,7.940000796224922e-05,0.008399600003031082,0.007260500002303161,1.0000003385357559e-05,0.03331129999423865,7.749999349471182e-05,0.00013500000932253897,1.6999983927235007e-06,0.00022159999934956431,1.3299984857439995e-05,5.900001269765198e-06,4.799992893822491e-06,0.001455499994335696,0.001306299993302673,6.299989763647318e-06,0.052288699967903085
