percentage,execution,ar_r_sub,k_s_sup,ks_sf_in,n_r_t,nk_k_sup,nrs_ns_r,ns_s_spe,ns_s_sup,ns_sub_r,r_ar_sup,s_k_sub,s_ns_sub,s_nsup_k,sub_r_r,t_k_sup,total_time
20,8,9.430013597011566e-05,8.29002819955349e-05,1.019984483718872e-05,5.8002769947052e-06,0.0014983001165091991,6.800051778554916e-06,4.800036549568176e-06,1.0099727660417557e-05,1.80024653673172e-06,8.109956979751587e-05,0.008543200325220823,0.03861980000510812,0.001262699719518423,1.3499986380338669e-05,0.007150500081479549,0.057385800406336784
