percentage,execution,ar_r_sub,k_s_sup,ks_sf_in,n_r_t,nk_k_sup,nrs_ns_r,ns_s_spe,ns_s_sup,ns_sub_r,r_ar_sup,s_k_sub,s_ns_sub,s_nsup_k,sub_r_r,t_k_sup,total_time
10,7,1.0899733752012253e-05,0.004356499761343002,1.019984483718872e-05,6.6999346017837524e-06,0.0013119000941514969,7.200054824352264e-06,0.0008064000867307186,8.479971438646317e-05,1.900363713502884e-06,0.002917299512773752,0.006090200040489435,0.0264785997569561,0.001165300142019987,1.3600103557109833e-05,0.005250400397926569,0.048511899542063475
