percentage,execution,ar_r_sub,k_s_sup,ks_sf_in,n_r_t,nk_k_sup,nrs_ns_r,ns_s_spe,ns_s_sup,ns_sub_r,r_ar_sup,s_k_sub,s_ns_sub,s_nsup_k,sub_r_r,t_k_sup,total_time
60,8,0.006863700001304096,0.004074400000718015,0.0006356000003506779,6.100000064179767e-06,0.0012289000005694106,0.00010399999973742524,0.0007380999995802995,7.62999998187297e-05,1.7000002117129043e-06,0.002741999999670952,0.006376700000146229,0.00941160000002128,0.0010796999995363876,1.340000017080456e-05,0.005026900000302703,0.038379100002202904
