percentage,execution,ar_r_sub,k_s_sup,ks_sf_in,n_r_t,nk_k_sup,nrs_ns_r,ns_s_spe,ns_s_sup,ns_sub_r,r_ar_sup,s_k_sub,s_ns_sub,s_nsup_k,sub_r_r,t_k_sup,total_time
60,2,0.0062992998864501715,1.1300086043775082e-05,0.001031799940392375,6.300047971308231e-06,0.0014899999368935823,9.829993359744549e-05,4.800036549568176e-06,9.699957445263863e-06,1.9000144675374031e-06,0.002305599977262318,0.0019494000589475036,0.0050851000705733895,0.0010110000148415565,1.3100099749863148e-05,1.079996582120657e-05,0.019328400027006865
