percentage,execution,ar_r_sub,k_s_sup,ks_sf_in,n_r_t,nk_k_sup,nrs_ns_r,ns_s_spe,ns_s_sup,ns_sub_r,r_ar_sup,s_k_sub,s_ns_sub,s_nsup_k,sub_r_r,t_k_sup,total_time
50,10,0.006065600086003542,8.280016481876373e-05,0.0006968998350203037,6.00004568696022e-06,0.0014652996324002743,0.00010009994730353355,5.100388079881668e-06,9.999610483646393e-06,1.80024653673172e-06,0.0009158002212643623,0.008487400133162737,0.024175499565899372,0.0012333998456597328,1.5900004655122757e-05,0.006909799762070179,0.05017139948904514
