percentage,execution,ar_r_sub,k_s_sup,ks_sf_in,n_r_t,nk_k_sup,nrs_ns_r,ns_s_spe,ns_s_sup,ns_sub_r,r_ar_sup,s_k_sub,s_ns_sub,s_nsup_k,sub_r_r,t_k_sup,total_time
60,10,0.000315000000227883,7.850000019971048e-05,0.0006858999995529302,6.100000064179767e-06,0.0014384999994945247,5.800000508315861e-06,4.799999260285404e-06,1.0000000656873453e-05,2.099999619531445e-06,0.0008602000007158495,0.007845900000575057,0.020715099999506492,0.0012127999998483574,1.2799999240087345e-05,0.006885699999656936,0.04007919999912701
