percentage,execution,k_s_sup,s_k_sub,t_k_sup,ns_s_sup,s_ns_sub,r_ar_sup,ar_r_sub,ns_sub_r,ks_sf_in,sub_r_r,n_r_t,ns_s_spe,nk_k_sup,s_nsup_k,nrs_ns_r,total_time
20,10,1.0100004146806896e-05,7.570000889245421e-05,1.1500000255182385e-05,7.330000516958535e-05,7.280000136233866e-05,7.300000288523734e-05,7.140000525396317e-05,1.7999846022576094e-06,0.0002545000024838373,1.3199998647905886e-05,5.800000508315861e-06,0.0007590000022901222,0.0002359000063734129,0.0001680999994277954,6.200003554113209e-06,0.0018323000258533284
