percentage,execution,k_s_sup,s_k_sub,t_k_sup,ns_s_sup,s_ns_sub,r_ar_sup,ar_r_sub,ns_sub_r,ks_sf_in,sub_r_r,n_r_t,ns_s_spe,nk_k_sup,s_nsup_k,nrs_ns_r,total_time
90,9,0.0025064000074053183,0.006334199992124923,0.005069999999250285,8.340000931639224e-05,0.009705700009362772,0.002462300006300211,0.006798100002924912,2.100015990436077e-06,0.0006376999954227358,1.3199998647905886e-05,6.000002031214535e-06,0.0007504000095650554,0.0012739999947370961,0.0011018000077456236,0.0001019000046653673,0.03684720005549025
