percentage,execution,ar_r_sub,k_s_sup,ks_sf_in,n_r_t,nk_k_sup,nrs_ns_r,ns_s_spe,ns_s_sup,ns_sub_r,r_ar_sup,s_k_sub,s_ns_sub,s_nsup_k,sub_r_r,t_k_sup,total_time
50,9,0.010154600255191326,0.00010510021820664406,0.00025979941710829735,6.00004568696022e-06,0.001439299900084734,0.0001905001699924469,4.999805241823196e-06,1.0299962013959885e-05,1.7997808754444122e-06,0.001653900370001793,0.008585399482399225,0.024348699487745762,0.0012146998196840286,1.3000331819057465e-05,0.006847199983894825,0.05483529902994633
