percentage,execution,ar_r_sub,k_s_sup,ks_sf_in,n_r_t,nk_k_sup,nrs_ns_r,ns_s_spe,ns_s_sup,ns_sub_r,r_ar_sup,s_k_sub,s_ns_sub,s_nsup_k,sub_r_r,t_k_sup,total_time
60,1,0.000272899866104126,8.979998528957367e-05,0.0007357001304626465,6.0996972024440765e-06,0.0015389001928269863,6.300397217273712e-06,5.100388079881668e-06,1.090019941329956e-05,1.8998980522155762e-06,0.0017484999261796474,0.008238600101321936,0.021898699924349785,0.0012996001169085503,1.6500242054462433e-05,0.007402599789202213,0.04327210085466504
