percentage,execution,ar_r_sub,k_s_sup,ks_sf_in,n_r_t,nk_k_sup,nrs_ns_r,ns_s_spe,ns_s_sup,ns_sub_r,r_ar_sup,s_k_sub,s_ns_sub,s_nsup_k,sub_r_r,t_k_sup,total_time
90,4,0.002447800012305379,0.005749400006607175,0.000633500050753355,6.199930794537067e-06,0.0012934999540448189,5.299923941493034e-06,0.0007155999774113297,7.760000880807638e-05,2.300017513334751e-06,0.00449670001398772,0.006185600068420172,0.006273700040765107,0.0011082000564783812,1.3399985618889332e-05,0.005048999912105501,0.03405779995955527
