percentage,execution,ar_r_sub,k_s_sup,ks_sf_in,n_r_t,nk_k_sup,nrs_ns_r,ns_s_spe,ns_s_sup,ns_sub_r,r_ar_sup,s_k_sub,s_ns_sub,s_nsup_k,sub_r_r,t_k_sup,total_time
20,7,0.00013349985238164663,1.0100076906383038e-05,0.00043430004734545946,5.900044925510883e-06,0.00046170002315193415,6.09993003308773e-06,4.300032742321491e-06,8.89983493834734e-06,1.600012183189392e-06,1.0100076906383038e-05,0.00013589998707175255,0.00013500009663403034,0.000328000052832067,1.279998105019331e-05,9.300070814788342e-06,0.0016975001199170947
