percentage,execution,ar_r_sub,k_s_sup,ks_sf_in,n_r_t,nk_k_sup,nrs_ns_r,ns_s_spe,ns_s_sup,ns_sub_r,r_ar_sup,s_k_sub,s_ns_sub,s_nsup_k,sub_r_r,t_k_sup,total_time
30,2,0.0001412997953593731,0.004249799996614456,1.00000761449337e-05,6.400048732757568e-06,0.0005801999941468239,9.200070053339005e-06,0.0007891999557614326,7.970025762915611e-05,1.700129359960556e-06,0.0028396998532116413,0.00020480062812566757,0.00019509997218847275,0.0004374999552965164,1.3000331819057465e-05,9.700004011392593e-05,0.009654601104557514
