percentage,execution,k_s_sup,s_k_sub,t_k_sup,ns_s_sup,s_ns_sub,r_ar_sup,ar_r_sub,ns_sub_r,ks_sf_in,sub_r_r,n_r_t,ns_s_spe,nk_k_sup,s_nsup_k,nrs_ns_r,total_time
20,8,1.0199990356341004e-05,0.00013390000094659626,9.69998654909432e-06,8.90000956133008e-06,0.0001314000110141933,9.800016414374113e-06,0.00012879999121651053,1.7999991541728377e-06,9.299983503296971e-06,1.2099990271963179e-05,5.800000508315861e-06,4.299989086575806e-06,0.0005791000003227964,0.000421799995820038,6.300004315562546e-06,0.0014731999690411612
