percentage,execution,ar_r_sub,k_s_sup,ks_sf_in,n_r_t,nk_k_sup,nrs_ns_r,ns_s_spe,ns_s_sup,ns_sub_r,r_ar_sup,s_k_sub,s_ns_sub,s_nsup_k,sub_r_r,t_k_sup,total_time
80,5,0.00032659992575645447,0.0017749997787177563,0.0004489002749323845,6.299931555986404e-06,0.0013088998384773731,5.700159817934036e-06,0.0007374999113380909,8.039968088269234e-05,1.7997808754444122e-06,0.0017184000462293625,0.0004463004879653454,0.000440200325101614,0.0009715999476611614,1.3999640941619873e-05,0.00015929993242025375,0.008440899662673473
