percentage,execution,ar_r_sub,k_s_sup,ks_sf_in,n_r_t,nk_k_sup,nrs_ns_r,ns_s_spe,ns_s_sup,ns_sub_r,r_ar_sup,s_k_sub,s_ns_sub,s_nsup_k,sub_r_r,t_k_sup,total_time
60,7,0.0002025999128818512,8.25999304652214e-05,0.0004985001869499683,6.1998143792152405e-06,0.0014833002351224422,8.800067007541656e-06,4.999805241823196e-06,1.0500196367502213e-05,1.7997808754444122e-06,0.0025077001191675663,0.008024199865758419,0.021326699294149876,0.00125070009380579,1.3200100511312485e-05,0.007091800216585398,0.04251359961926937
