percentage,execution,ar_r_sub,k_s_sup,ks_sf_in,n_r_t,nk_k_sup,nrs_ns_r,ns_s_spe,ns_s_sup,ns_sub_r,r_ar_sup,s_k_sub,s_ns_sub,s_nsup_k,sub_r_r,t_k_sup,total_time
60,8,0.005838000000039756,7.790000108798267e-05,0.00044889999935548985,5.7999995988211595e-06,0.0013947999996162253,0.00010340000062569743,4.900000021734741e-06,1.0199999451288022e-05,1.99999976757681e-06,0.0016390999999202904,0.00835670000014943,0.020372500000121363,0.0011840000006486662,1.269999938813271e-05,0.006935899999916728,0.04638679999970918
