percentage,execution,k_s_sup,s_k_sub,t_k_sup,ns_s_sup,s_ns_sub,r_ar_sup,ar_r_sub,ns_sub_r,ks_sf_in,sub_r_r,n_r_t,ns_s_spe,nk_k_sup,s_nsup_k,nrs_ns_r,total_time
50,3,0.0016712000069674104,0.005419399996753782,0.00491229999170173,7.850000110920519e-05,0.01783980001346208,0.001667100004851818,0.00013460000627674162,1.9999861251562834e-06,0.0004309000069042668,1.3299999409355223e-05,6.099988240748644e-06,0.0007187999872257933,0.0012412000069161877,0.001094500010367483,5.900001269765198e-06,0.035235600007581525
