percentage,execution,ar_r_sub,k_s_sup,ks_sf_in,n_r_t,nk_k_sup,nrs_ns_r,ns_s_spe,ns_s_sup,ns_sub_r,r_ar_sup,s_k_sub,s_ns_sub,s_nsup_k,sub_r_r,t_k_sup,total_time
90,3,0.006739600095897913,0.0024457998806610703,0.0006367999594658613,5.999929271638393e-06,0.0012793000787496567,0.00010179996024817228,0.0007117000641301274,7.749989163130522e-05,1.9000144675374031e-06,0.0024342999095097184,0.0062160000670701265,0.009311500005424023,0.0010986000997945666,1.3200100511312485e-05,0.004945000051520765,0.036019000108353794
