percentage,execution,ar_r_sub,k_s_sup,ks_sf_in,n_r_t,nk_k_sup,nrs_ns_r,ns_s_spe,ns_s_sup,ns_sub_r,r_ar_sup,s_k_sub,s_ns_sub,s_nsup_k,sub_r_r,t_k_sup,total_time
40,10,0.015224599745124578,0.00411089975386858,0.0006604003719985485,6.1998143792152405e-06,0.0014883000403642654,0.0002900003455579281,0.0007545002736151218,7.859990000724792e-05,1.700129359960556e-06,0.002801199909299612,0.002563999965786934,0.011800900101661682,0.0010961000807583332,1.3499520719051361e-05,9.410036727786064e-05,0.04098500031977892
