percentage,execution,ar_r_sub,k_s_sup,ks_sf_in,n_r_t,nk_k_sup,nrs_ns_r,ns_s_spe,ns_s_sup,ns_sub_r,r_ar_sup,s_k_sub,s_ns_sub,s_nsup_k,sub_r_r,t_k_sup,total_time
40,5,0.00020599993877112865,1.0300078429281712e-05,0.0004437000025063753,6.199930794537067e-06,0.0008293999126181006,6.3999323174357414e-06,4.700035788118839e-06,9.199953638017178e-06,1.800013706088066e-06,0.0022834999253973365,0.00027100008446723223,0.0002584999892860651,0.0005659000016748905,1.3300101272761822e-05,1.0600080713629723e-05,0.004920499981380999
