percentage,execution,ar_r_sub,k_s_sup,ks_sf_in,n_r_t,nk_k_sup,nrs_ns_r,ns_s_spe,ns_s_sup,ns_sub_r,r_ar_sup,s_k_sub,s_ns_sub,s_nsup_k,sub_r_r,t_k_sup,total_time
50,5,0.00599340011831373,8.330005221068859e-05,0.0006564998766407371,6.3999323174357414e-06,0.002007200033403933,9.809993207454681e-05,4.800036549568176e-06,1.0599964298307896e-05,2.09989957511425e-06,7.589999586343765e-05,0.011884400038979948,0.03524559992365539,0.0017145999008789659,1.4900113455951214e-05,0.007706099888309836,0.06550389970652759
