percentage,execution,ar_r_sub,k_s_sup,ks_sf_in,n_r_t,nk_k_sup,nrs_ns_r,ns_s_spe,ns_s_sup,ns_sub_r,r_ar_sup,s_k_sub,s_ns_sub,s_nsup_k,sub_r_r,t_k_sup,total_time
20,4,1.0500196367502213e-05,8.430005982518196e-05,1.0100193321704865e-05,6.1998143792152405e-06,0.005054300185292959,8.599832653999329e-06,4.90015372633934e-06,1.0400079190731049e-05,1.80024653673172e-06,0.015516099985688925,0.034282300155609846,0.07685219962149858,0.004795199725776911,1.5199650079011917e-05,0.0009850002825260162,0.13763710018247366
