percentage,execution,ar_r_sub,k_s_sup,ks_sf_in,n_r_t,nk_k_sup,nrs_ns_r,ns_s_spe,ns_s_sup,ns_sub_r,r_ar_sup,s_k_sub,s_ns_sub,s_nsup_k,sub_r_r,t_k_sup,total_time
60,1,1.1300086043775082e-05,8.009991142898798e-05,1.0699848644435406e-05,6.299931555986404e-06,0.004932000068947673,6.500049494206905e-06,5.599926225841045e-06,1.1099851690232754e-05,1.7998972907662392e-06,0.033261600066907704,0.04560950002633035,0.0659252000041306,0.0044813998974859715,1.5300116501748562e-05,0.0009696000488474965,0.15532799973152578
