percentage,execution,ar_r_sub,k_s_sup,ks_sf_in,n_r_t,nk_k_sup,nrs_ns_r,ns_s_spe,ns_s_sup,ns_sub_r,r_ar_sup,s_k_sub,s_ns_sub,s_nsup_k,sub_r_r,t_k_sup,total_time
60,4,1.2299999070819467e-05,2.719999974942766e-05,1.0699998711061198e-05,6.50000038149301e-06,0.005292300000292016,6.300000677583739e-06,5.300000339047983e-06,1.0099999599333387e-05,1.9000008251168765e-06,0.04530289999911474,0.007882999999310414,0.01681189999999333,0.004087499999513966,1.6400000276917126e-05,1.1399999493733048e-05,0.079485699997349
