percentage,execution,ar_r_sub,k_s_sup,ks_sf_in,n_r_t,nk_k_sup,nrs_ns_r,ns_s_spe,ns_s_sup,ns_sub_r,r_ar_sup,s_k_sub,s_ns_sub,s_nsup_k,sub_r_r,t_k_sup,total_time
60,2,0.009373499895446002,8.549995254725218e-05,0.0006767000304535031,6.4999330788850784e-06,0.0020795000018551946,0.00010419997852295637,5.200039595365524e-06,1.0900082997977734e-05,2.400018274784088e-06,0.0001050001010298729,0.01412249996792525,0.032655399991199374,0.0017667999491095543,0.00018229999113827944,0.008129799971356988,0.06930619990453124
