percentage,execution,ar_r_sub,k_s_sup,ks_sf_in,n_r_t,nk_k_sup,nrs_ns_r,ns_s_spe,ns_s_sup,ns_sub_r,r_ar_sup,s_k_sub,s_ns_sub,s_nsup_k,sub_r_r,t_k_sup,total_time
10,1,6.900029256939888e-05,1.0299962013959885e-05,8.800067007541656e-06,6.100162863731384e-06,0.00019200006499886513,6.500165909528732e-06,4.600267857313156e-06,9.000301361083984e-06,1.700129359960556e-06,9.600073099136353e-06,7.429998368024826e-05,7.13001936674118e-05,0.00012280000373721123,1.3200566172599792e-05,9.200070053339005e-06,0.0006084023043513298
