percentage,execution,ar_r_sub,k_s_sup,ks_sf_in,n_r_t,nk_k_sup,nrs_ns_r,ns_s_spe,ns_s_sup,ns_sub_r,r_ar_sup,s_k_sub,s_ns_sub,s_nsup_k,sub_r_r,t_k_sup,total_time
40,5,0.02216279972344637,1.4800112694501877e-05,0.000292100477963686,7.4999406933784485e-06,0.002252900041639805,0.00031140027567744255,5.600042641162872e-06,9.80030745267868e-06,1.9995495676994324e-06,1.2600328773260117e-05,0.0044881002977490425,0.01716409996151924,0.001738599967211485,0.0010961005464196205,1.1899974197149277e-05,0.04957030154764652
