percentage,execution,ar_r_sub,k_s_sup,ks_sf_in,n_r_t,nk_k_sup,nrs_ns_r,ns_s_spe,ns_s_sup,ns_sub_r,r_ar_sup,s_k_sub,s_ns_sub,s_nsup_k,sub_r_r,t_k_sup,total_time
70,4,1.1699739843606949e-05,1.1300202459096909e-05,1.0699965059757233e-05,6.90016895532608e-06,0.005516600329428911,6.6999346017837524e-06,5.200039595365524e-06,1.0500196367502213e-05,1.700129359960556e-06,0.03886500000953674,0.0291183996014297,0.04305530013516545,0.004683300387114286,1.5400350093841553e-05,1.2099742889404297e-05,0.12133080093190074
