percentage,execution,ar_r_sub,k_s_sup,ks_sf_in,n_r_t,nk_k_sup,nrs_ns_r,ns_s_spe,ns_s_sup,ns_sub_r,r_ar_sup,s_k_sub,s_ns_sub,s_nsup_k,sub_r_r,t_k_sup,total_time
30,6,0.010425299988128245,8.22999281808734e-05,0.00022559997159987688,6.199930794537067e-06,0.0020852000452578068,0.00020250002853572369,4.899920895695686e-06,1.009996049106121e-05,1.9000144675374031e-06,8.210004307329655e-05,0.012607400072738528,0.045376199996098876,0.0017779999179765582,1.5300116501748562e-05,0.007792400079779327,0.08069540001451969
