percentage,execution,k_s_sup,s_k_sub,t_k_sup,ns_s_sup,s_ns_sub,r_ar_sup,ar_r_sub,ns_sub_r,ks_sf_in,sub_r_r,n_r_t,ns_s_spe,nk_k_sup,s_nsup_k,nrs_ns_r,total_time
90,6,1.200000406242907e-05,0.005213899989030324,1.1999989510513842e-05,1.0099989594891667e-05,0.005085699987830594,1.270000939257443e-05,0.005071500025223941,1.7999991541728377e-06,0.0010951000003842637,0.00017819998902268708,7.199996616691351e-06,5.2000104915350676e-06,0.002714099988224916,0.0018699999927775934,5.699999746866524e-06,0.021295199971063994
