percentage,execution,ar_r_sub,k_s_sup,ks_sf_in,n_r_t,nk_k_sup,nrs_ns_r,ns_s_spe,ns_s_sup,ns_sub_r,r_ar_sup,s_k_sub,s_ns_sub,s_nsup_k,sub_r_r,t_k_sup,total_time
60,4,0.0012094999992768862,7.7699999565084e-05,0.0002221000004283269,6.50000038149301e-06,0.0022934999997232808,6.699999175907578e-06,5.199999577598646e-06,1.0300000212737359e-05,2.099999619531445e-06,7.720000030531082e-05,0.012111499999264197,0.03243870000096649,0.0016928999993979232,0.0001756999999997788,0.007804700000633602,0.05813429999852815
