percentage,execution,ar_r_sub,k_s_sup,ks_sf_in,n_r_t,nk_k_sup,nrs_ns_r,ns_s_spe,ns_s_sup,ns_sub_r,r_ar_sup,s_k_sub,s_ns_sub,s_nsup_k,sub_r_r,t_k_sup,total_time
40,8,0.012942499946802855,1.1300086043775082e-05,0.0006916001439094543,6.7999353632330894e-06,0.0017893000040203333,0.00011200003791600466,4.999921657145023e-06,1.0299962013959885e-05,1.9000144675374031e-06,1.2300093658268452e-05,0.004088700050488114,0.010446799919009209,0.001205399981699884,0.0010778001742437482,1.2200092896819115e-05,0.03241390036419034
