percentage,execution,k_s_sup,s_k_sub,t_k_sup,ns_s_sup,s_ns_sub,r_ar_sup,ar_r_sub,ns_sub_r,ks_sf_in,sub_r_r,n_r_t,ns_s_spe,nk_k_sup,s_nsup_k,nrs_ns_r,total_time
90,8,9.179998596664518e-05,0.0486279999895487,0.00100530001509469,1.1099997209385037e-05,0.05399889999534935,0.046023800008697435,1.2300006346777081e-05,2.0000006770715117e-06,1.1600001016631722e-05,1.6300007700920105e-05,6.599992047995329e-06,5.599998985417187e-06,0.0048974999954225495,0.004509900012635626,5.999987479299307e-06,0.1592266999941785
