percentage,execution,ar_r_sub,k_s_sup,ks_sf_in,n_r_t,nk_k_sup,nrs_ns_r,ns_s_spe,ns_s_sup,ns_sub_r,r_ar_sup,s_k_sub,s_ns_sub,s_nsup_k,sub_r_r,t_k_sup,total_time
50,10,1.12997367978096e-05,8.360017091035843e-05,1.0800082236528397e-05,6.5998174250125885e-06,0.004934399854391813,6.90016895532608e-06,5.09992241859436e-06,1.4199875295162201e-05,1.6996636986732483e-06,0.025131599977612495,0.04325130023062229,0.0703990999609232,0.004741200245916843,1.5700235962867737e-05,0.0009812996722757816,0.14959479961544275
