percentage,execution,k_s_sup,s_k_sub,t_k_sup,ns_s_sup,s_ns_sub,r_ar_sup,ar_r_sub,ns_sub_r,ks_sf_in,sub_r_r,n_r_t,ns_s_spe,nk_k_sup,s_nsup_k,nrs_ns_r,total_time
20,8,1.0700008715502918e-05,0.00019910000264644623,1.0100018698722124e-05,9.300012607127428e-06,0.0001897000038297847,1.0899995686486363e-05,0.0001917000045068562,1.7999991541728377e-06,9.69998654909432e-06,1.3499986380338669e-05,6.300004315562546e-06,4.8000074457377195e-06,0.0006095999997342005,0.0004521999944699928,6.50000583846122e-06,0.0017259000305784866
