percentage,execution,ar_r_sub,k_s_sup,ks_sf_in,n_r_t,nk_k_sup,nrs_ns_r,ns_s_spe,ns_s_sup,ns_sub_r,r_ar_sup,s_k_sub,s_ns_sub,s_nsup_k,sub_r_r,t_k_sup,total_time
30,2,0.006081299972720444,1.0999967344105244e-05,0.000676299910992384,6.600050255656242e-06,0.0011425999691709876,0.00010389997623860836,4.900037311017513e-06,9.199953638017178e-06,2.00001522898674e-06,1.1200085282325745e-05,0.001801299978978932,0.004859799984842539,0.0008119000121951103,1.489988062530756e-05,1.0600080713629723e-05,0.015547499875538051
