percentage,execution,ar_r_sub,k_s_sup,ks_sf_in,n_r_t,nk_k_sup,nrs_ns_r,ns_s_spe,ns_s_sup,ns_sub_r,r_ar_sup,s_k_sub,s_ns_sub,s_nsup_k,sub_r_r,t_k_sup,total_time
60,9,0.014480100013315678,8.170027285814285e-05,0.0005130995996296406,6.799586117267609e-06,0.0021201996132731438,0.0002093999646604061,5.200039595365524e-06,1.0899733752012253e-05,2.100132405757904e-06,8.090026676654816e-05,0.0134504996240139,0.03171809995546937,0.0018684002570807934,0.0001801997423171997,0.007824100088328123,0.07255169888958335
