percentage,execution,ar_r_sub,k_s_sup,ks_sf_in,n_r_t,nk_k_sup,nrs_ns_r,ns_s_spe,ns_s_sup,ns_sub_r,r_ar_sup,s_k_sub,s_ns_sub,s_nsup_k,sub_r_r,t_k_sup,total_time
90,7,1.1399853974580765e-05,8.519995026290417e-05,1.0800082236528397e-05,6.4999330788850784e-06,0.0047874998999759555,6.00004568696022e-06,5.300040356814861e-06,1.0800082236528397e-05,1.600012183189392e-06,0.04620360000990331,0.04635050008073449,0.05202649999409914,0.004813099978491664,1.4599878340959549e-05,0.0009521999163553119,0.15528559975791723
