percentage,execution,k_s_sup,s_k_sub,t_k_sup,ns_s_sup,s_ns_sub,r_ar_sup,ar_r_sub,ns_sub_r,ks_sf_in,sub_r_r,n_r_t,ns_s_spe,nk_k_sup,s_nsup_k,nrs_ns_r,total_time
20,2,1.1500000255182385e-05,0.0019380999874556437,1.1600001016631722e-05,9.900002623908222e-06,0.008218499991926365,1.5300014638341963e-05,0.01049189998593647,2.0000006770715117e-06,0.00024110001686494797,1.5300000086426735e-05,7.099995855242014e-06,5.0000089686363935e-06,0.001229900008183904,0.0008791000000201166,0.0002035000070463866,0.023279800021555275
