percentage,execution,ar_r_sub,k_s_sup,ks_sf_in,n_r_t,nk_k_sup,nrs_ns_r,ns_s_spe,ns_s_sup,ns_sub_r,r_ar_sup,s_k_sub,s_ns_sub,s_nsup_k,sub_r_r,t_k_sup,total_time
80,10,1.1799857020378113e-05,8.190004155039787e-05,1.1000316590070724e-05,6.500165909528732e-06,0.00482570007443428,6.00004568696022e-06,5.600042641162872e-06,1.090019941329956e-05,4.400033503770828e-06,0.04033870017156005,0.04630579985678196,0.05459410045295954,0.004382600076496601,1.4800112694501877e-05,0.0009415000677108765,0.15154130151495337
