percentage,execution,ar_r_sub,k_s_sup,ks_sf_in,n_r_t,nk_k_sup,nrs_ns_r,ns_s_spe,ns_s_sup,ns_sub_r,r_ar_sup,s_k_sub,s_ns_sub,s_nsup_k,sub_r_r,t_k_sup,total_time
60,7,0.0012480001896619797,1.1200550943613052e-05,0.00048210006207227707,6.90016895532608e-06,0.001560500357300043,6.00004568696022e-06,4.90015372633934e-06,9.700190275907516e-06,1.7997808754444122e-06,1.4299992471933365e-05,0.0012759999372065067,0.0011788997799158096,0.001033499836921692,0.00016990024596452713,1.1000316590070724e-05,0.00701470160856843
