percentage,execution,k_s_sup,s_k_sub,t_k_sup,ns_s_sup,s_ns_sub,r_ar_sup,ar_r_sub,ns_sub_r,ks_sf_in,sub_r_r,n_r_t,ns_s_spe,nk_k_sup,s_nsup_k,nrs_ns_r,total_time
10,4,1.09999964479357e-05,0.0009794999932637438,1.09999964479357e-05,9.2999980552122e-06,0.004114100011065602,1.1500000255182385e-05,0.005297300012898631,1.9999861251562834e-06,1.0200004908256233e-05,0.0011147000041091815,6.699992809444666e-06,4.899993655271828e-06,0.00043479999294504523,0.0002965000021504238,6.800008122809231e-06,0.012310299993259832
