percentage,execution,ar_r_sub,k_s_sup,ks_sf_in,n_r_t,nk_k_sup,nrs_ns_r,ns_s_spe,ns_s_sup,ns_sub_r,r_ar_sup,s_k_sub,s_ns_sub,s_nsup_k,sub_r_r,t_k_sup,total_time
30,7,1.12997367978096e-05,1.0899733752012253e-05,1.0100193321704865e-05,6.600283086299896e-06,0.001885400153696537,6.899703294038773e-06,4.800036549568176e-06,9.799841791391373e-06,1.700129359960556e-06,0.023848699871450663,0.0003613000735640526,0.0003121001645922661,0.0015433002263307571,1.54995359480381e-05,1.0899733752012253e-05,0.02803929941728711
