percentage,execution,ar_r_sub,k_s_sup,ks_sf_in,n_r_t,nk_k_sup,nrs_ns_r,ns_s_spe,ns_s_sup,ns_sub_r,r_ar_sup,s_k_sub,s_ns_sub,s_nsup_k,sub_r_r,t_k_sup,total_time
20,2,0.0001968005672097206,1.0699965059757233e-05,9.80030745267868e-06,6.899703294038773e-06,0.0006536999717354774,6.800051778554916e-06,4.800036549568176e-06,9.09995287656784e-06,1.5995465219020844e-06,1.0800082236528397e-05,0.00022070016711950302,0.0001935996115207672,0.0004141000099480152,1.3599637895822525e-05,1.090019941329956e-05,0.0017638998106122017
