percentage,execution,ar_r_sub,k_s_sup,ks_sf_in,n_r_t,nk_k_sup,nrs_ns_r,ns_s_spe,ns_s_sup,ns_sub_r,r_ar_sup,s_k_sub,s_ns_sub,s_nsup_k,sub_r_r,t_k_sup,total_time
60,7,0.0161667998181656,8.050003089010715e-05,0.0002758000046014786,6.400048732757568e-06,0.0020842000376433134,0.0003035999834537506,5.199923180043697e-06,1.0400079190731049e-05,2.500019036233425e-06,8.19001579657197e-05,0.01278009987436235,0.03136659995652735,0.0017825999530032277,1.4399993233382702e-05,0.00804779992904514,0.07300879980903119
