percentage,execution,ar_r_sub,k_s_sup,ks_sf_in,n_r_t,nk_k_sup,nrs_ns_r,ns_s_spe,ns_s_sup,ns_sub_r,r_ar_sup,s_k_sub,s_ns_sub,s_nsup_k,sub_r_r,t_k_sup,total_time
20,1,0.015873100142925978,1.4400109648704529e-05,0.0002364995889365673,7.0999376475811005e-06,0.0014174003154039383,0.00020299991592764854,5.000270903110504e-06,1.0200310498476028e-05,1.7997808754444122e-06,1.1599622666835785e-05,0.0028066998347640038,0.012320899870246649,0.0010089999996125698,0.0011147004552185535,1.1300202459096909e-05,0.03504270035773516
