percentage,execution,ar_r_sub,k_s_sup,ks_sf_in,n_r_t,nk_k_sup,nrs_ns_r,ns_s_spe,ns_s_sup,ns_sub_r,r_ar_sup,s_k_sub,s_ns_sub,s_nsup_k,sub_r_r,t_k_sup,total_time
70,4,0.0031995996832847595,0.0001783999614417553,1.0299496352672577e-05,7.000286132097244e-06,0.0012655002065002918,2.4500302970409393e-05,0.0008259001187980175,7.889978587627411e-05,1.1700205504894257e-05,0.00013949954882264137,0.0061022997833788395,0.00904899975284934,0.0013819001615047455,0.00036350032314658165,0.006434199865907431,0.02907219948247075
