percentage,execution,ar_r_sub,k_s_sup,ks_sf_in,n_r_t,nk_k_sup,nrs_ns_r,ns_s_spe,ns_s_sup,ns_sub_r,r_ar_sup,s_k_sub,s_ns_sub,s_nsup_k,sub_r_r,t_k_sup,total_time
60,5,0.02772509999886097,0.00021109999943291768,3.66000003850786e-05,1.359999987471383e-05,0.0022582999990845565,0.0012745999993057922,0.013918500000727363,0.0003920999988622498,4.339999759395141e-05,0.00021230000129435211,0.00913340000261087,0.020247699998435564,0.002044600001681829,0.0004231000002619112,0.00897380000060366,0.08690819999901578
