percentage,execution,ar_r_sub,k_s_sup,ks_sf_in,n_r_t,nk_k_sup,nrs_ns_r,ns_s_spe,ns_s_sup,ns_sub_r,r_ar_sup,s_k_sub,s_ns_sub,s_nsup_k,sub_r_r,t_k_sup,total_time
90,8,0.012761699967086315,0.0001592002809047699,1.550000160932541e-05,1.4600344002246857e-05,0.0028516999445855618,1.0400079190731049e-05,0.014451600145548582,0.000305399764329195,3.609945997595787e-05,0.0001505003310739994,0.007148300297558308,0.0068918997421860695,0.002524799667298794,0.0005795001052320004,0.007121500093489885,0.05502270022407174
