percentage,execution,ar_r_sub,k_s_sup,ks_sf_in,n_r_t,nk_k_sup,nrs_ns_r,ns_s_spe,ns_s_sup,ns_sub_r,r_ar_sup,s_k_sub,s_ns_sub,s_nsup_k,sub_r_r,t_k_sup,total_time
60,4,0.02866439986974001,0.00022289995104074478,2.7399975806474686e-05,1.4299992471933365e-05,0.002138699870556593,0.00040009990334510803,0.014487700071185827,0.00040349923074245453,2.8399750590324402e-05,0.00022520078346133232,0.008427499793469906,0.022406600881367922,0.0018504997715353966,0.0004488998092710972,0.009698799811303616,0.08944489946588874
