percentage,execution,ar_r_sub,k_s_sup,ks_sf_in,n_r_t,nk_k_sup,nrs_ns_r,ns_s_spe,ns_s_sup,ns_sub_r,r_ar_sup,s_k_sub,s_ns_sub,s_nsup_k,sub_r_r,t_k_sup,total_time
20,9,7.42003321647644e-05,8.449982851743698e-05,9.599607437849045e-06,9.700190275907516e-06,0.0006627999246120453,6.9998204708099365e-06,4.599802196025848e-06,1.019984483718872e-05,9.900424629449844e-06,7.680011913180351e-05,0.0028228997252881527,0.009394199587404728,0.0005807997658848763,1.3399869203567505e-05,0.0033693998120725155,0.01712999865412712
