percentage,execution,k_s_sup,s_k_sub,t_k_sup,ns_s_sup,s_ns_sub,r_ar_sup,ar_r_sub,ns_sub_r,ks_sf_in,sub_r_r,n_r_t,ns_s_spe,nk_k_sup,s_nsup_k,nrs_ns_r,total_time
60,7,0.00021079998987261206,0.008382300002267584,0.009322199985035695,0.00020619999850168824,0.018514600000344217,0.00025880000612232834,0.02299029999994673,1.8699982319958508e-05,1.519998477306217e-05,2.1499989088624716e-05,1.579998934175819e-05,0.00331729999743402,0.002575999984401278,0.0023450000007869676,0.0014670999808004126,0.06966179989103694
