percentage,execution,k_s_sup,s_k_sub,t_k_sup,ns_s_sup,s_ns_sub,r_ar_sup,ar_r_sub,ns_sub_r,ks_sf_in,sub_r_r,n_r_t,ns_s_spe,nk_k_sup,s_nsup_k,nrs_ns_r,total_time
30,3,9.120002505369484e-05,0.004075999982887879,0.0032974000059766695,0.00015469999925699085,0.010306199983460829,9.009997302200645e-05,0.023046099988278,2.3200016585178673e-05,2.02999945031479e-05,0.0012762000114889815,1.4499993994832039e-05,0.0016656999941915274,0.011334499999065883,0.0013205000141169876,1.2699994840659201e-05,0.05672929997672327
