percentage,execution,k_s_sup,s_k_sub,t_k_sup,ns_s_sup,s_ns_sub,r_ar_sup,ar_r_sub,ns_sub_r,ks_sf_in,sub_r_r,n_r_t,ns_s_spe,nk_k_sup,s_nsup_k,nrs_ns_r,total_time
20,3,1.0599993402138352e-05,0.0010783999896375462,1.1200012522749603e-05,9.60000033956021e-06,0.004277500003809109,1.1299998732283711e-05,0.00526640001044143,1.0900010238401592e-05,9.499999578110874e-06,0.0010789000079967082,7.200011168606579e-06,4.7000066842883825e-06,0.0008879000088199973,0.0006661999941570684,6.299989763647318e-06,0.013336600037291646
