percentage,execution,k_s_sup,s_k_sub,t_k_sup,ns_s_sup,s_ns_sub,r_ar_sup,ar_r_sub,ns_sub_r,ks_sf_in,sub_r_r,n_r_t,ns_s_spe,nk_k_sup,s_nsup_k,nrs_ns_r,total_time
90,4,0.0001407999952789396,0.0058717999927466735,0.0062760000000707805,0.00013960001524537802,0.005807999987155199,0.00013729999773204327,0.004661600003601052,1.1800002539530396e-05,1.0300020221620798e-05,0.00033009999606292695,7.199996616691351e-06,0.0015697000053478405,0.0012959999876329675,0.001123800000641495,5.4000120144337416e-06,0.027389400012907572
