percentage,execution,ar_r_sub,k_s_sup,ks_sf_in,n_r_t,nk_k_sup,nrs_ns_r,ns_s_spe,ns_s_sup,ns_sub_r,r_ar_sup,s_k_sub,s_ns_sub,s_nsup_k,sub_r_r,t_k_sup,total_time
50,7,0.026592200621962547,0.000224399846047163,1.5900470316410065e-05,1.4299992471933365e-05,0.0025956002064049244,0.0016510002315044403,0.003232499584555626,0.00021400023251771927,1.87004916369915e-05,0.00022150017321109772,0.008681999519467354,0.022056299727410078,0.002307599876075983,2.0499806851148605e-05,0.009718199726194143,0.07756470050662756
