percentage,execution,k_s_sup,s_k_sub,t_k_sup,ns_s_sup,s_ns_sub,r_ar_sup,ar_r_sub,ns_sub_r,ks_sf_in,sub_r_r,n_r_t,ns_s_spe,nk_k_sup,s_nsup_k,nrs_ns_r,total_time
80,1,0.00014780001947656274,0.0065648999880068,0.006562599999597296,0.00020299998868722469,0.006720599980326369,0.00014269999519456178,0.00918890000320971,1.829999382607639e-05,1.7300015315413475e-05,0.0005904999998165295,1.4700010069645941e-05,0.012366700000711717,0.0025215999921783805,0.0022360000002663583,1.060000795405358e-05,0.0473061999946367
