percentage,execution,k_s_sup,s_k_sub,t_k_sup,ns_s_sup,s_ns_sub,r_ar_sup,ar_r_sub,ns_sub_r,ks_sf_in,sub_r_r,n_r_t,ns_s_spe,nk_k_sup,s_nsup_k,nrs_ns_r,total_time
30,2,1.0500007192604244e-05,7.770000956952572e-05,1.0099989594891667e-05,0.00013689999468624592,7.369999366346747e-05,1.0900010238401592e-05,0.016753899995819665,1.2100004823878407e-05,1.0000003385357559e-05,1.3800003216601908e-05,7.599999662488699e-06,0.0017114999936893582,0.0003434999962337315,0.0002634000120451674,6.299989763647318e-06,0.019441900003585033
