percentage,execution,ar_r_sub,k_s_sup,ks_sf_in,n_r_t,nk_k_sup,nrs_ns_r,ns_s_spe,ns_s_sup,ns_sub_r,r_ar_sup,s_k_sub,s_ns_sub,s_nsup_k,sub_r_r,t_k_sup,total_time
70,7,0.018557399976998568,0.00020899949595332146,1.5000347048044205e-05,1.409929245710373e-05,0.00267399987205863,0.0012485003098845482,0.003232599701732397,0.0002537001855671406,2.3900065571069717e-05,0.00023559993132948875,0.008462900295853615,0.015362799633294344,0.0022698999382555485,0.0003011999651789665,0.00917480094358325,0.062035399954766035
