percentage,execution,ar_r_sub,k_s_sup,ks_sf_in,n_r_t,nk_k_sup,nrs_ns_r,ns_s_spe,ns_s_sup,ns_sub_r,r_ar_sup,s_k_sub,s_ns_sub,s_nsup_k,sub_r_r,t_k_sup,total_time
90,7,0.011193199548870325,0.00018709944561123848,1.5000347048044205e-05,1.4199875295162201e-05,0.0028179995715618134,1.3399869203567505e-05,0.014214000198990107,0.00030689965933561325,1.859990879893303e-05,0.00015089986845850945,0.0070933997631073,0.0066500999964773655,0.0023313998244702816,0.0004960005171597004,0.0065423003397881985,0.05204449873417616
