percentage,execution,ar_r_sub,k_s_sup,ks_sf_in,n_r_t,nk_k_sup,nrs_ns_r,ns_s_spe,ns_s_sup,ns_sub_r,r_ar_sup,s_k_sub,s_ns_sub,s_nsup_k,sub_r_r,t_k_sup,total_time
60,6,0.0017377003096044064,0.0001437002792954445,1.2999400496482849e-05,6.9998204708099365e-06,0.0012806998565793037,6.100162863731384e-06,4.999805241823196e-06,1.0499730706214905e-05,1.1199619621038437e-05,0.00013899989426136017,0.006035999860614538,0.009035100229084492,0.0011765998788177967,0.0003249999135732651,0.006324500311166048,0.026251099072396755
