percentage,execution,ar_r_sub,k_s_sup,ks_sf_in,n_r_t,nk_k_sup,nrs_ns_r,ns_s_spe,ns_s_sup,ns_sub_r,r_ar_sup,s_k_sub,s_ns_sub,s_nsup_k,sub_r_r,t_k_sup,total_time
60,9,0.02309610000156681,0.0001522999991721008,1.4700000974698924e-05,1.3899998521083035e-05,0.0026247000005241716,0.00040890000127546955,0.014757999999346794,0.0002920000006270129,1.7700000171316788e-05,0.00016479999976581894,0.0065430000013293466,0.015679499998441315,0.00224530000014056,0.0011252000022068387,0.006052500000805594,0.07318860000486893
