percentage,execution,k_s_sup,s_k_sub,t_k_sup,ns_s_sup,s_ns_sub,r_ar_sup,ar_r_sub,ns_sub_r,ks_sf_in,sub_r_r,n_r_t,ns_s_spe,nk_k_sup,s_nsup_k,nrs_ns_r,total_time
30,9,1.3500000932253897e-05,0.000941399994189851,1.0500021744519472e-05,9.199982741847634e-06,0.0009000999853014946,1.0900010238401592e-05,0.0009338999952888116,1.0599993402138352e-05,9.500014130026102e-06,0.00017979998665396124,1.0100004146806896e-05,4.6000059228390455e-06,0.0008776000031502917,0.0006603000074392185,6.000002031214535e-06,0.004578000007313676
