percentage,execution,ar_r_sub,k_s_sup,ks_sf_in,n_r_t,nk_k_sup,nrs_ns_r,ns_s_spe,ns_s_sup,ns_sub_r,r_ar_sup,s_k_sub,s_ns_sub,s_nsup_k,sub_r_r,t_k_sup,total_time
10,8,7.439963519573212e-05,1.0600313544273376e-05,9.400304406881332e-06,6.800051778554916e-06,0.00036170007660984993,6.5998174250125885e-06,4.4996850192546844e-06,9.09995287656784e-06,9.799841791391373e-06,1.00000761449337e-05,7.730023935437202e-05,7.83996656537056e-05,0.00027249986305832863,1.5799887478351593e-05,1.0199379175901413e-05,0.0009570987895131111
