percentage,execution,ar_r_sub,k_s_sup,ks_sf_in,n_r_t,nk_k_sup,nrs_ns_r,ns_s_spe,ns_s_sup,ns_sub_r,r_ar_sup,s_k_sub,s_ns_sub,s_nsup_k,sub_r_r,t_k_sup,total_time
60,5,0.01569909998215735,8.080003317445517e-05,1.0800082236528397e-05,2.150004729628563e-05,0.0048462999984622,6.4999330788850784e-06,5.499925464391708e-06,1.1199968867003918e-05,1.2299977242946625e-05,0.01332809985615313,0.0392531999386847,0.0662252000765875,0.0042869000462815166,0.0029872999293729663,0.0017847000854089856,0.14855939988046885
