percentage,execution,ar_r_sub,k_s_sup,ks_sf_in,n_r_t,nk_k_sup,nrs_ns_r,ns_s_spe,ns_s_sup,ns_sub_r,r_ar_sup,s_k_sub,s_ns_sub,s_nsup_k,sub_r_r,t_k_sup,total_time
30,3,0.00044519989751279354,9.799993131309748e-05,2.1200045011937618e-05,1.3999873772263527e-05,0.016307299840264022,1.6900012269616127e-05,1.0600080713629723e-05,2.4400069378316402e-05,2.780009526759386e-05,0.01178469997830689,0.059608499985188246,0.11323999997694045,0.009524299995973706,3.4800032153725624e-05,0.0018691997975111008,0.2130268996115774
