percentage,execution,k_s_sup,s_k_sub,t_k_sup,ns_s_sup,s_ns_sub,r_ar_sup,ar_r_sub,ns_sub_r,ks_sf_in,sub_r_r,n_r_t,ns_s_spe,nk_k_sup,s_nsup_k,nrs_ns_r,total_time
90,2,8.040003012865782e-05,0.04302879993338138,0.0019453000277280807,1.1699972674250603e-05,0.050379900145344436,0.01641500007826835,0.003256099997088313,1.3100099749863148e-05,1.1099851690232754e-05,0.00036830001045018435,7.300055585801601e-06,5.600042641162872e-06,0.004738299991004169,0.004375400021672249,6.09993003308773e-06,0.12464240018744022
