percentage,execution,ar_r_sub,k_s_sup,ks_sf_in,n_r_t,nk_k_sup,nrs_ns_r,ns_s_spe,ns_s_sup,ns_sub_r,r_ar_sup,s_k_sub,s_ns_sub,s_nsup_k,sub_r_r,t_k_sup,total_time
80,3,0.011605400000007648,8.22000001790002e-05,1.1299999641778413e-05,7.300000106624793e-06,0.0047167000002446,6.300000677583739e-06,5.600000804406591e-06,1.1899999663000926e-05,1.2200000128359534e-05,0.012818899999729183,0.0424167999999554,0.05540929999915534,0.004225000000587897,0.0020815000007132767,0.0018019000008280273,0.13521230000242213
