percentage,execution,ar_r_sub,k_s_sup,ks_sf_in,n_r_t,nk_k_sup,nrs_ns_r,ns_s_spe,ns_s_sup,ns_sub_r,r_ar_sup,s_k_sub,s_ns_sub,s_nsup_k,sub_r_r,t_k_sup,total_time
70,6,0.007279000012204051,8.020002860575914e-05,1.1099851690232754e-05,7.3999399319291115e-06,0.004754800000227988,6.500049494206905e-06,5.800044164061546e-06,1.1399970389902592e-05,1.2500095181167126e-05,0.01376730005722493,0.040388200082816184,0.06150450010318309,0.004315299913287163,0.001271100016310811,0.0017669000662863255,0.1351820002309978
