percentage,execution,ar_r_sub,k_s_sup,ks_sf_in,n_r_t,nk_k_sup,nrs_ns_r,ns_s_spe,ns_s_sup,ns_sub_r,r_ar_sup,s_k_sub,s_ns_sub,s_nsup_k,sub_r_r,t_k_sup,total_time
40,2,0.011776700150221586,1.2299511581659317e-05,1.090019941329956e-05,7.799826562404633e-06,0.004354300443083048,7.200054824352264e-06,5.2996911108493805e-06,1.0500196367502213e-05,1.2200325727462769e-05,0.006563500035554171,0.011165700387209654,0.026508900336921215,0.0032546999864280224,0.0022166003473103046,1.2699514627456665e-05,0.06591930100694299
