percentage,execution,ar_r_sub,k_s_sup,ks_sf_in,n_r_t,nk_k_sup,nrs_ns_r,ns_s_spe,ns_s_sup,ns_sub_r,r_ar_sup,s_k_sub,s_ns_sub,s_nsup_k,sub_r_r,t_k_sup,total_time
80,1,0.0074720000848174095,8.110003545880318e-05,1.1200085282325745e-05,7.699709385633469e-06,0.004871999844908714,6.500165909528732e-06,5.7998113334178925e-06,2.950010821223259e-05,1.2799631804227829e-05,0.016792000271379948,0.04022949980571866,0.052898799534887075,0.004440300166606903,0.0012454995885491371,0.0018411995843052864,0.1299458984285593
