percentage,execution,k_s_sup,s_k_sub,t_k_sup,ns_s_sup,s_ns_sub,r_ar_sup,ar_r_sub,ns_sub_r,ks_sf_in,sub_r_r,n_r_t,ns_s_spe,nk_k_sup,s_nsup_k,nrs_ns_r,total_time
30,5,1.1599971912801266e-05,0.011529500130563974,1.2599979527294636e-05,1.0600080713629723e-05,0.03366039996035397,0.010073000099509954,0.015963400015607476,1.2399978004395962e-05,1.0599964298307896e-05,0.00304500013589859,7.2999391704797745e-06,5.300040356814861e-06,0.003881199983879924,0.00323750008828938,1.070008147507906e-05,0.08147110044956207
