percentage,execution,ar_r_sub,k_s_sup,ks_sf_in,n_r_t,nk_k_sup,nrs_ns_r,ns_s_spe,ns_s_sup,ns_sub_r,r_ar_sup,s_k_sub,s_ns_sub,s_nsup_k,sub_r_r,t_k_sup,total_time
80,3,0.012085800059139729,8.299993351101875e-05,1.0999850928783417e-05,7.3998235166072845e-06,0.004999400116503239,6.00004568696022e-06,5.899928510189056e-06,1.1999625712633133e-05,1.2699980288743973e-05,0.015977999661117792,0.04303389973938465,0.05555750010535121,0.0044501000083982944,0.00218959990888834,0.0018159998580813408,0.14024829864501953
