percentage,execution,k_s_sup,s_k_sub,t_k_sup,ns_s_sup,s_ns_sub,r_ar_sup,ar_r_sub,ns_sub_r,ks_sf_in,sub_r_r,n_r_t,ns_s_spe,nk_k_sup,s_nsup_k,nrs_ns_r,total_time
90,10,8.38999985717237e-05,0.04347440000856295,0.0018201000057160854,1.2699994840659201e-05,0.04989490000298247,0.013739999980316497,0.003249800007324666,1.4199991710484028e-05,1.170000177808106e-05,0.00039239999023266137,7.599999662488699e-06,5.800000508315861e-06,0.004861000008531846,0.004303900001104921,6.200003554113209e-06,0.12187859999539796
