percentage,execution,ar_r_sub,k_s_sup,ks_sf_in,n_r_t,nk_k_sup,nrs_ns_r,ns_s_spe,ns_s_sup,ns_sub_r,r_ar_sup,s_k_sub,s_ns_sub,s_nsup_k,sub_r_r,t_k_sup,total_time
30,7,0.0004602998960763216,8.989986963570118e-05,2.1999934688210487e-05,1.400010660290718e-05,0.014923400012776256,1.5399884432554245e-05,1.0999967344105244e-05,2.4600070901215076e-05,2.9400107450783253e-05,0.0162561999168247,0.058356599998660386,0.10621690016705543,0.007775699952617288,3.5100034438073635e-05,0.001823499915190041,0.20605399983469397
