percentage,execution,ar_r_sub,k_s_sup,ks_sf_in,n_r_t,nk_k_sup,nrs_ns_r,ns_s_spe,ns_s_sup,ns_sub_r,r_ar_sup,s_k_sub,s_ns_sub,s_nsup_k,sub_r_r,t_k_sup,total_time
10,5,0.000157100148499012,9.17001161724329e-05,2.050003968179226e-05,1.3599870726466179e-05,0.014877900015562773,2.0900042727589607e-05,1.3699987903237343e-05,2.1200045011937618e-05,2.2399937734007835e-05,0.0032061999663710594,0.057220299961045384,0.11889579996932298,0.0075480000814422965,3.39999096468091e-05,0.0019473001593723893,0.20409060025122017
