percentage,execution,k_s_sup,s_k_sub,t_k_sup,ns_s_sup,s_ns_sub,r_ar_sup,ar_r_sub,ns_sub_r,ks_sf_in,sub_r_r,n_r_t,ns_s_spe,nk_k_sup,s_nsup_k,nrs_ns_r,total_time
85,4,9.019987192004919e-05,0.06287060002796352,0.001747500034980476,2.319994382560253e-05,0.06986350007355213,0.029112499905750155,0.006440700031816959,2.5400076992809772e-05,2.189993392676115e-05,0.0007930001011118293,1.479999627918005e-05,1.1399970389902592e-05,0.015376599971204996,0.008319500018842518,1.1699972674250603e-05,0.19472249993123114
