percentage,execution,k_s_sup,s_k_sub,t_k_sup,ns_s_sup,s_ns_sub,r_ar_sup,ar_r_sub,ns_sub_r,ks_sf_in,sub_r_r,n_r_t,ns_s_spe,nk_k_sup,s_nsup_k,nrs_ns_r,total_time
80,4,8.71000811457634e-05,0.04031429986935109,0.0018606999656185508,1.1899974197149277e-05,0.05375399999320507,0.017455499968491495,0.011887400061823428,1.3299984857439995e-05,1.1200085282325745e-05,0.002148799947462976,7.300055585801601e-06,5.500041879713535e-06,0.004889499978162348,0.004329199902713299,6.200047209858894e-06,0.1367818999569863
