percentage,execution,k_s_sup,s_k_sub,t_k_sup,ns_s_sup,s_ns_sub,r_ar_sup,ar_r_sub,ns_sub_r,ks_sf_in,sub_r_r,n_r_t,ns_s_spe,nk_k_sup,s_nsup_k,nrs_ns_r,total_time
90,8,8.100002014543861e-05,0.03739470000436995,0.0017539999971631914,1.2199991033412516e-05,0.04450039999210276,0.01691099998424761,0.003183499997248873,1.2100004823878407e-05,1.1099997209385037e-05,0.0003662000090116635,7.199996616691351e-06,5.699999746866524e-06,0.004791800005477853,0.004229699989082292,5.699999746866524e-06,0.11326629998802673
