percentage,execution,ar_r_sub,k_s_sup,ks_sf_in,n_r_t,nk_k_sup,nrs_ns_r,ns_s_spe,ns_s_sup,ns_sub_r,r_ar_sup,s_k_sub,s_ns_sub,s_nsup_k,sub_r_r,t_k_sup,total_time
40,4,0.01133040000058827,7.879999975557439e-05,1.049999991664663e-05,6.999999641266186e-06,0.004617100000359642,7.099999493220821e-06,5.200000487093348e-06,1.0700000530050602e-05,1.2500000593718141e-05,0.010763800000859192,0.03320219999841356,0.07790200000090408,0.004175299999587878,0.0020539000006465358,0.001731899999867892,0.14590840000164462
