percentage,execution,ar_r_sub,k_s_sup,ks_sf_in,n_r_t,nk_k_sup,nrs_ns_r,ns_s_spe,ns_s_sup,ns_sub_r,r_ar_sup,s_k_sub,s_ns_sub,s_nsup_k,sub_r_r,t_k_sup,total_time
60,10,0.00030979999974078964,8.04999999672873e-05,1.1099999937869143e-05,7.100000402715523e-06,0.005101199999444361,6.799999937356915e-06,5.500000042957254e-06,1.1300000551273115e-05,1.2100000276404899e-05,0.013777399999526097,0.04109900000003108,0.06653060000098776,0.004253399999470275,2.7599999157246202e-05,0.0017877000000225962,0.13302109999949607
