percentage,execution,ar_r_sub,k_s_sup,ks_sf_in,n_r_t,nk_k_sup,nrs_ns_r,ns_s_spe,ns_s_sup,ns_sub_r,r_ar_sup,s_k_sub,s_ns_sub,s_nsup_k,sub_r_r,t_k_sup,total_time
80,7,0.006400499842129648,9.290000889450312e-05,2.200016751885414e-05,1.5099998563528061e-05,0.015193800092674792,1.2299860827624798e-05,1.4099874533712864e-05,2.3400061763823032e-05,2.4800188839435577e-05,0.02871370012871921,0.06571340002119541,0.07811490015592426,0.00841410004068166,0.0007434000726789236,0.0018049998907372355,0.20530340040568262
