percentage,execution,k_s_sup,s_k_sub,t_k_sup,ns_s_sup,s_ns_sub,r_ar_sup,ar_r_sub,ns_sub_r,ks_sf_in,sub_r_r,n_r_t,ns_s_spe,nk_k_sup,s_nsup_k,nrs_ns_r,total_time
50,6,8.269998943433166e-05,0.03571519999240991,0.0018198000034317374,1.1399999493733048e-05,0.07526190001226496,0.003920200004358776,0.00041209998016711324,1.2200005585327744e-05,1.1099997209385037e-05,1.719998545013368e-05,7.399998139590025e-06,5.699999746866524e-06,0.004927699992549606,0.00448629999300465,7.799986633472145e-06,0.1266986999398796
