percentage,execution,ar_r_sub,k_s_sup,ks_sf_in,n_r_t,nk_k_sup,nrs_ns_r,ns_s_spe,ns_s_sup,ns_sub_r,r_ar_sup,s_k_sub,s_ns_sub,s_nsup_k,sub_r_r,t_k_sup,total_time
30,10,0.00039460044354200363,9.470013901591301e-05,2.110050991177559e-05,1.400010660290718e-05,0.014736500103026628,1.7200130969285965e-05,1.0899733752012253e-05,2.1500512957572937e-05,2.3199710994958878e-05,0.011275099590420723,0.05091809993609786,0.10007979953661561,0.007638200186192989,3.490038216114044e-05,0.001858800183981657,0.18713860120624304
