percentage,execution,ar_r_sub,k_s_sup,ks_sf_in,n_r_t,nk_k_sup,nrs_ns_r,ns_s_spe,ns_s_sup,ns_sub_r,r_ar_sup,s_k_sub,s_ns_sub,s_nsup_k,sub_r_r,t_k_sup,total_time
90,7,0.0031495000002905726,8.029991295188665e-05,1.0699965059757233e-05,7.2999391704797745e-06,0.004762800061143935,5.900044925510883e-06,5.699926987290382e-06,1.170008908957243e-05,1.2399978004395962e-05,0.015161399962380528,0.04092330008279532,0.047721599927172065,0.004273699945770204,0.0003711001481860876,0.0017383999656885862,0.1182357999496162
