percentage,execution,ar_r_sub,k_s_sup,ks_sf_in,n_r_t,nk_k_sup,nrs_ns_r,ns_s_spe,ns_s_sup,ns_sub_r,r_ar_sup,s_k_sub,s_ns_sub,s_nsup_k,sub_r_r,t_k_sup,total_time
40,3,0.00025569996796548367,7.95999076217413e-05,1.0100076906383038e-05,6.900052540004253e-06,0.004884400055743754,7.400056347250938e-06,5.200039595365524e-06,1.0999850928783417e-05,1.1599971912801266e-05,0.008487600018270314,0.034556200029328465,0.08252980001270771,0.0043036999413743615,1.750001683831215e-05,0.0017862999811768532,0.13695299997925758
