execution,ar_r_sub,k_s_sup,ks_sf_in,n_r_t,nk_k_sup,nrs_ns_r,ns_s_spe,ns_s_sup,ns_sub_r,r_ar_sup,s_k_sub,s_ns_sub,s_nsup_k,sub_r_r,t_k_sup,total_time
1,9.200070053339005e-06,1.0299962013959885e-05,9.500421583652496e-06,5.7998113334178925e-06,5.400273948907852e-06,5.200039595365524e-06,0.00039170030504465103,8.750008419156075e-05,1.8998980522155762e-06,8.099991828203201e-05,9.199604392051697e-06,9.000301361083984e-06,4.599802196025848e-06,1.0600313544273376e-05,9.499490261077881e-06,0.0006504002958536148
2,1.0799616575241089e-05,0.004661399871110916,1.0000541806221008e-05,6.1998143792152405e-06,5.600042641162872e-06,5.300156772136688e-06,0.0003765001893043518,8.850032463669777e-05,2.0996667444705963e-06,0.003183799795806408,9.040022268891335e-05,8.230051025748253e-05,4.999805241823196e-06,1.1300202459096909e-05,0.00010519986972212791,0.008644400630146265
3,1.1700205504894257e-05,0.005343299824744463,1.0699965059757233e-05,8.699949830770493e-06,6.00004568696022e-06,9.09995287656784e-06,0.00044300034642219543,0.0001133996993303299,2.200249582529068e-06,0.0036851000040769577,9.269965812563896e-05,9.950017556548119e-05,5.500391125679016e-06,1.2399628758430481e-05,0.00012620026245713234,0.009969500359147787
