percentage,execution,ar_r_sub,k_s_sup,ks_sf_in,n_r_t,nk_k_sup,nrs_ns_r,ns_s_spe,ns_s_sup,ns_sub_r,r_ar_sup,s_k_sub,s_ns_sub,s_nsup_k,sub_r_r,t_k_sup,total_time
80,5,0.00031209999997372506,7.809999988239724e-05,0.001126700000895653,5.300000339047983e-06,0.0008118999994621845,5.199999577598646e-06,4.499999704421498e-06,9.60000033956021e-06,2.4000000848900527e-06,7.709999954386149e-05,0.004306800000449584,0.007249200000842393,0.0006676000002698856,1.1599999197642319e-05,0.005277899999782676,0.01994600000034552
