percentage,execution,ar_r_sub,k_s_sup,ks_sf_in,n_r_t,nk_k_sup,nrs_ns_r,ns_s_spe,ns_s_sup,ns_sub_r,r_ar_sup,s_k_sub,s_ns_sub,s_nsup_k,sub_r_r,t_k_sup,total_time
80,9,0.0003008999992744066,8.109999998850981e-05,0.0011116000005131355,5.500000042957254e-06,0.0007952000005388982,5.300000339047983e-06,4.70000031782547e-06,9.899999895424116e-06,1.6999993022182025e-06,7.730000015726546e-05,0.004308800000217161,0.007250799999383162,0.0006647000000157277,1.1399999493733048e-05,0.005217599999014055,0.019846499998493528
