percentage,execution,ar_r_sub,k_s_sup,ks_sf_in,n_r_t,nk_k_sup,nrs_ns_r,ns_s_spe,ns_s_sup,ns_sub_r,r_ar_sup,s_k_sub,s_ns_sub,s_nsup_k,sub_r_r,t_k_sup,total_time
20,2,7.069999992381781e-05,9.900000804918818e-06,0.0002751000001808279,5.399999281507917e-06,0.00018400000044493936,5.500000042957254e-06,4.5000006139162e-06,8.000000889296643e-06,1.7000002117129043e-06,9.100000170292333e-06,7.399999958579428e-05,7.090000053722179e-05,0.0001222000000780099,1.1099999937869143e-05,8.89999955688836e-06,0.0008610000022599706
