execution,k_s_sup,s_k_sub,t_k_sup,ns_s_sup,s_ns_sub,r_ar_sup,ar_r_sub,ns_sub_r,ks_sf_in,sub_r_r,n_r_t,ns_s_spe,nk_k_sup,s_nsup_k,nrs_ns_r,total_time
1,0.005688800010830164,0.00021220004418864846,0.00024429993936792016,0.00014579994603991508,0.00019780005095526576,0.0043805999448522925,2.1599989850074053e-05,0.0029913000762462616,1.7499958630651236e-05,1.850002445280552e-05,9.600014891475439e-06,0.009872800088487566,1.0300020221620798e-05,8.999952115118504e-06,8.499948307871819e-06,0.02382860000943765
2,0.0010033000144176185,7.800007006153464e-05,9.06999921426177e-05,0.0001200000406242907,7.609993917867541e-05,0.0011854999465867877,1.810002140700817e-05,1.9300030544400215e-05,1.8099963199347258e-05,2.0200037397444248e-05,1.4799938071519136e-05,0.02077360003022477,1.1699972674250603e-05,9.800016414374113e-06,9.600073099136353e-06,0.023448800086043775
3,0.006659399892669171,0.00021769991144537926,0.00031649996526539326,0.00018699996871873736,0.0002547000185586512,0.005221900064498186,2.8600101359188557e-05,0.0036090000648982823,1.9300030544400215e-05,2.119992859661579e-05,9.999959729611874e-06,0.011471099976915866,1.0700023267418146e-05,9.500014130026102e-06,8.700008038431406e-06,0.02804529992863536
