execution,k_s_sup,s_k_sub,t_k_sup,ns_s_sup,s_ns_sub,r_ar_sup,ar_r_sub,ns_sub_r,ks_sf_in,sub_r_r,n_r_t,ns_s_spe,nk_k_sup,s_nsup_k,nrs_ns_r,total_time
1,0.00010600005043670535,0.0033127999631688,0.003775699937250465,1.999997766688466e-05,0.013315600052010268,0.0032775000436231494,2.2100110072642565e-05,2.1400104742497206e-05,1.8299906514585018e-05,2.019992098212242e-05,1.0199961252510548e-05,8.699949830770493e-06,0.007877899974118918,0.000604200002271682,1.1499971151351929e-05,0.03240209992509335
2,8.870003512129188e-05,0.0033941000001505017,0.003837799944449216,1.7900019884109497e-05,0.013942300050985068,0.004611200012732297,2.0799925550818443e-05,1.939997309818864e-05,1.7799960914999247e-05,2.1699932403862476e-05,1.0500021744519472e-05,9.300070814788342e-06,0.006735700066201389,0.0006217000191099942,1.4800054486840963e-05,0.033363700087647885
3,7.969996659085155e-05,0.00343590002739802,0.003982800000812858,9.499955922365189e-06,0.016443399945273995,8.029997115954757e-05,8.999952115118504e-06,9.400013368576765e-06,9.00006853044033e-06,1.0999967344105244e-05,5.00003807246685e-06,4.300032742321491e-06,0.0005869999877177179,0.00046879996079951525,5.499983672052622e-06,0.025140599871519953
4,9.100005263462663e-05,0.00337939994642511,0.00375150004401803,2.180004958063364e-05,0.013493300008121878,0.0034178000641986728,2.0099978428333998e-05,2.2499996703118086e-05,1.8000020645558834e-05,2.1399930119514465e-05,1.0500021744519472e-05,8.999952115118504e-06,0.006834400002844632,0.0006500000017695129,1.2699980288743973e-05,0.031753400049638
5,8.9599983766675e-05,0.0033990000374615192,0.003848200081847608,1.8400023691356182e-05,0.013172200007829815,0.0033884001313708723,2.0099920220673084e-05,1.9699917174875736e-05,2.0799925550818443e-05,2.239999594166875e-05,1.0700023267418146e-05,9.399955160915852e-06,0.006955499935429543,0.0006441000150516629,1.1800031643360853e-05,0.03163029998540878
