execution,k_s_sup,s_k_sub,t_k_sup,ns_s_sup,s_ns_sub,r_ar_sup,ar_r_sub,ns_sub_r,ks_sf_in,sub_r_r,n_r_t,ns_s_spe,nk_k_sup,s_nsup_k,nrs_ns_r,total_time
1,9.099987801164389e-05,0.01027919992338866,0.0018664998933672905,1.880002673715353e-05,0.022485300083644688,8.909997995942831e-05,0.019660099991597235,2.110004425048828e-05,2.1500163711607456e-05,0.003702000016346574,1.1100084520876408e-05,8.899951353669167e-06,0.01127960009034723,0.0014943000860512257,1.0199961252510548e-05,0.07103870017454028
2,9.300070814788342e-06,7.410009857267141e-05,8.70006624609232e-06,8.500064723193645e-06,7.339997682720423e-05,8.899951353669167e-06,7.27999722585082e-05,8.79995059221983e-06,8.09994526207447e-06,1.070008147507906e-05,5.299923941493034e-06,4.400033503770828e-06,0.0004999999655410647,0.0004023000365123153,1.0199961252510548e-05,0.001205500098876655
3,9.490002412348986e-05,0.005648400168865919,0.001889999839477241,1.859990879893303e-05,0.018110599950887263,9.120011236518621e-05,0.00014739995822310448,1.8100137822329998e-05,1.7299898900091648e-05,2.52000754699111e-05,1.109996810555458e-05,8.70006624609232e-06,0.01065710000693798,0.0009298000950366259,1.1500087566673756e-05,0.037679900298826396
4,9.500072337687016e-06,0.001808099914342165,1.0699965059757233e-05,8.600065484642982e-06,0.007834999938495457,1.0300078429281712e-05,0.010727099957875907,1.0199961252510548e-05,9.199953638017178e-06,0.0020311999833211303,5.499925464391708e-06,4.500034265220165e-06,0.0007896999595686793,0.0005686000222340226,5.599926225841045e-06,0.02383379975799471
5,7.890001870691776e-05,0.00566859997343272,0.0018360000103712082,9.199953638017178e-06,0.020813799928873777,7.660000119358301e-05,8.999952115118504e-06,9.500072337687016e-06,8.599949069321156e-06,1.1199968867003918e-05,4.799920134246349e-06,4.300032742321491e-06,0.0009216000325977802,0.0007916999747976661,5.499925464391708e-06,0.03024929971434176
6,9.09995287656784e-06,7.449998520314693e-05,8.999952115118504e-06,8.300063200294971e-06,7.109995931386948e-05,8.600065484642982e-06,7.319997530430555e-05,9.00006853044033e-06,8.300063200294971e-06,1.2999866157770157e-05,5.100038833916187e-06,4.100031219422817e-06,0.00030479999259114265,0.00021600001491606236,5.699926987290382e-06,0.0008197999559342861
