execution,ar_r_sub,k_s_sup,ks_sf_in,n_r_t,nk_k_sup,nrs_ns_r,ns_s_spe,ns_s_sup,ns_sub_r,r_ar_sup,s_k_sub,s_ns_sub,s_nsup_k,sub_r_r,t_k_sup,total_time
1,1.9399914890527725e-05,8.659996092319489e-05,1.820037141442299e-05,1.0099727660417557e-05,0.006464200094342232,1.0400544852018356e-05,9.09995287656784e-06,1.7799437046051025e-05,1.8800608813762665e-05,0.003251399379223585,0.0017189998179674149,0.004933800082653761,0.0003760000690817833,2.349959686398506e-05,0.0019022999331355095,0.018860599491745234
2,9.099487215280533e-06,7.790001109242439e-05,8.800067007541656e-06,4.8996880650520325e-06,0.0002931002527475357,5.400273948907852e-06,4.400033503770828e-06,9.499955922365189e-06,9.100418537855148e-06,7.720012217760086e-05,0.0017308997921645641,0.008102199994027615,0.00024209963157773018,1.019984483718872e-05,0.001926099881529808,0.01251089945435524
3,2.2300053387880325e-05,8.579995483160019e-05,2.110004425048828e-05,9.999144822359085e-06,0.006650600116699934,1.0599847882986069e-05,8.90018418431282e-06,1.8100254237651825e-05,1.910002902150154e-05,0.0033086007460951805,0.001734000165015459,0.00491779949516058,0.0003824997693300247,2.0199455320835114e-05,0.0019339006394147873,0.01914349989965558
