execution,ar_r_sub,k_s_sup,ks_sf_in,n_r_t,nk_k_sup,nrs_ns_r,ns_s_spe,ns_s_sup,ns_sub_r,r_ar_sup,s_k_sub,s_ns_sub,s_nsup_k,sub_r_r,t_k_sup,total_time
1,0.00015849992632865906,9.750004392117262e-05,1.8900143913924694e-05,1.1399970389902592e-05,0.011466500000096858,1.2300093658268452e-05,9.600073099136353e-06,1.8799793906509876e-05,1.950003206729889e-05,9.36001306399703e-05,0.003551799920387566,0.014332000049762428,0.0006729001179337502,2.249970566481352e-05,0.003877800074405968,0.034363600076176226
2,0.00015590013936161995,9.760004468262196e-05,1.8799910321831703e-05,1.100008375942707e-05,0.011143499985337257,1.4299992471933365e-05,9.199953638017178e-06,1.840014010667801e-05,1.950003206729889e-05,9.639991912990808e-05,0.0034873001277446747,0.01384409994352609,0.0006681999657303095,2.2300053387880325e-05,0.003948800032958388,0.033555300324223936
3,2.3199827410280704e-05,0.0001360998721793294,1.9200029782950878e-05,1.1100084520876408e-05,0.007778799976222217,1.27000967040658e-05,9.300070814788342e-06,2.810009755194187e-05,2.2699940018355846e-05,0.0035535000497475266,0.0035170000046491623,0.014949199976399541,0.0007076001493260264,2.3099943064153194e-05,0.00414079986512661,0.034932399983517826
4,1.9400031305849552e-05,9.079987648874521e-05,2.3900065571069717e-05,1.0800082236528397e-05,0.006956900004297495,1.1699856258928776e-05,9.200070053339005e-06,1.8099788576364517e-05,1.9400031305849552e-05,0.0036364999832585454,0.0032822999637573957,0.013330800225958228,0.0006334000499919057,2.2200169041752815e-05,0.0037693000631406903,0.03183470026124269
5,9.199953638017178e-06,8.279993198812008e-05,9.300070814788342e-06,5.199923180043697e-06,0.0006931000389158726,6.00004568696022e-06,4.500034265220165e-06,9.699841029942036e-06,9.600073099136353e-06,8.210015948861837e-05,0.003559699864126742,0.017562300083227456,0.0005055000074207783,1.1300086043775082e-05,0.004090799950063229,0.0266411000629887
