execution,k_s_sup,s_k_sub,t_k_sup,ns_s_sup,s_ns_sub,r_ar_sup,ar_r_sub,ns_sub_r,ks_sf_in,sub_r_r,n_r_t,ns_s_spe,nk_k_sup,s_nsup_k,nrs_ns_r,total_time
1,7.559999357908964e-05,0.0016880000475794077,0.0018646001117303967,9.00006853044033e-06,0.007722900132648647,7.510010618716478e-05,8.500064723193645e-06,8.799834176898003e-06,8.500064723193645e-06,9.600073099136353e-06,4.500034265220165e-06,4.200031980872154e-06,0.00028519995976239443,0.00023060000967234373,5.00003807246685e-06,0.012000100570730865
2,8.969998452812433e-05,0.0017800999339669943,0.0018744999542832375,1.7000013031065464e-05,0.004711000015959144,9.169999975711107e-05,0.00014380004722625017,1.750001683831215e-05,1.6699894331395626e-05,1.8900143913924694e-05,1.0199961252510548e-05,8.499948307871819e-06,0.00985559995751828,0.00036970002111047506,9.7999582067132e-06,0.01901469985023141
3,0.00010160007514059544,0.0018072997918352485,0.0020265000639483333,1.7900019884109497e-05,0.005226599983870983,0.0001053001033142209,0.00017159990966320038,1.8400023691356182e-05,1.9599799998104572e-05,2.1300045773386955e-05,9.300070814788342e-06,8.19982960820198e-06,0.010284200077876449,0.00043550017289817333,1.4500110410153866e-05,0.020267800078727305
