percentage,execution,ar_r_sub,k_s_sup,ks_sf_in,n_r_t,nk_k_sup,nrs_ns_r,ns_s_spe,ns_s_sup,ns_sub_r,r_ar_sup,s_k_sub,s_ns_sub,s_nsup_k,sub_r_r,t_k_sup,total_time
80,1,0.009665600024163723,9.559991303831339e-05,1.4299992471933365e-05,8.100061677396297e-06,0.0034629000583663583,6.5999338403344154e-06,5.800044164061546e-06,1.3299984857439995e-05,2.300017513334751e-06,0.0018931999802589417,0.025124500039964914,0.03750619979109615,0.003029600018635392,0.0017476000357419252,0.002073399955406785,0.084648999851197
