percentage,execution,ar_r_sub,k_s_sup,ks_sf_in,n_r_t,nk_k_sup,nrs_ns_r,ns_s_spe,ns_s_sup,ns_sub_r,r_ar_sup,s_k_sub,s_ns_sub,s_nsup_k,sub_r_r,t_k_sup,total_time
90,10,0.012431199895218015,9.14999982342124e-05,1.2399978004395962e-05,8.00006091594696e-06,0.0033969999058172107,6.4999330788850784e-06,6.00004568696022e-06,1.2599979527294636e-05,2.200016751885414e-06,0.0018373000202700496,0.025724700069986284,0.03264560003299266,0.002993799978867173,0.0020713000558316708,0.002010500058531761,0.0832506000297144
