percentage,execution,k_s_sup,s_k_sub,t_k_sup,ns_s_sup,s_ns_sub,r_ar_sup,ar_r_sub,ns_sub_r,ks_sf_in,sub_r_r,n_r_t,ns_s_spe,nk_k_sup,s_nsup_k,nrs_ns_r,total_time
80,1,8.47000046633184e-05,0.022062900010496378,0.0018921000155387446,1.069999416358769e-05,0.03345709999848623,0.0008692999981576577,0.00991109998722095,2.3000029614195228e-06,1.1199997970834374e-05,0.0016115999897010624,8.600007276982069e-06,5.2000104915350676e-06,0.0030226999951992184,0.0027196000010007992,5.900001269765198e-06,0.07567500001459848
