percentage,execution,ar_r_sub,k_s_sup,ks_sf_in,n_r_t,nk_k_sup,nrs_ns_r,ns_s_spe,ns_s_sup,ns_sub_r,r_ar_sup,s_k_sub,s_ns_sub,s_nsup_k,sub_r_r,t_k_sup,total_time
40,6,0.010811699999976554,7.840000034775585e-05,1.0900000233959872e-05,7.099999493220821e-06,0.0029489999997167615,6.600000233447645e-06,5.099999725644011e-06,1.3700000636163168e-05,2.099999619531445e-06,7.49000000723754e-05,0.01790930000061053,0.05276030000004539,0.0025132000000667176,0.0021097999997437,0.0018198000007032533,0.091071900001225
