percentage,execution,ar_r_sub,k_s_sup,ks_sf_in,n_r_t,nk_k_sup,nrs_ns_r,ns_s_spe,ns_s_sup,ns_sub_r,r_ar_sup,s_k_sub,s_ns_sub,s_nsup_k,sub_r_r,t_k_sup,total_time
80,2,0.00618290004786104,1.3499986380338669e-05,1.2699980288743973e-05,8.399947546422482e-06,0.0040828000055626035,6.6999346017837524e-06,6.09993003308773e-06,1.200009137392044e-05,2.400018274784088e-06,0.003376999986357987,0.015846200054511428,0.023457300034351647,0.0030007000314071774,0.0008424000116065145,1.379998866468668e-05,0.056864900048822165
