percentage,execution,ar_r_sub,k_s_sup,ks_sf_in,n_r_t,nk_k_sup,nrs_ns_r,ns_s_spe,ns_s_sup,ns_sub_r,r_ar_sup,s_k_sub,s_ns_sub,s_nsup_k,sub_r_r,t_k_sup,total_time
10,2,0.0058527999790385365,1.209997572004795e-05,1.1699972674250603e-05,7.400056347250938e-06,0.0008339999476447701,7.999944500625134e-06,5.100038833916187e-06,1.0900082997977734e-05,2.600019797682762e-06,1.2699980288743973e-05,0.001112499856390059,0.004664700012654066,0.0006222999654710293,0.0012021999573335052,1.189985778182745e-05,0.014370899647474289
