percentage,execution,ar_r_sub,k_s_sup,ks_sf_in,n_r_t,nk_k_sup,nrs_ns_r,ns_s_spe,ns_s_sup,ns_sub_r,r_ar_sup,s_k_sub,s_ns_sub,s_nsup_k,sub_r_r,t_k_sup,total_time
30,7,0.0002585998736321926,1.4300458133220673e-05,1.0599847882986069e-05,7.000286132097244e-06,0.0017822002992033958,7.200054824352264e-06,4.999805241823196e-06,9.899958968162537e-06,1.8998980522155762e-06,0.00217599980533123,0.0038363002240657806,0.009998000226914883,0.0013023000210523605,1.5399884432554245e-05,1.1499971151351929e-05,0.019436200615018606
