percentage,execution,ar_r_sub,k_s_sup,ks_sf_in,n_r_t,nk_k_sup,nrs_ns_r,ns_s_spe,ns_s_sup,ns_sub_r,r_ar_sup,s_k_sub,s_ns_sub,s_nsup_k,sub_r_r,t_k_sup,total_time
20,1,0.0002054999995380058,1.269999938813271e-05,1.0599999768601265e-05,6.8999997893115506e-06,0.0008827000001474516,7.599999662488699e-06,4.900000021734741e-06,9.900000804918818e-06,1.8999999156221747e-06,1.140000040322775e-05,0.00021090000063850312,0.00019830000019283034,0.0006264000003284309,1.680000059423037e-05,1.1699999959091656e-05,0.0022182000011525815
