percentage,execution,k_s_sup,s_k_sub,t_k_sup,ns_s_sup,s_ns_sub,r_ar_sup,ar_r_sub,ns_sub_r,ks_sf_in,sub_r_r,n_r_t,ns_s_spe,nk_k_sup,s_nsup_k,nrs_ns_r,total_time
20,5,1.0700023267418146e-05,0.0002010000025620684,1.0299991117790341e-05,9.099996532313526e-06,0.000195399989024736,1.069999416358769e-05,0.00019859999883919954,1.7999991541728377e-06,9.799987310543656e-06,1.4200006262399256e-05,6.89999433234334e-06,5.0000089686363935e-06,0.0009266999986721203,0.0006849000055808574,6.799993570894003e-06,0.002291899989359081
