percentage,execution,ar_r_sub,k_s_sup,ks_sf_in,n_r_t,nk_k_sup,nrs_ns_r,ns_s_spe,ns_s_sup,ns_sub_r,r_ar_sup,s_k_sub,s_ns_sub,s_nsup_k,sub_r_r,t_k_sup,total_time
90,5,0.011983899981714785,0.00011420005466789007,1.2999982573091984e-05,8.200062438845634e-06,0.003269699984230101,6.300047971308231e-06,6.100046448409557e-06,1.2599979527294636e-05,2.400018274784088e-06,0.0018925999756902456,0.02582129999063909,0.02903950004838407,0.002858599997125566,0.0019159000366926193,0.0020719000604003668,0.07901620026677847
