percentage,execution,k_s_sup,s_k_sub,t_k_sup,ns_s_sup,s_ns_sub,r_ar_sup,ar_r_sub,ns_sub_r,ks_sf_in,sub_r_r,n_r_t,ns_s_spe,nk_k_sup,s_nsup_k,nrs_ns_r,total_time
10,9,1.1099997209385037e-05,0.003298499999800697,1.1200012522749603e-05,9.99998883344233e-06,0.015979899995727465,1.1500000255182385e-05,0.020603500001016073,2.00001522898674e-06,1.069999416358769e-05,0.003906999991158955,7.499998901039362e-06,5.199995939619839e-06,0.0016566999984206632,0.0011986999888904393,6.999995093792677e-06,0.04672049997316208
