percentage,execution,ar_r_sub,k_s_sup,ks_sf_in,n_r_t,nk_k_sup,nrs_ns_r,ns_s_spe,ns_s_sup,ns_sub_r,r_ar_sup,s_k_sub,s_ns_sub,s_nsup_k,sub_r_r,t_k_sup,total_time
80,8,0.022278000134974718,9.320001117885113e-05,1.2500095181167126e-05,8.200062438845634e-06,0.0034094000002369285,5.900044925510883e-06,6.200047209858894e-06,1.300009898841381e-05,2.299901098012924e-06,0.0018597000744193792,0.02620110008865595,0.036722399992868304,0.0029860000358894467,0.004089399939402938,0.002050000010058284,0.09973730053752661
