percentage,execution,ar_r_sub,k_s_sup,ks_sf_in,n_r_t,nk_k_sup,nrs_ns_r,ns_s_spe,ns_s_sup,ns_sub_r,r_ar_sup,s_k_sub,s_ns_sub,s_nsup_k,sub_r_r,t_k_sup,total_time
80,5,0.008445600000413833,7.93999997767969e-05,1.1099999028374441e-05,7.100000402715523e-06,0.002956799999992654,6.000000212225132e-06,5.200000487093348e-06,1.0900000233959872e-05,2.100000529026147e-06,0.0016913999997996143,0.02224439999918104,0.03256539999983943,0.002567099999396305,0.0015355000005001784,0.0018074000008709845,0.07393540000066423
