percentage,execution,k_s_sup,s_k_sub,t_k_sup,ns_s_sup,s_ns_sub,r_ar_sup,ar_r_sub,ns_sub_r,ks_sf_in,sub_r_r,n_r_t,ns_s_spe,nk_k_sup,s_nsup_k,nrs_ns_r,total_time
80,10,8.969999908003956e-05,0.02354629999899771,0.0019265000009909272,1.09999964479357e-05,0.03340790000220295,0.0017731999978423119,0.00879249999707099,2.1000014385208488e-06,1.1299998732283711e-05,0.0014998999977251515,7.099995855242014e-06,5.2000104915350676e-06,0.0030873999930918217,0.0026792999997269362,6.000002031214535e-06,0.07684539999172557
