execution,ar_r_sub,k_s_sup,ks_sf_in,n_r_t,nk_k_sup,nrs_ns_r,ns_s_spe,ns_s_sup,ns_sub_r,r_ar_sup,s_k_sub,s_ns_sub,s_nsup_k,sub_r_r,t_k_sup,total_time
1,8.699949830770493e-06,8.019991219043732e-05,9.09995287656784e-06,5.100038833916187e-06,0.0004913000157102942,5.600042641162872e-06,4.499917849898338e-06,9.800074622035027e-06,2.100015990436077e-06,8.040003012865782e-05,0.0029250000370666385,0.01312270003836602,0.00040359992999583483,1.1299969628453255e-05,0.001896000001579523,0.019055399927310646
2,9.900075383484364e-06,9.89984255284071e-06,9.600073099136353e-06,5.199923180043697e-06,0.0004317999118939042,5.600042641162872e-06,4.500034265220165e-06,8.70006624609232e-06,1.9000144675374031e-06,0.0022796998964622617,0.0009645000100135803,0.004166600061580539,0.00029530003666877747,1.109996810555458e-05,1.0999850928783417e-05,0.008215299807488918
3,9.699957445263863e-06,9.500072337687016e-06,9.100069291889668e-06,4.900037311017513e-06,0.00024610001128166914,5.400041118264198e-06,4.400033503770828e-06,8.300063200294971e-06,1.800013706088066e-06,0.004428999964147806,7.730000652372837e-05,7.339997682720423e-05,0.00017559994012117386,1.0699965059757233e-05,9.399955160915852e-06,0.005074600107036531
4,9.500072337687016e-06,8.899951353669167e-06,8.999952115118504e-06,4.999921657145023e-06,0.000193099956959486,5.09992241859436e-06,4.300032742321491e-06,8.200062438845634e-06,1.600012183189392e-06,0.0023545001167804003,7.600011304020882e-05,7.52998748794198e-05,0.00012390001211315393,1.0899966582655907e-05,9.09995287656784e-06,0.002894399920478463
