execution,ar_r_sub,k_s_sup,ks_sf_in,n_r_t,nk_k_sup,nrs_ns_r,ns_s_spe,ns_s_sup,ns_sub_r,r_ar_sup,s_k_sub,s_ns_sub,s_nsup_k,sub_r_r,t_k_sup,total_time
1,2.510007470846176e-05,3.0499882996082306e-05,1.9200146198272705e-05,1.7900019884109497e-05,0.0025107995606958866,2.110004425048828e-05,1.7200130969285965e-05,2.7199741452932358e-05,3.7997961044311523e-06,0.007311000023037195,0.006635100115090609,0.02766870055347681,0.0021012998186051846,0.00011620018631219864,3.0099879950284958e-05,0.04653519997373223
2,2.150004729628563e-05,2.079969272017479e-05,1.4200340956449509e-05,1.090019941329956e-05,0.0004825000651180744,8.400063961744308e-06,7.0999376475811005e-06,1.3300217688083649e-05,2.900604158639908e-06,0.011722200084477663,0.00016609998419880867,0.00011700019240379333,0.0003736000508069992,1.840014010667801e-05,1.4699529856443405e-05,0.012993601150810719
3,2.019992098212242e-05,1.840014010667801e-05,1.8299557268619537e-05,7.799826562404633e-06,0.0008215000852942467,9.09995287656784e-06,7.4999406933784485e-06,1.769978553056717e-05,3.3997930586338043e-06,0.01164110004901886,0.002362500410526991,0.010844699572771788,0.0005816002376377583,2.5200191885232925e-05,1.9900035113096237e-05,0.026398899499326944
4,3.0499882996082306e-05,0.00017359992489218712,3.350013867020607e-05,2.00001522898674e-05,0.002048400230705738,1.8099788576364517e-05,1.729978248476982e-05,2.4899840354919434e-05,4.600267857313156e-06,0.0002836002968251705,0.006059899926185608,0.03234599996358156,0.001752400305122137,3.5200268030166626e-05,0.002410400193184614,0.045258400961756706
