execution,ar_r_sub,k_s_sup,ks_sf_in,n_r_t,nk_k_sup,nrs_ns_r,ns_s_spe,ns_s_sup,ns_sub_r,r_ar_sup,s_k_sub,s_ns_sub,s_nsup_k,sub_r_r,t_k_sup,total_time
1,9.899958968162537e-06,9.000301361083984e-06,8.999835699796677e-06,5.300156772136688e-06,0.00019690021872520447,5.600042641162872e-06,4.299916326999664e-06,8.500181138515472e-06,1.6996636986732483e-06,0.00234219990670681,7.560010999441147e-05,7.429951801896095e-05,0.00012440001592040062,1.0999850928783417e-05,9.200070053339005e-06,0.002886899746954441
2,1.039961352944374e-05,9.600073099136353e-06,9.600073099136353e-06,5.3998082876205444e-06,0.0006669000722467899,6.200280040502548e-06,4.4996850192546844e-06,1.1699739843606949e-05,1.700129359960556e-06,0.0023302999325096607,0.0018153996206820011,0.008276099804788828,0.00046559982001781464,1.1499505490064621e-05,1.050066202878952e-05,0.01363539882004261
3,1.00000761449337e-05,9.200070053339005e-06,9.000301361083984e-06,5.3998082876205444e-06,0.00024850014597177505,5.400273948907852e-06,4.500150680541992e-06,8.299946784973145e-06,1.7997808754444122e-06,0.004471499938517809,7.699988782405853e-05,7.810024544596672e-05,0.0001726001501083374,1.1000316590070724e-05,8.899718523025513e-06,0.0051212008111178875
4,9.799841791391373e-06,9.29972156882286e-06,9.09995287656784e-06,5.1995739340782166e-06,0.0002486999146640301,5.200039595365524e-06,4.299916326999664e-06,8.599832653999329e-06,1.700129359960556e-06,0.004510999657213688,7.680011913180351e-05,7.670046761631966e-05,0.0001721000298857689,1.0699965059757233e-05,9.300187230110168e-06,0.005158499348908663
5,8.999370038509369e-06,7.96997919678688e-05,9.000301361083984e-06,4.90015372633934e-06,0.0007327999919652939,5.700159817934036e-06,4.500150680541992e-06,1.1699739843606949e-05,2.299901098012924e-06,8.110003545880318e-05,0.004055500030517578,0.01737419981509447,0.0006391997449100018,1.0899733752012253e-05,0.0019086995162069798,0.024929198436439037
