percentage,execution,ar_r_sub,k_s_sup,ks_sf_in,n_r_t,nk_k_sup,nrs_ns_r,ns_s_spe,ns_s_sup,ns_sub_r,r_ar_sup,s_k_sub,s_ns_sub,s_nsup_k,sub_r_r,t_k_sup,total_time
20,10,0.005499199964106083,1.3500102795660496e-05,9.7999582067132e-06,6.300047971308231e-06,0.0011307999957352877,6.5999338403344154e-06,5.09992241859436e-06,9.600073099136353e-06,1.0900082997977734e-05,1.1299853213131428e-05,0.0010918000480160117,0.004435000009834766,0.0008903000270947814,0.0012780000688508153,1.0499963536858559e-05,0.01440870005171746
