percentage,execution,ar_r_sub,k_s_sup,ks_sf_in,n_r_t,nk_k_sup,nrs_ns_r,ns_s_spe,ns_s_sup,ns_sub_r,r_ar_sup,s_k_sub,s_ns_sub,s_nsup_k,sub_r_r,t_k_sup,total_time
50,2,0.0066024999832734466,8.17000400274992e-05,9.499839507043362e-06,6.00004568696022e-06,0.0021606000373139977,6.199930794537067e-06,4.799920134246349e-06,9.899958968162537e-06,1.0800082236528397e-05,0.0034770999336615205,0.013626200146973133,0.028760100016370416,0.0018797999946400523,0.001263399957679212,0.001759599894285202,0.05965819978155196
