percentage,execution,ar_r_sub,k_s_sup,ks_sf_in,n_r_t,nk_k_sup,nrs_ns_r,ns_s_spe,ns_s_sup,ns_sub_r,r_ar_sup,s_k_sub,s_ns_sub,s_nsup_k,sub_r_r,t_k_sup,total_time
30,5,7.539987564086914e-05,8.010026067495346e-05,9.600073099136353e-06,5.899928510189056e-06,0.0021738000214099884,6.500165909528732e-06,4.599802196025848e-06,1.0100193321704865e-05,1.0499730706214905e-05,0.0008823997341096401,0.013744299300014973,0.03934199968352914,0.0019208001904189587,1.29002146422863e-05,0.0019509000703692436,0.06022979924455285
