percentage,execution,ar_r_sub,k_s_sup,ks_sf_in,n_r_t,nk_k_sup,nrs_ns_r,ns_s_spe,ns_s_sup,ns_sub_r,r_ar_sup,s_k_sub,s_ns_sub,s_nsup_k,sub_r_r,t_k_sup,total_time
80,9,0.0024782000109553337,7.79998954385519e-05,9.899958968162537e-06,6.200047209858894e-06,0.0021768000442534685,6.300047971308231e-06,4.900037311017513e-06,9.899958968162537e-06,1.109996810555458e-05,0.0016012999694794416,0.015855199890211225,0.023574399994686246,0.0023295999271795154,0.0003899999428540468,0.0017359000630676746,0.05026769975665957
