percentage,execution,ar_r_sub,k_s_sup,ks_sf_in,n_r_t,nk_k_sup,nrs_ns_r,ns_s_spe,ns_s_sup,ns_sub_r,r_ar_sup,s_k_sub,s_ns_sub,s_nsup_k,sub_r_r,t_k_sup,total_time
50,6,0.004707600106485188,9.199988562613726e-05,1.9600032828748226e-05,1.2799864634871483e-05,0.010021200054325163,1.1399853974580765e-05,9.70007386058569e-06,2.3099943064153194e-05,2.3099943064153194e-05,0.008297299733385444,0.02712540002539754,0.042998700169846416,0.003704500151798129,0.0007885999511927366,0.0017943999264389277,0.09962939971592277
