percentage,execution,k_s_sup,s_k_sub,t_k_sup,ns_s_sup,s_ns_sub,r_ar_sup,ar_r_sub,ns_sub_r,ks_sf_in,sub_r_r,n_r_t,ns_s_spe,nk_k_sup,s_nsup_k,nrs_ns_r,total_time
50,8,8.039998647291213e-05,0.017676499992376193,0.0018636000022524968,1.0599993402138352e-05,0.033996300015132874,0.004652000003261492,0.023751699991407804,1.1399999493733048e-05,1.0199990356341004e-05,0.0043040000018663704,6.400005077011883e-06,5.0000089686363935e-06,0.002215000000433065,0.0019116000039502978,5.3000112529844046e-06,0.09050000000570435
