percentage,execution,ar_r_sub,k_s_sup,ks_sf_in,n_r_t,nk_k_sup,nrs_ns_r,ns_s_spe,ns_s_sup,ns_sub_r,r_ar_sup,s_k_sub,s_ns_sub,s_nsup_k,sub_r_r,t_k_sup,total_time
20,5,8.499999239575118e-06,7.700000060140155e-05,8.400000297115184e-06,4.699999408330768e-06,0.0005538000004889909,6.8999997893115506e-06,4.300000000512227e-06,9.299999874201603e-06,8.600000001024455e-06,7.63000007282244e-05,0.003244200001063291,0.015348599998105783,0.00045850000060454477,1.0300000212737359e-05,0.0036081999987800373,0.02342759999919508
