percentage,execution,ar_r_sub,k_s_sup,ks_sf_in,n_r_t,nk_k_sup,nrs_ns_r,ns_s_spe,ns_s_sup,ns_sub_r,r_ar_sup,s_k_sub,s_ns_sub,s_nsup_k,sub_r_r,t_k_sup,total_time
90,3,0.010392199968919158,7.910002022981644e-05,9.500072337687016e-06,6.200047209858894e-06,0.002151800086721778,5.00003807246685e-06,4.999921657145023e-06,1.0300078429281712e-05,1.0699965059757233e-05,0.003184799919836223,0.0180342000676319,0.02051699999719858,0.001873199944384396,0.001677699969150126,0.0017548998584970832,0.05971159995533526
