percentage,execution,ar_r_sub,k_s_sup,ks_sf_in,n_r_t,nk_k_sup,nrs_ns_r,ns_s_spe,ns_s_sup,ns_sub_r,r_ar_sup,s_k_sub,s_ns_sub,s_nsup_k,sub_r_r,t_k_sup,total_time
60,1,0.0026188999181613326,7.810001261532307e-05,9.7999582067132e-06,5.900044925510883e-06,0.0027031999779865146,6.09993003308773e-06,4.599918611347675e-06,1.2699980288743973e-05,1.1599971912801266e-05,0.0024126999778673053,0.014287999947555363,0.027214800007641315,0.002046500099822879,0.0005040999967604876,0.0018503000028431416,0.05376729974523187
