percentage,execution,ar_r_sub,k_s_sup,ks_sf_in,n_r_t,nk_k_sup,nrs_ns_r,ns_s_spe,ns_s_sup,ns_sub_r,r_ar_sup,s_k_sub,s_ns_sub,s_nsup_k,sub_r_r,t_k_sup,total_time
10,9,7.429998368024826e-05,1.0299496352672577e-05,9.09995287656784e-06,6.300397217273712e-06,0.0003301999531686306,6.4997002482414246e-06,4.599802196025848e-06,8.90018418431282e-06,9.600073099136353e-06,9.600073099136353e-06,7.830001413822174e-05,7.830001413822174e-05,0.00021990016102790833,1.309998333454132e-05,9.80030745267868e-06,0.0008688000962138176
