percentage,execution,ar_r_sub,k_s_sup,ks_sf_in,n_r_t,nk_k_sup,nrs_ns_r,ns_s_spe,ns_s_sup,ns_sub_r,r_ar_sup,s_k_sub,s_ns_sub,s_nsup_k,sub_r_r,t_k_sup,total_time
90,2,0.010243099997751415,5.159992724657059e-05,1.4599994756281376e-05,1.4299992471933365e-05,0.010381900006905198,1.0400079190731049e-05,9.699957445263863e-06,1.5099998563528061e-05,1.700012944638729e-05,0.0063911001197993755,0.020872300141490996,0.021170199965126812,0.004000999964773655,0.0013337999116629362,0.0009530999232083559,0.07547920010983944
