percentage,execution,k_s_sup,s_k_sub,t_k_sup,ns_s_sup,s_ns_sub,r_ar_sup,ar_r_sub,ns_sub_r,ks_sf_in,sub_r_r,n_r_t,ns_s_spe,nk_k_sup,s_nsup_k,nrs_ns_r,total_time
70,7,8.579999848734587e-05,0.015647000007447787,0.0017481999966548756,1.0200004908256233e-05,0.02586299998802133,0.0023141999990912154,0.014759299985598773,1.1299998732283711e-05,1.0399991879239678e-05,0.0025671000039437786,6.400005077011883e-06,5.1000097300857306e-06,0.0021561000030487776,0.0018619000038597733,5.699999746866524e-06,0.0670516999962274
