percentage,execution,k_s_sup,s_k_sub,t_k_sup,ns_s_sup,s_ns_sub,r_ar_sup,ar_r_sub,ns_sub_r,ks_sf_in,sub_r_r,n_r_t,ns_s_spe,nk_k_sup,s_nsup_k,nrs_ns_r,total_time
10,7,9.800001862458885e-06,7.789999654050916e-05,9.399998816661537e-06,8.600007276982069e-06,7.130000449251384e-05,9.599985787644982e-06,7.239998376462609e-05,1.1799987987615168e-05,9.400013368576765e-06,1.239999255631119e-05,6.000002031214535e-06,4.699992132373154e-06,0.0003028999926755205,0.00022229999012779444,6.099988240748644e-06,0.0008345999376615509
