percentage,execution,ar_r_sub,k_s_sup,ks_sf_in,n_r_t,nk_k_sup,nrs_ns_r,ns_s_spe,ns_s_sup,ns_sub_r,r_ar_sup,s_k_sub,s_ns_sub,s_nsup_k,sub_r_r,t_k_sup,total_time
60,4,0.006562100001247018,7.809999988239724e-05,9.40000063565094e-06,6.000000212225132e-06,0.0020980999997846084,5.900001269765198e-06,4.899999112240039e-06,1.0600000678095967e-05,1.06999996205559e-05,0.0016108999989228323,0.01630699999986973,0.028241400001206785,0.0018483999992895406,0.0012382999993860722,0.001786799999536015,0.05981860000065353
