percentage,execution,ar_r_sub,k_s_sup,ks_sf_in,n_r_t,nk_k_sup,nrs_ns_r,ns_s_spe,ns_s_sup,ns_sub_r,r_ar_sup,s_k_sub,s_ns_sub,s_nsup_k,sub_r_r,t_k_sup,total_time
80,2,0.010968899936415255,7.660000119358301e-05,9.999959729611874e-06,6.199930794537067e-06,0.0021600999170914292,5.499925464391708e-06,4.900037311017513e-06,1.0499963536858559e-05,1.1200085282325745e-05,0.0023661000886932015,0.015777599881403148,0.022909000050276518,0.0019795000553131104,0.0017191999359056354,0.0019465999212116003,0.05995189968962222
