percentage,execution,ar_r_sub,k_s_sup,ks_sf_in,n_r_t,nk_k_sup,nrs_ns_r,ns_s_spe,ns_s_sup,ns_sub_r,r_ar_sup,s_k_sub,s_ns_sub,s_nsup_k,sub_r_r,t_k_sup,total_time
20,5,0.0001708000199869275,1.0099844075739384e-05,9.89984255284071e-06,8.79995059221983e-06,0.0006874999962747097,6.200047209858894e-06,5.100038833916187e-06,9.100069291889668e-06,1.2199976481497288e-05,1.2999866157770157e-05,0.00013480009511113167,0.0001335999695584178,0.0005709000397473574,1.610000617802143e-05,9.699841029942036e-06,0.0017977996030822396
