percentage,execution,ar_r_sub,k_s_sup,ks_sf_in,n_r_t,nk_k_sup,nrs_ns_r,ns_s_spe,ns_s_sup,ns_sub_r,r_ar_sup,s_k_sub,s_ns_sub,s_nsup_k,sub_r_r,t_k_sup,total_time
80,10,0.002631000243127346,8.12998041510582e-05,1.0100193321704865e-05,5.999580025672913e-06,0.0021626995876431465,5.7998113334178925e-06,4.800036549568176e-06,1.0800082236528397e-05,1.4699995517730713e-05,0.0016687000170350075,0.016892299987375736,0.02566950023174286,0.0019487002864480019,0.0003954996354877949,0.0019061998464167118,0.053408099338412285
