percentage,execution,ar_r_sub,k_s_sup,ks_sf_in,n_r_t,nk_k_sup,nrs_ns_r,ns_s_spe,ns_s_sup,ns_sub_r,r_ar_sup,s_k_sub,s_ns_sub,s_nsup_k,sub_r_r,t_k_sup,total_time
90,9,0.011100499425083399,8.089980110526085e-05,9.80030745267868e-06,6.4997002482414246e-06,0.0022974000312387943,5.200039595365524e-06,4.90015372633934e-06,1.0599847882986069e-05,1.1199619621038437e-05,0.0033299000933766365,0.018755799625068903,0.02146290009841323,0.002109500113874674,0.001746500376611948,0.0018948004581034184,0.06282639969140291
