percentage,execution,ar_r_sub,k_s_sup,ks_sf_in,n_r_t,nk_k_sup,nrs_ns_r,ns_s_spe,ns_s_sup,ns_sub_r,r_ar_sup,s_k_sub,s_ns_sub,s_nsup_k,sub_r_r,t_k_sup,total_time
40,3,0.00014900000132911373,8.53000019560568e-05,0.00045759999738947954,9.900000804918818e-06,0.006609300000491203,1.049999991664663e-05,9.0000012278324e-06,1.7899999875226058e-05,1.849999898695387e-05,0.0031313000017689774,0.0031125999994401354,0.009203200001138612,0.0006894999987707706,2.2100000933278352e-05,0.00352750000092783,0.027053200004957034
