percentage,execution,ar_r_sub,k_s_sup,ks_sf_in,n_r_t,nk_k_sup,nrs_ns_r,ns_s_spe,ns_s_sup,ns_sub_r,r_ar_sup,s_k_sub,s_ns_sub,s_nsup_k,sub_r_r,t_k_sup,total_time
60,3,7.360000017797574e-05,7.720000212430023e-05,0.0002403999988018768,5.100000635138713e-06,0.0005524999996850966,5.199999577598646e-06,4.499999704421498e-06,9.599998520570807e-06,9.699999282020144e-06,0.0008915999987948453,0.002999599997565383,0.009074100000361796,0.0004611000003933441,1.1299998732283711e-05,0.0035465000019030413,0.017961999996259692
