percentage,execution,ar_r_sub,k_s_sup,ks_sf_in,n_r_t,nk_k_sup,nrs_ns_r,ns_s_spe,ns_s_sup,ns_sub_r,r_ar_sup,s_k_sub,s_ns_sub,s_nsup_k,sub_r_r,t_k_sup,total_time
80,7,0.00023990000045159832,6.979999852774199e-05,0.0006518000009236857,1.049999991664663e-05,0.0071571999997104285,9.100001989281736e-06,8.900000466383062e-06,1.309999788645655e-05,1.4399998690350913e-05,0.0041246999990107724,0.0017347999983030604,0.0017172000007121824,0.0010065000005852198,1.6499998309882358e-05,0.0018462000025465386,0.01862059999803023
