percentage,execution,ar_r_sub,k_s_sup,ks_sf_in,n_r_t,nk_k_sup,nrs_ns_r,ns_s_spe,ns_s_sup,ns_sub_r,r_ar_sup,s_k_sub,s_ns_sub,s_nsup_k,sub_r_r,t_k_sup,total_time
60,7,0.012103599998226855,0.0002260999990539858,1.539999902888667e-05,1.2000000424450263e-05,0.0008379000009881565,0.0022954000014578924,0.0009098999998968793,0.00012620000052265823,1.769999653333798e-05,0.00022530000023834873,0.0029523000011977274,0.009735199997521704,0.0007065000008878997,1.820000215957407e-05,0.005322599999999511,0.03550429999813787
