percentage,execution,ar_r_sub,k_s_sup,ks_sf_in,n_r_t,nk_k_sup,nrs_ns_r,ns_s_spe,ns_s_sup,ns_sub_r,r_ar_sup,s_k_sub,s_ns_sub,s_nsup_k,sub_r_r,t_k_sup,total_time
80,4,0.002724699997997959,0.00014799999917158857,1.3700000636163168e-05,1.1399999493733048e-05,0.0007569000008516014,9.60000033956021e-06,0.010274299998854985,0.00011719999929482583,1.700000029813964e-05,0.00017350000234728213,0.0019613999993453035,0.0021030999996582977,0.000678899999911664,1.8500000805943273e-05,0.0032518000007257797,0.022259999999732827
