percentage,execution,ar_r_sub,k_s_sup,ks_sf_in,n_r_t,nk_k_sup,nrs_ns_r,ns_s_spe,ns_s_sup,ns_sub_r,r_ar_sup,s_k_sub,s_ns_sub,s_nsup_k,sub_r_r,t_k_sup,total_time
30,2,2.7900096029043198e-05,0.019831200130283833,2.670055255293846e-05,1.8499791622161865e-05,0.012921799439936876,1.9900035113096237e-05,0.04118000017479062,0.028906999621540308,0.0009139995090663433,0.07286049984395504,0.02034100005403161,0.04519760049879551,0.00630340026691556,5.8999285101890564e-05,0.022035600151866674,0.2706440994516015
