percentage,execution,ar_r_sub,k_s_sup,ks_sf_in,n_r_t,nk_k_sup,nrs_ns_r,ns_s_spe,ns_s_sup,ns_sub_r,r_ar_sup,s_k_sub,s_ns_sub,s_nsup_k,sub_r_r,t_k_sup,total_time
90,6,0.00017300015315413475,0.019471100065857172,4.940014332532883e-05,1.980038359761238e-05,0.014570200350135565,1.9600149244070053e-05,0.10662030009552836,0.0759496996179223,0.003004799596965313,0.18599720019847155,0.020383200608193874,0.023547499906271696,0.007831799797713757,5.869986489415169e-05,0.021929599344730377,0.47962590027600527
