percentage,execution,k_s_sup,s_k_sub,t_k_sup,ns_s_sup,s_ns_sub,r_ar_sup,ar_r_sub,ns_sub_r,ks_sf_in,sub_r_r,n_r_t,ns_s_spe,nk_k_sup,s_nsup_k,nrs_ns_r,total_time
60,5,0.008893299993360415,0.013601899991044775,0.021094099996844307,0.022414600010961294,0.032761399997980334,0.05442060000495985,7.999999797903001e-05,0.00018999999156221747,1.3300013961270452e-05,2.8000009479001164e-05,9.60000033956021e-06,0.03006420000747312,0.00410560000455007,0.0037072999984957278,8.300004992634058e-06,0.1913922000239836
