percentage,execution,ar_r_sub,k_s_sup,ks_sf_in,n_r_t,nk_k_sup,nrs_ns_r,ns_s_spe,ns_s_sup,ns_sub_r,r_ar_sup,s_k_sub,s_ns_sub,s_nsup_k,sub_r_r,t_k_sup,total_time
20,8,8.600000001024455e-06,7.809999988239724e-05,8.69999985297909e-06,5.099999725644011e-06,0.0005529000000024098,5.599999894911889e-06,4.300000000512227e-06,9.299999874201603e-06,9.200000022246968e-06,7.539999933214858e-05,0.003197600000021339,0.015502199999900768,0.0004532999992079567,1.0099999599333387e-05,0.00360019999970973,0.023520599997027603
