percentage,execution,ar_r_sub,k_s_sup,ks_sf_in,n_r_t,nk_k_sup,nrs_ns_r,ns_s_spe,ns_s_sup,ns_sub_r,r_ar_sup,s_k_sub,s_ns_sub,s_nsup_k,sub_r_r,t_k_sup,total_time
30,3,2.7499860152602196e-05,0.013475100044161081,2.6700086891651154e-05,1.8400023691356182e-05,0.012437399942427874,1.9600032828748226e-05,0.046116899931803346,0.02861429995391518,0.0006244999822229147,0.06565370003227144,0.020142000168561935,0.04812779987696558,0.006035699974745512,5.69002004340291e-05,0.02149550011381507,0.2628720002248883
