percentage,execution,ar_r_sub,k_s_sup,ks_sf_in,n_r_t,nk_k_sup,nrs_ns_r,ns_s_spe,ns_s_sup,ns_sub_r,r_ar_sup,s_k_sub,s_ns_sub,s_nsup_k,sub_r_r,t_k_sup,total_time
90,8,7.880001794546843e-05,0.00871940003708005,1.3400102034211159e-05,9.699957445263863e-06,0.004180399933829904,7.400056347250938e-06,0.050039099995046854,0.0359129001153633,1.5699886716902256e-05,0.07748420012649149,0.013627600157633424,0.022548099979758263,0.0037588999839499593,2.789997961372137e-05,0.020746199879795313,0.23716970020905137
