percentage,execution,ar_r_sub,k_s_sup,ks_sf_in,n_r_t,nk_k_sup,nrs_ns_r,ns_s_spe,ns_s_sup,ns_sub_r,r_ar_sup,s_k_sub,s_ns_sub,s_nsup_k,sub_r_r,t_k_sup,total_time
20,6,1.0300000212737359e-05,1.0300000212737359e-05,9.499999578110874e-06,5.500000042957254e-06,5.000000783184078e-06,5.4000001910026185e-06,0.0012553999995361664,0.0009466999999858672,1.0099999599333387e-05,0.0009141000000454369,8.89999955688836e-06,9.699999282020144e-06,4.70000031782547e-06,1.1399999493733048e-05,9.40000063565094e-06,0.0032163999994736514
