percentage,execution,ar_r_sub,k_s_sup,ks_sf_in,n_r_t,nk_k_sup,nrs_ns_r,ns_s_spe,ns_s_sup,ns_sub_r,r_ar_sup,s_k_sub,s_ns_sub,s_nsup_k,sub_r_r,t_k_sup,total_time
20,10,9.899999895424116e-06,0.004226199999720848,9.800000952964183e-06,5.4000001910026185e-06,5.500000042957254e-06,5.2999994295532815e-06,0.0004650000000765431,7.529999948019395e-05,0.00015609999991283985,0.0028454999992391095,7.819999973435188e-05,7.649999952263897e-05,4.600000465870835e-06,1.1000000085914508e-05,9.849999969446799e-05,0.00807279999844468
