percentage,execution,ar_r_sub,k_s_sup,ks_sf_in,n_r_t,nk_k_sup,nrs_ns_r,ns_s_spe,ns_s_sup,ns_sub_r,r_ar_sup,s_k_sub,s_ns_sub,s_nsup_k,sub_r_r,t_k_sup,total_time
60,10,1.3600000784208532e-05,0.009978099999898404,1.2999999853491317e-05,9.100000170292333e-06,0.003942000000279222,2.2899999748915434e-05,0.03690390000065236,0.029831599999852187,0.00033520000033604447,0.06103050000001531,0.012643000000025495,0.030884799999512325,0.003480200000012701,2.9099999665049836e-05,0.021616299999550392,0.2107333000003564
