percentage,execution,k_s_sup,s_k_sub,t_k_sup,ns_s_sup,s_ns_sub,r_ar_sup,ar_r_sub,ns_sub_r,ks_sf_in,sub_r_r,n_r_t,ns_s_spe,nk_k_sup,s_nsup_k,nrs_ns_r,total_time
35,5,0.01798669993877411,0.014760900055989623,0.021790599916130304,0.05060219985898584,0.04869540000800043,0.08277029998134822,2.780009526759386e-05,0.0011659000301733613,2.609973307698965e-05,5.859998054802418e-05,1.7999904230237007e-05,0.06556649995036423,0.01118909998331219,0.0048226999351754785,1.8200022168457508e-05,0.3194989993935451
