percentage,execution,k_s_sup,s_k_sub,t_k_sup,ns_s_sup,s_ns_sub,r_ar_sup,ar_r_sub,ns_sub_r,ks_sf_in,sub_r_r,n_r_t,ns_s_spe,nk_k_sup,s_nsup_k,nrs_ns_r,total_time
45,1,0.010576199973002076,0.012968600145541131,0.026884100050665438,0.029262399999424815,0.04639070003759116,0.05041459994390607,7.960002403706312e-05,0.0003100999165326357,1.3899989426136017e-05,2.9199989512562752e-05,9.09995287656784e-06,0.031477399985305965,0.004237100016325712,0.0037884999765083194,9.199953638017178e-06,0.21645069995429367
