percentage,execution,k_s_sup,s_k_sub,t_k_sup,ns_s_sup,s_ns_sub,r_ar_sup,ar_r_sub,ns_sub_r,ks_sf_in,sub_r_r,n_r_t,ns_s_spe,nk_k_sup,s_nsup_k,nrs_ns_r,total_time
30,2,0.009104699944145977,0.012356200022622943,0.022003800026141107,0.023359500104561448,0.04937800008337945,0.037384199909865856,7.790001109242439e-05,0.0004301998997107148,1.4099990949034691e-05,2.95999925583601e-05,9.299954399466515e-06,0.028717600042000413,0.00429369998164475,0.003740799962542951,9.899958968162537e-06,0.19090949988458306
