percentage,execution,k_s_sup,s_k_sub,t_k_sup,ns_s_sup,s_ns_sub,r_ar_sup,ar_r_sub,ns_sub_r,ks_sf_in,sub_r_r,n_r_t,ns_s_spe,nk_k_sup,s_nsup_k,nrs_ns_r,total_time
60,1,0.01961479999590665,0.050836100010201335,0.08040819998132065,0.009600499979569577,0.07639900001231581,0.10580119999940507,0.021246300006168894,0.0034832999808713794,3.1800009310245514e-05,0.003692399986903183,2.370000584051013e-05,0.0334170999849448,0.02264189999550581,0.014637399988714606,1.8800012185238302e-05,0.44185249994916376
