percentage,execution,ar_r_sub,k_s_sup,ks_sf_in,n_r_t,nk_k_sup,nrs_ns_r,ns_s_spe,ns_s_sup,ns_sub_r,r_ar_sup,s_k_sub,s_ns_sub,s_nsup_k,sub_r_r,t_k_sup,total_time
80,2,8.100000013655517e-05,0.006933599999683793,1.340000017080456e-05,9.800000043469481e-06,0.0040767000000414555,7.79999936639797e-06,0.03995039999972505,0.028540500000417524,1.5700000403739978e-05,0.07360479999988456,0.014101300000220363,0.020083499999600463,0.0036752000005435548,2.89999998130952e-05,0.021668300000783347,0.21279100000083417
