percentage,execution,k_s_sup,s_k_sub,t_k_sup,ns_s_sup,s_ns_sub,r_ar_sup,ar_r_sub,ns_sub_r,ks_sf_in,sub_r_r,n_r_t,ns_s_spe,nk_k_sup,s_nsup_k,nrs_ns_r,total_time
15,3,0.013858299935236573,0.012620999943464994,0.021986199892126024,0.023843900067731738,0.053410999942570925,0.03531359997577965,2.729997504502535e-05,0.0010046999668702483,2.6400084607303143e-05,5.900010000914335e-05,1.8299906514585018e-05,0.0376105000032112,0.01046599994879216,0.003914100001566112,2.1300045773386955e-05,0.21418159978929907
