percentage,execution,k_s_sup,s_k_sub,t_k_sup,ns_s_sup,s_ns_sub,r_ar_sup,ar_r_sub,ns_sub_r,ks_sf_in,sub_r_r,n_r_t,ns_s_spe,nk_k_sup,s_nsup_k,nrs_ns_r,total_time
90,4,0.009245399996871129,0.014294099994003773,0.02164679999987129,0.035405200003879145,0.020434299993212335,0.08310829997935798,0.0001016000023810193,1.659998088143766e-05,1.6699996194802225e-05,2.95999925583601e-05,9.99998883344233e-06,0.05024500000581611,0.0042025000002468005,0.0037887999933445826,7.399998139590025e-06,0.2425522999255918
