percentage,execution,k_s_sup,s_k_sub,t_k_sup,ns_s_sup,s_ns_sub,r_ar_sup,ar_r_sub,ns_sub_r,ks_sf_in,sub_r_r,n_r_t,ns_s_spe,nk_k_sup,s_nsup_k,nrs_ns_r,total_time
40,10,0.011723400006303564,0.012390100004267879,0.021227699995506555,0.024911900007282384,0.03358030000526924,0.049710900013451464,1.6699996194802225e-05,0.0006028000207152218,1.309998333454132e-05,2.8299997211433947e-05,9.499999578110874e-06,0.03040550000150688,0.0039837999938754365,0.0037092999991727993,9.2999980552122e-06,0.19232260002172552
