percentage,execution,ar_r_sub,k_s_sup,ks_sf_in,n_r_t,nk_k_sup,nrs_ns_r,ns_s_spe,ns_s_sup,ns_sub_r,r_ar_sup,s_k_sub,s_ns_sub,s_nsup_k,sub_r_r,t_k_sup,total_time
80,8,1.1700000868586358e-05,0.007555999999567575,1.1900000572495628e-05,8.600000001024455e-06,6.000000212225132e-06,4.399999852466863e-06,0.00047280000035243575,9.260000024369219e-05,0.003070799999477458,0.0060219000006327406,0.00033830000120360637,0.00026590000015858095,4.70000031782547e-06,1.2100000276404899e-05,0.0003434999998717103,0.01822120000360883
