percentage,execution,k_s_sup,s_k_sub,t_k_sup,ns_s_sup,s_ns_sub,r_ar_sup,ar_r_sub,ns_sub_r,ks_sf_in,sub_r_r,n_r_t,ns_s_spe,nk_k_sup,s_nsup_k,nrs_ns_r,total_time
70,5,0.011721999995643273,0.054428999981610104,0.07674170001700986,0.016163100008270703,0.08966539999528322,0.1126116999948863,0.012557500012917444,0.0003639000206021592,2.989999484270811e-05,0.002217700006440282,2.4200009647756815e-05,0.03979200001049321,0.02729640000325162,0.015836300008231774,1.71000137925148e-05,0.45946790007292293
