percentage,execution,ar_r_sub,k_s_sup,ks_sf_in,n_r_t,nk_k_sup,nrs_ns_r,ns_s_spe,ns_s_sup,ns_sub_r,r_ar_sup,s_k_sub,s_ns_sub,s_nsup_k,sub_r_r,t_k_sup,total_time
20,10,9.499999578110874e-06,1.0199999451288022e-05,9.200000022246968e-06,5.699999746866524e-06,4.800000169780105e-06,5.4000001910026185e-06,0.0012222999994264683,0.0008985999993456062,9.800000043469481e-06,0.0008759000002100947,8.600000001024455e-06,9.499998668616172e-06,4.300000000512227e-06,1.120000069931848e-05,9.40000063565094e-06,0.003094399998190056
