percentage,execution,ar_r_sub,k_s_sup,ks_sf_in,n_r_t,nk_k_sup,nrs_ns_r,ns_s_spe,ns_s_sup,ns_sub_r,r_ar_sup,s_k_sub,s_ns_sub,s_nsup_k,sub_r_r,t_k_sup,total_time
50,2,8.030002936720848e-05,0.00580789998639375,1.3400102034211159e-05,1.7200014553964138e-05,0.0043117000022903085,9.00006853044033e-06,0.027131899958476424,0.019071999937295914,0.00030960002914071083,0.057115300092846155,0.01271499996073544,0.02242059982381761,0.004080199985764921,2.8399983420968056e-05,0.02196480007842183,0.17507730005308986
