percentage,execution,k_s_sup,s_k_sub,t_k_sup,ns_s_sup,s_ns_sub,r_ar_sup,ar_r_sub,ns_sub_r,ks_sf_in,sub_r_r,n_r_t,ns_s_spe,nk_k_sup,s_nsup_k,nrs_ns_r,total_time
90,8,0.010103500011609867,0.01190029998542741,0.021384399995440617,0.04008960000646766,0.015234100006637163,0.09265190000587609,1.6600009985268116e-05,0.002833999998983927,1.4599994756281376e-05,2.9699993319809437e-05,9.99998883344233e-06,0.05454280000412837,0.004059400002006441,0.0037002000026404858,7.199996616691351e-06,0.2565783000027295
