percentage,execution,ar_r_sub,k_s_sup,ks_sf_in,n_r_t,nk_k_sup,nrs_ns_r,ns_s_spe,ns_s_sup,ns_sub_r,r_ar_sup,s_k_sub,s_ns_sub,s_nsup_k,sub_r_r,t_k_sup,total_time
50,8,0.0001684003509581089,0.01819129940122366,2.6899389922618866e-05,1.8899794667959213e-05,0.01216300018131733,1.7799902707338333e-05,0.07688579987734556,0.06012879963964224,0.0008955006487667561,0.1098367995582521,0.014935100451111794,0.04248439986258745,0.0057068997994065285,5.850009620189667e-05,0.021864899899810553,0.3633829988539219
