percentage,execution,ar_r_sub,k_s_sup,ks_sf_in,n_r_t,nk_k_sup,nrs_ns_r,ns_s_spe,ns_s_sup,ns_sub_r,r_ar_sup,s_k_sub,s_ns_sub,s_nsup_k,sub_r_r,t_k_sup,total_time
60,7,1.0300000212737359e-05,0.00566530000014609,9.299999874201603e-06,5.099999725644011e-06,5.500000042957254e-06,4.600000465870835e-06,0.00041150000015477417,7.430000005115289e-05,0.00016489999961777357,0.0044072000000596745,0.00020320000021456508,0.00019559999964258168,4.400000761961564e-06,1.0199999451288022e-05,0.0002220999995188322,0.011393499999940104
