percentage,execution,ar_r_sub,k_s_sup,ks_sf_in,n_r_t,nk_k_sup,nrs_ns_r,ns_s_spe,ns_s_sup,ns_sub_r,r_ar_sup,s_k_sub,s_ns_sub,s_nsup_k,sub_r_r,t_k_sup,total_time
10,3,0.005296899937093258,1.479999627918005e-05,1.279998105019331e-05,1.0599964298307896e-05,0.0024030000204220414,1.1499971151351929e-05,6.400048732757568e-06,1.2599863111972809e-05,1.4300108887255192e-05,0.01739679998718202,0.0013046000385656953,0.004405600135214627,0.001985599985346198,0.001107799937017262,1.4599994756281376e-05,0.0339978999691084
