percentage,execution,ar_r_sub,k_s_sup,ks_sf_in,n_r_t,nk_k_sup,nrs_ns_r,ns_s_spe,ns_s_sup,ns_sub_r,r_ar_sup,s_k_sub,s_ns_sub,s_nsup_k,sub_r_r,t_k_sup,total_time
80,10,8.200000047509093e-05,0.012375399999655201,1.4299999747890979e-05,9.700000191514846e-06,0.004183000000011816,8.300000445160549e-06,0.04330130000016652,0.03217260000019451,0.0001457999997001025,0.07830790000025445,0.01437309999982972,0.02350849999947968,0.0038725000003978494,2.9400000130408444e-05,0.02239949999966484,0.23478330000034475
