percentage,execution,ar_r_sub,k_s_sup,ks_sf_in,n_r_t,nk_k_sup,nrs_ns_r,ns_s_spe,ns_s_sup,ns_sub_r,r_ar_sup,s_k_sub,s_ns_sub,s_nsup_k,sub_r_r,t_k_sup,total_time
50,1,1.4599994756281376e-05,0.01664429996162653,1.3999990187585354e-05,9.299954399466515e-06,0.004234199994243681,9.299954399466515e-06,0.03206160000991076,0.024812899879179895,0.0005684000207111239,0.06350529997143894,0.01331970002502203,0.03300840000156313,0.003849599976092577,2.929999027401209e-05,0.02264189999550581,0.2147227997193113
