percentage,execution,k_s_sup,s_k_sub,t_k_sup,ns_s_sup,s_ns_sub,r_ar_sup,ar_r_sub,ns_sub_r,ks_sf_in,sub_r_r,n_r_t,ns_s_spe,nk_k_sup,s_nsup_k,nrs_ns_r,total_time
15,4,1.289986539632082e-05,8.059991523623466e-05,1.2499978765845299e-05,0.0168084999313578,7.760000880807638e-05,0.018784799962304533,1.2900098226964474e-05,0.00030519999563694,1.2199976481497288e-05,2.95999925583601e-05,8.500064723193645e-06,0.018194700009189546,0.0003408000338822603,0.00029280001763254404,9.900075383484364e-06,0.0549834999255836
