percentage,execution,ar_r_sub,k_s_sup,ks_sf_in,n_r_t,nk_k_sup,nrs_ns_r,ns_s_spe,ns_s_sup,ns_sub_r,r_ar_sup,s_k_sub,s_ns_sub,s_nsup_k,sub_r_r,t_k_sup,total_time
80,3,8.179999895219225e-05,0.012176600000202598,1.4000000192027073e-05,9.499999578110874e-06,0.003949599999941711,7.499999810534064e-06,0.03656740000042191,0.02694009999959235,0.002899599999182101,0.07648560000052385,0.013987199999064615,0.01683199999934004,0.003551300000253832,2.8599999495781958e-05,0.02130079999915324,0.2148315999957049
