percentage,execution,ar_r_sub,k_s_sup,ks_sf_in,n_r_t,nk_k_sup,nrs_ns_r,ns_s_spe,ns_s_sup,ns_sub_r,r_ar_sup,s_k_sub,s_ns_sub,s_nsup_k,sub_r_r,t_k_sup,total_time
30,5,3.949971869587898e-05,0.017010599840432405,3.189966082572937e-05,2.240017056465149e-05,0.013031699694693089,2.330029383301735e-05,0.07496290048584342,0.060749500058591366,0.0014722999185323715,0.1042381003499031,0.015176099725067616,0.058185200206935406,0.0052606998942792416,7.250020280480385e-05,0.02629080042243004,0.37656750064343214
