percentage,execution,k_s_sup,s_k_sub,t_k_sup,ns_s_sup,s_ns_sub,r_ar_sup,ar_r_sub,ns_sub_r,ks_sf_in,sub_r_r,n_r_t,ns_s_spe,nk_k_sup,s_nsup_k,nrs_ns_r,total_time
80,6,0.006867300005978905,0.013734599997405894,0.02159939998819027,0.04574549999961164,0.02753429999575019,0.07995119999395683,8.440000237897038e-05,0.005767800001194701,1.3700002455152571e-05,2.829998265951872e-05,9.900002623908222e-06,0.05184399998688605,0.004151000001002103,0.003722199995536357,7.800001185387373e-06,0.2610613999568159
