percentage,execution,ar_r_sub,k_s_sup,ks_sf_in,n_r_t,nk_k_sup,nrs_ns_r,ns_s_spe,ns_s_sup,ns_sub_r,r_ar_sup,s_k_sub,s_ns_sub,s_nsup_k,sub_r_r,t_k_sup,total_time
40,7,1.0900000233959872e-05,1.1099999937869143e-05,1.0299999303242657e-05,5.800000508315861e-06,5.100000635138713e-06,5.2999994295532815e-06,0.00241349999942031,0.006877600000734674,0.00018000000000029104,0.004698199999438657,8.900000466383062e-06,1.0800000382005237e-05,4.399999852466863e-06,1.249999968422344e-05,9.800000043469481e-06,0.01426420000007056
