percentage,execution,k_s_sup,s_k_sub,t_k_sup,ns_s_sup,s_ns_sub,r_ar_sup,ar_r_sub,ns_sub_r,ks_sf_in,sub_r_r,n_r_t,ns_s_spe,nk_k_sup,s_nsup_k,nrs_ns_r,total_time
20,4,0.018144700006814674,0.01517990000138525,0.022176300000865012,0.021147100007510744,0.04708809999283403,0.06269540001812857,0.00016630002937745303,0.001212400005897507,2.570000651758164e-05,6.409999332390726e-05,1.8499995348975062e-05,0.032076000003144145,0.012573699990753084,0.005651000014040619,2.9799994081258774e-05,0.2382490000600228
