percentage,execution,ar_r_sub,k_s_sup,ks_sf_in,n_r_t,nk_k_sup,nrs_ns_r,ns_s_spe,ns_s_sup,ns_sub_r,r_ar_sup,s_k_sub,s_ns_sub,s_nsup_k,sub_r_r,t_k_sup,total_time
20,9,9.700000191514846e-06,0.004132699999900069,9.500000487605575e-06,5.300000339047983e-06,5.4000001910026185e-06,4.999999873689376e-06,0.0004670000007536146,7.410000034724362e-05,0.00014490000103251077,0.0028100999998059706,7.700000060140155e-05,7.210000057966681e-05,4.5000006139162e-06,1.0800000382005237e-05,9.42999995459104e-05,0.00792240000464517
