percentage,execution,ar_r_sub,k_s_sup,ks_sf_in,n_r_t,nk_k_sup,nrs_ns_r,ns_s_spe,ns_s_sup,ns_sub_r,r_ar_sup,s_k_sub,s_ns_sub,s_nsup_k,sub_r_r,t_k_sup,total_time
80,9,9.999999747378752e-06,0.0024832999997670413,9.000000318337698e-06,5.699999746866524e-06,0.0003759000001082313,5.000000783184078e-06,0.0005357999998523155,7.959999948070617e-05,1.0000000656873453e-05,0.005553700000746176,0.0016177999996216386,0.0016154000004462432,0.00032920000012381934,1.1499999345687684e-05,0.0034642999999050517,0.01610620000064955
