percentage,execution,ar_r_sub,k_s_sup,ks_sf_in,n_r_t,nk_k_sup,nrs_ns_r,ns_s_spe,ns_s_sup,ns_sub_r,r_ar_sup,s_k_sub,s_ns_sub,s_nsup_k,sub_r_r,t_k_sup,total_time
10,1,1.2299977242946625e-05,0.010998000390827656,1.1499971151351929e-05,6.9998204708099365e-06,6.400048732757568e-06,7.300172001123428e-06,0.0026442003436386585,0.0009621996432542801,0.00032090023159980774,0.008048700168728828,0.00015820004045963287,0.0001468001864850521,5.200039595365524e-06,1.7600134015083313e-05,0.00017329957336187363,0.023519600741565228
