percentage,execution,ar_r_sub,k_s_sup,ks_sf_in,n_r_t,nk_k_sup,nrs_ns_r,ns_s_spe,ns_s_sup,ns_sub_r,r_ar_sup,s_k_sub,s_ns_sub,s_nsup_k,sub_r_r,t_k_sup,total_time
20,6,2.0300001779105514e-05,8.599999910074985e-05,1.7700000171316788e-05,1.1400001312722452e-05,0.007382800000414136,1.2599999536178075e-05,9.200000022246968e-06,1.8500000805943273e-05,1.9100000827165786e-05,0.004687999999077874,0.007978499999808264,0.03509669999948528,0.0014551999993273057,2.469999890308827e-05,0.00927880000017467,0.06609950000074605
