percentage,execution,ar_r_sub,k_s_sup,ks_sf_in,n_r_t,nk_k_sup,nrs_ns_r,ns_s_spe,ns_s_sup,ns_sub_r,r_ar_sup,s_k_sub,s_ns_sub,s_nsup_k,sub_r_r,t_k_sup,total_time
60,6,2.1200045011937618e-05,0.00010760012082755566,1.950003206729889e-05,1.4999997802078724e-05,0.008875199942849576,1.2400094419717789e-05,1.2599979527294636e-05,1.970015000551939e-05,2.0099803805351257e-05,0.013297199853695929,0.008602600079029799,0.02315129991620779,0.0022380000445991755,2.5099958293139935e-05,0.009898899821564555,0.06631639983970672
