percentage,execution,k_s_sup,s_k_sub,t_k_sup,ns_s_sup,s_ns_sub,r_ar_sup,ar_r_sub,ns_sub_r,ks_sf_in,sub_r_r,n_r_t,ns_s_spe,nk_k_sup,s_nsup_k,nrs_ns_r,total_time
40,2,0.023509499995270744,0.0003809999907389283,0.00040889999945648015,0.005499199993209913,0.00037829998473171145,0.020477700003539212,1.1900003300979733e-05,0.0032589000184088945,1.1500000255182385e-05,1.5999990864656866e-05,7.099995855242014e-06,0.006943000000319444,7.90000194683671e-06,5.699999746866524e-06,9.2999980552122e-06,0.060925899975700304
