percentage,execution,ar_r_sub,k_s_sup,ks_sf_in,n_r_t,nk_k_sup,nrs_ns_r,ns_s_spe,ns_s_sup,ns_sub_r,r_ar_sup,s_k_sub,s_ns_sub,s_nsup_k,sub_r_r,t_k_sup,total_time
20,7,9.999999747378752e-06,0.00903310000012425,9.899999895424116e-06,5.9000003602704965e-06,5.899999450775795e-06,6.000000212225132e-06,0.0015499999999519787,0.000907500000721484,0.0002868999999918742,0.006551600000420876,0.00017010000010486692,0.00013729999955103267,4.999999873689376e-06,1.3299999409355223e-05,0.00016849999974510865,0.01886099999956059
