percentage,execution,ar_r_sub,k_s_sup,ks_sf_in,n_r_t,nk_k_sup,nrs_ns_r,ns_s_spe,ns_s_sup,ns_sub_r,r_ar_sup,s_k_sub,s_ns_sub,s_nsup_k,sub_r_r,t_k_sup,total_time
10,7,1.0299962013959885e-05,7.990014273673296e-05,9.7999582067132e-06,5.899928510189056e-06,0.0018993999110534787,7.0999376475811005e-06,5.100038833916187e-06,1.0399846360087395e-05,1.0499963536858559e-05,0.0008811999578028917,0.01015510002616793,0.05114920006599277,0.0015865000896155834,1.3499986380338669e-05,0.011973500018939376,0.07779739983379841
