percentage,execution,ar_r_sub,k_s_sup,ks_sf_in,n_r_t,nk_k_sup,nrs_ns_r,ns_s_spe,ns_s_sup,ns_sub_r,r_ar_sup,s_k_sub,s_ns_sub,s_nsup_k,sub_r_r,t_k_sup,total_time
30,10,2.2899825125932693e-05,9.260047227144241e-05,1.980038359761238e-05,1.2999866157770157e-05,0.00899899983778596,1.859944313764572e-05,1.0099727660417557e-05,2.1799933165311813e-05,2.1200161427259445e-05,0.00896180048584938,0.010313599836081266,0.041454899590462446,0.002056700177490711,2.8800219297409058e-05,0.012259400449693203,0.08429420040920377
