percentage,execution,ar_r_sub,k_s_sup,ks_sf_in,n_r_t,nk_k_sup,nrs_ns_r,ns_s_spe,ns_s_sup,ns_sub_r,r_ar_sup,s_k_sub,s_ns_sub,s_nsup_k,sub_r_r,t_k_sup,total_time
30,7,1.1199968867003918e-05,0.012563399970531464,1.079996582120657e-05,6.400048732757568e-06,6.400048732757568e-06,6.700051017105579e-06,0.00362550001591444,0.0016582999378442764,0.0002894001081585884,0.010836599976755679,0.00026160001289099455,0.0002549000782892108,5.599926225841045e-06,1.550000160932541e-05,0.0002848999574780464,0.029837200068868697
