percentage,execution,k_s_sup,s_k_sub,t_k_sup,ns_s_sup,s_ns_sub,r_ar_sup,ar_r_sub,ns_sub_r,ks_sf_in,sub_r_r,n_r_t,ns_s_spe,nk_k_sup,s_nsup_k,nrs_ns_r,total_time
70,3,8.820000221021473e-05,0.008036799990804866,0.009416500004590489,4.099999205209315e-05,0.01736079998954665,0.014262699987739325,2.2599982912652194e-05,2.0199993741698563e-05,1.8899983842857182e-05,2.549999044276774e-05,1.2200005585327744e-05,9.60000033956021e-06,0.008496600014041178,0.0021861999994143844,1.1299998732283711e-05,0.060009099935996346
