percentage,execution,ar_r_sub,k_s_sup,ks_sf_in,n_r_t,nk_k_sup,nrs_ns_r,ns_s_spe,ns_s_sup,ns_sub_r,r_ar_sup,s_k_sub,s_ns_sub,s_nsup_k,sub_r_r,t_k_sup,total_time
40,9,2.1100000594742596e-05,8.820000130072003e-05,1.919999976962572e-05,1.2099999366910197e-05,0.008253700000750541,1.2900000001536682e-05,9.499999578110874e-06,1.990000055229757e-05,2.0700000277429353e-05,0.010923499999989872,0.010022299999945972,0.03393860000051063,0.002230999999483174,2.7299999601382297e-05,0.011650600000393752,0.0772506000021167
