percentage,execution,ar_r_sub,k_s_sup,ks_sf_in,n_r_t,nk_k_sup,nrs_ns_r,ns_s_spe,ns_s_sup,ns_sub_r,r_ar_sup,s_k_sub,s_ns_sub,s_nsup_k,sub_r_r,t_k_sup,total_time
40,9,2.1000392735004425e-05,8.809985592961311e-05,1.8700025975704193e-05,1.2500211596488953e-05,0.008139200042933226,1.2699980288743973e-05,9.600073099136353e-06,1.929979771375656e-05,2.0100269466638565e-05,0.009584999643266201,0.008268100209534168,0.02701829932630062,0.0018267999403178692,2.479972317814827e-05,0.009919700212776661,0.06498389970511198
