percentage,execution,ar_r_sub,k_s_sup,ks_sf_in,n_r_t,nk_k_sup,nrs_ns_r,ns_s_spe,ns_s_sup,ns_sub_r,r_ar_sup,s_k_sub,s_ns_sub,s_nsup_k,sub_r_r,t_k_sup,total_time
60,8,9.299999874201603e-06,0.0067151999992347555,9.100000170292333e-06,4.800000169780105e-06,0.00018820000059349695,4.800000169780105e-06,0.0004653999994843616,7.400000049528899e-05,0.002808299999742303,0.0051083999996990315,0.001170300000012503,0.004024400000162132,0.0001664000001255772,1.3399999261309858e-05,0.001889899999696354,0.022651899998891167
