percentage,execution,ar_r_sub,k_s_sup,ks_sf_in,n_r_t,nk_k_sup,nrs_ns_r,ns_s_spe,ns_s_sup,ns_sub_r,r_ar_sup,s_k_sub,s_ns_sub,s_nsup_k,sub_r_r,t_k_sup,total_time
80,6,2.2499356418848038e-05,9.040022268891335e-05,2.079922705888748e-05,1.2699980288743973e-05,0.010524799581617117,1.309998333454132e-05,1.0200310498476028e-05,2.1399464458227158e-05,2.1700281649827957e-05,0.02080610068514943,0.010857099667191505,0.016513600014150143,0.0030153999105095863,3.020046278834343e-05,0.01209300011396408,0.07405299926176667
