percentage,execution,ar_r_sub,k_s_sup,ks_sf_in,n_r_t,nk_k_sup,nrs_ns_r,ns_s_spe,ns_s_sup,ns_sub_r,r_ar_sup,s_k_sub,s_ns_sub,s_nsup_k,sub_r_r,t_k_sup,total_time
10,9,2.0700041204690933e-05,9.309966117143631e-05,1.7999671399593353e-05,1.1799857020378113e-05,0.007439000066369772,1.2899748980998993e-05,9.300187230110168e-06,1.8500257283449173e-05,1.9200146198272705e-05,0.0032470994628965855,0.008254200220108032,0.03975679958239198,0.001382799819111824,2.550007775425911e-05,0.009589300025254488,0.06989819882437587
