percentage,execution,ar_r_sub,k_s_sup,ks_sf_in,n_r_t,nk_k_sup,nrs_ns_r,ns_s_spe,ns_s_sup,ns_sub_r,r_ar_sup,s_k_sub,s_ns_sub,s_nsup_k,sub_r_r,t_k_sup,total_time
70,6,1.070043072104454e-05,0.013361599761992693,1.0300427675247192e-05,6.00004568696022e-06,0.0002787001430988312,5.7998113334178925e-06,0.001551399938762188,0.0008719996549189091,0.00017380015924572945,0.012261300347745419,0.0012365998700261116,0.00433530006557703,0.00021250033751130104,1.2699980288743973e-05,0.0028258999809622765,0.0371546009555459
