percentage,execution,ar_r_sub,k_s_sup,ks_sf_in,n_r_t,nk_k_sup,nrs_ns_r,ns_s_spe,ns_s_sup,ns_sub_r,r_ar_sup,s_k_sub,s_ns_sub,s_nsup_k,sub_r_r,t_k_sup,total_time
30,5,1.0799616575241089e-05,0.011536899954080582,1.039961352944374e-05,6.1998143792152405e-06,0.0002468000166118145,6.500165909528732e-06,0.0015822001732885838,0.0008850004523992538,0.0002905000001192093,0.008762600366026163,0.0010257996618747711,0.0041820998303592205,0.00022270018234848976,1.3299752026796341e-05,0.002619799692183733,0.031401599291712046
