percentage,execution,k_s_sup,s_k_sub,t_k_sup,ns_s_sup,s_ns_sub,r_ar_sup,ar_r_sub,ns_sub_r,ks_sf_in,sub_r_r,n_r_t,ns_s_spe,nk_k_sup,s_nsup_k,nrs_ns_r,total_time
70,5,0.013573400021414272,0.001237500022398308,0.002802200004225597,0.0008581000001868233,0.004302000001189299,0.012695700002950616,1.069999416358769e-05,0.0028960000054212287,1.270000939257443e-05,1.2899981811642647e-05,5.999987479299307e-06,0.0015474999963771552,0.0002435000060359016,0.00021389999892562628,5.5000127758830786e-06,0.040417600044747815
