percentage,execution,ar_r_sub,k_s_sup,ks_sf_in,n_r_t,nk_k_sup,nrs_ns_r,ns_s_spe,ns_s_sup,ns_sub_r,r_ar_sup,s_k_sub,s_ns_sub,s_nsup_k,sub_r_r,t_k_sup,total_time
20,5,1.1100084520876408e-05,0.014433500007726252,1.0800082236528397e-05,6.600050255656242e-06,0.0010061999782919884,7.00005330145359e-06,0.003060600021854043,0.0025130000431090593,0.0032041999511420727,0.011271500028669834,0.00404919998254627,0.019701199955306947,0.0009322999976575375,1.4999881386756897e-05,0.009668300044722855,0.06989050016272813
