percentage,execution,ar_r_sub,k_s_sup,ks_sf_in,n_r_t,nk_k_sup,nrs_ns_r,ns_s_spe,ns_s_sup,ns_sub_r,r_ar_sup,s_k_sub,s_ns_sub,s_nsup_k,sub_r_r,t_k_sup,total_time
10,5,2.110004425048828e-05,8.719973266124725e-05,1.9300729036331177e-05,1.2500211596488953e-05,0.008174400310963392,1.3699755072593689e-05,9.799841791391373e-06,2.0300503820180893e-05,2.019992098212242e-05,0.00477680005133152,0.010400299914181232,0.048543799202889204,0.0018989997915923595,2.7799978852272034e-05,0.012447500601410866,0.08647370059043169
