percentage,execution,ar_r_sub,k_s_sup,ks_sf_in,n_r_t,nk_k_sup,nrs_ns_r,ns_s_spe,ns_s_sup,ns_sub_r,r_ar_sup,s_k_sub,s_ns_sub,s_nsup_k,sub_r_r,t_k_sup,total_time
90,2,1.0900082997977734e-05,0.011931900051422417,9.800074622035027e-06,6.299931555986404e-06,0.00030700000934302807,5.399924702942371e-06,0.001604699995368719,0.0008657998405396938,1.1299853213131428e-05,0.012414600001648068,0.0013080000644549727,0.004469600040465593,0.00021309999283403158,1.2399978004395962e-05,0.002986400155350566,0.03615719999652356
