percentage,execution,ar_r_sub,k_s_sup,ks_sf_in,n_r_t,nk_k_sup,nrs_ns_r,ns_s_spe,ns_s_sup,ns_sub_r,r_ar_sup,s_k_sub,s_ns_sub,s_nsup_k,sub_r_r,t_k_sup,total_time
20,10,1.0399962775409222e-05,0.0041346000507473946,9.599956683814526e-06,5.799927748739719e-06,5.500041879713535e-06,5.799927748739719e-06,0.0016281000571325421,0.0008810000726953149,0.0029909999575465918,0.0036207999801263213,8.040003012865782e-05,7.910002022981644e-05,4.700035788118839e-06,1.2699980288743973e-05,9.400001727044582e-05,0.013563500018790364
