percentage,execution,ar_r_sub,k_s_sup,ks_sf_in,n_r_t,nk_k_sup,nrs_ns_r,ns_s_spe,ns_s_sup,ns_sub_r,r_ar_sup,s_k_sub,s_ns_sub,s_nsup_k,sub_r_r,t_k_sup,total_time
90,9,1.1500436812639236e-05,8.240016177296638e-05,1.0599847882986069e-05,9.300187230110168e-06,0.0019414001144468784,5.6996941566467285e-06,5.000270903110504e-06,1.3600103557109833e-05,1.12997367978096e-05,0.010691300500184298,0.009654399938881397,0.012613900005817413,0.0016177999787032604,1.3899989426136017e-05,0.012137900106608868,0.04882000107318163
