percentage,execution,ar_r_sub,k_s_sup,ks_sf_in,n_r_t,nk_k_sup,nrs_ns_r,ns_s_spe,ns_s_sup,ns_sub_r,r_ar_sup,s_k_sub,s_ns_sub,s_nsup_k,sub_r_r,t_k_sup,total_time
20,1,1.1500000255182385e-05,0.018556699999862758,1.3900000340072438e-05,6.799999937356915e-06,6.50000038149301e-06,6.499999471998308e-06,0.005819399999381858,0.005536300000130723,0.0032192999997278093,0.015586600000460749,0.00019360000078449957,0.000193099999705737,5.500000042957254e-06,1.5999999959603883e-05,0.00021329999981389847,0.049385000000256696
