percentage,execution,ar_r_sub,k_s_sup,ks_sf_in,n_r_t,nk_k_sup,nrs_ns_r,ns_s_spe,ns_s_sup,ns_sub_r,r_ar_sup,s_k_sub,s_ns_sub,s_nsup_k,sub_r_r,t_k_sup,total_time
80,7,1.9999999494757503e-05,8.569999954488594e-05,1.8200001250079367e-05,1.0900000233959872e-05,0.007478300000002491,1.0199999451288022e-05,8.89999955688836e-06,1.8200000340584666e-05,1.900000097521115e-05,0.011334799998621747,0.005155100000592938,0.00808350000079372,0.0014356000001498614,2.249999943160219e-05,0.006006500001603854,0.03970740000204387
