percentage,execution,ar_r_sub,k_s_sup,ks_sf_in,n_r_t,nk_k_sup,nrs_ns_r,ns_s_spe,ns_s_sup,ns_sub_r,r_ar_sup,s_k_sub,s_ns_sub,s_nsup_k,sub_r_r,t_k_sup,total_time
80,6,1.0799999472510535e-05,7.690000074944692e-05,9.60000033956021e-06,6.099999154685065e-06,0.0014827000004515867,5.4000001910026185e-06,4.800000169780105e-06,9.800000043469481e-06,1.0599999768601265e-05,0.007072500000504078,0.0075063000003865454,0.013415899999927205,0.0012016999999104883,1.2900000001536682e-05,0.009217899999384827,0.040043900000455324
