percentage,execution,ar_r_sub,k_s_sup,ks_sf_in,n_r_t,nk_k_sup,nrs_ns_r,ns_s_spe,ns_s_sup,ns_sub_r,r_ar_sup,s_k_sub,s_ns_sub,s_nsup_k,sub_r_r,t_k_sup,total_time
20,7,1.1199968867003918e-05,0.014992799842730165,1.0900082997977734e-05,6.5999338403344154e-06,0.0002957000397145748,7.0999376475811005e-06,0.004767499980516732,0.003147600102238357,0.0004187999293208122,0.011282099992968142,0.000999300042167306,0.004102500039152801,0.0002612000098451972,1.6000005416572094e-05,0.003265199949964881,0.04358449985738844
