percentage,execution,k_s_sup,s_k_sub,t_k_sup,ns_s_sup,s_ns_sub,r_ar_sup,ar_r_sub,ns_sub_r,ks_sf_in,sub_r_r,n_r_t,ns_s_spe,nk_k_sup,s_nsup_k,nrs_ns_r,total_time
10,4,0.04898010000761133,0.03421899999375455,0.01765989999694284,0.024690599981113337,0.08515590000024531,0.04859949997626245,2.990000939462334e-05,0.013039700002991594,3.199999628122896e-05,9.139998292084783e-05,1.3299999409355223e-05,0.03134689999569673,0.0038072000024840236,0.003428900003200397,1.2300006346777081e-05,0.3111065999546554
