percentage,execution,ar_r_sub,k_s_sup,ks_sf_in,n_r_t,nk_k_sup,nrs_ns_r,ns_s_spe,ns_s_sup,ns_sub_r,r_ar_sup,s_k_sub,s_ns_sub,s_nsup_k,sub_r_r,t_k_sup,total_time
40,3,1.1599622666835785e-05,0.02404920058324933,1.109996810555458e-05,6.800051778554916e-06,0.0002929000183939934,6.90016895532608e-06,0.004780299961566925,0.0031750001944601536,0.0005383002571761608,0.019151399843394756,0.0012221001088619232,0.004364899825304747,0.00026010023429989815,1.910002902150154e-05,0.003517699893563986,0.061407400760799646
