percentage,execution,ar_r_sub,k_s_sup,ks_sf_in,n_r_t,nk_k_sup,nrs_ns_r,ns_s_spe,ns_s_sup,ns_sub_r,r_ar_sup,s_k_sub,s_ns_sub,s_nsup_k,sub_r_r,t_k_sup,total_time
30,10,2.080004196614027e-05,8.730008266866207e-05,2.1600048057734966e-05,1.2399861589074135e-05,0.008053300087340176,1.27000967040658e-05,9.89984255284071e-06,1.940014772117138e-05,2.0499923266470432e-05,0.007937099901027977,0.008155400166288018,0.02989290002733469,0.0017251999815925956,4.12999652326107e-05,0.009466499788686633,0.06547629996202886
