percentage,execution,ar_r_sub,k_s_sup,ks_sf_in,n_r_t,nk_k_sup,nrs_ns_r,ns_s_spe,ns_s_sup,ns_sub_r,r_ar_sup,s_k_sub,s_ns_sub,s_nsup_k,sub_r_r,t_k_sup,total_time
50,8,2.1200161427259445e-05,8.280016481876373e-05,1.0999850928783417e-05,6.6999346017837524e-06,0.0019151000306010246,7.200054824352264e-06,5.1995739340782166e-06,1.0800082236528397e-05,1.219986006617546e-05,0.007049500476568937,0.010157700162380934,0.03225310007110238,0.0016687000170350075,1.5099998563528061e-05,0.012164400424808264,0.0653807008638978
