percentage,execution,ar_r_sub,k_s_sup,ks_sf_in,n_r_t,nk_k_sup,nrs_ns_r,ns_s_spe,ns_s_sup,ns_sub_r,r_ar_sup,s_k_sub,s_ns_sub,s_nsup_k,sub_r_r,t_k_sup,total_time
40,10,1.1499505490064621e-05,0.015286600217223167,1.1199619621038437e-05,7.0999376475811005e-06,6.800051778554916e-06,6.299931555986404e-06,0.0037067001685500145,0.0017576995305716991,0.00031540030613541603,0.012922999914735556,0.00038240011781454086,0.00039009982720017433,5.600042641162872e-06,1.729978248476982e-05,0.0004275999963283539,0.03525529894977808
