percentage,execution,ar_r_sub,k_s_sup,ks_sf_in,n_r_t,nk_k_sup,nrs_ns_r,ns_s_spe,ns_s_sup,ns_sub_r,r_ar_sup,s_k_sub,s_ns_sub,s_nsup_k,sub_r_r,t_k_sup,total_time
20,1,1.9600000086938962e-05,8.749999960855348e-05,1.849999989644857e-05,1.0600000678095967e-05,0.007470800000191957,1.3600000784208532e-05,9.000000318337698e-06,1.8399999134999234e-05,1.900000006571645e-05,0.00512310000067373,0.0062423999997918145,0.024369799999476527,0.0012457999991966062,2.339999900868861e-05,0.007020800000645977,0.0516922999995586
