percentage,execution,ar_r_sub,k_s_sup,ks_sf_in,n_r_t,nk_k_sup,nrs_ns_r,ns_s_spe,ns_s_sup,ns_sub_r,r_ar_sup,s_k_sub,s_ns_sub,s_nsup_k,sub_r_r,t_k_sup,total_time
20,1,1.0000000656873453e-05,0.012659300000450457,9.599999430065509e-06,5.599999894911889e-06,5.599999894911889e-06,5.500000042957254e-06,0.0021679000001313398,0.0023118999997677747,0.002959000000373635,0.009874799999124662,0.00012759999935951782,0.0001314999999522115,4.799999260285404e-06,1.1900000572495628e-05,0.00014740000005986076,0.03043239999897196
