percentage,execution,ar_r_sub,k_s_sup,ks_sf_in,n_r_t,nk_k_sup,nrs_ns_r,ns_s_spe,ns_s_sup,ns_sub_r,r_ar_sup,s_k_sub,s_ns_sub,s_nsup_k,sub_r_r,t_k_sup,total_time
40,6,2.1900050342082977e-05,9.540002793073654e-05,2.0100269466638565e-05,1.2800097465515137e-05,0.00857940036803484,1.2499745935201645e-05,1.0099727660417557e-05,2.0100269466638565e-05,2.12998129427433e-05,0.01107690017670393,0.01018939958885312,0.03551990073174238,0.002309600356966257,2.750009298324585e-05,0.012174699921160936,0.08009160123765469
