percentage,execution,ar_r_sub,k_s_sup,ks_sf_in,n_r_t,nk_k_sup,nrs_ns_r,ns_s_spe,ns_s_sup,ns_sub_r,r_ar_sup,s_k_sub,s_ns_sub,s_nsup_k,sub_r_r,t_k_sup,total_time
80,8,1.1699999959091656e-05,7.529999948019395e-05,1.0000000656873453e-05,6.299999768089037e-06,0.0018395999995846068,6.000000212225132e-06,4.999999873689376e-06,1.049999991664663e-05,1.0400000064691994e-05,0.008838800000376068,0.009670899999946414,0.01799159999973199,0.0015287999995052814,1.4299999747890979e-05,0.011471299999357143,0.051490499998180894
