percentage,execution,ar_r_sub,k_s_sup,ks_sf_in,n_r_t,nk_k_sup,nrs_ns_r,ns_s_spe,ns_s_sup,ns_sub_r,r_ar_sup,s_k_sub,s_ns_sub,s_nsup_k,sub_r_r,t_k_sup,total_time
60,6,2.2199999875738285e-05,8.909999905881705e-05,1.849999989644857e-05,1.1000000085914508e-05,0.00796130000071571,1.1099999028374441e-05,8.999999408842996e-06,1.8999999156221747e-05,2.229999972769292e-05,0.009661099999902945,0.006157700000585464,0.01567460000023857,0.0014812999997957377,2.2700000045006163e-05,0.006910599999173428,0.04807149999669491
