percentage,execution,ar_r_sub,k_s_sup,ks_sf_in,n_r_t,nk_k_sup,nrs_ns_r,ns_s_spe,ns_s_sup,ns_sub_r,r_ar_sup,s_k_sub,s_ns_sub,s_nsup_k,sub_r_r,t_k_sup,total_time
20,7,1.0799616575241089e-05,0.01012479979544878,1.0499730706214905e-05,6.00004568696022e-06,0.0002521001733839512,7.0999376475811005e-06,0.0020522000268101692,0.0009532999247312546,0.000318099744617939,0.007609700318425894,0.000989300198853016,0.00434989994391799,0.00021960027515888214,1.3299752026796341e-05,0.002631399780511856,0.029548099264502525
