percentage,execution,ar_r_sub,k_s_sup,ks_sf_in,n_r_t,nk_k_sup,nrs_ns_r,ns_s_spe,ns_s_sup,ns_sub_r,r_ar_sup,s_k_sub,s_ns_sub,s_nsup_k,sub_r_r,t_k_sup,total_time
80,10,1.049999991664663e-05,7.670000013604295e-05,9.800000952964183e-06,5.9000003602704965e-06,0.0014614000001529348,5.599999894911889e-06,4.999999873689376e-06,1.0600000678095967e-05,1.0199999451288022e-05,0.007156900000154565,0.007526100000177394,0.013520499999685853,0.0012053000000378233,1.5099999473022763e-05,0.00959080000029644,0.04061040000124194
