percentage,execution,ar_r_sub,k_s_sup,ks_sf_in,n_r_t,nk_k_sup,nrs_ns_r,ns_s_spe,ns_s_sup,ns_sub_r,r_ar_sup,s_k_sub,s_ns_sub,s_nsup_k,sub_r_r,t_k_sup,total_time
50,7,2.2499822080135345e-05,8.979998528957367e-05,2.009933814406395e-05,1.29002146422863e-05,0.008862399961799383,1.3000331819057465e-05,1.0600313544273376e-05,2.329982817173004e-05,2.1600164473056793e-05,0.014374100603163242,0.010528200305998325,0.029059200081974268,0.0026582996360957623,2.6800669729709625e-05,0.012394600547850132,0.078117401804775
