percentage,execution,ar_r_sub,k_s_sup,ks_sf_in,n_r_t,nk_k_sup,nrs_ns_r,ns_s_spe,ns_s_sup,ns_sub_r,r_ar_sup,s_k_sub,s_ns_sub,s_nsup_k,sub_r_r,t_k_sup,total_time
70,2,1.1099851690232754e-05,0.008675300050526857,9.89984255284071e-06,6.09993003308773e-06,0.00024580000899732113,5.699926987290382e-06,0.0015989000676199794,0.0008822999661788344,1.1100084520876408e-05,0.009477199986577034,0.0012142000487074256,0.004385999985970557,0.00021850003395229578,1.2800097465515137e-05,0.002841199981048703,0.02959609986282885
