percentage,execution,ar_r_sub,k_s_sup,ks_sf_in,n_r_t,nk_k_sup,nrs_ns_r,ns_s_spe,ns_s_sup,ns_sub_r,r_ar_sup,s_k_sub,s_ns_sub,s_nsup_k,sub_r_r,t_k_sup,total_time
80,5,1.0600000678095967e-05,7.720000030531082e-05,9.60000033956021e-06,5.9000003602704965e-06,0.001450499999918975,5.2999994295532815e-06,4.799999260285404e-06,9.899999895424116e-06,1.0200000360782724e-05,0.006983299999774317,0.007432999999764434,0.013335300000107964,0.0011992999998255982,1.1999999514955562e-05,0.009206899999298912,0.03975379999883444
