percentage,execution,ar_r_sub,k_s_sup,ks_sf_in,n_r_t,nk_k_sup,nrs_ns_r,ns_s_spe,ns_s_sup,ns_sub_r,r_ar_sup,s_k_sub,s_ns_sub,s_nsup_k,sub_r_r,t_k_sup,total_time
30,9,1.0400079190731049e-05,0.00667480006814003,1.019984483718872e-05,6.100162863731384e-06,5.600042641162872e-06,5.7998113334178925e-06,0.0015978999435901642,0.0009153997525572777,0.00017879949882626534,0.005357199814170599,0.00014110002666711807,0.00013769976794719696,4.999805241823196e-06,1.3200100511312485e-05,0.00015900004655122757,0.015218198765069246
