percentage,execution,k_s_sup,s_k_sub,t_k_sup,ns_s_sup,s_ns_sub,r_ar_sup,ar_r_sub,ns_sub_r,ks_sf_in,sub_r_r,n_r_t,ns_s_spe,nk_k_sup,s_nsup_k,nrs_ns_r,total_time
50,9,8.269998943433166e-05,0.008038100000703707,0.00966020001214929,1.060000795405358e-05,0.026814500000909902,0.004105700005311519,1.09999964479357e-05,1.069999416358769e-05,1.0000003385357559e-05,1.2900010915473104e-05,6.400005077011883e-06,5.0000089686363935e-06,0.0014975000085541978,0.0012396999954944476,6.600006599910557e-06,0.05151160004606936
