percentage,execution,ar_r_sub,k_s_sup,ks_sf_in,n_r_t,nk_k_sup,nrs_ns_r,ns_s_spe,ns_s_sup,ns_sub_r,r_ar_sup,s_k_sub,s_ns_sub,s_nsup_k,sub_r_r,t_k_sup,total_time
10,4,2.069980837404728e-05,9.240000508725643e-05,1.9099796190857887e-05,1.2300093658268452e-05,0.008031100034713745,1.4199991710484028e-05,9.900075383484364e-06,1.9000028260052204e-05,2.070015762001276e-05,0.004792500054463744,0.010216200142167509,0.048025400028564036,0.0018799998797476292,2.7400092221796513e-05,0.011963499942794442,0.08514440013095737
