percentage,execution,ar_r_sub,k_s_sup,ks_sf_in,n_r_t,nk_k_sup,nrs_ns_r,ns_s_spe,ns_s_sup,ns_sub_r,r_ar_sup,s_k_sub,s_ns_sub,s_nsup_k,sub_r_r,t_k_sup,total_time
40,3,1.1899508535861969e-05,0.028330700006335974,1.1099502444267273e-05,6.6999346017837524e-06,6.90016895532608e-06,5.7998113334178925e-06,0.00537850009277463,0.004970800131559372,0.0035862997174263,0.022179399617016315,0.000395200215280056,0.00039850035682320595,5.600042641162872e-06,1.4899298548698425e-05,0.0004374994896352291,0.0657397978939116
