percentage,execution,ar_r_sub,k_s_sup,ks_sf_in,n_r_t,nk_k_sup,nrs_ns_r,ns_s_spe,ns_s_sup,ns_sub_r,r_ar_sup,s_k_sub,s_ns_sub,s_nsup_k,sub_r_r,t_k_sup,total_time
10,6,1.079996582120657e-05,0.004867399926297367,1.0499963536858559e-05,6.600050255656242e-06,0.002334299962967634,7.00005330145359e-06,0.0010402000043541193,8.139992132782936e-05,0.002893999917432666,0.0036048998590558767,0.010070900083519518,0.04733000008855015,0.0020589999621734023,1.4399876818060875e-05,0.014564699959009886,0.08889609959442168
