percentage,execution,ar_r_sub,k_s_sup,ks_sf_in,n_r_t,nk_k_sup,nrs_ns_r,ns_s_spe,ns_s_sup,ns_sub_r,r_ar_sup,s_k_sub,s_ns_sub,s_nsup_k,sub_r_r,t_k_sup,total_time
40,10,9.599999430065509e-06,7.749999986117473e-05,8.69999985297909e-06,5.100000635138713e-06,0.0009311000003435765,5.700000656361226e-06,4.399999852466863e-06,9.60000033956021e-06,9.800000043469481e-06,0.0017389999993611127,0.005288000000291504,0.020683200000348734,0.000772299999880488,1.1099999937869143e-05,0.0060350000003381865,0.035590100001172686
