percentage,execution,ar_r_sub,k_s_sup,ks_sf_in,n_r_t,nk_k_sup,nrs_ns_r,ns_s_spe,ns_s_sup,ns_sub_r,r_ar_sup,s_k_sub,s_ns_sub,s_nsup_k,sub_r_r,t_k_sup,total_time
60,5,1.090019941329956e-05,0.012131699826568365,1.0599847882986069e-05,6.0996972024440765e-06,6.400048732757568e-06,5.09992241859436e-06,0.0015936000272631645,0.0008955001831054688,0.002960300538688898,0.011453199665993452,0.00038479967042803764,0.0003776000812649727,5.200039595365524e-06,1.3500452041625977e-05,0.00042349984869360924,0.03027800004929304
