percentage,execution,ar_r_sub,k_s_sup,ks_sf_in,n_r_t,nk_k_sup,nrs_ns_r,ns_s_spe,ns_s_sup,ns_sub_r,r_ar_sup,s_k_sub,s_ns_sub,s_nsup_k,sub_r_r,t_k_sup,total_time
90,7,1.0699965059757233e-05,8.04997980594635e-05,9.699258953332901e-06,6.1998143792152405e-06,0.0015042000450193882,5.7998113334178925e-06,8.00006091594696e-06,1.039961352944374e-05,1.0600779205560684e-05,0.00820179982110858,0.0076268999837338924,0.01104809995740652,0.0013346001505851746,1.2699980288743973e-05,0.010240700095891953,0.04011089913547039
