percentage,execution,k_s_sup,s_k_sub,t_k_sup,ns_s_sup,s_ns_sub,r_ar_sup,ar_r_sub,ns_sub_r,ks_sf_in,sub_r_r,n_r_t,ns_s_spe,nk_k_sup,s_nsup_k,nrs_ns_r,total_time
40,5,9.12999821593985e-05,0.010246300022117794,0.011904899991350248,2.020000829361379e-05,0.034861199994338676,0.010974600008921698,2.1299987565726042e-05,2.059999678749591e-05,1.9500002963468432e-05,3.0399984098039567e-05,1.279998105019331e-05,9.700001101009548e-06,0.008581100017181598,0.002294100006110966,1.3199998647905886e-05,0.07910119998268783
