percentage,execution,k_s_sup,s_k_sub,t_k_sup,ns_s_sup,s_ns_sub,r_ar_sup,ar_r_sub,ns_sub_r,ks_sf_in,sub_r_r,n_r_t,ns_s_spe,nk_k_sup,s_nsup_k,nrs_ns_r,total_time
80,8,8.110000635497272e-05,0.009627799998270348,0.012342999994871207,1.1500000255182385e-05,0.019564400005037896,0.008728200002224185,1.1399999493733048e-05,1.09999964479357e-05,1.0200004908256233e-05,1.4299992471933365e-05,6.400005077011883e-06,5.1000097300857306e-06,0.0019011000113096088,0.0015822999994270504,6.000002031214535e-06,0.05390380002791062
