percentage,execution,k_s_sup,s_k_sub,t_k_sup,ns_s_sup,s_ns_sub,r_ar_sup,ar_r_sub,ns_sub_r,ks_sf_in,sub_r_r,n_r_t,ns_s_spe,nk_k_sup,s_nsup_k,nrs_ns_r,total_time
70,10,0.00010749997454695404,0.0099845000077039,0.011732300001312979,2.020002284552902e-05,0.023083599997335114,0.01740680001967121,2.7799993404187262e-05,2.5599991204217076e-05,2.379999205004424e-05,3.330002073198557e-05,1.580000389367342e-05,1.030000566970557e-05,0.008873400001903065,0.0026566000015009195,1.1800002539530396e-05,0.07401330003631301
