percentage,execution,ar_r_sub,k_s_sup,ks_sf_in,n_r_t,nk_k_sup,nrs_ns_r,ns_s_spe,ns_s_sup,ns_sub_r,r_ar_sup,s_k_sub,s_ns_sub,s_nsup_k,sub_r_r,t_k_sup,total_time
30,7,1.2500095181167126e-05,0.001656699925661087,9.400071576237679e-06,6.100046448409557e-06,5.699926987290382e-06,5.699926987290382e-06,0.0016270000487565994,0.0008608000352978706,1.0799849405884743e-05,0.0024486000183969736,7.699988782405853e-05,7.579999510198832e-05,5.00003807246685e-06,1.2999866157770157e-05,9.270000737160444e-05,0.006906799739226699
