percentage,execution,ar_r_sub,k_s_sup,ks_sf_in,n_r_t,nk_k_sup,nrs_ns_r,ns_s_spe,ns_s_sup,ns_sub_r,r_ar_sup,s_k_sub,s_ns_sub,s_nsup_k,sub_r_r,t_k_sup,total_time
30,8,2.1700281649827957e-05,8.930079638957977e-05,1.9599217921495438e-05,1.29002146422863e-05,0.008310799952596426,1.3399869203567505e-05,9.999610483646393e-06,2.009933814406395e-05,2.0800158381462097e-05,0.00791960023343563,0.010881700552999973,0.04111380036920309,0.0020443000830709934,2.7799513190984726e-05,0.012315300293266773,0.0828211004845798
