percentage,execution,ar_r_sub,k_s_sup,ks_sf_in,n_r_t,nk_k_sup,nrs_ns_r,ns_s_spe,ns_s_sup,ns_sub_r,r_ar_sup,s_k_sub,s_ns_sub,s_nsup_k,sub_r_r,t_k_sup,total_time
30,1,1.1400086805224419e-05,0.021229400066658854,1.0900082997977734e-05,6.6999346017837524e-06,0.00028980011120438576,7.100054062902927e-06,0.004838600056245923,0.0031733999494463205,0.0005367000121623278,0.016219699871726334,0.001129399985074997,0.004250100115314126,0.0002623000182211399,1.5999889001250267e-05,0.0035017000045627356,0.05548320023808628
