percentage,execution,ar_r_sub,k_s_sup,ks_sf_in,n_r_t,nk_k_sup,nrs_ns_r,ns_s_spe,ns_s_sup,ns_sub_r,r_ar_sup,s_k_sub,s_ns_sub,s_nsup_k,sub_r_r,t_k_sup,total_time
20,4,1.0900082997977734e-05,0.009977899957448244,1.009996049106121e-05,5.900044925510883e-06,6.400048732757568e-06,6.300047971308231e-06,0.0018629999831318855,0.0009018999990075827,0.00029900006484240294,0.00735620001796633,0.00014159991405904293,0.0001420000335201621,5.100038833916187e-06,1.3100099749863148e-05,0.0001620999537408352,0.02090150024741888
