percentage,execution,ar_r_sub,k_s_sup,ks_sf_in,n_r_t,nk_k_sup,nrs_ns_r,ns_s_spe,ns_s_sup,ns_sub_r,r_ar_sup,s_k_sub,s_ns_sub,s_nsup_k,sub_r_r,t_k_sup,total_time
90,7,1.1699972674250603e-05,7.98000255599618e-05,9.999959729611874e-06,6.199930794537067e-06,0.0015783000271767378,5.799927748739719e-06,5.09992241859436e-06,1.0699965059757233e-05,1.1300086043775082e-05,0.008470100001432002,0.0076024000300094485,0.010926500079222023,0.0012541000032797456,1.279998105019331e-05,0.009569199988618493,0.03955399990081787
