percentage,execution,ar_r_sub,k_s_sup,ks_sf_in,n_r_t,nk_k_sup,nrs_ns_r,ns_s_spe,ns_s_sup,ns_sub_r,r_ar_sup,s_k_sub,s_ns_sub,s_nsup_k,sub_r_r,t_k_sup,total_time
10,7,1.1100433766841888e-05,0.010228300001472235,1.0200310498476028e-05,6.100162863731384e-06,6.00004568696022e-06,6.200280040502548e-06,0.0020615002140402794,0.0008906000293791294,0.0003269999288022518,0.00707180006429553,0.00014110002666711807,0.00014410028234124184,5.000270903110504e-06,1.5099998563528061e-05,0.0001639002002775669,0.021088002249598503
