percentage,execution,ar_r_sub,k_s_sup,ks_sf_in,n_r_t,nk_k_sup,nrs_ns_r,ns_s_spe,ns_s_sup,ns_sub_r,r_ar_sup,s_k_sub,s_ns_sub,s_nsup_k,sub_r_r,t_k_sup,total_time
30,7,1.0599964298307896e-05,7.939990609884262e-05,9.899958968162537e-06,6.4999330788850784e-06,0.0019576000049710274,7.00005330145359e-06,4.900037311017513e-06,1.0300078429281712e-05,1.0800082236528397e-05,0.0024306001141667366,0.010128900059498847,0.04432499990798533,0.0016078000189736485,1.3899989426136017e-05,0.012111499905586243,0.07271470001433045
