percentage,execution,k_s_sup,s_k_sub,t_k_sup,ns_s_sup,s_ns_sub,r_ar_sup,ar_r_sub,ns_sub_r,ks_sf_in,sub_r_r,n_r_t,ns_s_spe,nk_k_sup,s_nsup_k,nrs_ns_r,total_time
10,6,9.220000356435776e-05,0.00854530003562104,0.01015849997929763,1.8400009139440954e-05,0.04280730000755284,0.003360399990924634,1.9300015992484987e-05,1.929998688865453e-05,1.8400009139440954e-05,2.540000423323363e-05,1.4999997802078724e-05,1.2200005585327744e-05,0.00809629999275785,0.0015047000051708892,1.309999788645655e-05,0.07470580004155636
