percentage,execution,ar_r_sub,k_s_sup,ks_sf_in,n_r_t,nk_k_sup,nrs_ns_r,ns_s_spe,ns_s_sup,ns_sub_r,r_ar_sup,s_k_sub,s_ns_sub,s_nsup_k,sub_r_r,t_k_sup,total_time
40,10,1.0500196367502213e-05,0.012631600257009268,9.799841791391373e-06,5.899928510189056e-06,0.00024530012160539627,6.1998143792152405e-06,0.0015361001715064049,0.0009073000401258469,0.0002815001644194126,0.010092599783092737,0.001065999735146761,0.004166200291365385,0.0002302001230418682,1.29002146422863e-05,0.002624399960041046,0.03382650064304471
