percentage,execution,k_s_sup,s_k_sub,t_k_sup,ns_s_sup,s_ns_sub,r_ar_sup,ar_r_sub,ns_sub_r,ks_sf_in,sub_r_r,n_r_t,ns_s_spe,nk_k_sup,s_nsup_k,nrs_ns_r,total_time
90,5,0.00010299999848939478,0.010024100003647618,0.012505699996836483,1.1199997970834374e-05,0.013344400009373203,0.010797599999932572,1.1499985703267157e-05,1.1299984180368483e-05,1.0399991879239678e-05,1.3399985618889332e-05,9.900002623908222e-06,8.400005754083395e-06,0.0021191999985603616,0.0017544000002089888,8.500006515532732e-06,0.050732999967294745
