execution,k_s_sup,s_k_sub,t_k_sup,ns_s_sup,s_ns_sub,r_ar_sup,ar_r_sub,ns_sub_r,ks_sf_in,sub_r_r,n_r_t,ns_s_spe,nk_k_sup,s_nsup_k,nrs_ns_r,total_time
1,7.700000423938036e-05,0.0010748000349849463,0.0012096998980268836,8.800067007541656e-06,0.004048599861562252,7.579999510198832e-05,8.599949069321156e-06,1.800013706088066e-06,8.900067768990993e-06,1.009996049106121e-05,4.500034265220165e-06,4.300032742321491e-06,0.0001537000061944127,0.00012129999231547117,5.100038833916187e-06,0.006812999956309795
2,8.699949830770493e-06,7.24999699741602e-05,8.79995059221983e-06,7.800059393048286e-06,6.930006202310324e-05,8.09994526207447e-06,6.92000612616539e-05,1.600012183189392e-06,8.600065484642982e-06,9.00006853044033e-06,4.799920134246349e-06,3.900029696524143e-06,0.0001957999775186181,0.00012500002048909664,4.599918611347675e-06,0.000597700010985136
