percentage,execution,ar_r_sub,k_s_sup,ks_sf_in,n_r_t,nk_k_sup,nrs_ns_r,ns_s_spe,ns_s_sup,ns_sub_r,r_ar_sup,s_k_sub,s_ns_sub,s_nsup_k,sub_r_r,t_k_sup,total_time
90,2,1.1399853974580765e-05,8.17000400274992e-05,1.0499963536858559e-05,6.500049494206905e-06,0.0027085000183433294,6.00004568696022e-06,5.199923180043697e-06,1.1199968867003918e-05,1.1500087566673756e-05,0.018032799940556288,0.019449599902145565,0.025856400025077164,0.00231559993699193,1.5199999324977398e-05,0.009263199986889958,0.07778529974166304
