percentage,execution,k_s_sup,s_k_sub,t_k_sup,ns_s_sup,s_ns_sub,r_ar_sup,ar_r_sub,ns_sub_r,ks_sf_in,sub_r_r,n_r_t,ns_s_spe,nk_k_sup,s_nsup_k,nrs_ns_r,total_time
30,10,1.0799994925037026e-05,0.002320500003406778,1.069999416358769e-05,9.600014891475439e-06,0.0054284999932860956,0.009009299988974817,1.0700008715502918e-05,1.0000003385357559e-05,9.399998816661537e-06,1.3600001693703234e-05,6.200003554113209e-06,4.7000066842883825e-06,0.0010986999986926094,0.0008041999972192571,6.400005077011883e-06,0.018753300013486296
