percentage,execution,k_s_sup,s_k_sub,t_k_sup,ns_s_sup,s_ns_sub,r_ar_sup,ar_r_sub,ns_sub_r,ks_sf_in,sub_r_r,n_r_t,ns_s_spe,nk_k_sup,s_nsup_k,nrs_ns_r,total_time
70,6,5.1099996198900044e-05,0.023143999991589226,0.004377300007035956,1.5400000847876072e-05,0.031856699992204085,0.028220499996677972,1.68999977177009e-05,1.5600002370774746e-05,1.4200006262399256e-05,2.0100022084079683e-05,1.5300000086426735e-05,1.0399991879239678e-05,0.012007900004391558,0.005123099996126257,1.6399993910454214e-05,0.1049048999993829
