percentage,execution,ar_r_sub,k_s_sup,ks_sf_in,n_r_t,nk_k_sup,nrs_ns_r,ns_s_spe,ns_s_sup,ns_sub_r,r_ar_sup,s_k_sub,s_ns_sub,s_nsup_k,sub_r_r,t_k_sup,total_time
20,10,9.599999430065509e-06,9.999999747378752e-06,9.000000318337698e-06,5.699999746866524e-06,0.0005106999997224193,6.199999916134402e-06,4.5000006139162e-06,8.50000014906982e-06,9.60000033956021e-06,0.008026399999835121,0.00013390000003710156,0.00013039999976172112,0.00036780000027647475,1.2599999536178075e-05,9.399999726156238e-06,0.009254299999156501
