percentage,execution,ar_r_sub,k_s_sup,ks_sf_in,n_r_t,nk_k_sup,nrs_ns_r,ns_s_spe,ns_s_sup,ns_sub_r,r_ar_sup,s_k_sub,s_ns_sub,s_nsup_k,sub_r_r,t_k_sup,total_time
10,1,9.899958968162537e-06,7.660000119358301e-05,9.299954399466515e-06,5.700043402612209e-06,0.0026021000230684876,6.7999353632330894e-06,4.799920134246349e-06,1.009996049106121e-05,9.900075383484364e-06,0.0008892000187188387,0.01826070004608482,0.0621337000047788,0.002222200040705502,1.4099990949034691e-05,0.00896220002323389,0.09521729999687523
