percentage,execution,ar_r_sub,k_s_sup,ks_sf_in,n_r_t,nk_k_sup,nrs_ns_r,ns_s_spe,ns_s_sup,ns_sub_r,r_ar_sup,s_k_sub,s_ns_sub,s_nsup_k,sub_r_r,t_k_sup,total_time
60,2,2.4099834263324738e-05,9.700004011392593e-05,2.1600164473056793e-05,1.3099517673254013e-05,0.011378400027751923,1.3900455087423325e-05,1.1300668120384216e-05,2.1799933165311813e-05,2.2499822080135345e-05,0.02871359931305051,0.02362039964646101,0.04222089983522892,0.004521900322288275,3.150012344121933e-05,0.009482199791818857,0.12019419949501753
