percentage,execution,ar_r_sub,k_s_sup,ks_sf_in,n_r_t,nk_k_sup,nrs_ns_r,ns_s_spe,ns_s_sup,ns_sub_r,r_ar_sup,s_k_sub,s_ns_sub,s_nsup_k,sub_r_r,t_k_sup,total_time
70,2,1.1599971912801266e-05,8.41999426484108e-05,1.0499963536858559e-05,6.8999361246824265e-06,0.002712199930101633,6.300047971308231e-06,5.400041118264198e-06,1.0999967344105244e-05,1.1200085282325745e-05,0.01551539998035878,0.01945820008404553,0.037022799951955676,0.0023521999828517437,1.750001683831215e-05,0.009293799987062812,0.08651919988915324
