percentage,execution,k_s_sup,s_k_sub,t_k_sup,ns_s_sup,s_ns_sub,r_ar_sup,ar_r_sub,ns_sub_r,ks_sf_in,sub_r_r,n_r_t,ns_s_spe,nk_k_sup,s_nsup_k,nrs_ns_r,total_time
40,4,1.0199990356341004e-05,0.00031180000223685056,1.0100004146806896e-05,9.100011084228754e-06,0.00030250000418163836,0.01952319999691099,1.069999416358769e-05,1.300001167692244e-05,9.299983503296971e-06,1.589999010320753e-05,5.999987479299307e-06,4.799992893822491e-06,0.0016198999946936965,0.0012371000048005953,8.899995009414852e-06,0.023092499963240698
