percentage,execution,ar_r_sub,k_s_sup,ks_sf_in,n_r_t,nk_k_sup,nrs_ns_r,ns_s_spe,ns_s_sup,ns_sub_r,r_ar_sup,s_k_sub,s_ns_sub,s_nsup_k,sub_r_r,t_k_sup,total_time
80,2,1.0499730706214905e-05,8.329981938004494e-05,9.699258953332901e-06,6.100162863731384e-06,0.0019076000899076462,5.899928510189056e-06,4.90015372633934e-06,1.0100193321704865e-05,1.0299962013959885e-05,0.011033700313419104,0.013100100215524435,0.019406399689614773,0.0015305997803807259,1.2599863111972809e-05,0.0018848995678126812,0.049016698729246855
