percentage,execution,ar_r_sub,k_s_sup,ks_sf_in,n_r_t,nk_k_sup,nrs_ns_r,ns_s_spe,ns_s_sup,ns_sub_r,r_ar_sup,s_k_sub,s_ns_sub,s_nsup_k,sub_r_r,t_k_sup,total_time
50,9,2.2700056433677673e-05,9.030010551214218e-05,1.9599683582782745e-05,1.2399628758430481e-05,0.01241610012948513,1.2800097465515137e-05,9.899958968162537e-06,2.2099819034337997e-05,2.1399930119514465e-05,0.033775899559259415,0.03641390008851886,0.05472799949347973,0.005116000305861235,2.7600210160017014e-05,0.009996899869292974,0.15268559893593192
