percentage,execution,ar_r_sub,k_s_sup,ks_sf_in,n_r_t,nk_k_sup,nrs_ns_r,ns_s_spe,ns_s_sup,ns_sub_r,r_ar_sup,s_k_sub,s_ns_sub,s_nsup_k,sub_r_r,t_k_sup,total_time
70,9,1.2599863111972809e-05,8.760020136833191e-05,1.090019941329956e-05,6.500165909528732e-06,0.003093200270086527,6.9998204708099365e-06,5.300156772136688e-06,1.1199619621038437e-05,1.1900439858436584e-05,0.018705799710005522,0.01869489997625351,0.03823820035904646,0.0024966998025774956,1.6700010746717453e-05,0.009770100470632315,0.0911686010658741
