percentage,execution,k_s_sup,s_k_sub,t_k_sup,ns_s_sup,s_ns_sub,r_ar_sup,ar_r_sub,ns_sub_r,ks_sf_in,sub_r_r,n_r_t,ns_s_spe,nk_k_sup,s_nsup_k,nrs_ns_r,total_time
10,6,0.00010810000821948051,0.01758309999422636,0.009523300002911128,1.999999221879989e-05,0.05834960001811851,0.004755699992529117,2.059999678749591e-05,2.0199979189783335e-05,1.959998917300254e-05,2.9399991035461426e-05,1.2599979527294636e-05,9.499985026195645e-06,0.00882229999115225,0.0027755000191973522,3.029999788850546e-05,0.10207979993720073
