percentage,execution,ar_r_sub,k_s_sup,ks_sf_in,n_r_t,nk_k_sup,nrs_ns_r,ns_s_spe,ns_s_sup,ns_sub_r,r_ar_sup,s_k_sub,s_ns_sub,s_nsup_k,sub_r_r,t_k_sup,total_time
10,3,1.1199619621038437e-05,1.1599622666835785e-05,1.0100193321704865e-05,6.5998174250125885e-06,0.00038029998540878296,7.6000578701496124e-06,5.200039595365524e-06,9.799841791391373e-06,1.1200085282325745e-05,0.009760499931871891,8.510006591677666e-05,8.539995178580284e-05,0.00028849998489022255,1.659989356994629e-05,1.070043072104454e-05,0.01070039952173829
