percentage,execution,ar_r_sub,k_s_sup,ks_sf_in,n_r_t,nk_k_sup,nrs_ns_r,ns_s_spe,ns_s_sup,ns_sub_r,r_ar_sup,s_k_sub,s_ns_sub,s_nsup_k,sub_r_r,t_k_sup,total_time
60,3,1.1699972674250603e-05,8.160003926604986e-05,1.109996810555458e-05,6.600050255656242e-06,0.00286400003824383,7.0999376475811005e-06,5.499925464391708e-06,1.2500095181167126e-05,1.1899974197149277e-05,0.013748299912549555,0.01929230010136962,0.038774300017394125,0.002469200058840215,1.6200006939470768e-05,0.009500600048340857,0.08681290014646947
