percentage,execution,k_s_sup,s_k_sub,t_k_sup,ns_s_sup,s_ns_sub,r_ar_sup,ar_r_sub,ns_sub_r,ks_sf_in,sub_r_r,n_r_t,ns_s_spe,nk_k_sup,s_nsup_k,nrs_ns_r,total_time
30,1,9.030001820065081e-05,0.019559599983040243,0.001895699999295175,1.9500002963468432e-05,0.03891130001284182,0.01280779998342041,2.0499996026046574e-05,1.9699989934451878e-05,1.8400009139440954e-05,2.5799978175200522e-05,1.1799987987615168e-05,9.499999578110874e-06,0.009150199985015206,0.0029285000055097044,1.2300006346777081e-05,0.08548089995747432
