percentage,execution,ar_r_sub,k_s_sup,ks_sf_in,n_r_t,nk_k_sup,nrs_ns_r,ns_s_spe,ns_s_sup,ns_sub_r,r_ar_sup,s_k_sub,s_ns_sub,s_nsup_k,sub_r_r,t_k_sup,total_time
90,7,1.0400079190731049e-05,8.020002860575914e-05,9.400071576237679e-06,5.700043402612209e-06,0.0017133000073954463,5.500041879713535e-06,4.899920895695686e-06,9.7999582067132e-06,1.0499963536858559e-05,0.012890199897810817,0.012461300007998943,0.015597400022670627,0.001492299954406917,1.2299860827624798e-05,0.0018795999931171536,0.04618279985152185
