percentage,execution,ar_r_sub,k_s_sup,ks_sf_in,n_r_t,nk_k_sup,nrs_ns_r,ns_s_spe,ns_s_sup,ns_sub_r,r_ar_sup,s_k_sub,s_ns_sub,s_nsup_k,sub_r_r,t_k_sup,total_time
30,3,2.0699924789369106e-05,8.860009256750345e-05,1.8300022929906845e-05,1.1499971151351929e-05,0.008871299913153052,1.2500095181167126e-05,9.599956683814526e-06,1.9000028260052204e-05,2.0200037397444248e-05,0.013145400094799697,0.013425400131382048,0.03332719986792654,0.0024076999397948384,2.8099981136620045e-05,0.0018680999055504799,0.07327359996270388
