percentage,execution,k_s_sup,s_k_sub,t_k_sup,ns_s_sup,s_ns_sub,r_ar_sup,ar_r_sub,ns_sub_r,ks_sf_in,sub_r_r,n_r_t,ns_s_spe,nk_k_sup,s_nsup_k,nrs_ns_r,total_time
20,3,1.0399991879239678e-05,0.00013930001296103,1.0200004908256233e-05,9.299983503296971e-06,0.00014880001253914088,0.012210400003823452,1.060000795405358e-05,1.0099989594891667e-05,9.60000033956021e-06,1.4300007023848593e-05,5.89998671784997e-06,4.7000066842883825e-06,0.0007247000030474737,0.000564500005566515,6.699992809444666e-06,0.013879500009352341
