percentage,execution,ar_r_sub,k_s_sup,ks_sf_in,n_r_t,nk_k_sup,nrs_ns_r,ns_s_spe,ns_s_sup,ns_sub_r,r_ar_sup,s_k_sub,s_ns_sub,s_nsup_k,sub_r_r,t_k_sup,total_time
50,3,1.0900082997977734e-05,8.669996168464422e-05,9.699957445263863e-06,6.3999323174357414e-06,0.0027286000549793243,6.500049494206905e-06,8.199946023523808e-06,1.070008147507906e-05,1.079996582120657e-05,0.014987299917265773,0.017867900081910193,0.04414860007818788,0.002539999899454415,1.4999997802078724e-05,0.009434700012207031,0.09187200001906604
