percentage,execution,k_s_sup,s_k_sub,t_k_sup,ns_s_sup,s_ns_sub,r_ar_sup,ar_r_sub,ns_sub_r,ks_sf_in,sub_r_r,n_r_t,ns_s_spe,nk_k_sup,s_nsup_k,nrs_ns_r,total_time
80,7,8.019999950192869e-05,0.010832300002221018,0.0018518999859225005,9.99998883344233e-06,0.016992700009723194,0.013794300000881776,1.340000017080456e-05,1.0399991879239678e-05,9.400013368576765e-06,1.3299999409355223e-05,5.900001269765198e-06,5.099995178170502e-06,0.0018067000055452809,0.0014957999956095591,5.399997462518513e-06,0.04692679998697713
