percentage,execution,ar_r_sub,k_s_sup,ks_sf_in,n_r_t,nk_k_sup,nrs_ns_r,ns_s_spe,ns_s_sup,ns_sub_r,r_ar_sup,s_k_sub,s_ns_sub,s_nsup_k,sub_r_r,t_k_sup,total_time
90,7,1.1800089851021767e-05,8.439994417130947e-05,1.1100084520876408e-05,6.3999323174357414e-06,0.002725200029090047,6.200047209858894e-06,8.499948307871819e-06,1.1500087566673756e-05,1.189985778182745e-05,0.01732420001644641,0.02002699999138713,0.02583910000976175,0.002371500013396144,1.5199882909655571e-05,0.009262499865144491,0.0777164997998625
