percentage,execution,ar_r_sub,k_s_sup,ks_sf_in,n_r_t,nk_k_sup,nrs_ns_r,ns_s_spe,ns_s_sup,ns_sub_r,r_ar_sup,s_k_sub,s_ns_sub,s_nsup_k,sub_r_r,t_k_sup,total_time
30,2,2.2299587726593018e-05,9.379908442497253e-05,1.989956945180893e-05,1.2400094419717789e-05,0.011688699945807457,1.6800127923488617e-05,1.0099727660417557e-05,2.059992402791977e-05,2.1400395780801773e-05,0.02354819979518652,0.033371600322425365,0.05825749970972538,0.004988099914044142,2.9099173843860626e-05,0.008680100552737713,0.14078059792518616
