percentage,execution,ar_r_sub,k_s_sup,ks_sf_in,n_r_t,nk_k_sup,nrs_ns_r,ns_s_spe,ns_s_sup,ns_sub_r,r_ar_sup,s_k_sub,s_ns_sub,s_nsup_k,sub_r_r,t_k_sup,total_time
60,1,1.5300698578357697e-05,8.480018004775047e-05,1.800013706088066e-05,6.9998204708099365e-06,0.0030315001495182514,6.600283086299896e-06,5.499925464391708e-06,1.1799857020378113e-05,1.4699995517730713e-05,0.015661300159990788,0.021018499974161386,0.04159480007365346,0.0025638998486101627,2.0800158381462097e-05,0.010145100299268961,0.09419960156083107
