percentage,execution,k_s_sup,s_k_sub,t_k_sup,ns_s_sup,s_ns_sub,r_ar_sup,ar_r_sub,ns_sub_r,ks_sf_in,sub_r_r,n_r_t,ns_s_spe,nk_k_sup,s_nsup_k,nrs_ns_r,total_time
30,6,8.690000686328858e-05,0.017244000016944483,0.009089900020626374,2.0400009816512465e-05,0.05209149999427609,0.02649270000983961,2.1800005924887955e-05,2.1200001356191933e-05,2.0100022084079683e-05,2.9499991796910763e-05,1.2500007869675756e-05,1.0000017937272787e-05,0.009380899995448999,0.0031581000075675547,2.8800001018680632e-05,0.11770830010937061
