percentage,execution,ar_r_sub,k_s_sup,ks_sf_in,n_r_t,nk_k_sup,nrs_ns_r,ns_s_spe,ns_s_sup,ns_sub_r,r_ar_sup,s_k_sub,s_ns_sub,s_nsup_k,sub_r_r,t_k_sup,total_time
30,1,1.620035618543625e-05,5.189981311559677e-05,1.7399434000253677e-05,1.219986006617546e-05,0.009827499743551016,1.2800097465515137e-05,1.0100193321704865e-05,1.5799887478351593e-05,1.550000160932541e-05,0.009832600131630898,0.013598299585282803,0.033104699570685625,0.0031610997393727303,1.9799917936325073e-05,0.000987200066447258,0.07068309839814901
