percentage,execution,ar_r_sub,k_s_sup,ks_sf_in,n_r_t,nk_k_sup,nrs_ns_r,ns_s_spe,ns_s_sup,ns_sub_r,r_ar_sup,s_k_sub,s_ns_sub,s_nsup_k,sub_r_r,t_k_sup,total_time
90,2,1.0800082236528397e-05,7.950013969093561e-05,9.500072337687016e-06,5.700043402612209e-06,0.0016978000057861209,5.299923941493034e-06,5.200039595365524e-06,1.0400079190731049e-05,1.0399962775409222e-05,0.012486499967053533,0.013013900024816394,0.015978000010363758,0.0015173000283539295,1.2999982573091984e-05,0.001857199938967824,0.04670050030108541
