percentage,execution,k_s_sup,s_k_sub,t_k_sup,ns_s_sup,s_ns_sub,r_ar_sup,ar_r_sub,ns_sub_r,ks_sf_in,sub_r_r,n_r_t,ns_s_spe,nk_k_sup,s_nsup_k,nrs_ns_r,total_time
30,7,1.0500007192604244e-05,0.002583599984063767,1.0800009476952255e-05,9.700001101009548e-06,0.012030099998810329,0.007544000007328577,1.0599993402138352e-05,9.90001717582345e-06,9.2999980552122e-06,1.309999788645655e-05,6.200003554113209e-06,4.8000074457377195e-06,0.0015541999891865999,0.0011354000016581267,6.699992809444666e-06,0.02493890000914689
