percentage,execution,ar_r_sub,k_s_sup,ks_sf_in,n_r_t,nk_k_sup,nrs_ns_r,ns_s_spe,ns_s_sup,ns_sub_r,r_ar_sup,s_k_sub,s_ns_sub,s_nsup_k,sub_r_r,t_k_sup,total_time
20,3,1.0699965059757233e-05,1.0500196367502213e-05,1.00000761449337e-05,6.299931555986404e-06,0.0007489998824894428,6.600283086299896e-06,5.200039595365524e-06,9.200535714626312e-06,1.0800082236528397e-05,0.012695900164544582,0.0001441999338567257,0.00014139991253614426,0.0005840002559125423,1.4400575309991837e-05,1.0400079190731049e-05,0.01440860191360116
