percentage,execution,k_s_sup,s_k_sub,t_k_sup,ns_s_sup,s_ns_sub,r_ar_sup,ar_r_sub,ns_sub_r,ks_sf_in,sub_r_r,n_r_t,ns_s_spe,nk_k_sup,s_nsup_k,nrs_ns_r,total_time
40,3,8.83000175235793e-05,0.026499600018723868,0.00826230000529904,1.990000600926578e-05,0.048844000019016676,0.026779200008604676,2.13000166695565e-05,2.0400009816512465e-05,1.9499988411553204e-05,2.7400004910305142e-05,1.200000406242907e-05,9.800001862458885e-06,0.01112239999929443,0.004620499996235594,1.2599994079209864e-05,0.12635920009051915
