percentage,execution,ar_r_sub,k_s_sup,ks_sf_in,n_r_t,nk_k_sup,nrs_ns_r,ns_s_spe,ns_s_sup,ns_sub_r,r_ar_sup,s_k_sub,s_ns_sub,s_nsup_k,sub_r_r,t_k_sup,total_time
20,5,1.1200085282325745e-05,1.090019941329956e-05,1.0099727660417557e-05,6.600283086299896e-06,0.0015388000756502151,7.299706339836121e-06,4.999805241823196e-06,1.0099727660417557e-05,1.0699499398469925e-05,0.01122229965403676,0.00193099956959486,0.00843980023637414,0.0010628998279571533,1.5399884432554245e-05,1.2099742889404297e-05,0.024294198025017977
