percentage,execution,ar_r_sub,k_s_sup,ks_sf_in,n_r_t,nk_k_sup,nrs_ns_r,ns_s_spe,ns_s_sup,ns_sub_r,r_ar_sup,s_k_sub,s_ns_sub,s_nsup_k,sub_r_r,t_k_sup,total_time
60,9,2.2800173610448837e-05,9.110011160373688e-05,2.3399479687213898e-05,1.2400094419717789e-05,0.010803600307554007,1.1900439858436584e-05,1.0299962013959885e-05,2.1200161427259445e-05,2.1399464458227158e-05,0.0445007998496294,0.02287760004401207,0.03989710006862879,0.004187100101262331,2.8099864721298218e-05,0.008714599534869194,0.1312233996577561
