percentage,execution,ar_r_sub,k_s_sup,ks_sf_in,n_r_t,nk_k_sup,nrs_ns_r,ns_s_spe,ns_s_sup,ns_sub_r,r_ar_sup,s_k_sub,s_ns_sub,s_nsup_k,sub_r_r,t_k_sup,total_time
70,9,2.439983654767275e-05,9.430013597011566e-05,2.129992935806513e-05,1.3199984095990658e-05,0.01138470007572323,1.3599987141788006e-05,1.0999967344105244e-05,2.2500054910779e-05,2.3100175894796848e-05,0.04148850019555539,0.02407470007892698,0.039800799917429686,0.0045894000213593245,3.220001235604286e-05,0.009977699955925345,0.1315714003285393
