percentage,execution,k_s_sup,s_k_sub,t_k_sup,ns_s_sup,s_ns_sub,r_ar_sup,ar_r_sub,ns_sub_r,ks_sf_in,sub_r_r,n_r_t,ns_s_spe,nk_k_sup,s_nsup_k,nrs_ns_r,total_time
20,9,1.0499992640689015e-05,0.007341499993344769,1.0900010238401592e-05,9.800016414374113e-06,0.02313240000512451,0.01226630000746809,1.030000566970557e-05,1.0300020221620798e-05,9.800016414374113e-06,1.5099998563528061e-05,5.800000508315861e-06,4.799992893822491e-06,0.002491299994289875,0.0019052999996347353,6.999995093792677e-06,0.0472311000485206
