percentage,execution,k_s_sup,s_k_sub,t_k_sup,ns_s_sup,s_ns_sub,r_ar_sup,ar_r_sub,ns_sub_r,ks_sf_in,sub_r_r,n_r_t,ns_s_spe,nk_k_sup,s_nsup_k,nrs_ns_r,total_time
45,1,0.0025344000896438956,0.015968899941071868,0.39716750010848045,0.49592949997168034,0.04635869991034269,0.007137000095099211,1.126620199996978,0.00029499991796910763,3.090000245720148e-05,7.979990914463997e-05,2.550007775425911e-05,0.208604900049977,0.039901299867779016,0.03933190007228404,0.0020428000716492534,2.382028300082311
