percentage,execution,k_s_sup,s_k_sub,t_k_sup,ns_s_sup,s_ns_sub,r_ar_sup,ar_r_sub,ns_sub_r,ks_sf_in,sub_r_r,n_r_t,ns_s_spe,nk_k_sup,s_nsup_k,nrs_ns_r,total_time
55,4,0.0013439999893307686,0.0069067999720573425,0.15415590011980385,0.3941435001324862,0.012687599868513644,0.00548149982932955,0.8287709000287578,0.00045469996985048056,2.3900181986391544e-05,6.000010762363672e-05,2.5099958293139935e-05,0.20637859986163676,0.028686200035735965,0.027257799985818565,0.001016699941828847,1.667393199983053
