percentage,execution,k_s_sup,s_k_sub,t_k_sup,ns_s_sup,s_ns_sub,r_ar_sup,ar_r_sub,ns_sub_r,ks_sf_in,sub_r_r,n_r_t,ns_s_spe,nk_k_sup,s_nsup_k,nrs_ns_r,total_time
10,2,9.09000082174316e-05,0.020014000008814037,0.001952899998286739,1.9799990695901215e-05,0.04675080000015441,0.0031867000070633367,2.0499981474131346e-05,2.0300023606978357e-05,1.85999961104244e-05,2.6299981982447207e-05,1.2400007108226418e-05,9.599985787644982e-06,0.00970670000242535,0.0029310000099940225,1.549998705741018e-05,0.0847759999887785
