percentage,execution,ar_r_sub,k_s_sup,ks_sf_in,n_r_t,nk_k_sup,nrs_ns_r,ns_s_spe,ns_s_sup,ns_sub_r,r_ar_sup,s_k_sub,s_ns_sub,s_nsup_k,sub_r_r,t_k_sup,total_time
30,9,2.3900065571069717e-05,0.00011509982869029045,2.059945836663246e-05,1.29002146422863e-05,0.010576000437140465,1.3299752026796341e-05,1.0400079190731049e-05,2.569984644651413e-05,2.1700281649827957e-05,0.04061530064791441,0.0198274003341794,0.053216100204735994,0.0034341998398303986,3.0099879950284958e-05,0.003195599652826786,0.1311383005231619
