percentage,execution,ar_r_sub,k_s_sup,ks_sf_in,n_r_t,nk_k_sup,nrs_ns_r,ns_s_spe,ns_s_sup,ns_sub_r,r_ar_sup,s_k_sub,s_ns_sub,s_nsup_k,sub_r_r,t_k_sup,total_time
10,10,1.109996810555458e-05,1.1399853974580765e-05,9.899958968162537e-06,6.4997002482414246e-06,0.00038159964606165886,7.299706339836121e-06,5.499925464391708e-06,9.600073099136353e-06,1.0400544852018356e-05,0.010043200105428696,8.390005677938461e-05,7.799966260790825e-05,0.0002888999879360199,1.6299542039632797e-05,1.1000316590070724e-05,0.010974599048495293
