percentage,execution,ar_r_sub,k_s_sup,ks_sf_in,n_r_t,nk_k_sup,nrs_ns_r,ns_s_spe,ns_s_sup,ns_sub_r,r_ar_sup,s_k_sub,s_ns_sub,s_nsup_k,sub_r_r,t_k_sup,total_time
10,3,1.0599964298307896e-05,1.0499963536858559e-05,9.09995287656784e-06,6.200047209858894e-06,0.0007595999632030725,6.9999368861317635e-06,4.800036549568176e-06,9.199953638017178e-06,9.899958968162537e-06,0.008987200097180903,0.000950200017541647,0.004053800133988261,0.0005811000009998679,1.5099998563528061e-05,1.1100084520876408e-05,0.015425400109961629
