percentage,execution,ar_r_sub,k_s_sup,ks_sf_in,n_r_t,nk_k_sup,nrs_ns_r,ns_s_spe,ns_s_sup,ns_sub_r,r_ar_sup,s_k_sub,s_ns_sub,s_nsup_k,sub_r_r,t_k_sup,total_time
20,4,1.0299962013959885e-05,1.0099844075739384e-05,8.899951353669167e-06,5.799927748739719e-06,0.0006591000128537416,6.800051778554916e-06,4.700035788118839e-06,8.70006624609232e-06,9.899958968162537e-06,0.010116899968124926,0.0001409000251442194,0.00013269984629005194,0.0005134999519214034,1.3800105080008507e-05,9.7999582067132e-06,0.011651899665594101
