percentage,execution,ar_r_sub,k_s_sup,ks_sf_in,n_r_t,nk_k_sup,nrs_ns_r,ns_s_spe,ns_s_sup,ns_sub_r,r_ar_sup,s_k_sub,s_ns_sub,s_nsup_k,sub_r_r,t_k_sup,total_time
30,7,1.6300007700920105e-05,5.069980397820473e-05,1.7900019884109497e-05,1.200009137392044e-05,0.011942700017243624,1.3799872249364853e-05,1.0099727660417557e-05,4.669977352023125e-05,1.620035618543625e-05,0.016026099678128958,0.0227788002230227,0.04688580008223653,0.0056616999208927155,2.0899809896945953e-05,0.004270300269126892,0.10776999965310097
