percentage,execution,k_s_sup,s_k_sub,t_k_sup,ns_s_sup,s_ns_sub,r_ar_sup,ar_r_sub,ns_sub_r,ks_sf_in,sub_r_r,n_r_t,ns_s_spe,nk_k_sup,s_nsup_k,nrs_ns_r,total_time
20,3,0.0008418999932473525,0.003544600011082366,0.10249189999012742,0.5350560000078985,0.02260579999710899,0.007253599993418902,1.1759609000146156,0.000839899992570281,3.430001379456371e-05,7.88000033935532e-05,2.549999044276774e-05,0.18649900000309572,0.01731679998920299,0.01133280000067316,0.0004307000053813681,2.0643125000060536
