percentage,execution,ar_r_sub,k_s_sup,ks_sf_in,n_r_t,nk_k_sup,nrs_ns_r,ns_s_spe,ns_s_sup,ns_sub_r,r_ar_sup,s_k_sub,s_ns_sub,s_nsup_k,sub_r_r,t_k_sup,total_time
20,7,0.01983779999864055,0.0008708000004844507,3.0700000024808105e-05,2.330000097572338e-05,0.018949500000417174,2.2600000193051528e-05,0.17279079999934766,0.43356170000060956,0.003634799999417737,0.0026798999997481587,0.003761599999961618,0.012504899998930341,0.009717199999613513,8.350000098289456e-05,0.1004004000014902,0.7788695000008374
