percentage,execution,ar_r_sub,k_s_sup,ks_sf_in,n_r_t,nk_k_sup,nrs_ns_r,ns_s_spe,ns_s_sup,ns_sub_r,r_ar_sup,s_k_sub,s_ns_sub,s_nsup_k,sub_r_r,t_k_sup,total_time
70,10,2.1700048819184303e-05,8.899986278265715e-05,1.9900035113096237e-05,1.27000967040658e-05,0.011470500146970153,1.4099990949034691e-05,9.999843314290047e-06,2.0300154574215412e-05,2.4099950678646564e-05,0.044466700055636466,0.03743689984548837,0.04539650015067309,0.005078000016510487,2.9300223104655743e-05,0.0028963000513613224,0.14698600047267973
