percentage,execution,ar_r_sub,k_s_sup,ks_sf_in,n_r_t,nk_k_sup,nrs_ns_r,ns_s_spe,ns_s_sup,ns_sub_r,r_ar_sup,s_k_sub,s_ns_sub,s_nsup_k,sub_r_r,t_k_sup,total_time
50,6,2.220005262643099e-05,9.089999366551638e-05,2.389994915574789e-05,1.2899981811642647e-05,0.011196899926289916,1.3499869965016842e-05,1.0500079952180386e-05,2.4900073185563087e-05,2.8799870051443577e-05,0.03160910017322749,0.02213080006185919,0.04718539980240166,0.004153600079007447,3.0899886041879654e-05,0.009808899951167405,0.12634319975040853
