percentage,execution,ar_r_sub,k_s_sup,ks_sf_in,n_r_t,nk_k_sup,nrs_ns_r,ns_s_spe,ns_s_sup,ns_sub_r,r_ar_sup,s_k_sub,s_ns_sub,s_nsup_k,sub_r_r,t_k_sup,total_time
60,7,1.2000557035207748e-05,8.400017395615578e-05,1.0499730706214905e-05,6.5998174250125885e-06,0.002758400049060583,6.799586117267609e-06,5.400273948907852e-06,1.1499971151351929e-05,1.1499971151351929e-05,0.012174499686807394,0.01957409968599677,0.03996059997007251,0.0024330001324415207,1.6400590538978577e-05,0.009419800247997046,0.08648510044440627
