percentage,execution,ar_r_sub,k_s_sup,ks_sf_in,n_r_t,nk_k_sup,nrs_ns_r,ns_s_spe,ns_s_sup,ns_sub_r,r_ar_sup,s_k_sub,s_ns_sub,s_nsup_k,sub_r_r,t_k_sup,total_time
40,7,1.0100000508828089e-05,7.589999950141646e-05,1.2100000276404899e-05,5.599999894911889e-06,0.001639699999941513,6.199999916134402e-06,4.800000169780105e-06,9.899999895424116e-06,9.899999895424116e-06,0.005727200000364974,0.009579999999914435,0.027383499999814376,0.001425500000550528,1.300000076298602e-05,0.0018579999996291008,0.047761400001036236
