percentage,execution,ar_r_sub,k_s_sup,ks_sf_in,n_r_t,nk_k_sup,nrs_ns_r,ns_s_spe,ns_s_sup,ns_sub_r,r_ar_sup,s_k_sub,s_ns_sub,s_nsup_k,sub_r_r,t_k_sup,total_time
10,8,0.06542660016566515,1.58003531396389e-05,1.4999881386756897e-05,1.200009137392044e-05,0.001939999870955944,1.1999625712633133e-05,0.052717300131917,0.11006110021844506,0.0011912006884813309,1.7900485545396805e-05,8.440017700195312e-05,8.750008419156075e-05,0.0018233000300824642,4.389975219964981e-05,1.5099998563528061e-05,0.233463101554662
