percentage,execution,ar_r_sub,k_s_sup,ks_sf_in,n_r_t,nk_k_sup,nrs_ns_r,ns_s_spe,ns_s_sup,ns_sub_r,r_ar_sup,s_k_sub,s_ns_sub,s_nsup_k,sub_r_r,t_k_sup,total_time
60,6,2.2200000785232987e-05,8.989999969344353e-05,2.009999934671214e-05,1.2799999240087345e-05,0.010016400000495196,1.2599999536178075e-05,1.0399999155197293e-05,2.120000044669723e-05,2.4000000848900527e-05,0.030627499999354768,0.020283500000005006,0.03682349999962753,0.004074800000125833,2.9599999834317714e-05,0.009010600000692648,0.11107909999918775
