percentage,execution,k_s_sup,s_k_sub,t_k_sup,ns_s_sup,s_ns_sub,r_ar_sup,ar_r_sub,ns_sub_r,ks_sf_in,sub_r_r,n_r_t,ns_s_spe,nk_k_sup,s_nsup_k,nrs_ns_r,total_time
60,8,7.949999417178333e-05,0.012037499996949919,0.001831699992180802,1.0099989594891667e-05,0.02551300000050105,0.00967790000140667,1.0499992640689015e-05,1.0100004146806896e-05,9.69998654909432e-06,1.2500007869675756e-05,5.800000508315861e-06,4.8000074457377195e-06,0.0016851999971549958,0.0014675999991595745,6.100002792663872e-06,0.05236199997307267
