percentage,execution,ar_r_sub,k_s_sup,ks_sf_in,n_r_t,nk_k_sup,nrs_ns_r,ns_s_spe,ns_s_sup,ns_sub_r,r_ar_sup,s_k_sub,s_ns_sub,s_nsup_k,sub_r_r,t_k_sup,total_time
80,8,1.0300000212737359e-05,7.609999920532573e-05,9.299999874201603e-06,5.500000042957254e-06,0.0016985000002023298,5.499999133462552e-06,4.600000465870835e-06,9.899999895424116e-06,1.0000000656873453e-05,0.011192200000550656,0.01247259999945527,0.01830470000004425,0.0014424000000872184,1.2299999980314169e-05,0.0017813000004025525,0.04703520000020944
