percentage,execution,ar_r_sub,k_s_sup,ks_sf_in,n_r_t,nk_k_sup,nrs_ns_r,ns_s_spe,ns_s_sup,ns_sub_r,r_ar_sup,s_k_sub,s_ns_sub,s_nsup_k,sub_r_r,t_k_sup,total_time
60,8,1.0399962775409222e-05,7.940002251416445e-05,9.499955922365189e-06,5.600042641162872e-06,0.0017043000552803278,6.199930794537067e-06,4.699919372797012e-06,9.900075383484364e-06,1.0399962775409222e-05,0.013204599963501096,0.00968240003567189,0.02326579997316003,0.0014862000243738294,1.2999982573091984e-05,0.0018102999310940504,0.05130269983783364
