percentage,execution,ar_r_sub,k_s_sup,ks_sf_in,n_r_t,nk_k_sup,nrs_ns_r,ns_s_spe,ns_s_sup,ns_sub_r,r_ar_sup,s_k_sub,s_ns_sub,s_nsup_k,sub_r_r,t_k_sup,total_time
60,6,2.3900531232357025e-05,0.00010269973427057266,2.2100750356912613e-05,1.3600103557109833e-05,0.010597200132906437,1.3699755072593689e-05,1.0999850928783417e-05,3.0399765819311142e-05,2.3500528186559677e-05,0.025951600167900324,0.02857039961963892,0.03544740006327629,0.003327499609440565,2.9700342565774918e-05,0.0028758998960256577,0.10704060085117817
