percentage,execution,ar_r_sub,k_s_sup,ks_sf_in,n_r_t,nk_k_sup,nrs_ns_r,ns_s_spe,ns_s_sup,ns_sub_r,r_ar_sup,s_k_sub,s_ns_sub,s_nsup_k,sub_r_r,t_k_sup,total_time
20,6,1.0699499398469925e-05,8.669961243867874e-05,9.700190275907516e-06,5.7998113334178925e-06,0.0017765001393854618,6.500165909528732e-06,4.699919372797012e-06,1.0299496352672577e-05,1.0699965059757233e-05,0.0036928998306393623,0.01069850055500865,0.03907939977943897,0.0015262998640537262,1.309998333454132e-05,0.0019395998679101467,0.05887139867991209
