percentage,execution,k_s_sup,s_k_sub,t_k_sup,ns_s_sup,s_ns_sub,r_ar_sup,ar_r_sub,ns_sub_r,ks_sf_in,sub_r_r,n_r_t,ns_s_spe,nk_k_sup,s_nsup_k,nrs_ns_r,total_time
90,7,4.75000124424696e-05,0.01285210000060033,0.0008971000061137602,1.4099976397119462e-05,0.013459900001180358,0.02270919999864418,1.580001844558865e-05,1.5600016922689974e-05,1.4200006262399256e-05,1.8799983081407845e-05,1.170000177808106e-05,9.499999578110874e-06,0.009256499994080514,0.002912099997047335,1.0000003385357559e-05,0.0622441000159597
