percentage,execution,ar_r_sub,k_s_sup,ks_sf_in,n_r_t,nk_k_sup,nrs_ns_r,ns_s_spe,ns_s_sup,ns_sub_r,r_ar_sup,s_k_sub,s_ns_sub,s_nsup_k,sub_r_r,t_k_sup,total_time
20,10,0.006785299628973007,0.004493899643421173,1.5999656170606613e-05,1.2200325727462769e-05,0.014390900265425444,1.2699980288743973e-05,0.07717200042679906,0.23283999972045422,0.0017857998609542847,0.004453499801456928,0.004152199719101191,0.016915699932724237,0.014016999863088131,4.440033808350563e-05,0.10771140037104487,0.48480299953371286
