percentage,execution,k_s_sup,s_k_sub,t_k_sup,ns_s_sup,s_ns_sub,r_ar_sup,ar_r_sub,ns_sub_r,ks_sf_in,sub_r_r,n_r_t,ns_s_spe,nk_k_sup,s_nsup_k,nrs_ns_r,total_time
10,10,9.60000033956021e-06,7.619999814778566e-05,9.599985787644982e-06,1.1600001016631722e-05,7.310000364668667e-05,0.007209799994598143,1.0400006431154907e-05,9.899988071992993e-06,9.199982741847634e-06,1.3699987903237343e-05,5.800000508315861e-06,4.7000066842883825e-06,0.00034339999547228217,0.00026220000290777534,6.799993570894003e-06,0.00805599994782824
