percentage,execution,ar_r_sub,k_s_sup,ks_sf_in,n_r_t,nk_k_sup,nrs_ns_r,ns_s_spe,ns_s_sup,ns_sub_r,r_ar_sup,s_k_sub,s_ns_sub,s_nsup_k,sub_r_r,t_k_sup,total_time
20,9,1.0399962775409222e-05,9.800074622035027e-06,1.2899981811642647e-05,5.800044164061546e-06,0.0005273000570014119,6.3999323174357414e-06,4.499917849898338e-06,9.09995287656784e-06,9.600073099136353e-06,0.00806569994892925,0.0001379000023007393,0.00013230007607489824,0.00042810000013560057,1.2699980288743973e-05,9.699957445263863e-06,0.009382199961692095
