percentage,execution,k_s_sup,s_k_sub,t_k_sup,ns_s_sup,s_ns_sub,r_ar_sup,ar_r_sub,ns_sub_r,ks_sf_in,sub_r_r,n_r_t,ns_s_spe,nk_k_sup,s_nsup_k,nrs_ns_r,total_time
30,3,0.0025151000008918345,0.016932400001678616,0.4501299999974435,0.5371065999934217,0.06346340000163764,0.009573000017553568,1.4073819000041112,0.0007496000034734607,4.199999966658652e-05,0.00010140000085812062,4.410000110510737e-05,0.232079999987036,0.06737279999651946,0.05114550000871532,0.0028649000014411286,2.8415027000155533
