percentage,execution,ar_r_sub,k_s_sup,ks_sf_in,n_r_t,nk_k_sup,nrs_ns_r,ns_s_spe,ns_s_sup,ns_sub_r,r_ar_sup,s_k_sub,s_ns_sub,s_nsup_k,sub_r_r,t_k_sup,total_time
60,3,7.919990457594395e-05,0.003940999857150018,1.0999967344105244e-05,6.700051017105579e-06,0.000256099971011281,6.300047971308231e-06,0.007694199914112687,0.018252599984407425,0.003042299998924136,0.011558300000615418,0.0009421999566257,0.0041220999555662274,0.00021590001415461302,1.5400000847876072e-05,0.0026219000574201345,0.05276519968174398
