percentage,execution,ar_r_sub,k_s_sup,ks_sf_in,n_r_t,nk_k_sup,nrs_ns_r,ns_s_spe,ns_s_sup,ns_sub_r,r_ar_sup,s_k_sub,s_ns_sub,s_nsup_k,sub_r_r,t_k_sup,total_time
40,1,1.0600000678095967e-05,0.004286800000045332,1.0300000212737359e-05,6.000000212225132e-06,0.0020905000001221197,6.50000038149301e-06,0.0010286000015184982,7.829999958630651e-05,0.00013470000158122275,0.01749750000089989,0.011702099998728954,0.0250147000006109,0.0018916999997600215,1.5199999324977398e-05,0.009657500000685104,0.07343100000434788
