percentage,execution,ar_r_sub,k_s_sup,ks_sf_in,n_r_t,nk_k_sup,nrs_ns_r,ns_s_spe,ns_s_sup,ns_sub_r,r_ar_sup,s_k_sub,s_ns_sub,s_nsup_k,sub_r_r,t_k_sup,total_time
60,5,0.0016166000004886882,0.0008418999987043208,1.5899999198154546e-05,3.400000241526868e-05,1.2399999832268804e-05,1.0100000508828089e-05,0.035315899998749956,0.05048069999975269,0.0008246999987022718,0.002001200002268888,4.810000064026099e-05,4.940000144415535e-05,1.0199999451288022e-05,2.3300002794712782e-05,5.649999911838677e-05,0.09134090000407014
