percentage,execution,ar_r_sub,k_s_sup,ks_sf_in,n_r_t,nk_k_sup,nrs_ns_r,ns_s_spe,ns_s_sup,ns_sub_r,r_ar_sup,s_k_sub,s_ns_sub,s_nsup_k,sub_r_r,t_k_sup,total_time
10,6,1.109996810555458e-05,0.008113199844956398,1.0600313544273376e-05,6.200280040502548e-06,0.0002691000699996948,7.700175046920776e-06,0.002180399838835001,0.0009006001055240631,0.0002804999239742756,0.005530399736016989,0.0009413999505341053,0.004123300313949585,0.00022620009258389473,1.5600118786096573e-05,0.0025689001195132732,0.025185200851410627
