percentage,execution,ar_r_sub,k_s_sup,ks_sf_in,n_r_t,nk_k_sup,nrs_ns_r,ns_s_spe,ns_s_sup,ns_sub_r,r_ar_sup,s_k_sub,s_ns_sub,s_nsup_k,sub_r_r,t_k_sup,total_time
20,3,1.0800082236528397e-05,1.0699965059757233e-05,1.0400079190731049e-05,6.500165909528732e-06,0.0017182999290525913,7.200054824352264e-06,5.09992241859436e-06,1.00000761449337e-05,1.0800082236528397e-05,0.011245199479162693,0.0019415998831391335,0.008166200015693903,0.0013461001217365265,1.6100239008665085e-05,1.180032268166542e-05,0.024516800418496132
