percentage,execution,ar_r_sub,k_s_sup,ks_sf_in,n_r_t,nk_k_sup,nrs_ns_r,ns_s_spe,ns_s_sup,ns_sub_r,r_ar_sup,s_k_sub,s_ns_sub,s_nsup_k,sub_r_r,t_k_sup,total_time
20,2,1.179999890155159e-05,1.4299999747890979e-05,9.999999747378752e-06,6.100000973674469e-06,0.0016880999992281431,7.2999991971300915e-06,4.800000169780105e-06,9.699999282020144e-06,1.06999996205559e-05,0.010298299999703886,0.003926900000806199,0.010312399999747868,0.0013039000004937407,1.7300000763498247e-05,1.1199999789823778e-05,0.02763279999817314
