percentage,execution,ar_r_sub,k_s_sup,ks_sf_in,n_r_t,nk_k_sup,nrs_ns_r,ns_s_spe,ns_s_sup,ns_sub_r,r_ar_sup,s_k_sub,s_ns_sub,s_nsup_k,sub_r_r,t_k_sup,total_time
70,6,0.00520769995637238,0.0016589000588282943,2.7600210160017014e-05,1.6099889762699604e-05,1.2400094419717789e-05,9.7999582067132e-06,0.03671819996088743,0.06136090005747974,0.0007334999972954392,0.013605200103484094,8.500006515532732e-05,9.169988334178925e-05,1.0299962013959885e-05,3.530003596097231e-05,0.00012209988199174404,0.11969470011536032
