percentage,execution,ar_r_sub,k_s_sup,ks_sf_in,n_r_t,nk_k_sup,nrs_ns_r,ns_s_spe,ns_s_sup,ns_sub_r,r_ar_sup,s_k_sub,s_ns_sub,s_nsup_k,sub_r_r,t_k_sup,total_time
80,1,1.2599863111972809e-05,0.0018930993974208832,1.0499730706214905e-05,6.5998174250125885e-06,0.002732700202614069,7.4999406933784485e-06,0.0010350001975893974,7.92001374065876e-05,1.4899764209985733e-05,0.019511199556291103,0.014773800037801266,0.024663600139319897,0.002314500045031309,1.619989052414894e-05,0.013829400297254324,0.08090079901739955
