percentage,execution,k_s_sup,s_k_sub,t_k_sup,ns_s_sup,s_ns_sub,r_ar_sup,ar_r_sub,ns_sub_r,ks_sf_in,sub_r_r,n_r_t,ns_s_spe,nk_k_sup,s_nsup_k,nrs_ns_r,total_time
20,7,1.3400014722719789e-05,0.0038293999969027936,1.1099997209385037e-05,9.600014891475439e-06,0.010034299994003959,0.008214399989810772,1.0700008715502918e-05,1.0599993402138352e-05,9.800016414374113e-06,1.5400000847876072e-05,6.200003554113209e-06,4.799992893822491e-06,0.0016886999947018921,0.0013078000047244132,7.000009645707905e-06,0.025173200032440946
