percentage,execution,ar_r_sub,k_s_sup,ks_sf_in,n_r_t,nk_k_sup,nrs_ns_r,ns_s_spe,ns_s_sup,ns_sub_r,r_ar_sup,s_k_sub,s_ns_sub,s_nsup_k,sub_r_r,t_k_sup,total_time
30,3,0.000139000010676682,0.011383699951693416,1.589988823980093e-05,1.5400000847876072e-05,0.006972300005145371,1.279998105019331e-05,0.012256699963472784,0.017963800113648176,0.0007551999296993017,0.014662600122392178,0.0006145000224933028,0.0005701999180018902,0.00043869996443390846,2.3300061002373695e-05,0.00136160000693053,0.06718569993972778
