percentage,execution,ar_r_sub,k_s_sup,ks_sf_in,n_r_t,nk_k_sup,nrs_ns_r,ns_s_spe,ns_s_sup,ns_sub_r,r_ar_sup,s_k_sub,s_ns_sub,s_nsup_k,sub_r_r,t_k_sup,total_time
20,4,1.0999998266925104e-05,0.008055199999944307,1.0300000212737359e-05,6.199999916134402e-06,0.00023850000070524402,6.7999990278622136e-06,0.004949699999997392,0.008556300001146155,0.0003935000004275935,0.011137700001199846,0.0009193999994749902,0.0038997999981802423,0.00021070000002509914,1.5699999494245276e-05,0.0024550000016461127,0.04086579999966489
