percentage,execution,ar_r_sub,k_s_sup,ks_sf_in,n_r_t,nk_k_sup,nrs_ns_r,ns_s_spe,ns_s_sup,ns_sub_r,r_ar_sup,s_k_sub,s_ns_sub,s_nsup_k,sub_r_r,t_k_sup,total_time
60,6,0.009232299868017435,1.1400086805224419e-05,1.0399962775409222e-05,6.199930794537067e-06,5.899928510189056e-06,5.599926225841045e-06,0.010106700006872416,0.020252500078640878,0.0002669000532478094,0.0027453999500721693,9.600073099136353e-06,1.1599971912801266e-05,5.100038833916187e-06,1.570011954754591e-05,1.0400079190731049e-05,0.04269570007454604
