percentage,execution,ar_r_sub,k_s_sup,ks_sf_in,n_r_t,nk_k_sup,nrs_ns_r,ns_s_spe,ns_s_sup,ns_sub_r,r_ar_sup,s_k_sub,s_ns_sub,s_nsup_k,sub_r_r,t_k_sup,total_time
20,6,7.659988477826118e-05,1.090019941329956e-05,1.0499730706214905e-05,6.300397217273712e-06,5.400273948907852e-06,5.899928510189056e-06,0.006016199942678213,0.01917449990287423,0.003176200669258833,0.00740320049226284,9.399838745594025e-06,1.090019941329956e-05,4.800036549568176e-06,1.529976725578308e-05,1.00000761449337e-05,0.03593610133975744
