percentage,execution,ar_r_sub,k_s_sup,ks_sf_in,n_r_t,nk_k_sup,nrs_ns_r,ns_s_spe,ns_s_sup,ns_sub_r,r_ar_sup,s_k_sub,s_ns_sub,s_nsup_k,sub_r_r,t_k_sup,total_time
90,2,0.010838499991223216,1.1800089851021767e-05,1.0499963536858559e-05,6.300047971308231e-06,5.800044164061546e-06,5.200039595365524e-06,0.01292539993301034,0.02171620004810393,1.4500110410153866e-05,0.003923999960534275,9.70007386058569e-06,1.1600088328123093e-05,5.09992241859436e-06,1.8700025975704193e-05,1.0699965059757233e-05,0.04951400030404329
