percentage,execution,k_s_sup,s_k_sub,t_k_sup,ns_s_sup,s_ns_sub,r_ar_sup,ar_r_sub,ns_sub_r,ks_sf_in,sub_r_r,n_r_t,ns_s_spe,nk_k_sup,s_nsup_k,nrs_ns_r,total_time
10,9,1.0400006431154907e-05,7.619999814778566e-05,1.0300020221620798e-05,9.000010322779417e-06,7.329999061767012e-05,0.004502099996898323,1.0499992640689015e-05,9.599985787644982e-06,9.499999578110874e-06,1.5299985534511507e-05,6.199989002197981e-06,4.8000074457377195e-06,0.0002471000043442473,0.00017180001304950565,6.699992809444666e-06,0.005162799992831424
