percentage,execution,ar_r_sub,k_s_sup,ks_sf_in,n_r_t,nk_k_sup,nrs_ns_r,ns_s_spe,ns_s_sup,ns_sub_r,r_ar_sup,s_k_sub,s_ns_sub,s_nsup_k,sub_r_r,t_k_sup,total_time
90,1,0.010880299843847752,1.1700205504894257e-05,1.0599847882986069e-05,6.90016895532608e-06,6.100162863731384e-06,5.09992241859436e-06,0.013121299911290407,0.02354300022125244,1.4400109648704529e-05,0.00459160003811121,1.0099727660417557e-05,1.2399163097143173e-05,5.300156772136688e-06,1.5099998563528061e-05,2.6899855583906174e-05,0.05226079933345318
