percentage,execution,k_s_sup,s_k_sub,t_k_sup,ns_s_sup,s_ns_sub,r_ar_sup,ar_r_sub,ns_sub_r,ks_sf_in,sub_r_r,n_r_t,ns_s_spe,nk_k_sup,s_nsup_k,nrs_ns_r,total_time
80,6,0.004046599991852418,0.0009634999878471717,0.002535299994633533,0.022543200000654906,0.0008947000023908913,0.016476499993586913,0.00013889999536331743,0.003101900001638569,1.1500000255182385e-05,1.850000990089029e-05,6.600006599910557e-06,0.009706900003948249,0.0002432000037515536,0.00021349999587982893,5.49999822396785e-06,0.0609062999865273
