percentage,execution,ar_r_sub,k_s_sup,ks_sf_in,n_r_t,nk_k_sup,nrs_ns_r,ns_s_spe,ns_s_sup,ns_sub_r,r_ar_sup,s_k_sub,s_ns_sub,s_nsup_k,sub_r_r,t_k_sup,total_time
70,4,0.00021169998217374086,0.01095810008700937,1.6799895092844963e-05,1.309998333454132e-05,0.006362400017678738,1.109996810555458e-05,0.01922080002259463,0.0311912001343444,0.0059628000017255545,0.027464300161227584,0.0006637999322265387,0.0006667999550700188,0.0004365999484434724,2.2500054910779e-05,0.001416000071913004,0.10461800021585077
