percentage,execution,ar_r_sub,k_s_sup,ks_sf_in,n_r_t,nk_k_sup,nrs_ns_r,ns_s_spe,ns_s_sup,ns_sub_r,r_ar_sup,s_k_sub,s_ns_sub,s_nsup_k,sub_r_r,t_k_sup,total_time
70,2,1.219986006617546e-05,0.001792800147086382,1.0300427675247192e-05,9.399838745594025e-06,0.0025796997360885143,6.400048732757568e-06,0.000982699915766716,8.080014958977699e-05,1.1200085282325745e-05,0.022873999550938606,0.014312699437141418,0.026427399832755327,0.0023044999688863754,1.6300007700920105e-05,0.01292500039562583,0.08434539940208197
