percentage,execution,ar_r_sub,k_s_sup,ks_sf_in,n_r_t,nk_k_sup,nrs_ns_r,ns_s_spe,ns_s_sup,ns_sub_r,r_ar_sup,s_k_sub,s_ns_sub,s_nsup_k,sub_r_r,t_k_sup,total_time
90,9,1.170008908957243e-05,0.0017587001202628016,1.0200077667832375e-05,6.700051017105579e-06,0.002598599996417761,5.700043402612209e-06,0.0009901999728754163,8.020014502108097e-05,1.1199968867003918e-05,0.025466599967330694,0.013855200028046966,0.01700259989593178,0.0022827000357210636,1.4999881386756897e-05,0.013357600080780685,0.07745290035381913
