percentage,execution,ar_r_sub,k_s_sup,ks_sf_in,n_r_t,nk_k_sup,nrs_ns_r,ns_s_spe,ns_s_sup,ns_sub_r,r_ar_sup,s_k_sub,s_ns_sub,s_nsup_k,sub_r_r,t_k_sup,total_time
80,1,0.01026610005646944,1.1399853974580765e-05,1.1499971151351929e-05,8.299946784973145e-06,6.299931555986404e-06,5.300156772136688e-06,0.014827100094407797,0.029460699763149023,0.0002845996059477329,0.00444400031119585,9.999610483646393e-06,1.2499745935201645e-05,5.300156772136688e-06,1.6099773347377777e-05,1.039961352944374e-05,0.05937959859147668
