percentage,execution,ar_r_sub,k_s_sup,ks_sf_in,n_r_t,nk_k_sup,nrs_ns_r,ns_s_spe,ns_s_sup,ns_sub_r,r_ar_sup,s_k_sub,s_ns_sub,s_nsup_k,sub_r_r,t_k_sup,total_time
60,4,8.200015872716904e-05,0.006503999698907137,5.880044773221016e-05,3.329990431666374e-05,0.027374200522899628,4.91999089717865e-05,0.004693899769335985,0.0005040005780756474,6.270036101341248e-05,0.08407399989664555,0.05415399977937341,0.1245066006667912,0.01167899975553155,9.170034900307655e-05,0.053063600324094296,0.3669310021214187
