percentage,execution,ar_r_sub,k_s_sup,ks_sf_in,n_r_t,nk_k_sup,nrs_ns_r,ns_s_spe,ns_s_sup,ns_sub_r,r_ar_sup,s_k_sub,s_ns_sub,s_nsup_k,sub_r_r,t_k_sup,total_time
10,10,1.0499847121536732e-05,1.0199961252510548e-05,9.500072337687016e-06,6.100046448409557e-06,5.09992241859436e-06,6.09993003308773e-06,0.0020173999946564436,0.004143600119277835,0.00013890000991523266,0.002876900020055473,9.400071576237679e-06,1.0299962013959885e-05,4.500034265220165e-06,1.479999627918005e-05,9.89984255284071e-06,0.009273199830204248
