percentage,execution,k_s_sup,s_k_sub,t_k_sup,ns_s_sup,s_ns_sub,r_ar_sup,ar_r_sub,ns_sub_r,ks_sf_in,sub_r_r,n_r_t,ns_s_spe,nk_k_sup,s_nsup_k,nrs_ns_r,total_time
20,1,1.0899995686486363e-05,9.499999578110874e-06,1.0500007192604244e-05,0.006555599989951588,1.069999416358769e-05,0.005224900000030175,1.0900010238401592e-05,0.0029759000026388094,1.069999416358769e-05,1.5099998563528061e-05,6.499991286545992e-06,0.00407739999354817,5.599998985417187e-06,5.199995939619839e-06,6.599992047995329e-06,0.018935999964014627
