percentage,execution,ar_r_sub,k_s_sup,ks_sf_in,n_r_t,nk_k_sup,nrs_ns_r,ns_s_spe,ns_s_sup,ns_sub_r,r_ar_sup,s_k_sub,s_ns_sub,s_nsup_k,sub_r_r,t_k_sup,total_time
80,1,1.779999911377672e-05,0.0016819999982544687,1.529999826743733e-05,1.2299999070819467e-05,0.004867699999522301,1.5100002201506868e-05,0.007764599999063648,0.00011389999781385995,1.7200003640027717e-05,0.0314697999983764,0.018399299999146024,0.025151500001811655,0.0043762000004790025,2.3599999622092582e-05,0.01624430000083521,0.11017059999721823
