percentage,execution,k_s_sup,s_k_sub,t_k_sup,ns_s_sup,s_ns_sub,r_ar_sup,ar_r_sub,ns_sub_r,ks_sf_in,sub_r_r,n_r_t,ns_s_spe,nk_k_sup,s_nsup_k,nrs_ns_r,total_time
50,5,0.005528900001081638,0.024483000015607104,0.02199090000067372,0.00015330000314861536,0.04036509999423288,0.041404200019314885,2.139998832717538e-05,0.002992799985804595,2.030000905506313e-05,3.099998866673559e-05,1.2800010154023767e-05,0.002005799993639812,0.01075709999713581,0.004217700014123693,1.2300006346777081e-05,0.15399660002731252
