percentage,execution,k_s_sup,s_k_sub,t_k_sup,ns_s_sup,s_ns_sub,r_ar_sup,ar_r_sub,ns_sub_r,ks_sf_in,sub_r_r,n_r_t,ns_s_spe,nk_k_sup,s_nsup_k,nrs_ns_r,total_time
70,8,0.0092727000155719,0.0009832999930949882,0.0025144000101136044,0.015233200014336035,0.0009368000028189272,0.017605300003197044,0.000854300000355579,0.0058037000126205385,1.0599993402138352e-05,1.7600003047846258e-05,6.400005077011883e-06,0.007971099999849685,0.0002440000098431483,0.0002153999957954511,5.699999746866524e-06,0.06167450005887076
