percentage,execution,ar_r_sub,k_s_sup,ks_sf_in,n_r_t,nk_k_sup,nrs_ns_r,ns_s_spe,ns_s_sup,ns_sub_r,r_ar_sup,s_k_sub,s_ns_sub,s_nsup_k,sub_r_r,t_k_sup,total_time
80,6,0.00020369999947433826,0.010848099998838734,1.6300002243951894e-05,1.2900001820526086e-05,0.006274999999732245,1.06999996205559e-05,0.01892559999942023,0.026458700000148383,0.002950300000520656,0.02617140000074869,0.0006563000006281072,0.0006630000007135095,0.00042719999873952474,2.220000169472769e-05,0.001404700000421144,0.09504610000476532
