percentage,execution,ar_r_sub,k_s_sup,ks_sf_in,n_r_t,nk_k_sup,nrs_ns_r,ns_s_spe,ns_s_sup,ns_sub_r,r_ar_sup,s_k_sub,s_ns_sub,s_nsup_k,sub_r_r,t_k_sup,total_time
20,7,0.005432299803942442,1.0799616575241089e-05,1.0599847882986069e-05,6.299931555986404e-06,5.600042641162872e-06,6.1998143792152405e-06,0.006346799898892641,0.018634299747645855,0.00037189992144703865,0.005553699564188719,9.400304406881332e-06,1.0999850928783417e-05,4.800036549568176e-06,1.5700235962867737e-05,1.00000761449337e-05,0.03642939869314432
