percentage,execution,ar_r_sub,k_s_sup,ks_sf_in,n_r_t,nk_k_sup,nrs_ns_r,ns_s_spe,ns_s_sup,ns_sub_r,r_ar_sup,s_k_sub,s_ns_sub,s_nsup_k,sub_r_r,t_k_sup,total_time
70,3,0.0008307000389322639,0.009013500064611435,1.0900082997977734e-05,6.200047209858894e-06,0.0002386999549344182,5.900044925510883e-06,0.007453900063410401,0.0135774000082165,0.002932499977760017,0.014760700054466724,0.0009030000073835254,0.0009414999512955546,0.00020999996922910213,1.4599994756281376e-05,0.0024717998458072543,0.053371300105936825
