percentage,execution,ar_r_sub,k_s_sup,ks_sf_in,n_r_t,nk_k_sup,nrs_ns_r,ns_s_spe,ns_s_sup,ns_sub_r,r_ar_sup,s_k_sub,s_ns_sub,s_nsup_k,sub_r_r,t_k_sup,total_time
80,4,0.001442299922928214,0.0043141000205650926,1.6499892808496952e-05,1.479999627918005e-05,0.00635030004195869,1.1299969628453255e-05,0.019744400051422417,0.02797529986128211,0.0029771000845357776,0.02280790009535849,0.0005746999522671103,0.0005763999652117491,0.00044049997813999653,3.8100057281553745e-05,0.0013490001438185573,0.08863270003348589
