percentage,execution,ar_r_sub,k_s_sup,ks_sf_in,n_r_t,nk_k_sup,nrs_ns_r,ns_s_spe,ns_s_sup,ns_sub_r,r_ar_sup,s_k_sub,s_ns_sub,s_nsup_k,sub_r_r,t_k_sup,total_time
80,2,0.015084600076079369,1.1600088328123093e-05,1.0800082236528397e-05,6.600050255656242e-06,5.899928510189056e-06,5.00003807246685e-06,0.012531200074590743,0.022690800135023892,0.00014779996126890182,0.006128400098532438,9.70007386058569e-06,1.1499971151351929e-05,5.100038833916187e-06,1.5900121070444584e-05,1.0400079190731049e-05,0.056675300817005336
