percentage,execution,ar_r_sub,k_s_sup,ks_sf_in,n_r_t,nk_k_sup,nrs_ns_r,ns_s_spe,ns_s_sup,ns_sub_r,r_ar_sup,s_k_sub,s_ns_sub,s_nsup_k,sub_r_r,t_k_sup,total_time
30,6,1.0800082236528397e-05,1.079996582120657e-05,1.0300078429281712e-05,6.300047971308231e-06,0.0018982000183314085,6.900052540004253e-06,4.999921657145023e-06,9.999959729611874e-06,1.3699871487915516e-05,0.015978599898517132,0.003921099938452244,0.010063300025649369,0.0014699999010190368,1.5900004655122757e-05,1.1299969628453255e-05,0.03343219973612577
