percentage,execution,ar_r_sub,k_s_sup,ks_sf_in,n_r_t,nk_k_sup,nrs_ns_r,ns_s_spe,ns_s_sup,ns_sub_r,r_ar_sup,s_k_sub,s_ns_sub,s_nsup_k,sub_r_r,t_k_sup,total_time
20,7,1.3700686395168304e-05,0.010836200322955847,1.0799616575241089e-05,6.299931555986404e-06,0.0002499003894627094,6.800051778554916e-06,0.0033329003490507603,0.00263709994032979,0.003276900388300419,0.010494699701666832,0.0009926003403961658,0.004628099966794252,0.00022089993581175804,1.550000160932541e-05,0.0026838001795113087,0.03940620180219412
