percentage,execution,k_s_sup,s_k_sub,t_k_sup,ns_s_sup,s_ns_sub,r_ar_sup,ar_r_sub,ns_sub_r,ks_sf_in,sub_r_r,n_r_t,ns_s_spe,nk_k_sup,s_nsup_k,nrs_ns_r,total_time
50,8,0.005689199999324046,0.001365000003715977,0.0036629000096581876,0.03473899999517016,0.004397999975481071,0.01924729999154806,0.00021249998826533556,0.008937499995226972,1.6200006939470768e-05,2.239999594166875e-05,7.000009645707905e-06,0.009854499992798083,0.0002426999999443069,0.00021559999731834978,5.900001269765198e-06,0.08861569996224716
