percentage,execution,ar_r_sub,k_s_sup,ks_sf_in,n_r_t,nk_k_sup,nrs_ns_r,ns_s_spe,ns_s_sup,ns_sub_r,r_ar_sup,s_k_sub,s_ns_sub,s_nsup_k,sub_r_r,t_k_sup,total_time
10,10,1.070043072104454e-05,1.0599847882986069e-05,9.700190275907516e-06,6.300397217273712e-06,0.001492499839514494,7.4999406933784485e-06,4.800036549568176e-06,9.799841791391373e-06,1.0699965059757233e-05,0.004453600384294987,0.0033509000204503536,0.013696999754756689,0.001182400155812502,1.569977030158043e-05,1.1400319635868073e-05,0.02427360089495778
