percentage,execution,ar_r_sub,k_s_sup,ks_sf_in,n_r_t,nk_k_sup,nrs_ns_r,ns_s_spe,ns_s_sup,ns_sub_r,r_ar_sup,s_k_sub,s_ns_sub,s_nsup_k,sub_r_r,t_k_sup,total_time
10,8,1.2400094419717789e-05,1.039961352944374e-05,1.2599863111972809e-05,6.0996972024440765e-06,0.0006033997051417828,7.4999406933784485e-06,4.699919372797012e-06,9.09995287656784e-06,1.1000316590070724e-05,0.01321199955418706,7.600011304020882e-05,7.240008562803268e-05,0.0004074997268617153,1.819990575313568e-05,1.0099727660417557e-05,0.014473398216068745
