percentage,execution,k_s_sup,s_k_sub,t_k_sup,ns_s_sup,s_ns_sub,r_ar_sup,ar_r_sub,ns_sub_r,ks_sf_in,sub_r_r,n_r_t,ns_s_spe,nk_k_sup,s_nsup_k,nrs_ns_r,total_time
60,3,1.1000010999850929e-05,9.500014130026102e-06,1.060000795405358e-05,0.03891540001495741,1.09999964479357e-05,0.007294699986232445,0.014108400006080046,0.003239700017729774,1.0799994925037026e-05,1.5600002370774746e-05,6.499991286545992e-06,0.0128942999872379,5.600013537332416e-06,5.099995178170502e-06,5.399997462518513e-06,0.07654360003652982
