percentage,execution,ar_r_sub,k_s_sup,ks_sf_in,n_r_t,nk_k_sup,nrs_ns_r,ns_s_spe,ns_s_sup,ns_sub_r,r_ar_sup,s_k_sub,s_ns_sub,s_nsup_k,sub_r_r,t_k_sup,total_time
20,5,0.005254200077615678,1.1200085282325745e-05,1.0399962775409222e-05,6.400048732757568e-06,5.500041879713535e-06,6.400048732757568e-06,0.005981500027701259,0.01676300005055964,0.0003690000157803297,0.008877600077539682,8.899951353669167e-06,1.0800082236528397e-05,4.699919372797012e-06,1.5400000847876072e-05,1.0200077667832375e-05,0.037335200468078256
