percentage,execution,ar_r_sub,k_s_sup,ks_sf_in,n_r_t,nk_k_sup,nrs_ns_r,ns_s_spe,ns_s_sup,ns_sub_r,r_ar_sup,s_k_sub,s_ns_sub,s_nsup_k,sub_r_r,t_k_sup,total_time
80,5,0.013642099918797612,1.1699972674250603e-05,1.1399853974580765e-05,6.9999368861317635e-06,5.900044925510883e-06,5.400041118264198e-06,0.012150899972766638,0.024155199876986444,0.00013830000534653664,0.004115099902264774,9.999959729611874e-06,1.1300086043775082e-05,5.299923941493034e-06,1.8600025214254856e-05,1.0800082236528397e-05,0.054298999602906406
