percentage,execution,ar_r_sub,k_s_sup,ks_sf_in,n_r_t,nk_k_sup,nrs_ns_r,ns_s_spe,ns_s_sup,ns_sub_r,r_ar_sup,s_k_sub,s_ns_sub,s_nsup_k,sub_r_r,t_k_sup,total_time
80,3,0.0002092001959681511,0.008162499871104956,1.640012487769127e-05,1.3399869203567505e-05,0.006470100488513708,1.1499971151351929e-05,0.01976760011166334,0.0302029000595212,0.003116699866950512,0.02657050034031272,0.0007078000344336033,0.0006796000525355339,0.00044529978185892105,2.25994735956192e-05,0.0014616004191339016,0.09785770066082478
