percentage,execution,k_s_sup,s_k_sub,t_k_sup,ns_s_sup,s_ns_sub,r_ar_sup,ar_r_sub,ns_sub_r,ks_sf_in,sub_r_r,n_r_t,ns_s_spe,nk_k_sup,s_nsup_k,nrs_ns_r,total_time
90,10,0.0016668000171193853,0.01842009999381844,0.016546699989703484,0.00011509998876135796,0.018950899990159087,0.039264799997908995,1.5999990864656866e-05,1.6399993910454214e-05,1.4699980965815485e-05,2.2899999748915434e-05,1.2799995602108538e-05,0.007665199998882599,0.004892900004051626,0.004442000004928559,1.0099989594891667e-05,0.11205739993602037
