percentage,execution,ar_r_sub,k_s_sup,ks_sf_in,n_r_t,nk_k_sup,nrs_ns_r,ns_s_spe,ns_s_sup,ns_sub_r,r_ar_sup,s_k_sub,s_ns_sub,s_nsup_k,sub_r_r,t_k_sup,total_time
10,7,0.005463000037707388,1.1100084520876408e-05,1.0499963536858559e-05,6.400048732757568e-06,5.500041879713535e-06,6.500049494206905e-06,0.004181699943728745,0.014736499986611307,0.00039249996189028025,1.1100084520876408e-05,9.399955160915852e-06,1.2299977242946625e-05,4.799920134246349e-06,1.6000005416572094e-05,1.079996582120657e-05,0.024878100026398897
