percentage,execution,ar_r_sub,k_s_sup,ks_sf_in,n_r_t,nk_k_sup,nrs_ns_r,ns_s_spe,ns_s_sup,ns_sub_r,r_ar_sup,s_k_sub,s_ns_sub,s_nsup_k,sub_r_r,t_k_sup,total_time
50,1,2.2099819034337997e-05,0.006055999780073762,2.0500156097114086e-05,1.279998105019331e-05,0.005313800065778196,1.379998866468668e-05,0.008570400066673756,0.00015700014773756266,0.003036899957805872,0.03722799988463521,0.025124700157903135,0.04242190008517355,0.0048087999457493424,3.0800001695752144e-05,0.022752499906346202,0.15556999994441867
