percentage,execution,k_s_sup,s_k_sub,t_k_sup,ns_s_sup,s_ns_sub,r_ar_sup,ar_r_sub,ns_sub_r,ks_sf_in,sub_r_r,n_r_t,ns_s_spe,nk_k_sup,s_nsup_k,nrs_ns_r,total_time
40,2,0.004778299989993684,0.0008592999947723001,0.002466000005370006,0.010902800000621937,0.0008089000039035454,0.010098099985043518,0.005340699994121678,0.0002533000078983605,1.0700008715502918e-05,1.5600002370774746e-05,6.199989002197981e-06,0.0059661999985110015,0.00023970000620465726,0.00021349999587982893,6.200003554113209e-06,0.041965499985963106
