percentage,execution,ar_r_sub,k_s_sup,ks_sf_in,n_r_t,nk_k_sup,nrs_ns_r,ns_s_spe,ns_s_sup,ns_sub_r,r_ar_sup,s_k_sub,s_ns_sub,s_nsup_k,sub_r_r,t_k_sup,total_time
70,2,0.0012971000978723168,9.110011160373688e-05,0.0024029999040067196,1.6600009985268116e-05,0.013946400140412152,1.2900098226964474e-05,1.079996582120657e-05,2.0200153812766075e-05,2.5499961338937283e-05,8.949998300522566e-05,0.012939299806021154,0.027867100085131824,0.0032211998477578163,2.899987157434225e-05,0.006378899910487235,0.06834859994705766
