percentage,execution,k_s_sup,s_k_sub,t_k_sup,ns_s_sup,s_ns_sub,r_ar_sup,ar_r_sub,ns_sub_r,ks_sf_in,sub_r_r,n_r_t,ns_s_spe,nk_k_sup,s_nsup_k,nrs_ns_r,total_time
50,4,5.2100003813393414e-05,0.011898400000063702,0.0009138000023085624,1.7099984688684344e-05,0.024345900004846044,0.0038662000006297603,0.00030390000029001385,1.5599987818859518e-05,0.0009774999925866723,1.9699989934451878e-05,1.2100004823878407e-05,9.600014891475439e-06,0.009255400000256486,0.0029298000154085457,1.1600001016631722e-05,0.05462870000337716
