percentage,execution,ar_r_sub,k_s_sup,ks_sf_in,n_r_t,nk_k_sup,nrs_ns_r,ns_s_spe,ns_s_sup,ns_sub_r,r_ar_sup,s_k_sub,s_ns_sub,s_nsup_k,sub_r_r,t_k_sup,total_time
50,5,0.007607299950905144,8.69998475536704e-05,0.0016918000765144825,1.179997343569994e-05,0.009055200032889843,0.0001981999957934022,9.399955160915852e-06,1.9599799998104572e-05,2.150004729628563e-05,0.0030248999828472733,0.018418700085021555,0.030785599956288934,0.002763299969956279,2.6600086130201817e-05,0.0018228000262752175,0.07554369978606701
