percentage,execution,ar_r_sub,k_s_sup,ks_sf_in,n_r_t,nk_k_sup,nrs_ns_r,ns_s_spe,ns_s_sup,ns_sub_r,r_ar_sup,s_k_sub,s_ns_sub,s_nsup_k,sub_r_r,t_k_sup,total_time
80,2,0.006063799955882132,8.09000339359045e-05,0.0010931999422609806,6.09993003308773e-06,0.0016503999941051006,9.750004392117262e-05,5.00003807246685e-06,1.0100076906383038e-05,1.1400086805224419e-05,0.0017380999634042382,0.012352699995972216,0.018247599946334958,0.0014341999776661396,1.3400102034211159e-05,0.001830400200560689,0.044634800287894905
