percentage,execution,ar_r_sub,k_s_sup,ks_sf_in,n_r_t,nk_k_sup,nrs_ns_r,ns_s_spe,ns_s_sup,ns_sub_r,r_ar_sup,s_k_sub,s_ns_sub,s_nsup_k,sub_r_r,t_k_sup,total_time
20,6,9.119999776885379e-05,7.77000004745787e-05,0.00028419999944162555,5.500000042957254e-06,0.0016500000001542503,8.400000297115184e-06,4.400000761961564e-06,1.0000001566368155e-05,2.6699999580159783e-05,9.470000077271834e-05,0.010281999999278923,0.035054899999522604,0.001631400000405847,1.3500000932253897e-05,0.0018135000009351643,0.05104810000193538
