percentage,execution,ar_r_sub,k_s_sup,ks_sf_in,n_r_t,nk_k_sup,nrs_ns_r,ns_s_spe,ns_s_sup,ns_sub_r,r_ar_sup,s_k_sub,s_ns_sub,s_nsup_k,sub_r_r,t_k_sup,total_time
90,8,0.0017563001019880176,8.359993807971478e-05,0.0013021000195294619,5.700043402612209e-06,0.0016459999606013298,5.700043402612209e-06,4.899920895695686e-06,1.009996049106121e-05,1.1399970389902592e-05,0.001624500029720366,0.01202599995303899,0.015028599998913705,0.001437900005839765,1.3299984857439995e-05,0.0017891000024974346,0.03674519993364811
