percentage,execution,k_s_sup,s_k_sub,t_k_sup,ns_s_sup,s_ns_sub,r_ar_sup,ar_r_sub,ns_sub_r,ks_sf_in,sub_r_r,n_r_t,ns_s_spe,nk_k_sup,s_nsup_k,nrs_ns_r,total_time
20,7,9.900002623908222e-06,0.00013440000475384295,9.60000033956021e-06,8.699993486516178e-06,0.00013369998487178236,9.800001862458885e-06,0.000129299980471842,9.599985787644982e-06,0.00047160001122392714,1.2300006346777081e-05,5.49999822396785e-06,4.5000051613897085e-06,0.0004594999918481335,0.00032869999995455146,6.200003554113209e-06,0.0017332999705104157
