percentage,execution,ar_r_sub,k_s_sup,ks_sf_in,n_r_t,nk_k_sup,nrs_ns_r,ns_s_spe,ns_s_sup,ns_sub_r,r_ar_sup,s_k_sub,s_ns_sub,s_nsup_k,sub_r_r,t_k_sup,total_time
40,4,0.00025899987667798996,1.0599847882986069e-05,0.0009580999612808228,6.6999346017837524e-06,0.0009959000162780285,9.000301361083984e-06,4.8996880650520325e-06,9.200070053339005e-06,1.0299962013959885e-05,1.0599847882986069e-05,0.0002612997777760029,0.0002548997290432453,0.0007146000862121582,1.2699514627456665e-05,1.039961352944374e-05,0.003528198227286339
