percentage,execution,ar_r_sub,k_s_sup,ks_sf_in,n_r_t,nk_k_sup,nrs_ns_r,ns_s_spe,ns_s_sup,ns_sub_r,r_ar_sup,s_k_sub,s_ns_sub,s_nsup_k,sub_r_r,t_k_sup,total_time
40,2,0.010191800000029616,8.570000136387534e-05,0.0004891000007773982,5.900001269765198e-06,0.0016589000006206334,0.0001905999997688923,4.800000169780105e-06,1.0200001270277426e-05,1.1500000255182385e-05,0.0008862999984557973,0.010466399999131681,0.02895879999960016,0.0014382999997906154,1.3499999113264494e-05,0.0018518999986554263,0.056263700000272365
