percentage,execution,ar_r_sub,k_s_sup,ks_sf_in,n_r_t,nk_k_sup,nrs_ns_r,ns_s_spe,ns_s_sup,ns_sub_r,r_ar_sup,s_k_sub,s_ns_sub,s_nsup_k,sub_r_r,t_k_sup,total_time
20,5,1.0799616575241089e-05,8.58004204928875e-05,9.600073099136353e-06,6.00004568696022e-06,0.0017178002744913101,6.600283086299896e-06,4.800036549568176e-06,9.799841791391373e-06,1.0099727660417557e-05,0.0009091002866625786,0.012118599843233824,0.03817870048806071,0.0014859000220894814,1.2900680303573608e-05,0.0018758997321128845,0.05644240137189627
