percentage,execution,k_s_sup,s_k_sub,t_k_sup,ns_s_sup,s_ns_sub,r_ar_sup,ar_r_sub,ns_sub_r,ks_sf_in,sub_r_r,n_r_t,ns_s_spe,nk_k_sup,s_nsup_k,nrs_ns_r,total_time
60,9,9.710001177154481e-05,0.011943799996515736,0.0019238999811932445,1.0199990356341004e-05,0.025028500007465482,0.0016986000118777156,0.00019209999300073832,1.030000566970557e-05,0.0006248999998206273,1.2899996363557875e-05,5.800000508315861e-06,4.7000066842883825e-06,0.0017253999976674095,0.0016453999996883795,6.200003554113209e-06,0.0449298000021372
