percentage,execution,k_s_sup,s_k_sub,t_k_sup,ns_s_sup,s_ns_sub,r_ar_sup,ar_r_sub,ns_sub_r,ks_sf_in,sub_r_r,n_r_t,ns_s_spe,nk_k_sup,s_nsup_k,nrs_ns_r,total_time
70,7,9.150004188995808e-05,0.011770199998863973,0.006267299992032349,2.0200037397444248e-05,0.024322299999766983,8.870002056937665e-05,0.0011245000059716403,2.1599989850074053e-05,0.0014110999763943255,3.0499999411404133e-05,1.3299999409355223e-05,1.0399991879239678e-05,0.013349599990760908,0.0029726000066148117,1.1999989510513842e-05,0.061505800040322356
