percentage,execution,ar_r_sub,k_s_sup,ks_sf_in,n_r_t,nk_k_sup,nrs_ns_r,ns_s_spe,ns_s_sup,ns_sub_r,r_ar_sup,s_k_sub,s_ns_sub,s_nsup_k,sub_r_r,t_k_sup,total_time
80,7,0.002714499831199646,5.030026659369469e-05,0.001949099823832512,1.219986006617546e-05,0.009277899749577045,1.1300202459096909e-05,9.700190275907516e-06,1.499941572546959e-05,1.6300473362207413e-05,0.0039041005074977875,0.012652099598199129,0.015666500199586153,0.0029451996088027954,2.090027555823326e-05,0.000940999947488308,0.05018609995022416
