percentage,execution,k_s_sup,s_k_sub,t_k_sup,ns_s_sup,s_ns_sub,r_ar_sup,ar_r_sub,ns_sub_r,ks_sf_in,sub_r_r,n_r_t,ns_s_spe,nk_k_sup,s_nsup_k,nrs_ns_r,total_time
30,2,8.820000221021473e-05,0.01781129998562392,0.0018018999980995432,2.239999594166875e-05,0.03647150001779664,0.003113300001132302,0.00028160000510979444,2.0299979951232672e-05,0.0009505999914836138,2.920000406447798e-05,1.200000406242907e-05,9.599985787644982e-06,0.009076600006665103,0.0028372999950079247,1.2100004823878407e-05,0.07253789997776039
