percentage,execution,k_s_sup,s_k_sub,t_k_sup,ns_s_sup,s_ns_sub,r_ar_sup,ar_r_sub,ns_sub_r,ks_sf_in,sub_r_r,n_r_t,ns_s_spe,nk_k_sup,s_nsup_k,nrs_ns_r,total_time
70,1,7.870000263210386e-05,0.012159099991549738,0.001799099991330877,1.0400006431154907e-05,0.021389300003647804,0.0016694000078132376,0.006042300010449253,1.09999964479357e-05,0.0008658000006107613,1.300001167692244e-05,5.999987479299307e-06,4.899993655271828e-06,0.0016257999959634617,0.0014690999960293993,9.960000170394778e-05,0.04724349999742117
