percentage,execution,ar_r_sub,k_s_sup,ks_sf_in,n_r_t,nk_k_sup,nrs_ns_r,ns_s_spe,ns_s_sup,ns_sub_r,r_ar_sup,s_k_sub,s_ns_sub,s_nsup_k,sub_r_r,t_k_sup,total_time
20,9,0.0003796000964939594,8.720066398382187e-05,0.0009406995959579945,1.29002146422863e-05,0.012030200567096472,1.3199634850025177e-05,1.2400094419717789e-05,1.9200146198272705e-05,1.9999686628580093e-05,8.509960025548935e-05,0.011559399776160717,0.044592199847102165,0.002234799787402153,2.6699621230363846e-05,0.006127799395471811,0.07814139872789383
