percentage,execution,ar_r_sub,k_s_sup,ks_sf_in,n_r_t,nk_k_sup,nrs_ns_r,ns_s_spe,ns_s_sup,ns_sub_r,r_ar_sup,s_k_sub,s_ns_sub,s_nsup_k,sub_r_r,t_k_sup,total_time
10,2,7.280008867383003e-05,1.0299962013959885e-05,0.0003027999773621559,6.4997002482414246e-06,0.0002529001794755459,7.300172001123428e-06,4.70038503408432e-06,8.7004154920578e-06,9.399838745594025e-06,9.899958968162537e-06,7.750000804662704e-05,7.299985736608505e-05,0.00018869992345571518,1.3400334864854813e-05,9.899958968162537e-06,0.0010478007607161999
