percentage,execution,ar_r_sub,k_s_sup,ks_sf_in,n_r_t,nk_k_sup,nrs_ns_r,ns_s_spe,ns_s_sup,ns_sub_r,r_ar_sup,s_k_sub,s_ns_sub,s_nsup_k,sub_r_r,t_k_sup,total_time
90,1,0.0018158997409045696,8.00001434981823e-05,0.0012948005460202694,5.600042641162872e-06,0.0016479999758303165,5.499925464391708e-06,4.800036549568176e-06,9.499955922365189e-06,1.0699965059757233e-05,0.0016694995574653149,0.012457800097763538,0.015199600253254175,0.0014876998029649258,1.2999866157770157e-05,0.001869299914687872,0.03757169982418418
