percentage,execution,ar_r_sub,k_s_sup,ks_sf_in,n_r_t,nk_k_sup,nrs_ns_r,ns_s_spe,ns_s_sup,ns_sub_r,r_ar_sup,s_k_sub,s_ns_sub,s_nsup_k,sub_r_r,t_k_sup,total_time
90,4,0.006066799629479647,8.289981633424759e-05,0.001299200113862753,5.600042641162872e-06,0.0017232997342944145,0.00010160030797123909,4.999805241823196e-06,1.0100193321704865e-05,1.109996810555458e-05,0.0016569001600146294,0.012104700319468975,0.015150499530136585,0.001423100009560585,1.29002146422863e-05,0.0017988001927733421,0.04145250003784895
