percentage,execution,k_s_sup,s_k_sub,t_k_sup,ns_s_sup,s_ns_sub,r_ar_sup,ar_r_sub,ns_sub_r,ks_sf_in,sub_r_r,n_r_t,ns_s_spe,nk_k_sup,s_nsup_k,nrs_ns_r,total_time
40,2,8.79999715834856e-05,0.009951699990779161,0.00192090000200551,1.8800012185238302e-05,0.027484200021717697,0.0031307000026572496,0.00039149999793153256,2.050002512987703e-05,0.0013340000150492415,2.619998122099787e-05,1.200000406242907e-05,9.60000033956021e-06,0.008411699993303046,0.0021040999999968335,1.170000177808106e-05,0.05491560001973994
