percentage,execution,ar_r_sub,k_s_sup,ks_sf_in,n_r_t,nk_k_sup,nrs_ns_r,ns_s_spe,ns_s_sup,ns_sub_r,r_ar_sup,s_k_sub,s_ns_sub,s_nsup_k,sub_r_r,t_k_sup,total_time
70,7,0.007026100065559149,5.0900038331747055e-05,0.001637500012293458,1.1799857020378113e-05,0.009151499951258302,0.00019649986643344164,9.70007386058569e-06,1.4800112694501877e-05,1.659989356994629e-05,0.003808200010098517,0.012611499871127307,0.018719499930739403,0.0029513000044971704,2.0300154574215412e-05,0.0009091000538319349,0.05713529989589006
