percentage,execution,k_s_sup,s_k_sub,t_k_sup,ns_s_sup,s_ns_sub,r_ar_sup,ar_r_sub,ns_sub_r,ks_sf_in,sub_r_r,n_r_t,ns_s_spe,nk_k_sup,s_nsup_k,nrs_ns_r,total_time
80,9,7.85999873187393e-05,0.012135800017858855,0.001816900010453537,1.0100018698722124e-05,0.01836290000937879,0.000858300001709722,0.006115199998021126,1.0899995686486363e-05,0.001365200019790791,1.309999788645655e-05,6.199989002197981e-06,4.799992893822491e-06,0.0016458000027341768,0.00142680000863038,0.00010009999095927924,0.04395070004102308
