percentage,execution,ar_r_sub,k_s_sup,ks_sf_in,n_r_t,nk_k_sup,nrs_ns_r,ns_s_spe,ns_s_sup,ns_sub_r,r_ar_sup,s_k_sub,s_ns_sub,s_nsup_k,sub_r_r,t_k_sup,total_time
20,1,0.010414499789476395,1.0600313544273376e-05,0.0004998999647796154,6.299931555986404e-06,0.001033499836921692,0.00019990000873804092,4.800036549568176e-06,2.490030601620674e-05,1.0499730706214905e-05,1.090019941329956e-05,0.0017994996160268784,0.008084299974143505,0.0007600998505949974,1.3400334864854813e-05,1.0599847882986069e-05,0.022883699741214514
