percentage,execution,ar_r_sub,k_s_sup,ks_sf_in,n_r_t,nk_k_sup,nrs_ns_r,ns_s_spe,ns_s_sup,ns_sub_r,r_ar_sup,s_k_sub,s_ns_sub,s_nsup_k,sub_r_r,t_k_sup,total_time
10,5,7.530022412538528e-05,1.0400079190731049e-05,0.00027430010959506035,6.00004568696022e-06,0.00030669989064335823,6.4997002482414246e-06,4.300381988286972e-06,9.200070053339005e-06,9.799841791391373e-06,1.039961352944374e-05,8.030002936720848e-05,8.199969306588173e-05,0.00022590020671486855,1.3499520719051361e-05,9.60053876042366e-06,0.0011241999454796314
