percentage,execution,ar_r_sub,k_s_sup,ks_sf_in,n_r_t,nk_k_sup,nrs_ns_r,ns_s_spe,ns_s_sup,ns_sub_r,r_ar_sup,s_k_sub,s_ns_sub,s_nsup_k,sub_r_r,t_k_sup,total_time
20,8,0.01185130001977086,9.06999921426177e-05,0.0004841999616473913,1.1599971912801266e-05,0.009041299927048385,0.00039030006155371666,9.499955922365189e-06,1.9300146959722042e-05,2.210005186498165e-05,0.0031436998397111893,0.018989999778568745,0.04199170006904751,0.0027660999912768602,2.740020863711834e-05,0.0018486999906599522,0.09068789996672422
