percentage,execution,ar_r_sub,k_s_sup,ks_sf_in,n_r_t,nk_k_sup,nrs_ns_r,ns_s_spe,ns_s_sup,ns_sub_r,r_ar_sup,s_k_sub,s_ns_sub,s_nsup_k,sub_r_r,t_k_sup,total_time
20,3,7.929978892207146e-05,0.004986499901860952,1.0699965059757233e-05,6.299931555986404e-06,0.00043029990047216415,6.6999346017837524e-06,0.0009351000189781189,7.950048893690109e-05,1.900363713502884e-06,0.003624499775469303,0.0010239998809993267,0.004155099391937256,0.0003339000977575779,1.4300458133220673e-05,0.0018096002750098705,0.017497700173407793
