percentage,execution,k_s_sup,s_k_sub,t_k_sup,ns_s_sup,s_ns_sub,r_ar_sup,ar_r_sub,ns_sub_r,ks_sf_in,sub_r_r,n_r_t,ns_s_spe,nk_k_sup,s_nsup_k,nrs_ns_r,total_time
70,8,0.0016858000017236918,0.0024033999943640083,0.004992699992726557,7.750000804662704e-05,0.0023862999951234087,0.009172200007014908,0.00019159998919349164,1.8999853637069464e-06,1.0199990356341004e-05,1.5700003132224083e-05,6.600006599910557e-06,0.0009175000013783574,0.0012332999904174358,0.000998899995465763,6.000002031214535e-06,0.024099599962937646
