percentage,execution,k_s_sup,s_k_sub,t_k_sup,ns_s_sup,s_ns_sub,r_ar_sup,ar_r_sub,ns_sub_r,ks_sf_in,sub_r_r,n_r_t,ns_s_spe,nk_k_sup,s_nsup_k,nrs_ns_r,total_time
70,6,0.0033665999944787472,0.003316699992865324,0.007118499997886829,8.270000398624688e-05,0.009695900007500313,0.007765200003632344,0.00013580000086221844,2.200016751885414e-06,1.0300020221620798e-05,1.3700002455152571e-05,6.200003554113209e-06,0.000942300001042895,0.001179500002763234,0.0009596000018063933,6.000002031214535e-06,0.03460120005183853
