percentage,execution,k_s_sup,s_k_sub,t_k_sup,ns_s_sup,s_ns_sub,r_ar_sup,ar_r_sub,ns_sub_r,ks_sf_in,sub_r_r,n_r_t,ns_s_spe,nk_k_sup,s_nsup_k,nrs_ns_r,total_time
90,2,0.0034672000183491036,0.0051562000007834285,0.011466299998573959,7.670001650694758e-05,0.00506929999392014,0.00971120000758674,0.0002589999930933118,2.3999891709536314e-06,1.0599993402138352e-05,1.4599994756281376e-05,6.50000583846122e-06,0.0009701000089989975,0.0013673999928869307,0.0011463999981060624,5.599998985417187e-06,0.03872950001095887
