percentage,execution,ar_r_sub,k_s_sup,ks_sf_in,n_r_t,nk_k_sup,nrs_ns_r,ns_s_spe,ns_s_sup,ns_sub_r,r_ar_sup,s_k_sub,s_ns_sub,s_nsup_k,sub_r_r,t_k_sup,total_time
40,4,7.689999983995222e-05,0.005715100000088569,1.0600000678095967e-05,6.299999768089037e-06,0.0013143999995008926,6.600000233447645e-06,0.0009093000007851515,7.59999993533711e-05,1.8999999156221747e-06,0.007247899999129004,0.004729300001599768,0.020058600000993465,0.0011101999998572865,1.4200000805431046e-05,0.009859900000265043,0.05113720000281319
