percentage,execution,ar_r_sub,k_s_sup,ks_sf_in,n_r_t,nk_k_sup,nrs_ns_r,ns_s_spe,ns_s_sup,ns_sub_r,r_ar_sup,s_k_sub,s_ns_sub,s_nsup_k,sub_r_r,t_k_sup,total_time
60,7,0.0001460999483242631,0.0040960999904200435,1.009996049106121e-05,6.200047209858894e-06,0.0012999000027775764,5.899928510189056e-06,0.0009137999732047319,7.82000133767724e-05,1.6998965293169022e-06,0.0042060998966917396,0.0054966999450698495,0.02124919998459518,0.001133000012487173,1.309998333454132e-05,0.011565300053916872,0.05022139963693917
