percentage,execution,k_s_sup,s_k_sub,t_k_sup,ns_s_sup,s_ns_sub,r_ar_sup,ar_r_sub,ns_sub_r,ks_sf_in,sub_r_r,n_r_t,ns_s_spe,nk_k_sup,s_nsup_k,nrs_ns_r,total_time
70,2,0.002541900015785359,0.003643000003648922,0.00681829999666661,0.00010119999933522195,0.010116000004927628,0.008590299999923445,0.0001337999856332317,2.0999868866056204e-06,1.0299991117790341e-05,1.3500000932253897e-05,6.50000583846122e-06,0.0009072000102605671,0.0014314000000013039,0.0011174000101163983,5.900001269765198e-06,0.03543880001234356
