percentage,execution,k_s_sup,s_k_sub,t_k_sup,ns_s_sup,s_ns_sub,r_ar_sup,ar_r_sub,ns_sub_r,ks_sf_in,sub_r_r,n_r_t,ns_s_spe,nk_k_sup,s_nsup_k,nrs_ns_r,total_time
10,1,1.0099989594891667e-05,8.13999940874055e-05,9.299983503296971e-06,8.500006515532732e-06,7.059999916236848e-05,0.0043329000036465,1.0299991117790341e-05,1.600012183189392e-06,9.2999980552122e-06,1.3599987141788006e-05,5.599998985417187e-06,4.399989848025143e-06,0.00024009999469853938,0.00016789999790489674,6.300004315562546e-06,0.004971899950760417
