percentage,execution,ar_r_sub,k_s_sup,ks_sf_in,n_r_t,nk_k_sup,nrs_ns_r,ns_s_spe,ns_s_sup,ns_sub_r,r_ar_sup,s_k_sub,s_ns_sub,s_nsup_k,sub_r_r,t_k_sup,total_time
90,3,0.00020160013809800148,0.0032679997384548187,1.0599847882986069e-05,6.300397217273712e-06,0.0014194999821484089,5.700159817934036e-06,0.0009177001193165779,8.220039308071136e-05,1.80024653673172e-06,0.009521100204437971,0.003251700196415186,0.0033054002560675144,0.0011256998404860497,1.5600118786096573e-05,0.007097600493580103,0.030230502132326365
