percentage,execution,ar_r_sub,k_s_sup,ks_sf_in,n_r_t,nk_k_sup,nrs_ns_r,ns_s_spe,ns_s_sup,ns_sub_r,r_ar_sup,s_k_sub,s_ns_sub,s_nsup_k,sub_r_r,t_k_sup,total_time
60,5,0.00020110000059503363,0.00616479999916919,1.5600000551785342e-05,6.399999620043673e-06,0.00119769999946584,6.200000825629104e-06,0.0009267000004911097,9.660000068834051e-05,1.8999999156221747e-06,0.010500099999262602,0.0036477000003287685,0.006404900000234193,0.0009614000000510714,1.900000006571645e-05,0.006753900001058355,0.0369040000023233
