percentage,execution,ar_r_sub,k_s_sup,ks_sf_in,n_r_t,nk_k_sup,nrs_ns_r,ns_s_spe,ns_s_sup,ns_sub_r,r_ar_sup,s_k_sub,s_ns_sub,s_nsup_k,sub_r_r,t_k_sup,total_time
50,4,0.00013809988740831614,0.0016812999965623021,1.0299962013959885e-05,6.300047971308231e-06,0.0008720000041648746,6.400048732757568e-06,0.0009230000432580709,7.71998893469572e-05,1.9000144675374031e-06,0.0045831999741494656,0.0011310001136735082,0.004237000131979585,0.0006507999496534467,1.400010660290718e-05,0.0018119999440386891,0.016144500114023685
