percentage,execution,k_s_sup,s_k_sub,t_k_sup,ns_s_sup,s_ns_sub,r_ar_sup,ar_r_sub,ns_sub_r,ks_sf_in,sub_r_r,n_r_t,ns_s_spe,nk_k_sup,s_nsup_k,nrs_ns_r,total_time
10,8,1.0000003385357559e-05,7.520000508520752e-05,9.399998816661537e-06,8.699993486516178e-06,7.500000356230885e-05,9.800001862458885e-06,7.140000525396317e-05,1.700012944638729e-06,8.999995770864189e-06,1.2900010915473104e-05,6.200003554113209e-06,4.3000036384910345e-06,0.00025070000265259296,0.0001686000032350421,6.800008122809231e-06,0.0007197000522864982
