percentage,execution,ar_r_sub,k_s_sup,ks_sf_in,n_r_t,nk_k_sup,nrs_ns_r,ns_s_spe,ns_s_sup,ns_sub_r,r_ar_sup,s_k_sub,s_ns_sub,s_nsup_k,sub_r_r,t_k_sup,total_time
30,3,1.0499963536858559e-05,0.005748499999754131,9.699957445263863e-06,6.09993003308773e-06,0.00042890000622719526,6.5999338403344154e-06,0.0009208000265061855,8.340005297213793e-05,1.9000144675374031e-06,0.007350299973040819,0.001080299960449338,0.004242099937982857,0.0003309000749140978,1.6000005416572094e-05,0.0018467000918462873,0.022082699928432703
