percentage,execution,ar_r_sub,k_s_sup,ks_sf_in,n_r_t,nk_k_sup,nrs_ns_r,ns_s_spe,ns_s_sup,ns_sub_r,r_ar_sup,s_k_sub,s_ns_sub,s_nsup_k,sub_r_r,t_k_sup,total_time
40,6,1.9199998860131018e-05,8.449999950244091e-05,1.8000000636675395e-05,1.049999991664663e-05,0.006889500000397675,1.1699999959091656e-05,8.799997885944322e-06,1.720000000204891e-05,1.929999780259095e-05,0.0048260000003210735,0.004274799999620882,0.013871800001652446,0.0008650000017951243,2.1300000298651867e-05,0.004612200000337907,0.03554979999898933
