percentage,execution,ar_r_sub,k_s_sup,ks_sf_in,n_r_t,nk_k_sup,nrs_ns_r,ns_s_spe,ns_s_sup,ns_sub_r,r_ar_sup,s_k_sub,s_ns_sub,s_nsup_k,sub_r_r,t_k_sup,total_time
90,9,0.0010957999620586634,0.004412499954923987,0.0004216000670567155,7.300055585801601e-06,0.0027462999569252133,5.699926987290382e-06,0.0011102999560534954,9.950005915015936e-05,0.002891700016334653,0.010543399956077337,0.020837699994444847,0.025124299922026694,0.0024655000306665897,0.00017330015543848276,0.00271989987231791,0.07465479988604784
