percentage,execution,ar_r_sub,k_s_sup,ks_sf_in,n_r_t,nk_k_sup,nrs_ns_r,ns_s_spe,ns_s_sup,ns_sub_r,r_ar_sup,s_k_sub,s_ns_sub,s_nsup_k,sub_r_r,t_k_sup,total_time
80,4,9.60000033956021e-06,7.539999933214858e-05,9.0000012278324e-06,4.800000169780105e-06,0.0005405000010796357,4.899999112240039e-06,4.300000000512227e-06,8.799999704933725e-06,9.299999874201603e-06,0.002472000000125263,0.0029453000006469665,0.005784499999208492,0.000440800000433228,1.0400000974186696e-05,0.003487299998596427,0.015806900000825408
