percentage,execution,ar_r_sub,k_s_sup,ks_sf_in,n_r_t,nk_k_sup,nrs_ns_r,ns_s_spe,ns_s_sup,ns_sub_r,r_ar_sup,s_k_sub,s_ns_sub,s_nsup_k,sub_r_r,t_k_sup,total_time
40,2,0.021162400022149086,8.36000544950366e-05,0.0005138000706210732,7.300055585801601e-06,0.002841999987140298,7.100054062902927e-06,5.199923180043697e-06,1.54001172631979e-05,1.2499978765845299e-05,0.004416600102558732,0.020321200019679964,0.047701000003144145,0.0024883000878617167,0.004636199912056327,0.0031716000521555543,0.10738420044071972
