percentage,execution,ar_r_sub,k_s_sup,ks_sf_in,n_r_t,nk_k_sup,nrs_ns_r,ns_s_spe,ns_s_sup,ns_sub_r,r_ar_sup,s_k_sub,s_ns_sub,s_nsup_k,sub_r_r,t_k_sup,total_time
40,4,2.150000182155054e-05,8.280000110971741e-05,1.809999957913533e-05,1.0000001566368155e-05,0.006909399999130983,1.1100000847363845e-05,8.600000001024455e-06,1.7099999240599573e-05,1.8100001398124732e-05,0.004795099999682861,0.0039030999978422187,0.012922800000524148,0.0007839999998395797,2.1199997718213126e-05,0.004494299997531925,0.034017199997833814
