percentage,execution,ar_r_sub,k_s_sup,ks_sf_in,n_r_t,nk_k_sup,nrs_ns_r,ns_s_spe,ns_s_sup,ns_sub_r,r_ar_sup,s_k_sub,s_ns_sub,s_nsup_k,sub_r_r,t_k_sup,total_time
90,8,0.0039540003053843975,0.0009749005548655987,0.0004142001271247864,6.90016895532608e-06,0.0028015002608299255,5.900394171476364e-06,0.0011354000307619572,7.659988477826118e-05,1.1899974197149277e-05,0.0057346997782588005,0.022380399983376265,0.028639199677854776,0.0024267002008855343,0.0005636001005768776,0.0027288999408483505,0.07185480138286948
