percentage,execution,ar_r_sub,k_s_sup,ks_sf_in,n_r_t,nk_k_sup,nrs_ns_r,ns_s_spe,ns_s_sup,ns_sub_r,r_ar_sup,s_k_sub,s_ns_sub,s_nsup_k,sub_r_r,t_k_sup,total_time
20,5,9.199999112752266e-06,7.840000034775585e-05,8.799999704933725e-06,5.100000635138713e-06,0.00057820000074571,5.800000508315861e-06,4.399998942972161e-06,9.2999980552122e-06,9.09999835130293e-06,7.710000136285089e-05,0.0032314000000042142,0.015806999999767868,0.00047900000026857015,1.0300000212737359e-05,0.0036856999995507067,0.02399879999757104
