percentage,execution,ar_r_sub,k_s_sup,ks_sf_in,n_r_t,nk_k_sup,nrs_ns_r,ns_s_spe,ns_s_sup,ns_sub_r,r_ar_sup,s_k_sub,s_ns_sub,s_nsup_k,sub_r_r,t_k_sup,total_time
10,7,1.1799857020378113e-05,1.1200550943613052e-05,1.00000761449337e-05,6.800051778554916e-06,0.0021291999146342278,8.00006091594696e-06,4.800036549568176e-06,9.799841791391373e-06,1.3899989426136017e-05,0.006210799794644117,0.006444099824875593,0.023394800256937742,0.001640200149267912,1.7900019884109497e-05,1.1400319635868073e-05,0.03992470074445009
