percentage,execution,ar_r_sub,k_s_sup,ks_sf_in,n_r_t,nk_k_sup,nrs_ns_r,ns_s_spe,ns_s_sup,ns_sub_r,r_ar_sup,s_k_sub,s_ns_sub,s_nsup_k,sub_r_r,t_k_sup,total_time
60,8,0.0010323994792997837,0.004307300318032503,0.0002472996711730957,7.4999406933784485e-06,0.0027520000003278255,6.0996972024440765e-06,0.0011693998239934444,7.760059088468552e-05,0.002913000527769327,0.009469399694353342,0.018024600110948086,0.038872099947184324,0.0025010998360812664,0.0002343999221920967,0.0027222000062465668,0.08433639956638217
