percentage,execution,ar_r_sub,k_s_sup,ks_sf_in,n_r_t,nk_k_sup,nrs_ns_r,ns_s_spe,ns_s_sup,ns_sub_r,r_ar_sup,s_k_sub,s_ns_sub,s_nsup_k,sub_r_r,t_k_sup,total_time
30,1,0.0166606999700889,0.004042700049467385,1.1100084520876408e-05,7.4999406933784485e-06,0.0021690999856218696,6.400048732757568e-06,0.001141799963079393,7.519987411797047e-05,0.0029021998634561896,0.009160300018265843,0.006802799995057285,0.01710090006235987,0.0017070999601855874,0.00338529993314296,9.039998985826969e-05,0.06526349973864853
