percentage,execution,k_s_sup,s_k_sub,t_k_sup,ns_s_sup,s_ns_sub,r_ar_sup,ar_r_sub,ns_sub_r,ks_sf_in,sub_r_r,n_r_t,ns_s_spe,nk_k_sup,s_nsup_k,nrs_ns_r,total_time
10,5,1.0499992640689015e-05,0.003483099993900396,1.1699987226165831e-05,9.700001101009548e-06,0.01300259999698028,1.2199991033412516e-05,0.017587500013178214,1.2200005585327744e-05,1.3299984857439995e-05,0.00323579998803325,7.299997378140688e-06,5.49999822396785e-06,0.0016418000013800338,0.0013017000019317493,6.89999433234334e-06,0.04034179994778242
