percentage,execution,ar_r_sub,k_s_sup,ks_sf_in,n_r_t,nk_k_sup,nrs_ns_r,ns_s_spe,ns_s_sup,ns_sub_r,r_ar_sup,s_k_sub,s_ns_sub,s_nsup_k,sub_r_r,t_k_sup,total_time
20,2,0.00028010038658976555,9.110011160373688e-05,0.00043219979852437973,1.3799872249364853e-05,0.009534300304949284,1.4399643987417221e-05,9.899958968162537e-06,2.0699575543403625e-05,2.1199695765972137e-05,0.0031348001211881638,0.01879870006814599,0.05559489969164133,0.003286600112915039,3.260001540184021e-05,0.0028671994805336,0.09413249883800745
