percentage,execution,ar_r_sub,k_s_sup,ks_sf_in,n_r_t,nk_k_sup,nrs_ns_r,ns_s_spe,ns_s_sup,ns_sub_r,r_ar_sup,s_k_sub,s_ns_sub,s_nsup_k,sub_r_r,t_k_sup,total_time
40,3,1.9500002963468432e-05,8.499999785271939e-05,1.7600001228856854e-05,1.0100000508828089e-05,0.00679409999793279,1.0599998859106563e-05,9.100000170292333e-06,1.779999911377672e-05,1.82999992830446e-05,0.004657699999370379,0.0037947000018903054,0.01297340000019176,0.0008038999985728879,2.0900000890833326e-05,0.004346999998233514,0.03357969999706256
