percentage,execution,k_s_sup,s_k_sub,t_k_sup,ns_s_sup,s_ns_sub,r_ar_sup,ar_r_sub,ns_sub_r,ks_sf_in,sub_r_r,n_r_t,ns_s_spe,nk_k_sup,s_nsup_k,nrs_ns_r,total_time
60,10,9.449999197386205e-05,0.03411200002301484,0.002782900002785027,0.00015609999536536634,0.047219600004609674,0.01506790000712499,0.016532499997993,2.5200002710334957e-05,0.00047539999650325626,0.0027802999975392595,1.479999627918005e-05,0.002235900014056824,0.01113049998821225,0.004721899997093715,1.340000017080456e-05,0.1373629000154324
