percentage,execution,ar_r_sub,k_s_sup,ks_sf_in,n_r_t,nk_k_sup,nrs_ns_r,ns_s_spe,ns_s_sup,ns_sub_r,r_ar_sup,s_k_sub,s_ns_sub,s_nsup_k,sub_r_r,t_k_sup,total_time
50,9,0.01967839989811182,0.005025400314480066,2.1500512957572937e-05,1.4500226825475693e-05,0.011465100105851889,1.309998333454132e-05,0.00239170016720891,0.00018820026889443398,0.0028133997693657875,0.020769100170582533,0.029219699557870626,0.05061960034072399,0.004792000167071819,0.003902200609445572,0.0028883996419608593,0.1538023017346859
