percentage,execution,ar_r_sub,k_s_sup,ks_sf_in,n_r_t,nk_k_sup,nrs_ns_r,ns_s_spe,ns_s_sup,ns_sub_r,r_ar_sup,s_k_sub,s_ns_sub,s_nsup_k,sub_r_r,t_k_sup,total_time
20,1,1.869999869086314e-05,8.439999874099158e-05,1.7499998648418114e-05,9.999997928389348e-06,0.006393300000127056,1.089999932446517e-05,8.499999239575118e-06,1.720000000204891e-05,1.8300001102034003e-05,0.0030695000004925532,0.0031106999995245133,0.012217000001328415,0.0005846999974892242,2.069999936793465e-05,0.0035524999984772876,0.02913389999048377
