percentage,execution,k_s_sup,s_k_sub,t_k_sup,ns_s_sup,s_ns_sub,r_ar_sup,ar_r_sub,ns_sub_r,ks_sf_in,sub_r_r,n_r_t,ns_s_spe,nk_k_sup,s_nsup_k,nrs_ns_r,total_time
15,1,1.3899989426136017e-05,0.0027533998945727944,1.470011193305254e-05,1.2699863873422146e-05,0.008988699992187321,0.024032399989664555,7.979990914463997e-05,2.200016751885414e-06,1.300009898841381e-05,3.839994315057993e-05,1.0100076906383038e-05,8.999952115118504e-06,0.002833099919371307,0.0021999001037329435,1.1100084520876408e-05,0.04101239994633943
