percentage,execution,ar_r_sub,k_s_sup,ks_sf_in,n_r_t,nk_k_sup,nrs_ns_r,ns_s_spe,ns_s_sup,ns_sub_r,r_ar_sup,s_k_sub,s_ns_sub,s_nsup_k,sub_r_r,t_k_sup,total_time
80,3,1.5099998563528061e-05,0.01027759991120547,1.3599987141788006e-05,9.599956683814526e-06,0.004612599965184927,7.70005863159895e-06,0.045282799983397126,0.033122000051662326,1.700012944638729e-06,0.07902219996321946,0.00610699993558228,0.012552900006994605,0.003624500008299947,2.8799986466765404e-05,0.00022409996017813683,0.19490219978615642
