percentage,execution,k_s_sup,s_k_sub,t_k_sup,ns_s_sup,s_ns_sub,r_ar_sup,ar_r_sub,ns_sub_r,ks_sf_in,sub_r_r,n_r_t,ns_s_spe,nk_k_sup,s_nsup_k,nrs_ns_r,total_time
50,3,0.020995200000470504,0.04077389999292791,0.031233600006089546,0.005270800000289455,0.1054366000025766,0.06343549999292009,0.03045949999068398,3.000008291564882e-06,1.9799990695901215e-05,0.005725600014557131,1.340000017080456e-05,0.01568559999577701,0.010818199996720068,0.009103200005483814,1.1299998732283711e-05,0.33898519999638665
