percentage,execution,k_s_sup,s_k_sub,t_k_sup,ns_s_sup,s_ns_sub,r_ar_sup,ar_r_sub,ns_sub_r,ks_sf_in,sub_r_r,n_r_t,ns_s_spe,nk_k_sup,s_nsup_k,nrs_ns_r,total_time
30,3,0.00933999998960644,0.014262700104154646,0.02259159996174276,0.020858700037933886,0.05116829997859895,0.030233000055886805,8.239992894232273e-05,2.200016751885414e-06,1.3100099749863148e-05,2.9099988751113415e-05,9.70007386058569e-06,0.028511299984529614,0.00420179998036474,0.003727500094100833,2.6399968191981316e-05,0.18505780026316643
