percentage,execution,ar_r_sub,k_s_sup,ks_sf_in,n_r_t,nk_k_sup,nrs_ns_r,ns_s_spe,ns_s_sup,ns_sub_r,r_ar_sup,s_k_sub,s_ns_sub,s_nsup_k,sub_r_r,t_k_sup,total_time
20,5,1.4500000361294951e-05,0.010216800000307558,1.1599999197642319e-05,6.70000008540228e-06,7.999999979801942e-06,6.600000233447645e-06,0.0018851000004360685,0.001105700000152865,2.4000000848900527e-06,0.0074528000004647765,9.449999924981967e-05,9.129999943979783e-05,5.599999894911889e-06,1.4100000043981709e-05,0.00010970000039378647,0.021025400000326044
