percentage,execution,k_s_sup,s_k_sub,t_k_sup,ns_s_sup,s_ns_sub,r_ar_sup,ar_r_sub,ns_sub_r,ks_sf_in,sub_r_r,n_r_t,ns_s_spe,nk_k_sup,s_nsup_k,nrs_ns_r,total_time
5,4,1.3300101272761822e-05,0.00014450005255639553,1.3599987141788006e-05,1.200009137392044e-05,0.00013910001143813133,0.010897200088948011,1.300009898841381e-05,1.9000144675374031e-06,1.219986006617546e-05,3.820005804300308e-05,9.999959729611874e-06,6.199930794537067e-06,0.0006386000895872712,0.0004723999882116914,1.1899974197149277e-05,0.012424100306816399
