percentage,execution,ar_r_sub,k_s_sup,ks_sf_in,n_r_t,nk_k_sup,nrs_ns_r,ns_s_spe,ns_s_sup,ns_sub_r,r_ar_sup,s_k_sub,s_ns_sub,s_nsup_k,sub_r_r,t_k_sup,total_time
10,5,0.011265599634498358,1.499941572546959e-05,1.679966226220131e-05,1.4299992471933365e-05,0.003975300118327141,1.2699980288743973e-05,6.6999346017837524e-06,2.9099639505147934e-05,2.800021320581436e-06,0.010432499926537275,0.0046942997723817825,0.02109420020133257,0.003123899921774864,0.0024454002268612385,1.569977030158043e-05,0.05714429821819067
