percentage,execution,k_s_sup,s_k_sub,t_k_sup,ns_s_sup,s_ns_sub,r_ar_sup,ar_r_sub,ns_sub_r,ks_sf_in,sub_r_r,n_r_t,ns_s_spe,nk_k_sup,s_nsup_k,nrs_ns_r,total_time
20,2,0.011278000005404465,0.0018063999887090176,0.00016619999951217324,0.01816279999911785,0.008076900005107746,0.028294699994148687,1.6300007700920105e-05,2.2999884095042944e-06,1.2799995602108538e-05,3.0499999411404133e-05,8.999995770864189e-06,0.02349579999281559,0.0012780999968526885,0.0010164999985136092,1.0400006431154907e-05,0.09365669997350778
