percentage,execution,k_s_sup,s_k_sub,t_k_sup,ns_s_sup,s_ns_sub,r_ar_sup,ar_r_sub,ns_sub_r,ks_sf_in,sub_r_r,n_r_t,ns_s_spe,nk_k_sup,s_nsup_k,nrs_ns_r,total_time
20,5,0.005023300065658987,0.00282260007224977,0.00010299996938556433,0.0009367999155074358,0.009494400001130998,0.030289999907836318,1.559988595545292e-05,2.00001522898674e-06,1.4100107364356518e-05,4.2499974370002747e-05,1.1400086805224419e-05,0.0069654000690206885,0.002906799898482859,0.0021378000965341926,1.209997572004795e-05,0.060777800041250885
