percentage,execution,ar_r_sub,k_s_sup,ks_sf_in,n_r_t,nk_k_sup,nrs_ns_r,ns_s_spe,ns_s_sup,ns_sub_r,r_ar_sup,s_k_sub,s_ns_sub,s_nsup_k,sub_r_r,t_k_sup,total_time
70,6,0.0009710998274385929,0.0046951002441346645,1.5200115740299225e-05,1.0800082236528397e-05,0.008324299938976765,9.200070053339005e-06,0.016365299932658672,0.004736699629575014,2.1997839212417603e-06,0.0559026999399066,0.020866000093519688,0.039415199775248766,0.007025300059467554,0.00020790006965398788,0.033668499905616045,0.19221549946814775
