percentage,execution,k_s_sup,s_k_sub,t_k_sup,ns_s_sup,s_ns_sub,r_ar_sup,ar_r_sub,ns_sub_r,ks_sf_in,sub_r_r,n_r_t,ns_s_spe,nk_k_sup,s_nsup_k,nrs_ns_r,total_time
20,3,1.6499892808496952e-05,0.015328400069847703,2.1000043489038944e-05,1.4999997802078724e-05,0.05973009986337274,0.032512899953871965,0.019920699996873736,2.300017513334751e-06,2.1700048819184303e-05,0.0036003999412059784,1.2899981811642647e-05,7.899943739175797e-06,0.007998699904419482,0.00658869999460876,2.2699940018355846e-05,0.14579989959020168
