percentage,execution,ar_r_sub,k_s_sup,ks_sf_in,n_r_t,nk_k_sup,nrs_ns_r,ns_s_spe,ns_s_sup,ns_sub_r,r_ar_sup,s_k_sub,s_ns_sub,s_nsup_k,sub_r_r,t_k_sup,total_time
60,2,0.011103700031526387,0.017209599958732724,1.589988823980093e-05,1.179997343569994e-05,0.010053699952550232,1.009996049106121e-05,0.017087699961848557,0.004841699963435531,2.09989957511425e-06,0.05707130010705441,0.033565200050361454,0.07823000010102987,0.008717500022612512,0.00219890009611845,0.036695700022391975,0.2768148999894038
