percentage,execution,k_s_sup,s_k_sub,t_k_sup,ns_s_sup,s_ns_sub,r_ar_sup,ar_r_sub,ns_sub_r,ks_sf_in,sub_r_r,n_r_t,ns_s_spe,nk_k_sup,s_nsup_k,nrs_ns_r,total_time
20,2,0.008408000008785166,0.021423300000606105,0.027714899988495745,0.0008956999954534695,0.07529819999763276,0.03048030000354629,1.4499993994832039e-05,1.8999999156221747e-06,1.3800003216601908e-05,3.88999906135723e-05,1.0499992640689015e-05,0.006795799999963492,0.006357299993396737,0.005115200008731335,1.1399999493733048e-05,0.18257969997648615
