percentage,execution,k_s_sup,s_k_sub,t_k_sup,ns_s_sup,s_ns_sub,r_ar_sup,ar_r_sub,ns_sub_r,ks_sf_in,sub_r_r,n_r_t,ns_s_spe,nk_k_sup,s_nsup_k,nrs_ns_r,total_time
50,3,0.008075800142250955,0.012737100012600422,0.021929899929091334,0.022339000133797526,0.03453899989835918,0.05251069995574653,1.6200006939470768e-05,2.100015990436077e-06,1.3800105080008507e-05,2.9799994081258774e-05,9.500072337687016e-06,0.034823100082576275,0.004058800055645406,0.003679899964481592,9.200070053339005e-06,0.19477390043903142
