percentage,execution,ar_r_sub,k_s_sup,ks_sf_in,n_r_t,nk_k_sup,nrs_ns_r,ns_s_spe,ns_s_sup,ns_sub_r,r_ar_sup,s_k_sub,s_ns_sub,s_nsup_k,sub_r_r,t_k_sup,total_time
20,4,0.0001004999994620448,1.6699999832781032e-05,1.559999964229064e-05,1.0799999472510535e-05,0.0007530000002589077,1.269999938813271e-05,0.028899599999931525,0.029824899999766785,2.100000529026147e-06,0.03576809999958641,0.00016539999978704145,0.00017239999942830764,0.0005608999999822117,3.719999949680641e-05,1.6000000869098585e-05,0.09635589999743388
