percentage,execution,ar_r_sub,k_s_sup,ks_sf_in,n_r_t,nk_k_sup,nrs_ns_r,ns_s_spe,ns_s_sup,ns_sub_r,r_ar_sup,s_k_sub,s_ns_sub,s_nsup_k,sub_r_r,t_k_sup,total_time
80,8,2.2200000785232987e-05,0.01060209999923245,1.650000012887176e-05,1.2000000424450263e-05,0.004543899999589485,1.0799999472510535e-05,0.0521865999999136,0.04339620000064315,2.0000006770715117e-06,0.08989629999996396,0.01624450000053912,0.03165840000019671,0.004101300000002084,3.9799999285605736e-05,0.02517100000022765,0.27790360000108194
