percentage,execution,k_s_sup,s_k_sub,t_k_sup,ns_s_sup,s_ns_sub,r_ar_sup,ar_r_sub,ns_sub_r,ks_sf_in,sub_r_r,n_r_t,ns_s_spe,nk_k_sup,s_nsup_k,nrs_ns_r,total_time
50,4,0.006211700005223975,0.0058253000024706125,9.820000559557229e-05,0.02357520000077784,0.01806500001111999,0.05212599999504164,1.4299992471933365e-05,1.7999846022576094e-06,1.3299984857439995e-05,2.9400005587376654e-05,9.499999578110874e-06,0.03398639999795705,0.004065299988724291,0.0031488999957218766,8.999995770864189e-06,0.14717929996550083
