percentage,execution,ar_r_sub,k_s_sup,ks_sf_in,n_r_t,nk_k_sup,nrs_ns_r,ns_s_spe,ns_s_sup,ns_sub_r,r_ar_sup,s_k_sub,s_ns_sub,s_nsup_k,sub_r_r,t_k_sup,total_time
80,9,0.006101200357079506,0.00878559984266758,1.5999656170606613e-05,1.1200085282325745e-05,0.009791699703782797,8.499715477228165e-06,0.020136799663305283,0.006289400160312653,1.80024653673172e-06,0.05889899982139468,0.027486800216138363,0.046417299658060074,0.00805949978530407,0.0009473003447055817,0.03659579996019602,0.2295478992164135
