percentage,execution,k_s_sup,s_k_sub,t_k_sup,ns_s_sup,s_ns_sub,r_ar_sup,ar_r_sub,ns_sub_r,ks_sf_in,sub_r_r,n_r_t,ns_s_spe,nk_k_sup,s_nsup_k,nrs_ns_r,total_time
30,5,0.01158340007532388,0.012683000066317618,0.02217949996702373,0.028880199999548495,0.04987240000627935,0.036544800037518144,8.279993198812008e-05,2.200016751885414e-06,1.3299984857439995e-05,3.029999788850546e-05,9.70007386058569e-06,0.03255490004085004,0.004142799996770918,0.00406249996740371,1.1400086805224419e-05,0.20265320024918765
