percentage,execution,ar_r_sub,k_s_sup,ks_sf_in,n_r_t,nk_k_sup,nrs_ns_r,ns_s_spe,ns_s_sup,ns_sub_r,r_ar_sup,s_k_sub,s_ns_sub,s_nsup_k,sub_r_r,t_k_sup,total_time
50,7,0.00014270003885030746,0.006499800132587552,1.479999627918005e-05,1.1599971912801266e-05,0.0059501000214368105,9.900075383484364e-06,0.016889599966816604,0.008106999914161861,4.799920134246349e-06,0.057712299982085824,0.011049599968828261,0.017353500006720424,0.004987799911759794,3.990007098764181e-05,0.021210999926552176,0.14998439990449697
