percentage,execution,k_s_sup,s_k_sub,t_k_sup,ns_s_sup,s_ns_sub,r_ar_sup,ar_r_sub,ns_sub_r,ks_sf_in,sub_r_r,n_r_t,ns_s_spe,nk_k_sup,s_nsup_k,nrs_ns_r,total_time
40,3,0.01032300000952091,0.00542120001045987,0.00023089999740477651,0.01738659999682568,0.011552299998584203,0.04870530001062434,1.3600016245618463e-05,1.700012944638729e-06,1.2999997125007212e-05,2.9400005587376654e-05,9.499999578110874e-06,0.023184499994385988,0.003078800000366755,0.0024018999974941835,9.2999980552122e-06,0.12236100004520267
