percentage,execution,ar_r_sub,k_s_sup,ks_sf_in,n_r_t,nk_k_sup,nrs_ns_r,ns_s_spe,ns_s_sup,ns_sub_r,r_ar_sup,s_k_sub,s_ns_sub,s_nsup_k,sub_r_r,t_k_sup,total_time
80,1,0.006072400021366775,0.005502799991518259,1.5400000847876072e-05,1.1499971151351929e-05,0.009944200050085783,8.599949069321156e-06,0.013357599964365363,0.003321999916806817,2.300017513334751e-06,0.05592740001156926,0.0323436000617221,0.05109620001167059,0.008328899974003434,0.0009442999726161361,0.02638310007750988,0.21326029999181628
