percentage,execution,ar_r_sub,k_s_sup,ks_sf_in,n_r_t,nk_k_sup,nrs_ns_r,ns_s_spe,ns_s_sup,ns_sub_r,r_ar_sup,s_k_sub,s_ns_sub,s_nsup_k,sub_r_r,t_k_sup,total_time
30,10,1.4699995517730713e-05,1.4600344002246857e-05,1.29002146422863e-05,9.300187230110168e-06,0.0015956000424921513,1.0200310498476028e-05,0.0320826000533998,0.027365199755877256,1.700129359960556e-06,0.031624999828636646,0.0018135998398065567,0.00834210030734539,0.0014017997309565544,2.9399991035461426e-05,1.4800112694501877e-05,0.10433350084349513
