percentage,execution,k_s_sup,s_k_sub,t_k_sup,ns_s_sup,s_ns_sub,r_ar_sup,ar_r_sub,ns_sub_r,ks_sf_in,sub_r_r,n_r_t,ns_s_spe,nk_k_sup,s_nsup_k,nrs_ns_r,total_time
70,2,0.004974600044079125,0.02575289993546903,0.021779400063678622,0.00785679998807609,0.05143840005621314,0.06020389997866005,0.019528399920091033,2.200016751885414e-06,3.060000017285347e-05,0.003643499920144677,1.2199976481497288e-05,0.016623300034552813,0.010280300048179924,0.008094899938441813,9.200070053339005e-06,0.2302305999910459
