percentage,execution,ar_r_sub,k_s_sup,ks_sf_in,n_r_t,nk_k_sup,nrs_ns_r,ns_s_spe,ns_s_sup,ns_sub_r,r_ar_sup,s_k_sub,s_ns_sub,s_nsup_k,sub_r_r,t_k_sup,total_time
80,7,8.670007809996605e-05,0.009806100279092789,1.8100254237651825e-05,1.0100193321704865e-05,0.004202899988740683,8.100178092718124e-06,0.04094370035454631,0.032112599816173315,1.80024653673172e-06,0.07734249997884035,0.015355899930000305,0.02522579999640584,0.0037831002846360207,2.8999987989664078e-05,0.022969800047576427,0.23189620161429048
