percentage,execution,ar_r_sub,k_s_sup,ks_sf_in,n_r_t,nk_k_sup,nrs_ns_r,ns_s_spe,ns_s_sup,ns_sub_r,r_ar_sup,s_k_sub,s_ns_sub,s_nsup_k,sub_r_r,t_k_sup,total_time
80,6,1.3600000784208532e-05,1.2800000149582047e-05,1.2900000001536682e-05,7.300000106624793e-06,6.799999937356915e-06,6.199999916134402e-06,0.004678600000261213,0.005121999999573745,2.1999994714860804e-06,0.004923600000438455,1.0800000382005237e-05,1.2700000297627412e-05,5.699999746866524e-06,1.5099999473022763e-05,1.1899999663000926e-05,0.014842200000202865
