percentage,execution,k_s_sup,s_k_sub,t_k_sup,ns_s_sup,s_ns_sub,r_ar_sup,ar_r_sub,ns_sub_r,ks_sf_in,sub_r_r,n_r_t,ns_s_spe,nk_k_sup,s_nsup_k,nrs_ns_r,total_time
30,2,0.009116999921388924,0.012387100025080144,0.02437680005095899,0.02360469999257475,0.037725500063970685,0.04173529997933656,1.4299992471933365e-05,2.200016751885414e-06,1.379998866468668e-05,3.1100003980100155e-05,9.299954399466515e-06,0.026004799990914762,0.0040083000203594565,0.003645499935373664,9.999959729611874e-06,0.18268569989595562
