percentage,execution,ar_r_sub,k_s_sup,ks_sf_in,n_r_t,nk_k_sup,nrs_ns_r,ns_s_spe,ns_s_sup,ns_sub_r,r_ar_sup,s_k_sub,s_ns_sub,s_nsup_k,sub_r_r,t_k_sup,total_time
80,5,8.029991295188665e-05,0.004596399958245456,1.379998866468668e-05,1.009996049106121e-05,0.0041105999844148755,7.6000578701496124e-06,0.04275200003758073,0.030295600066892803,1.9000144675374031e-06,0.07484919985290617,0.012152799987234175,0.018281400203704834,0.0037145999958738685,2.8199981898069382e-05,0.021141699980944395,0.2120361999841407
