percentage,execution,k_s_sup,s_k_sub,t_k_sup,ns_s_sup,s_ns_sub,r_ar_sup,ar_r_sub,ns_sub_r,ks_sf_in,sub_r_r,n_r_t,ns_s_spe,nk_k_sup,s_nsup_k,nrs_ns_r,total_time
80,8,0.0057084000000031665,0.0306741999957012,0.03686779999407008,0.006341499989503063,0.04292170000553597,0.06683710000652354,0.009044499980518594,2.1000014385208488e-06,1.5299985534511507e-05,0.001626800003577955,1.1399999493733048e-05,0.019772999992710538,0.009071599997696467,0.007552800001576543,8.500006515532732e-06,0.23645669996039942
