percentage,execution,ar_r_sub,k_s_sup,ks_sf_in,n_r_t,nk_k_sup,nrs_ns_r,ns_s_spe,ns_s_sup,ns_sub_r,r_ar_sup,s_k_sub,s_ns_sub,s_nsup_k,sub_r_r,t_k_sup,total_time
80,6,8.060003165155649e-05,0.00888209999538958,1.3699987903237343e-05,9.499955922365189e-06,0.004160100012086332,7.900060154497623e-06,0.04026819998398423,0.03210459998808801,1.800013706088066e-06,0.07371320005040616,0.014062799979001284,0.02032650006003678,0.003727199975401163,2.7999980375170708e-05,0.021085700020194054,0.2184719000943005
