percentage,execution,k_s_sup,s_k_sub,t_k_sup,ns_s_sup,s_ns_sub,r_ar_sup,ar_r_sub,ns_sub_r,ks_sf_in,sub_r_r,n_r_t,ns_s_spe,nk_k_sup,s_nsup_k,nrs_ns_r,total_time
90,1,0.012463599996408448,0.014458000005106442,0.021639699989464134,0.041422599999350496,0.014090500000747852,0.09522139999899082,1.6400008462369442e-05,2.3999891709536314e-06,1.3400014722719789e-05,2.8799986466765404e-05,9.499999578110874e-06,0.05138309999892954,0.003918300004443154,0.003768900001887232,7.199996616691351e-06,0.2584437999903457
