percentage,execution,ar_r_sub,k_s_sup,ks_sf_in,n_r_t,nk_k_sup,nrs_ns_r,ns_s_spe,ns_s_sup,ns_sub_r,r_ar_sup,s_k_sub,s_ns_sub,s_nsup_k,sub_r_r,t_k_sup,total_time
60,6,9.940000018104911e-05,0.007181900000432506,1.650000012887176e-05,1.1000000085914508e-05,0.0042477000006329035,1.1900000572495628e-05,0.04801320000024134,0.036051099999895087,2.3000002329354174e-06,0.07500729999992473,0.002474900000379421,0.006501600000774488,0.003319800000099349,3.6100000215810724e-05,0.00011249999988649506,0.1830872000036834
