percentage,execution,ar_r_sub,k_s_sup,ks_sf_in,n_r_t,nk_k_sup,nrs_ns_r,ns_s_spe,ns_s_sup,ns_sub_r,r_ar_sup,s_k_sub,s_ns_sub,s_nsup_k,sub_r_r,t_k_sup,total_time
20,2,0.022968399999626854,0.010353399999985413,1.8999999156221747e-05,1.4600000213249587e-05,0.008558399999856192,1.5999999959603883e-05,0.012856600000304752,0.002219199998762633,2.599999788799323e-06,0.03594850000081351,0.01941179999994347,0.07195010000032198,0.006844399999863526,0.004796600000190665,0.018370300000242423,0.2143298999990293
