percentage,execution,ar_r_sub,k_s_sup,ks_sf_in,n_r_t,nk_k_sup,nrs_ns_r,ns_s_spe,ns_s_sup,ns_sub_r,r_ar_sup,s_k_sub,s_ns_sub,s_nsup_k,sub_r_r,t_k_sup,total_time
50,5,1.4800112694501877e-05,1.4400109648704529e-05,1.3600103557109833e-05,9.699724614620209e-06,0.0041518001817166805,9.09995287656784e-06,0.03703750018030405,0.03422809997573495,1.8994323909282684e-06,0.0625503002665937,0.005659399554133415,0.01572049967944622,0.0032027997076511383,2.989964559674263e-05,1.4800578355789185e-05,0.1626585992053151
