percentage,execution,k_s_sup,s_k_sub,t_k_sup,ns_s_sup,s_ns_sub,r_ar_sup,ar_r_sub,ns_sub_r,ks_sf_in,sub_r_r,n_r_t,ns_s_spe,nk_k_sup,s_nsup_k,nrs_ns_r,total_time
5,2,1.3699987903237343e-05,1.2200092896819115e-05,1.3300101272761822e-05,0.018643600051291287,1.650000922381878e-05,0.011175499996170402,1.600012183189392e-05,1.8998980522155762e-06,1.2500095181167126e-05,3.4100026823580265e-05,1.0399962775409222e-05,0.013742299983277917,7.0999376475811005e-06,6.300047971308231e-06,1.0299962013959885e-05,0.04371570027433336
