percentage,execution,ar_r_sub,k_s_sup,ks_sf_in,n_r_t,nk_k_sup,nrs_ns_r,ns_s_spe,ns_s_sup,ns_sub_r,r_ar_sup,s_k_sub,s_ns_sub,s_nsup_k,sub_r_r,t_k_sup,total_time
20,1,1.2399999832268804e-05,0.00011179999910382321,1.2299999980314169e-05,6.599999323952943e-06,0.0014363000000230386,1.6600000890321098e-05,6.100000064179767e-06,1.2800001059076749e-05,2.899999344663229e-06,0.00010649999967426993,0.004392100000586652,0.021585900000900438,0.0010764999997263658,1.4900000678608194e-05,0.0050203000000692555,0.03381400000125723
