percentage,execution,k_s_sup,s_k_sub,t_k_sup,ns_s_sup,s_ns_sub,r_ar_sup,ar_r_sub,ns_sub_r,ks_sf_in,sub_r_r,n_r_t,ns_s_spe,nk_k_sup,s_nsup_k,nrs_ns_r,total_time
30,5,0.006546000004163943,0.01750210000318475,0.007677199988393113,0.008559800015063956,0.05424579998361878,0.03213490000052843,0.013298600009875372,2.200016751885414e-06,1.5199999324977398e-05,0.0027025000017601997,1.1600001016631722e-05,0.017063799998140894,0.006987200002186,0.005795200006105006,1.09999964479357e-05,0.17255310002656188
