percentage,execution,k_s_sup,s_k_sub,t_k_sup,ns_s_sup,s_ns_sub,r_ar_sup,ar_r_sub,ns_sub_r,ks_sf_in,sub_r_r,n_r_t,ns_s_spe,nk_k_sup,s_nsup_k,nrs_ns_r,total_time
90,9,0.003733899982762523,0.03228379999927711,0.0348089000035543,0.00020199999562464654,0.04120079999847803,0.06556459999410436,0.00014370000280905515,1.4400022337213159e-05,1.2500007869675756e-05,2.4499997380189598e-05,9.69998654909432e-06,0.006580200002645142,0.007106399993062951,0.006430399997043423,6.89999433234334e-06,0.19812269997783005
