percentage,execution,ar_r_sub,k_s_sup,ks_sf_in,n_r_t,nk_k_sup,nrs_ns_r,ns_s_spe,ns_s_sup,ns_sub_r,r_ar_sup,s_k_sub,s_ns_sub,s_nsup_k,sub_r_r,t_k_sup,total_time
80,1,0.0001229005865752697,0.0048529002815485,1.800013706088066e-05,2.130027860403061e-05,0.020740799605846405,1.4900695532560349e-05,0.01324959984049201,0.00030089961364865303,2.4800188839435577e-05,0.09492960060015321,0.04335180018097162,0.06008870014920831,0.01314149983227253,3.6699697375297546e-05,0.04864689987152815,0.29954130155965686
