percentage,execution,ar_r_sub,k_s_sup,ks_sf_in,n_r_t,nk_k_sup,nrs_ns_r,ns_s_spe,ns_s_sup,ns_sub_r,r_ar_sup,s_k_sub,s_ns_sub,s_nsup_k,sub_r_r,t_k_sup,total_time
30,8,0.00014040013775229454,1.2600328773260117e-05,1.1300202459096909e-05,8.90018418431282e-06,0.003169099800288677,8.400063961744308e-06,0.0022261999547481537,7.439963519573212e-05,1.2500211596488953e-05,0.03332900023087859,0.0014422005042433739,0.004419700242578983,0.002414099872112274,2.5999732315540314e-05,1.3000331819057465e-05,0.04730780143290758
