percentage,execution,k_s_sup,s_k_sub,t_k_sup,ns_s_sup,s_ns_sub,r_ar_sup,ar_r_sub,ns_sub_r,ks_sf_in,sub_r_r,n_r_t,ns_s_spe,nk_k_sup,s_nsup_k,nrs_ns_r,total_time
50,7,0.009370200001285411,0.05464329999813344,0.05162610001571011,0.0003989999968325719,0.09650599998713005,0.08165299998654518,0.00016710000636521727,0.0029023999959463254,2.4899985874071717e-05,4.9600013880990446e-05,1.889999839477241e-05,0.012792399997124448,0.01933350000763312,0.01200539999990724,1.689998316578567e-05,0.34150869997392874
