percentage,execution,ar_r_sub,k_s_sup,ks_sf_in,n_r_t,nk_k_sup,nrs_ns_r,ns_s_spe,ns_s_sup,ns_sub_r,r_ar_sup,s_k_sub,s_ns_sub,s_nsup_k,sub_r_r,t_k_sup,total_time
60,2,1.4199998986441642e-05,0.00625199999922188,1.3699999726668466e-05,1.0800000382005237e-05,0.006715299999996205,1.0299999303242657e-05,0.0021130000004632166,0.00127260000044771,0.00282839999999851,0.015128699999877426,0.0020019999992655357,0.0019518000008247327,0.0008965000006355694,2.029999996011611e-05,0.0012941999993927311,0.04052379999848199
