percentage,execution,ar_r_sub,k_s_sup,ks_sf_in,n_r_t,nk_k_sup,nrs_ns_r,ns_s_spe,ns_s_sup,ns_sub_r,r_ar_sup,s_k_sub,s_ns_sub,s_nsup_k,sub_r_r,t_k_sup,total_time
70,3,0.00014249992091208696,0.007054600049741566,1.2499978765845299e-05,9.399955160915852e-06,0.007101499941200018,7.699942216277122e-06,0.00648350000847131,0.00019830011297017336,0.00014180003199726343,0.05405819998122752,0.02783029992133379,0.05871399992611259,0.006380000035278499,2.429995220154524e-05,0.03442989999894053,0.20258849975652993
