percentage,execution,ar_r_sub,k_s_sup,ks_sf_in,n_r_t,nk_k_sup,nrs_ns_r,ns_s_spe,ns_s_sup,ns_sub_r,r_ar_sup,s_k_sub,s_ns_sub,s_nsup_k,sub_r_r,t_k_sup,total_time
30,7,9.23998886719346e-05,0.006170199951156974,1.470011193305254e-05,9.199953638017178e-06,0.004368099966086447,9.100069291889668e-06,0.004576200037263334,0.00014209991786628962,0.00015119998715817928,0.028522100066766143,0.01581000001169741,0.047159000067040324,0.003859899938106537,2.52000754699111e-05,0.023469399893656373,0.13437879993580282
