percentage,execution,k_s_sup,s_k_sub,t_k_sup,ns_s_sup,s_ns_sub,r_ar_sup,ar_r_sub,ns_sub_r,ks_sf_in,sub_r_r,n_r_t,ns_s_spe,nk_k_sup,s_nsup_k,nrs_ns_r,total_time
40,6,0.007305799997993745,0.04237700000521727,0.03153300000121817,0.0002893999917432666,0.0799401999975089,0.0904232999891974,0.00016360000881832093,0.0002804999821819365,2.549999044276774e-05,5.18000015290454e-05,2.0899999071843922e-05,0.009080399991944432,0.01847940000880044,0.011015899988706224,1.8400009139440954e-05,0.2910050999635132
