percentage,execution,ar_r_sub,k_s_sup,ks_sf_in,n_r_t,nk_k_sup,nrs_ns_r,ns_s_spe,ns_s_sup,ns_sub_r,r_ar_sup,s_k_sub,s_ns_sub,s_nsup_k,sub_r_r,t_k_sup,total_time
80,9,1.2700000297627412e-05,0.010091299999658077,1.1999999514955562e-05,6.400000529538374e-06,0.0006133999995654449,5.699999746866524e-06,0.0012752000002365094,0.001022700000248733,0.0035054999998465064,0.015060699999594362,0.0027840000002470333,0.003085100000134844,0.0005538000004889909,1.559999964229064e-05,0.0030853999996907078,0.04112949999944249
