percentage,execution,ar_r_sub,k_s_sup,ks_sf_in,n_r_t,nk_k_sup,nrs_ns_r,ns_s_spe,ns_s_sup,ns_sub_r,r_ar_sup,s_k_sub,s_ns_sub,s_nsup_k,sub_r_r,t_k_sup,total_time
60,2,0.00016590021550655365,0.005249399691820145,2.5200191885232925e-05,1.9200146198272705e-05,0.02516820002347231,1.5600118786096573e-05,0.013217500410974026,0.00044320011511445045,3.1200237572193146e-05,0.10469479952007532,0.05129270022735,0.08903149981051683,0.011926500592380762,4.979968070983887e-05,0.04847419913858175,0.3498049001209438
