percentage,execution,ar_r_sub,k_s_sup,ks_sf_in,n_r_t,nk_k_sup,nrs_ns_r,ns_s_spe,ns_s_sup,ns_sub_r,r_ar_sup,s_k_sub,s_ns_sub,s_nsup_k,sub_r_r,t_k_sup,total_time
20,5,2.5000001187436283e-05,0.0013914000010117888,2.2700000045006163e-05,1.810000048863003e-05,0.012282499999855645,2.1499999093066435e-05,0.008381900000131282,0.00026650000017980346,2.409999888186576e-05,0.022038600000087172,0.021568999998635263,0.04472960000020976,0.006275099999584199,5.000000055588316e-05,0.013308599999618309,0.1304045999995651
