percentage,execution,ar_r_sub,k_s_sup,ks_sf_in,n_r_t,nk_k_sup,nrs_ns_r,ns_s_spe,ns_s_sup,ns_sub_r,r_ar_sup,s_k_sub,s_ns_sub,s_nsup_k,sub_r_r,t_k_sup,total_time
40,1,2.6600202545523643e-05,0.008712199982255697,2.469983883202076e-05,2.1099927835166454e-05,0.021149700041860342,1.8100137822329998e-05,0.009049199987202883,0.00028699985705316067,0.0003043001051992178,0.0770234001101926,0.061500900075770915,0.12456839997321367,0.012789999949745834,5.009991582483053e-05,0.04237880010623485,0.35790450021158904
