percentage,execution,k_s_sup,s_k_sub,t_k_sup,ns_s_sup,s_ns_sub,r_ar_sup,ar_r_sub,ns_sub_r,ks_sf_in,sub_r_r,n_r_t,ns_s_spe,nk_k_sup,s_nsup_k,nrs_ns_r,total_time
40,3,0.003804100095294416,0.0419345002155751,0.0364693000447005,0.0004014997975900769,0.09481709997635335,0.06269899988546968,0.0001645000884309411,3.169989213347435e-05,2.719997428357601e-05,5.219993181526661e-05,1.870014239102602e-05,0.01389149995520711,0.031659499974921346,0.011699600028805435,1.9400031305849552e-05,0.29768980003427714
