percentage,execution,k_s_sup,s_k_sub,t_k_sup,ns_s_sup,s_ns_sub,r_ar_sup,ar_r_sub,ns_sub_r,ks_sf_in,sub_r_r,n_r_t,ns_s_spe,nk_k_sup,s_nsup_k,nrs_ns_r,total_time
20,9,1.2999997125007212e-05,0.005022200013627298,1.4499993994832039e-05,8.359999628737569e-05,0.02078089999849908,0.025743199992575683,8.230000094044954e-05,1.2999997125007212e-05,1.2300006346777081e-05,2.720000338740647e-05,9.700001101009548e-06,0.002322900007129647,0.003687999997055158,0.003483000007690862,1.5599987818859518e-05,0.06131140000070445
