percentage,execution,ar_r_sub,k_s_sup,ks_sf_in,n_r_t,nk_k_sup,nrs_ns_r,ns_s_spe,ns_s_sup,ns_sub_r,r_ar_sup,s_k_sub,s_ns_sub,s_nsup_k,sub_r_r,t_k_sup,total_time
30,6,9.769992902874947e-05,1.2599397450685501e-05,1.1699739843606949e-05,9.09995287656784e-06,0.0052130999974906445,1.1499971151351929e-05,6.00004568696022e-06,1.1499505490064621e-05,1.270044595003128e-05,0.0416765003465116,0.00581339979544282,0.02210590010508895,0.004085400141775608,2.6999972760677338e-05,1.3399869203567505e-05,0.07910749921575189
