percentage,execution,ar_r_sub,k_s_sup,ks_sf_in,n_r_t,nk_k_sup,nrs_ns_r,ns_s_spe,ns_s_sup,ns_sub_r,r_ar_sup,s_k_sub,s_ns_sub,s_nsup_k,sub_r_r,t_k_sup,total_time
80,3,0.0001650000922381878,0.007986800163052976,2.5099958293139935e-05,1.840014010667801e-05,0.020196400117129087,1.4699995517730713e-05,0.01087929995264858,0.0003483998589217663,0.002915899967774749,0.12371890002395958,0.05608680017758161,0.06762209988664836,0.013292400049977005,4.8600020818412304e-05,0.05639819987118244,0.3597170002758503
