percentage,execution,k_s_sup,s_k_sub,t_k_sup,ns_s_sup,s_ns_sub,r_ar_sup,ar_r_sub,ns_sub_r,ks_sf_in,sub_r_r,n_r_t,ns_s_spe,nk_k_sup,s_nsup_k,nrs_ns_r,total_time
30,4,0.00016629998572170734,0.04200730002776254,0.005035700000007637,0.00025060001644305885,0.10561149998102337,0.10688989999471232,0.0003004000027431175,4.209998587612063e-05,3.840001591015607e-05,8.690000686328858e-05,2.61999957729131e-05,0.006507700003567152,0.026136499989661388,0.013043599989032373,5.7199998991563916e-05,0.3062002999940887
