percentage,execution,ar_r_sub,k_s_sup,ks_sf_in,n_r_t,nk_k_sup,nrs_ns_r,ns_s_spe,ns_s_sup,ns_sub_r,r_ar_sup,s_k_sub,s_ns_sub,s_nsup_k,sub_r_r,t_k_sup,total_time
50,7,0.00039679999463260174,0.010297499829903245,2.580008003860712e-05,1.910002902150154e-05,0.024398299865424633,1.570011954754591e-05,0.00868250010535121,0.0002812000457197428,0.006007699994370341,0.09077370015438646,0.050526399980299175,0.09690140001475811,0.011452600010670722,4.940014332532883e-05,0.03260280017275363,0.33243090054020286
