percentage,execution,ar_r_sub,k_s_sup,ks_sf_in,n_r_t,nk_k_sup,nrs_ns_r,ns_s_spe,ns_s_sup,ns_sub_r,r_ar_sup,s_k_sub,s_ns_sub,s_nsup_k,sub_r_r,t_k_sup,total_time
60,6,0.0073870000005626935,8.509999952366343e-05,1.8699997781368438e-05,1.1899999663000926e-05,0.008097299999462848,1.089999932446517e-05,9.100001079787035e-06,1.920000067912042e-05,2.0199999198666774e-05,0.0029146000006221584,0.01219510000100854,0.021223099998678663,0.002239700000245648,0.0013112000006003655,0.005772099999376223,0.06131519999780721
