percentage,execution,ar_r_sub,k_s_sup,ks_sf_in,n_r_t,nk_k_sup,nrs_ns_r,ns_s_spe,ns_s_sup,ns_sub_r,r_ar_sup,s_k_sub,s_ns_sub,s_nsup_k,sub_r_r,t_k_sup,total_time
80,6,0.0015382999990833923,8.07999995231512e-05,0.0006006000003253575,4.900000021734741e-06,0.0006637999995291466,4.999999873689376e-06,4.399999852466863e-06,9.199999112752266e-06,9.499999578110874e-06,7.790000017848797e-05,0.004294100000151957,0.00724629999967874,0.0005350000001271837,1.0999999176419806e-05,0.0018194999993284,0.01690029999554099
