percentage,execution,ar_r_sub,k_s_sup,ks_sf_in,n_r_t,nk_k_sup,nrs_ns_r,ns_s_spe,ns_s_sup,ns_sub_r,r_ar_sup,s_k_sub,s_ns_sub,s_nsup_k,sub_r_r,t_k_sup,total_time
80,1,0.0003766999579966068,8.13002698123455e-05,9.599607437849045e-06,6.00004568696022e-06,0.0015090997330844402,5.7998113334178925e-06,4.90015372633934e-06,1.0299496352672577e-05,1.0500196367502213e-05,0.000875100027769804,0.009401400107890368,0.016722699627280235,0.0012914999388158321,1.2500211596488953e-05,0.0062605999410152435,0.036577999126166105
