percentage,execution,ar_r_sub,k_s_sup,ks_sf_in,n_r_t,nk_k_sup,nrs_ns_r,ns_s_spe,ns_s_sup,ns_sub_r,r_ar_sup,s_k_sub,s_ns_sub,s_nsup_k,sub_r_r,t_k_sup,total_time
60,5,0.0016328999772667885,0.00010400032624602318,9.600073099136353e-06,6.100162863731384e-06,0.0016168998554348946,5.899928510189056e-06,4.699919372797012e-06,1.0099727660417557e-05,1.0800082236528397e-05,0.0008675004355609417,0.010284400545060635,0.023064900655299425,0.0013068998232483864,0.0002449997700750828,0.006174200214445591,0.04534390149638057
