percentage,execution,ar_r_sub,k_s_sup,ks_sf_in,n_r_t,nk_k_sup,nrs_ns_r,ns_s_spe,ns_s_sup,ns_sub_r,r_ar_sup,s_k_sub,s_ns_sub,s_nsup_k,sub_r_r,t_k_sup,total_time
90,6,0.0018576998263597488,8.219992741942406e-05,1.00000761449337e-05,6.1998143792152405e-06,0.0015358002856373787,5.499925464391708e-06,4.90015372633934e-06,1.0400544852018356e-05,1.0999850928783417e-05,0.0008914000354707241,0.010246999561786652,0.013668200001120567,0.0013222000561654568,0.00024850014597177505,0.006208200007677078,0.036109200213104486
