percentage,execution,ar_r_sub,k_s_sup,ks_sf_in,n_r_t,nk_k_sup,nrs_ns_r,ns_s_spe,ns_s_sup,ns_sub_r,r_ar_sup,s_k_sub,s_ns_sub,s_nsup_k,sub_r_r,t_k_sup,total_time
20,3,7.239999922603602e-05,7.860000005166512e-05,9.299999874201603e-06,5.500000042957254e-06,0.0011887999999089516,5.9000003602704965e-06,4.600000465870835e-06,9.399999726156238e-06,1.0099998689838685e-05,7.46000005165115e-05,0.007000300000072457,0.026868900000408757,0.0010172000002057757,1.1500000255182385e-05,0.001797499999156571,0.0381545999989612
