percentage,execution,ar_r_sub,k_s_sup,ks_sf_in,n_r_t,nk_k_sup,nrs_ns_r,ns_s_spe,ns_s_sup,ns_sub_r,r_ar_sup,s_k_sub,s_ns_sub,s_nsup_k,sub_r_r,t_k_sup,total_time
20,5,0.00015870000061113387,8.489999981975416e-05,1.7899998965731356e-05,1.0599999768601265e-05,0.007816399999683199,1.1699999959091656e-05,8.600000001024455e-06,1.869999869086314e-05,1.9199998860131018e-05,0.0030569999989893404,0.011247799999182462,0.026719099999354512,0.0017327000005025184,2.429999949526973e-05,0.0018645000000105938,0.052792099993894226
