execution,ar_r_sub,k_s_sup,ks_sf_in,n_r_t,nk_k_sup,nrs_ns_r,ns_s_spe,ns_s_sup,ns_sub_r,r_ar_sup,s_k_sub,s_ns_sub,s_nsup_k,sub_r_r,t_k_sup,total_time
1,7.360009476542473e-05,9.29972156882286e-06,0.00023610051721334457,5.300156772136688e-06,0.00023220013827085495,5.300156772136688e-06,4.300381988286972e-06,8.699484169483185e-06,8.899718523025513e-06,8.90018418431282e-06,7.320009171962738e-05,8.880021050572395e-05,0.00016379961743950844,1.070043072104454e-05,9.000301361083984e-06,0.0009381012059748173
2,7.950002327561378e-05,1.00000761449337e-05,0.0002964995801448822,6.299931555986404e-06,0.0002528000622987747,5.899928510189056e-06,4.699919372797012e-06,9.000301361083984e-06,1.0099727660417557e-05,9.799841791391373e-06,7.699988782405853e-05,7.999967783689499e-05,0.0001770998351275921,1.219986006617546e-05,9.499955922365189e-06,0.001040398608893156
3,9.300187230110168e-06,8.030002936720848e-05,8.999835699796677e-06,5.400273948907852e-06,0.0005239997990429401,5.8002769947052e-06,4.90015372633934e-06,9.60053876042366e-06,9.80030745267868e-06,7.92001374065876e-05,0.003220799844712019,0.012755800038576126,0.00045010028406977654,1.0600313544273376e-05,0.0010081999935209751,0.018182802014052868
4,0.010891899932175875,4.71002422273159e-05,1.3300217688083649e-05,1.0599847882986069e-05,0.010427300352603197,9.600073099136353e-06,8.900649845600128e-06,1.3900455087423325e-05,1.4600344002246857e-05,4.659965634346008e-05,0.003551799338310957,0.009643299970775843,0.0008897003717720509,0.0021735001355409622,0.0004865005612373352,0.03822860214859247
