percentage,execution,ar_r_sub,k_s_sup,ks_sf_in,n_r_t,nk_k_sup,nrs_ns_r,ns_s_spe,ns_s_sup,ns_sub_r,r_ar_sup,s_k_sub,s_ns_sub,s_nsup_k,sub_r_r,t_k_sup,total_time
30,7,0.00013830047100782394,1.0999850928783417e-05,9.799841791391373e-06,5.7998113334178925e-06,0.0005815001204609871,6.299931555986404e-06,0.0009003998711705208,8.030002936720848e-05,1.7997808754444122e-06,7.639965042471886e-05,0.00014280015602707863,0.00013870000839233398,0.00043789995834231377,1.309998333454132e-05,9.999610483646393e-06,0.0025540990754961967
