percentage,execution,ar_r_sub,k_s_sup,ks_sf_in,n_r_t,nk_k_sup,nrs_ns_r,ns_s_spe,ns_s_sup,ns_sub_r,r_ar_sup,s_k_sub,s_ns_sub,s_nsup_k,sub_r_r,t_k_sup,total_time
20,7,0.0001280999995287857,1.0500000826141331e-05,9.399999726156238e-06,5.699999746866524e-06,0.0006929000001036911,8.69999985297909e-06,4.70000031782547e-06,9.000000318337698e-06,1.6999993022182025e-06,9.899999895424116e-06,0.00014060000012250384,0.00012939999942318536,0.0005368000001908513,1.2599999536178075e-05,9.899999895424116e-06,0.0017098999987865682
