percentage,execution,ar_r_sub,k_s_sup,ks_sf_in,n_r_t,nk_k_sup,nrs_ns_r,ns_s_spe,ns_s_sup,ns_sub_r,r_ar_sup,s_k_sub,s_ns_sub,s_nsup_k,sub_r_r,t_k_sup,total_time
60,3,0.00013180000132706482,7.889999960752903e-05,0.0004804999998668791,5.100000635138713e-06,0.0006784999995943508,5.399999281507917e-06,4.399999852466863e-06,9.900000804918818e-06,1.6999993022182025e-06,0.0008794999994279351,0.0037531999996645027,0.009707999999591266,0.0005608999999822117,1.089999932446517e-05,0.004387199999655422,0.020695899997917877
