percentage,execution,ar_r_sub,k_s_sup,ks_sf_in,n_r_t,nk_k_sup,nrs_ns_r,ns_s_spe,ns_s_sup,ns_sub_r,r_ar_sup,s_k_sub,s_ns_sub,s_nsup_k,sub_r_r,t_k_sup,total_time
90,8,0.0024597998708486557,0.0017210999503731728,1.0300427675247192e-05,6.400048732757568e-06,0.0011905999854207039,5.700159817934036e-06,0.002446299884468317,0.0016338997520506382,1.9995495676994324e-06,0.0016729999333620071,0.0035880994983017445,0.0034897001460194588,0.0012316997162997723,1.2499745935201645e-05,0.01213210029527545,0.03160319896414876
