percentage,execution,ar_r_sub,k_s_sup,ks_sf_in,n_r_t,nk_k_sup,nrs_ns_r,ns_s_spe,ns_s_sup,ns_sub_r,r_ar_sup,s_k_sub,s_ns_sub,s_nsup_k,sub_r_r,t_k_sup,total_time
60,1,0.00014199999986885814,9.999999747378752e-06,0.00047359999916807283,5.599999894911889e-06,0.0007116999995560036,5.300000339047983e-06,4.800000169780105e-06,8.89999955688836e-06,1.8999999156221747e-06,0.0031620999998267507,0.0002584000003480469,0.00026029999935417436,0.00046549999933631625,1.1399999493733048e-05,9.79999913397478e-06,0.00553129999570956
