percentage,execution,ar_r_sub,k_s_sup,ks_sf_in,n_r_t,nk_k_sup,nrs_ns_r,ns_s_spe,ns_s_sup,ns_sub_r,r_ar_sup,s_k_sub,s_ns_sub,s_nsup_k,sub_r_r,t_k_sup,total_time
40,4,0.0001326000001427019,9.79999913397478e-06,9.200000022246968e-06,5.500000042957254e-06,0.00032980000014504185,5.599999894911889e-06,0.0016645999994580052,0.005569000000832602,0.00013380000018514693,0.0026823000007425435,7.32000007701572e-05,7.389999973383965e-05,0.00025379999988217605,3.4899999263870995e-05,9.099999260797631e-06,0.010987099999510974
