percentage,execution,ar_r_sub,k_s_sup,ks_sf_in,n_r_t,nk_k_sup,nrs_ns_r,ns_s_spe,ns_s_sup,ns_sub_r,r_ar_sup,s_k_sub,s_ns_sub,s_nsup_k,sub_r_r,t_k_sup,total_time
60,4,0.001245399998879293,0.0007703999999648659,1.2999999853491317e-05,1.0900000233959872e-05,0.009973600000193983,1.0399999155197293e-05,0.002128400000401598,0.0012776999992638594,1.500000053056283e-05,0.0020395000001371955,0.002054399999906309,0.0018789000005199341,0.0008764999993218225,0.00026030000026366906,0.0012044999994031969,0.023758899998028937
