execution,k_s_sup,s_k_sub,t_k_sup,ns_s_sup,s_ns_sub,r_ar_sup,ar_r_sub,ns_sub_r,ks_sf_in,sub_r_r,n_r_t,ns_s_spe,nk_k_sup,s_nsup_k,nrs_ns_r,total_time
1,8.499991963617504e-06,6.999999459367245e-05,8.500006515532732e-06,7.50001345295459e-06,6.739998934790492e-05,0.004347499998402782,9.099996532313526e-06,8.300004992634058e-06,7.90000194683671e-06,9.99998883344233e-06,4.799992893822491e-06,4.0000013541430235e-06,0.0002325000095879659,0.00016310000501107424,5.099995178170502e-06,0.004954199990606867
2,8.899980457499623e-06,7.500000356230885e-05,8.400005754083395e-06,8.100003469735384e-06,7.229999755509198e-05,0.004336200014222413,9.099996532313526e-06,8.400005754083395e-06,8.29999044071883e-06,1.0000003385357559e-05,4.899993655271828e-06,3.999986802227795e-06,0.00023259999579750001,0.0001604999997653067,5.099995178170502e-06,0.004951799972332083
3,8.030000026337802e-05,0.00413809999008663,0.0018980000022565946,9.100011084228754e-06,0.016887199992197566,7.919999188743532e-05,8.500006515532732e-06,8.69997893460095e-06,8.700008038431406e-06,1.069999416358769e-05,4.799992893822491e-06,4.1000021155923605e-06,0.0006649999995715916,0.0005549999914364889,5.399997462518513e-06,0.024362799958908
4,8.099999104160815e-05,0.005868500011274591,0.001779700003680773,1.6599995433352888e-05,0.014882199990097433,0.002973999988171272,2.0099992980249226e-05,3.599999763537198e-05,1.680001150816679e-05,1.9899991457350552e-05,1.2100004823878407e-05,8.300004992634058e-06,0.006851600002846681,0.0009965999925043434,1.0599993402138352e-05,0.033573999971849844
5,0.00019350000366102904,0.004105100029846653,0.0020243999897502363,1.7999991541728377e-05,0.015220799992675893,0.00317729999369476,1.9100014469586313e-05,1.8499995348975062e-05,1.7999991541728377e-05,2.200000744778663e-05,1.2100004823878407e-05,1.0000003385357559e-05,0.006687299974146299,0.0007452999998349696,1.1900003300979733e-05,0.03228329999546986
