execution,ar_r_sub,k_s_sup,ks_sf_in,n_r_t,nk_k_sup,nrs_ns_r,ns_s_spe,ns_s_sup,ns_sub_r,r_ar_sup,s_k_sub,s_ns_sub,s_nsup_k,sub_r_r,t_k_sup,total_time
1,8.090026676654816e-05,9.900424629449844e-06,0.00027719978243112564,5.700159817934036e-06,0.00024119997397065163,5.6996941566467285e-06,4.500150680541992e-06,8.400529623031616e-06,9.600073099136353e-06,9.399838745594025e-06,8.139992132782936e-05,7.399963214993477e-05,0.0001689000055193901,1.1899508535861969e-05,9.599607437849045e-06,0.0009982995688915253
2,0.00015189964324235916,8.849985897541046e-05,0.0004757004790008068,1.1399853974580765e-05,0.010841699782758951,1.1399853974580765e-05,9.499955922365189e-06,1.850072294473648e-05,1.969980075955391e-05,9.12998802959919e-05,0.005062400363385677,0.018770700320601463,0.0008684000931680202,2.330029383301735e-05,0.0019234996289014816,0.038367900531738997
3,7.260031998157501e-05,9.499955922365189e-06,0.0002550003118813038,5.3998082876205444e-06,0.00024189986288547516,8.500181138515472e-06,4.600267857313156e-06,8.699949830770493e-06,9.699724614620209e-06,9.399838745594025e-06,7.570022717118263e-05,7.270043715834618e-05,0.00017189979553222656,1.1499971151351929e-05,9.300187230110168e-06,0.0009664008393883705
4,9.600073099136353e-06,8.520018309354782e-05,9.499955922365189e-06,5.499925464391708e-06,0.0008597997948527336,5.899928510189056e-06,4.800036549568176e-06,9.799376130104065e-06,1.0500196367502213e-05,7.950002327561378e-05,0.005013799760490656,0.021814499981701374,0.0007330002263188362,1.1399853974580765e-05,0.001883399672806263,0.030536198988556862
5,0.017772600054740906,8.929986506700516e-05,0.0004675998352468014,1.1700205504894257e-05,0.011223099660128355,0.0005919001996517181,9.600073099136353e-06,1.879967749118805e-05,2.1399464458227158e-05,9.04998742043972e-05,0.008047899231314659,0.020675099920481443,0.0013235998339951038,2.420041710138321e-05,0.0018756994977593422,0.06224299781024456
6,7.139984518289566e-05,9.399838745594025e-06,0.00027350010350346565,5.899928510189056e-06,0.00023750029504299164,5.700159817934036e-06,4.500150680541992e-06,8.400063961744308e-06,1.00000761449337e-05,9.400304406881332e-06,7.510045543313026e-05,7.509998977184296e-05,0.00016910023987293243,3.0399765819311142e-05,9.499490261077881e-06,0.000994900707155466
