execution,k_s_sup,s_k_sub,t_k_sup,ns_s_sup,s_ns_sub,r_ar_sup,ar_r_sub,ns_sub_r,ks_sf_in,sub_r_r,n_r_t,ns_s_spe,nk_k_sup,s_nsup_k,nrs_ns_r,total_time
1,7.20999960321933e-05,0.0016508000117028132,0.0017888000002130866,8.29999044071883e-06,0.007674400010728277,7.369999366346747e-05,7.90000194683671e-06,8.200004231184721e-06,7.90000194683671e-06,8.899995009414852e-06,4.299989086575806e-06,6.700007361359894e-06,0.00027480001153890043,0.0002294000005349517,4.9000082071870565e-06,0.011821100022643805
2,0.00010389999079052359,0.0017594999953871593,0.001940599991939962,1.679999695625156e-05,0.005300899996655062,8.349999552592635e-05,0.00014720001490786672,1.7700003809295595e-05,1.6699996194802225e-05,1.85999961104244e-05,9.799987310543656e-06,8.300004992634058e-06,0.010078400009660982,0.00037420001171994954,1.0200004908256233e-05,0.01988629999686964
3,7.96000094851479e-05,0.001599099996383302,0.0018351999897276983,1.550000160932541e-05,0.0046347999887075275,7.869998808018863e-05,0.00013320002472028136,1.6700010746717453e-05,1.610000617802143e-05,1.7799990018829703e-05,8.999995770864189e-06,8.199989679269493e-06,0.009381299998494796,0.0003498000151012093,9.700001101009548e-06,0.01818470000580419
