percentage,execution,ar_r_sub,k_s_sup,ks_sf_in,n_r_t,nk_k_sup,nrs_ns_r,ns_s_spe,ns_s_sup,ns_sub_r,r_ar_sup,s_k_sub,s_ns_sub,s_nsup_k,sub_r_r,t_k_sup,total_time
60,7,0.04295080003794283,1.3199867680668831e-05,0.0007193000055849552,7.79994297772646e-06,0.004012900055386126,0.00048729998525232077,5.799927748739719e-06,1.170008908957243e-05,2.200016751885414e-06,1.4699995517730713e-05,0.016117400024086237,0.0363532000919804,0.003025699988938868,0.0011956000234931707,1.3999990187585354e-05,0.10493160004261881
