percentage,execution,ar_r_sub,k_s_sup,ks_sf_in,n_r_t,nk_k_sup,nrs_ns_r,ns_s_spe,ns_s_sup,ns_sub_r,r_ar_sup,s_k_sub,s_ns_sub,s_nsup_k,sub_r_r,t_k_sup,total_time
90,7,0.003864999976940453,8.210004307329655e-05,1.1200085282325745e-05,6.5999338403344154e-06,0.0022728999610990286,5.700043402612209e-06,9.399955160915852e-06,1.009996049106121e-05,2.200016751885414e-06,0.0017529999604448676,0.01621010003145784,0.020534100010991096,0.002045299974270165,0.0005574999377131462,0.0018221000209450722,0.0491872999118641
