percentage,execution,ar_r_sub,k_s_sup,ks_sf_in,n_r_t,nk_k_sup,nrs_ns_r,ns_s_spe,ns_s_sup,ns_sub_r,r_ar_sup,s_k_sub,s_ns_sub,s_nsup_k,sub_r_r,t_k_sup,total_time
40,3,0.012893499922938645,1.1199968867003918e-05,1.0499963536858559e-05,6.7999353632330894e-06,0.001727700000628829,6.200047209858894e-06,4.800036549568176e-06,9.7999582067132e-06,1.9000144675374031e-06,1.4499993994832039e-05,0.004105999949388206,0.010195900104008615,0.0012771999463438988,0.002430900000035763,1.1599971912801266e-05,0.03270849981345236
