percentage,execution,ar_r_sub,k_s_sup,ks_sf_in,n_r_t,nk_k_sup,nrs_ns_r,ns_s_spe,ns_s_sup,ns_sub_r,r_ar_sup,s_k_sub,s_ns_sub,s_nsup_k,sub_r_r,t_k_sup,total_time
50,5,0.01499990001320839,1.2099742889404297e-05,0.00024819979444146156,7.200054824352264e-06,0.002763899974524975,6.400048732757568e-06,4.999805241823196e-06,1.0299962013959885e-05,1.900363713502884e-06,1.5700235962867737e-05,0.005818199831992388,0.012419300153851509,0.0021171001717448235,0.0024963002651929855,1.2400094419717789e-05,0.04093390051275492
