percentage,execution,k_s_sup,s_k_sub,t_k_sup,ns_s_sup,s_ns_sub,r_ar_sup,ar_r_sub,ns_sub_r,ks_sf_in,sub_r_r,n_r_t,ns_s_spe,nk_k_sup,s_nsup_k,nrs_ns_r,total_time
80,2,8.260000322479755e-05,0.026236499994411133,0.001815099996747449,1.1099997209385037e-05,0.03678349999245256,7.890001870691776e-05,0.02629989999695681,2.2000021999701858e-06,0.0006367999885696918,0.0025673999916762114,6.699992809444666e-06,5.199995939619839e-06,0.0029873000021325424,0.0027314000035403296,5.900001269765198e-06,0.10025049997784663
