percentage,execution,k_s_sup,s_k_sub,t_k_sup,ns_s_sup,s_ns_sub,r_ar_sup,ar_r_sub,ns_sub_r,ks_sf_in,sub_r_r,n_r_t,ns_s_spe,nk_k_sup,s_nsup_k,nrs_ns_r,total_time
40,2,1.069999416358769e-05,0.006065599998692051,1.09999964479357e-05,9.60000033956021e-06,0.01317590000689961,0.0022252999915508553,0.0016641999827697873,1.7999846022576094e-06,1.0200004908256233e-05,0.00024980001035146415,6.89999433234334e-06,5.0000089686363935e-06,0.0018496999982744455,0.00136009999550879,6.300004315562546e-06,0.026652099972125143
