percentage,execution,k_s_sup,s_k_sub,t_k_sup,ns_s_sup,s_ns_sub,r_ar_sup,ar_r_sub,ns_sub_r,ks_sf_in,sub_r_r,n_r_t,ns_s_spe,nk_k_sup,s_nsup_k,nrs_ns_r,total_time
30,5,8.109999180305749e-05,0.022234699994442053,0.00217430001066532,1.0400020983070135e-05,0.053609499998856336,7.850000110920519e-05,0.03361189999850467,2.300017513334751e-06,0.00048210000386461616,0.004142000005231239,6.399990525096655e-06,5.1000097300857306e-06,0.0030223000067053363,0.0026701000024331734,0.00021860000560991466,0.1223493000579765
