percentage,execution,ar_r_sub,k_s_sup,ks_sf_in,n_r_t,nk_k_sup,nrs_ns_r,ns_s_spe,ns_s_sup,ns_sub_r,r_ar_sup,s_k_sub,s_ns_sub,s_nsup_k,sub_r_r,t_k_sup,total_time
80,9,0.003876799999488867,1.0400000064691994e-05,1.0299999303242657e-05,6.000000212225132e-06,0.0009908000001814798,4.999999873689376e-06,0.003254899999774352,0.010834100000465696,1.8000000636675395e-06,1.1099999937869143e-05,0.00024339999981748406,0.00024670000038895523,0.0007448000005751965,1.2700001207122114e-05,9.899998985929415e-06,0.020258700000340468
