percentage,execution,ar_r_sub,k_s_sup,ks_sf_in,n_r_t,nk_k_sup,nrs_ns_r,ns_s_spe,ns_s_sup,ns_sub_r,r_ar_sup,s_k_sub,s_ns_sub,s_nsup_k,sub_r_r,t_k_sup,total_time
30,9,0.05334459990262985,7.960002403706312e-05,0.0002166001359000802,6.400048732757568e-06,0.0029184999875724316,0.0007925999816507101,4.900037311017513e-06,1.0199961252510548e-05,2.00001522898674e-06,8.140003774315119e-05,0.02310710004530847,0.055488299927674234,0.0026099999668076634,0.0010341001907363534,0.0017865999834612012,0.14148290024604648
