percentage,execution,ar_r_sub,k_s_sup,ks_sf_in,n_r_t,nk_k_sup,nrs_ns_r,ns_s_spe,ns_s_sup,ns_sub_r,r_ar_sup,s_k_sub,s_ns_sub,s_nsup_k,sub_r_r,t_k_sup,total_time
90,2,0.021960099693387747,8.189957588911057e-05,0.0008400999940931797,7.0999376475811005e-06,0.002977900207042694,5.300156772136688e-06,5.300156772136688e-06,1.109996810555458e-05,1.80024653673172e-06,8.470006287097931e-05,0.02686160011216998,0.029789400286972523,0.0027401000261306763,0.0016952999867498875,0.0018382999114692211,0.08890000032261014
