percentage,execution,ar_r_sub,k_s_sup,ks_sf_in,n_r_t,nk_k_sup,nrs_ns_r,ns_s_spe,ns_s_sup,ns_sub_r,r_ar_sup,s_k_sub,s_ns_sub,s_nsup_k,sub_r_r,t_k_sup,total_time
40,5,0.012114000041037798,8.110003545880318e-05,0.00023559993132948875,6.299931555986404e-06,0.0029914999613538384,0.0002169000217691064,5.200039595365524e-06,1.0399846360087395e-05,1.9000144675374031e-06,8.33999365568161e-05,0.02009489992633462,0.047613700036890805,0.002691500005312264,0.00021119997836649418,0.0018338999943807721,0.08819149970076978
