percentage,execution,k_s_sup,s_k_sub,t_k_sup,ns_s_sup,s_ns_sub,r_ar_sup,ar_r_sub,ns_sub_r,ks_sf_in,sub_r_r,n_r_t,ns_s_spe,nk_k_sup,s_nsup_k,nrs_ns_r,total_time
30,8,1.1199997970834374e-05,0.002328800008399412,1.7400001524947584e-05,9.60000033956021e-06,0.008491400003549643,1.2100004823878407e-05,0.010748400003649294,2.1000014385208488e-06,0.00048230001993943006,1.5300000086426735e-05,8.199989679269493e-06,5.2000104915350676e-06,0.001850799992098473,0.0014484000130323693,0.00022499999613501132,0.025656200043158606
