percentage,execution,k_s_sup,s_k_sub,t_k_sup,ns_s_sup,s_ns_sub,r_ar_sup,ar_r_sub,ns_sub_r,ks_sf_in,sub_r_r,n_r_t,ns_s_spe,nk_k_sup,s_nsup_k,nrs_ns_r,total_time
20,9,1.0000003385357559e-05,0.00013610000314656645,9.2999980552122e-06,9.000010322779417e-06,0.00013219998800195754,9.900002623908222e-06,0.00013050000416114926,1.7999991541728377e-06,9.199982741847634e-06,1.2799995602108538e-05,6.599992047995329e-06,4.399989848025143e-06,0.0005294000002322719,0.00037560000782832503,6.300004315562546e-06,0.0013830999814672396
