percentage,execution,ar_r_sub,k_s_sup,ks_sf_in,n_r_t,nk_k_sup,nrs_ns_r,ns_s_spe,ns_s_sup,ns_sub_r,r_ar_sup,s_k_sub,s_ns_sub,s_nsup_k,sub_r_r,t_k_sup,total_time
10,7,9.999959729611874e-06,1.0200077667832375e-05,9.500072337687016e-06,6.500049494206905e-06,0.0009153999853879213,7.00005330145359e-06,4.800036549568176e-06,9.200070053339005e-06,1.700012944638729e-06,0.002204400021582842,0.0028054999420419335,0.012510099913924932,0.0006540999747812748,1.3599870726466179e-05,1.0499847121536732e-05,0.019172499887645245
