percentage,execution,ar_r_sub,k_s_sup,ks_sf_in,n_r_t,nk_k_sup,nrs_ns_r,ns_s_spe,ns_s_sup,ns_sub_r,r_ar_sup,s_k_sub,s_ns_sub,s_nsup_k,sub_r_r,t_k_sup,total_time
40,9,0.006755199865438044,1.100008375942707e-05,1.3299984857439995e-05,6.7999353632330894e-06,0.001890100073069334,6.500049494206905e-06,4.699919372797012e-06,9.7999582067132e-06,2.100015990436077e-06,0.0022839000448584557,0.004662299994379282,0.014986000023782253,0.0014155999524518847,0.0013019000180065632,1.1200085282325745e-05,0.033360400004312396
