percentage,execution,ar_r_sub,k_s_sup,ks_sf_in,n_r_t,nk_k_sup,nrs_ns_r,ns_s_spe,ns_s_sup,ns_sub_r,r_ar_sup,s_k_sub,s_ns_sub,s_nsup_k,sub_r_r,t_k_sup,total_time
60,9,0.017614200000934943,1.160000010713702e-05,1.0600000678095967e-05,6.600000233447645e-06,0.0023572000000058324,5.800000508315861e-06,5.000000783184078e-06,9.60000033956021e-06,1.8000000636675395e-06,0.002121300000908377,0.006542399999489135,0.015615799999977753,0.0016896999995879014,0.0033670999991954886,1.1399999493733048e-05,0.04937010000230657
