percentage,execution,k_s_sup,s_k_sub,t_k_sup,ns_s_sup,s_ns_sub,r_ar_sup,ar_r_sub,ns_sub_r,ks_sf_in,sub_r_r,n_r_t,ns_s_spe,nk_k_sup,s_nsup_k,nrs_ns_r,total_time
20,1,1.0199990356341004e-05,0.0027935000107390806,1.069999416358769e-05,9.300012607127428e-06,0.009354299996630289,0.0021911999938311055,7.759999425616115e-05,1.6999983927235007e-06,9.69998654909432e-06,1.3500015484169126e-05,6.499991286545992e-06,4.9000082071870565e-06,0.0009157000022241846,0.0006456999981310219,9.2999980552122e-06,0.01605379999091383
