percentage,execution,ar_r_sub,k_s_sup,ks_sf_in,n_r_t,nk_k_sup,nrs_ns_r,ns_s_spe,ns_s_sup,ns_sub_r,r_ar_sup,s_k_sub,s_ns_sub,s_nsup_k,sub_r_r,t_k_sup,total_time
40,3,0.005445800000416057,1.0800000382005237e-05,1.0599999768601265e-05,6.100000064179767e-06,0.00078029999986029,5.7999995988211595e-06,0.002054199999292905,0.00901759999942442,1.8000000636675395e-06,1.1500001164677087e-05,0.00019129999964206945,0.00019639999936771346,0.0005799000000479282,1.3799999578623101e-05,1.049999991664663e-05,0.018336399998588604
