percentage,execution,k_s_sup,s_k_sub,t_k_sup,ns_s_sup,s_ns_sub,r_ar_sup,ar_r_sub,ns_sub_r,ks_sf_in,sub_r_r,n_r_t,ns_s_spe,nk_k_sup,s_nsup_k,nrs_ns_r,total_time
50,4,1.1099997209385037e-05,0.0156561000039801,1.1900003300979733e-05,9.800001862458885e-06,0.032356200012145564,1.2200005585327744e-05,0.03885100000479724,2.2000021999701858e-06,0.00045700000191573054,0.002746200014371425,6.900008884258568e-06,5.199995939619839e-06,0.0033331000013276935,0.002539299995987676,0.00031009998929221183,0.09630830003879964
