percentage,execution,k_s_sup,s_k_sub,t_k_sup,ns_s_sup,s_ns_sub,r_ar_sup,ar_r_sub,ns_sub_r,ks_sf_in,sub_r_r,n_r_t,ns_s_spe,nk_k_sup,s_nsup_k,nrs_ns_r,total_time
40,9,7.959999493323267e-05,0.02025750001484994,0.0018203999934485182,1.0299991117790341e-05,0.04479329998139292,8.190001244656742e-05,0.011542100008227862,2.3000029614195228e-06,0.0004558000073302537,0.0010533000022405759,9.499999578110874e-06,5.0000089686363935e-06,0.003027500002644956,0.0026842999941436574,0.00011130000348202884,0.08593410001776647
