percentage,execution,k_s_sup,s_k_sub,t_k_sup,ns_s_sup,s_ns_sub,r_ar_sup,ar_r_sub,ns_sub_r,ks_sf_in,sub_r_r,n_r_t,ns_s_spe,nk_k_sup,s_nsup_k,nrs_ns_r,total_time
60,7,8.390001312363893e-05,0.02501469997514505,0.0017924999992828816,1.0399991879239678e-05,0.04572730002109893,8.429998706560582e-05,0.038621899991994724,2.3000029614195228e-06,0.00021600000036414713,0.0035127000010106713,6.799993570894003e-06,5.199995939619839e-06,0.003011499997228384,0.002664400002686307,0.0002060999977402389,0.12095999997109175
