percentage,execution,ar_r_sub,k_s_sup,ks_sf_in,n_r_t,nk_k_sup,nrs_ns_r,ns_s_spe,ns_s_sup,ns_sub_r,r_ar_sup,s_k_sub,s_ns_sub,s_nsup_k,sub_r_r,t_k_sup,total_time
60,4,0.01373889995738864,0.0001053001033142209,1.109996810555458e-05,7.1999384090304375e-06,0.0025287000462412834,7.70005863159895e-06,1.9499915651977062e-05,1.0399962775409222e-05,2.400018274784088e-06,0.0008602000307291746,0.014729599934071302,0.030684600002132356,0.0020661000162363052,0.0024250999558717012,0.001812900067307055,0.06900969997514039
