percentage,execution,ar_r_sub,k_s_sup,ks_sf_in,n_r_t,nk_k_sup,nrs_ns_r,ns_s_spe,ns_s_sup,ns_sub_r,r_ar_sup,s_k_sub,s_ns_sub,s_nsup_k,sub_r_r,t_k_sup,total_time
60,8,0.01813529999981256,1.0299999303242657e-05,9.999999747378752e-06,5.800000508315861e-06,0.00027460000001156004,5.599999894911889e-06,0.0033800999999584747,0.007857800000238058,1.6999993022182025e-06,7.399999958579428e-05,7.379999988188501e-05,7.809999988239724e-05,0.0002054999995380058,1.300000076298602e-05,1.0000000656873453e-05,0.03013559999908466
