percentage,execution,k_s_sup,s_k_sub,t_k_sup,ns_s_sup,s_ns_sub,r_ar_sup,ar_r_sub,ns_sub_r,ks_sf_in,sub_r_r,n_r_t,ns_s_spe,nk_k_sup,s_nsup_k,nrs_ns_r,total_time
30,10,1.1099997209385037e-05,0.015285699992091395,1.2099990271963179e-05,9.500014130026102e-06,0.042030800017528236,1.1999989510513842e-05,0.052165200002491474,1.9999861251562834e-06,0.00023489999875891954,0.005078300004242919,6.999995093792677e-06,4.999994416721165e-06,0.003397800013772212,0.0025492999993730336,0.00030819998937658966,0.12110889998439234
