percentage,execution,k_s_sup,s_k_sub,t_k_sup,ns_s_sup,s_ns_sub,r_ar_sup,ar_r_sub,ns_sub_r,ks_sf_in,sub_r_r,n_r_t,ns_s_spe,nk_k_sup,s_nsup_k,nrs_ns_r,total_time
30,9,1.0599993402138352e-05,0.002282600005855784,1.1299998732283711e-05,9.400013368576765e-06,0.008375000004889444,1.1800002539530396e-05,0.010777299990877509,1.6999983927235007e-06,0.0005114999803481624,1.5199999324977398e-05,6.50000583846122e-06,5.099995178170502e-06,0.0015459999995073304,0.0011463999981060624,0.00021939999714959413,0.024929799983510748
