percentage,execution,ar_r_sub,k_s_sup,ks_sf_in,n_r_t,nk_k_sup,nrs_ns_r,ns_s_spe,ns_s_sup,ns_sub_r,r_ar_sup,s_k_sub,s_ns_sub,s_nsup_k,sub_r_r,t_k_sup,total_time
60,7,0.032338600000912265,1.2800001059076749e-05,0.0004804999998668791,7.100000402715523e-06,0.0033855000001494773,0.00019890000021405285,5.500000042957254e-06,1.0800000382005237e-05,1.8999999156221747e-06,1.2800000149582047e-05,0.01598169999942911,0.027062600000135717,0.002489100000275357,0.0026572000006126473,1.2900000001536682e-05,0.084657900003549
