percentage,execution,ar_r_sub,k_s_sup,ks_sf_in,n_r_t,nk_k_sup,nrs_ns_r,ns_s_spe,ns_s_sup,ns_sub_r,r_ar_sup,s_k_sub,s_ns_sub,s_nsup_k,sub_r_r,t_k_sup,total_time
60,4,0.006892800331115723,8.850032463669777e-05,1.0599847882986069e-05,6.9998204708099365e-06,0.0020707999356091022,8.100178092718124e-06,4.70038503408432e-06,1.0500196367502213e-05,1.80024653673172e-06,8.080014958977699e-05,0.012613399885594845,0.024762900080531836,0.0021728998981416225,0.0013523995876312256,0.0018587000668048859,0.051935900934040546
