percentage,execution,ar_r_sub,k_s_sup,ks_sf_in,n_r_t,nk_k_sup,nrs_ns_r,ns_s_spe,ns_s_sup,ns_sub_r,r_ar_sup,s_k_sub,s_ns_sub,s_nsup_k,sub_r_r,t_k_sup,total_time
80,8,1.0099999599333387e-05,0.0017615999995541642,9.299999874201603e-06,5.599999894911889e-06,0.0007255000000441214,5.100000635138713e-06,0.0005233000001680921,7.679999998799758e-05,1.700001121207606e-06,0.006366699999489356,0.003073500000027707,0.006058099999791011,0.0006264000003284309,1.1000000085914508e-05,0.006596999999601394,0.025851700000202982
