execution,ar_r_sub,k_s_sup,ks_sf_in,n_r_t,nk_k_sup,nrs_ns_r,ns_s_spe,ns_s_sup,ns_sub_r,r_ar_sup,s_k_sub,s_ns_sub,s_nsup_k,sub_r_r,t_k_sup,total_time
1,9.19983722269535e-06,0.004785600118339062,8.399947546422482e-06,4.599918611347675e-06,4.899920895695686e-06,4.600035026669502e-06,0.0003657999914139509,9.089999366551638e-05,0.00014910008758306503,0.0026811000425368547,7.630011532455683e-05,8.660007733851671e-05,4.200031980872154e-06,9.500072337687016e-06,9.689992293715477e-05,0.008377700112760067
2,1.0899966582655907e-05,0.006040100008249283,9.200070053339005e-06,5.100038833916187e-06,5.200039595365524e-06,4.800036549568176e-06,0.0003999000182375312,7.259997073560953e-05,0.00014919997192919254,0.002799200010485947,7.619999814778566e-05,7.209985051304102e-05,4.400033503770828e-06,1.0199961252510548e-05,0.00010159995872527361,0.00976069993339479
3,8.800067007541656e-06,0.003927099984139204,8.699949830770493e-06,6.199930794537067e-06,4.600035026669502e-06,4.300032742321491e-06,0.0003664999967440963,6.990006659179926e-05,0.00014030002057552338,0.002641199971549213,7.210008334368467e-05,7.119996007531881e-05,4.300032742321491e-06,9.399955160915852e-06,8.68999632075429e-05,0.00742150004953146
4,7.900060154497623e-06,7.419998291879892e-05,8.100061677396297e-06,4.400033503770828e-06,0.00040600006468594074,5.00003807246685e-06,3.899913281202316e-06,8.900067768990993e-06,8.399947546422482e-06,7.46001023799181e-05,0.0023424000246450305,0.012351299985311925,0.00033059995621442795,9.399955160915852e-06,0.0025740000419318676,0.018209100235253572
