percentage,execution,ar_r_sub,k_s_sup,ks_sf_in,n_r_t,nk_k_sup,nrs_ns_r,ns_s_spe,ns_s_sup,ns_sub_r,r_ar_sup,s_k_sub,s_ns_sub,s_nsup_k,sub_r_r,t_k_sup,total_time
90,5,0.0011794999008998275,8.470017928630114e-05,0.0009947000071406364,7.70005863159895e-06,0.004119400051422417,5.999929271638393e-06,5.500041879713535e-06,1.200009137392044e-05,1.2600095942616463e-05,0.019480500021018088,0.028263799962587655,0.039669099962338805,0.0036207999801263213,1.9799917936325073e-05,0.004118700046092272,0.10159480024594814
