percentage,execution,ar_r_sub,k_s_sup,ks_sf_in,n_r_t,nk_k_sup,nrs_ns_r,ns_s_spe,ns_s_sup,ns_sub_r,r_ar_sup,s_k_sub,s_ns_sub,s_nsup_k,sub_r_r,t_k_sup,total_time
40,5,0.00019960012286901474,8.039991371333599e-05,0.00043890008237212896,7.79994297772646e-06,0.004368799971416593,7.900060154497623e-06,5.600042641162872e-06,1.1600088328123093e-05,1.1899974197149277e-05,0.010280200163833797,0.02598920010495931,0.07631479995325208,0.0037933000130578876,1.98000343516469e-05,0.004700000048615038,0.1262298005167395
