percentage,execution,ar_r_sub,k_s_sup,ks_sf_in,n_r_t,nk_k_sup,nrs_ns_r,ns_s_spe,ns_s_sup,ns_sub_r,r_ar_sup,s_k_sub,s_ns_sub,s_nsup_k,sub_r_r,t_k_sup,total_time
60,10,0.0001925998367369175,8.41999426484108e-05,0.0006087999790906906,6.5998174250125885e-06,0.003820899873971939,6.600283086299896e-06,5.200039595365524e-06,1.1399853974580765e-05,1.1300202459096909e-05,0.014873100444674492,0.026766899973154068,0.05408310005441308,0.0033011999912559986,1.750001683831215e-05,0.0018046996556222439,0.10559409996494651
