percentage,execution,ar_r_sub,k_s_sup,ks_sf_in,n_r_t,nk_k_sup,nrs_ns_r,ns_s_spe,ns_s_sup,ns_sub_r,r_ar_sup,s_k_sub,s_ns_sub,s_nsup_k,sub_r_r,t_k_sup,total_time
80,8,0.0012018999996143975,8.07999995231512e-05,0.001463300000068557,6.799999937356915e-06,0.0038180999999894993,6.399999620043673e-06,5.399999281507917e-06,1.1299999641778413e-05,1.5099999473022763e-05,0.015476400000807189,0.029039199998805998,0.042653399998926034,0.003394800000023679,2.009999934671214e-05,0.001772999999957392,0.09896599999501632
