percentage,execution,ar_r_sub,k_s_sup,ks_sf_in,n_r_t,nk_k_sup,nrs_ns_r,ns_s_spe,ns_s_sup,ns_sub_r,r_ar_sup,s_k_sub,s_ns_sub,s_nsup_k,sub_r_r,t_k_sup,total_time
20,5,1.1200085282325745e-05,1.1600088328123093e-05,1.070008147507906e-05,7.6000578701496124e-06,0.0022945000091567636,8.499948307871819e-06,5.200039595365524e-06,1.0699965059757233e-05,1.1199968867003918e-05,0.010255000088363886,0.004130899906158447,0.019551899982616305,0.0016784999752417207,1.9299914129078388e-05,1.2300093658268452e-05,0.038019100204110146
