percentage,execution,k_s_sup,s_k_sub,t_k_sup,ns_s_sup,s_ns_sub,r_ar_sup,ar_r_sub,ns_sub_r,ks_sf_in,sub_r_r,n_r_t,ns_s_spe,nk_k_sup,s_nsup_k,nrs_ns_r,total_time
40,6,8.81000014487654e-05,0.02803249999124091,0.00441889998910483,1.1600001016631722e-05,0.08039349998580292,0.011550800001714379,8.22000001790002e-05,1.1800002539530396e-05,0.00022250000620260835,2.2400010493583977e-05,7.800001185387373e-06,5.49999822396785e-06,0.004238399997120723,0.0037595000030705705,7.90000194683671e-06,0.13285339999129064
