percentage,execution,k_s_sup,s_k_sub,t_k_sup,ns_s_sup,s_ns_sub,r_ar_sup,ar_r_sub,ns_sub_r,ks_sf_in,sub_r_r,n_r_t,ns_s_spe,nk_k_sup,s_nsup_k,nrs_ns_r,total_time
80,2,9.200001659337431e-05,0.007403700001304969,0.0086660000088159,1.9900035113096237e-05,0.010550599996349774,0.014532700020936318,0.000192299994523637,2.090001362375915e-05,2.0000021322630346e-05,2.4599998141638935e-05,1.2500007869675756e-05,1.0199990356341004e-05,0.008653500015498139,0.002424500009510666,1.1700016329996288e-05,0.052635100146289915
