percentage,execution,ar_r_sub,k_s_sup,ks_sf_in,n_r_t,nk_k_sup,nrs_ns_r,ns_s_spe,ns_s_sup,ns_sub_r,r_ar_sup,s_k_sub,s_ns_sub,s_nsup_k,sub_r_r,t_k_sup,total_time
30,3,1.9900151528418064e-05,8.800008799880743e-05,1.8300022929906845e-05,1.1299853213131428e-05,0.007771299919113517,1.2600095942616463e-05,9.70007386058569e-06,1.8900027498602867e-05,1.9499915651977062e-05,0.006357199978083372,0.007487899856641889,0.02933979989029467,0.001491999952122569,2.699985634535551e-05,0.008714300114661455,0.061387699795886874
