percentage,execution,k_s_sup,s_k_sub,t_k_sup,ns_s_sup,s_ns_sub,r_ar_sup,ar_r_sub,ns_sub_r,ks_sf_in,sub_r_r,n_r_t,ns_s_spe,nk_k_sup,s_nsup_k,nrs_ns_r,total_time
5,4,1.079996582120657e-05,7.640011608600616e-05,1.0599847882986069e-05,9.500072337687016e-06,7.199996616691351e-05,1.1100084520876408e-05,7.1900081820786e-05,1.2799864634871483e-05,0.00025560008361935616,1.8800143152475357e-05,7.4999406933784485e-06,5.100038833916187e-06,0.00029289990197867155,0.00022350007202476263,7.999944500625134e-06,0.0010865001240745187
