percentage,execution,ar_r_sub,k_s_sup,ks_sf_in,n_r_t,nk_k_sup,nrs_ns_r,ns_s_spe,ns_s_sup,ns_sub_r,r_ar_sup,s_k_sub,s_ns_sub,s_nsup_k,sub_r_r,t_k_sup,total_time
50,2,0.00017459923401474953,8.910009637475014e-05,1.96993350982666e-05,1.2699980288743973e-05,0.00823929999023676,1.3200100511312485e-05,1.1399853974580765e-05,1.9700266420841217e-05,2.1900050342082977e-05,0.009963300544768572,0.007781200110912323,0.02064300049096346,0.0018333997577428818,2.41999514400959e-05,0.009080700110644102,0.05792739987373352
