percentage,execution,ar_r_sub,k_s_sup,ks_sf_in,n_r_t,nk_k_sup,nrs_ns_r,ns_s_spe,ns_s_sup,ns_sub_r,r_ar_sup,s_k_sub,s_ns_sub,s_nsup_k,sub_r_r,t_k_sup,total_time
20,10,2.1699932403862476e-05,9.119999594986439e-05,3.660016227513552e-05,1.1199968867003918e-05,0.007479399908334017,1.2999982573091984e-05,9.400071576237679e-06,1.910002902150154e-05,3.6599813029170036e-05,0.005232100025750697,0.007720000110566616,0.03254459984600544,0.0013803000329062343,2.579973079264164e-05,0.008816700195893645,0.06343769980594516
