percentage,execution,k_s_sup,s_k_sub,t_k_sup,ns_s_sup,s_ns_sub,r_ar_sup,ar_r_sub,ns_sub_r,ks_sf_in,sub_r_r,n_r_t,ns_s_spe,nk_k_sup,s_nsup_k,nrs_ns_r,total_time
90,1,8.099999104160815e-05,0.0069183999876258895,0.008492100008879788,1.0299991117790341e-05,0.009844700005487539,0.006338099992717616,7.619999814778566e-05,1.069999416358769e-05,9.69998654909432e-06,1.2199991033412516e-05,6.100002792663872e-06,4.8000074457377195e-06,0.0013625999999931082,0.0011339000047883019,5.49999822396785e-06,0.03430629996000789
