percentage,execution,ar_r_sub,k_s_sup,ks_sf_in,n_r_t,nk_k_sup,nrs_ns_r,ns_s_spe,ns_s_sup,ns_sub_r,r_ar_sup,s_k_sub,s_ns_sub,s_nsup_k,sub_r_r,t_k_sup,total_time
40,9,8.149957284331322e-05,8.939951658248901e-05,9.699724614620209e-06,5.6996941566467285e-06,0.0013741999864578247,6.100162863731384e-06,4.70038503408432e-06,1.019984483718872e-05,1.0699965059757233e-05,0.0017468002624809742,0.007854900322854519,0.03042630013078451,0.001164100132882595,1.2299977242946625e-05,0.009205400012433529,0.05200199969112873
