percentage,execution,ar_r_sub,k_s_sup,ks_sf_in,n_r_t,nk_k_sup,nrs_ns_r,ns_s_spe,ns_s_sup,ns_sub_r,r_ar_sup,s_k_sub,s_ns_sub,s_nsup_k,sub_r_r,t_k_sup,total_time
80,7,1.4400000509340316e-05,0.003140900000289548,1.2800000149582047e-05,9.999999747378752e-06,1.0700000530050602e-05,8.099999831756577e-06,0.011494099999254104,0.0024670999991940334,1.4100000043981709e-05,0.005486900000505557,0.00013859999944543233,0.00014279999959398992,9.199999112752266e-06,1.5199999324977398e-05,0.0001654999996389961,0.02313039999717148
