percentage,execution,k_s_sup,s_k_sub,t_k_sup,ns_s_sup,s_ns_sub,r_ar_sup,ar_r_sub,ns_sub_r,ks_sf_in,sub_r_r,n_r_t,ns_s_spe,nk_k_sup,s_nsup_k,nrs_ns_r,total_time
30,2,8.810001600068063e-05,0.007553399991593324,0.009362800003145821,1.930000144056976e-05,0.029675399986444972,0.006483800010755658,2.0499981474131346e-05,2.0000021322630346e-05,1.8799983081407845e-05,2.4200009647756815e-05,1.200000406242907e-05,9.60000033956021e-06,0.007771399992634542,0.0015299000078812242,1.2299991794861853e-05,0.06260150000161957
