percentage,execution,k_s_sup,s_k_sub,t_k_sup,ns_s_sup,s_ns_sub,r_ar_sup,ar_r_sub,ns_sub_r,ks_sf_in,sub_r_r,n_r_t,ns_s_spe,nk_k_sup,s_nsup_k,nrs_ns_r,total_time
50,10,9.14999982342124e-05,0.008177399999112822,0.009851500013610348,1.2200005585327744e-05,0.02578120000544004,0.0037032999971415848,9.000000136438757e-05,1.2299991794861853e-05,1.1299998732283711e-05,1.4000004739500582e-05,7.100010407157242e-06,5.900001269765198e-06,0.0015663999947719276,0.0013084000092931092,6.89999433234334e-06,0.05063940002582967
