percentage,execution,ar_r_sub,k_s_sup,ks_sf_in,n_r_t,nk_k_sup,nrs_ns_r,ns_s_spe,ns_s_sup,ns_sub_r,r_ar_sup,s_k_sub,s_ns_sub,s_nsup_k,sub_r_r,t_k_sup,total_time
10,7,0.006106700282543898,9.399931877851486e-05,0.0004590991884469986,1.3799872249364853e-05,0.012257399968802929,0.001028099562972784,1.0500196367502213e-05,2.1899119019508362e-05,2.3699365556240082e-05,0.0031093000434339046,0.03967070020735264,0.0998360002413392,0.0056027998216450214,3.670062869787216e-05,0.0019478998146951199,0.1702185976319015
