percentage,execution,k_s_sup,s_k_sub,t_k_sup,ns_s_sup,s_ns_sub,r_ar_sup,ar_r_sub,ns_sub_r,ks_sf_in,sub_r_r,n_r_t,ns_s_spe,nk_k_sup,s_nsup_k,nrs_ns_r,total_time
90,2,8.030001481529325e-05,0.006917700011399575,0.008849200006807223,1.0200004908256233e-05,0.009983200012356974,0.006447499996284023,7.54999928176403e-05,1.0400006431154907e-05,9.499999578110874e-06,1.2300006346777081e-05,5.900001269765198e-06,4.7000066842883825e-06,0.0013555000041378662,0.001138299994636327,5.49999822396785e-06,0.03490570005669724
