percentage,execution,ar_r_sub,k_s_sup,ks_sf_in,n_r_t,nk_k_sup,nrs_ns_r,ns_s_spe,ns_s_sup,ns_sub_r,r_ar_sup,s_k_sub,s_ns_sub,s_nsup_k,sub_r_r,t_k_sup,total_time
10,10,2.220005262643099e-05,9.770004544407129e-05,1.880002673715353e-05,1.209997572004795e-05,0.007804099936038256,1.5900121070444584e-05,9.600073099136353e-06,2.2000051103532314e-05,2.0900042727589607e-05,0.003645199933089316,0.007947200094349682,0.037557900068350136,0.001372499973513186,2.6500201784074306e-05,0.009110399871133268,0.06768300046678632
