percentage,execution,ar_r_sub,k_s_sup,ks_sf_in,n_r_t,nk_k_sup,nrs_ns_r,ns_s_spe,ns_s_sup,ns_sub_r,r_ar_sup,s_k_sub,s_ns_sub,s_nsup_k,sub_r_r,t_k_sup,total_time
50,6,8.029991295188665e-05,8.320005144923925e-05,9.500072337687016e-06,5.699926987290382e-06,0.0013645999133586884,6.100046448409557e-06,5.00003807246685e-06,1.0200077667832375e-05,1.0500079952180386e-05,0.0032270000083371997,0.007232200005091727,0.022686799988150597,0.0011512000346556306,1.1999974958598614e-05,0.008767099934630096,0.04465140006504953
