percentage,execution,ar_r_sub,k_s_sup,ks_sf_in,n_r_t,nk_k_sup,nrs_ns_r,ns_s_spe,ns_s_sup,ns_sub_r,r_ar_sup,s_k_sub,s_ns_sub,s_nsup_k,sub_r_r,t_k_sup,total_time
40,4,0.0001583998091518879,8.830009028315544e-05,1.8300022929906845e-05,1.1799857020378113e-05,0.007763000205159187,1.219986006617546e-05,9.80030745267868e-06,1.9399449229240417e-05,2.040015533566475e-05,0.0064194998703897,0.007782700005918741,0.026311799883842468,0.0015877000987529755,2.380041405558586e-05,0.0087032001465559,0.058930300176143646
