percentage,execution,ar_r_sub,k_s_sup,ks_sf_in,n_r_t,nk_k_sup,nrs_ns_r,ns_s_spe,ns_s_sup,ns_sub_r,r_ar_sup,s_k_sub,s_ns_sub,s_nsup_k,sub_r_r,t_k_sup,total_time
80,10,0.0003167996183037758,8.300039917230606e-05,0.0008195000700652599,6.800051778554916e-06,0.003800900187343359,6.299931555986404e-06,5.499925464391708e-06,1.3799406588077545e-05,1.1899974197149277e-05,0.015005899593234062,0.030625400133430958,0.044517799746245146,0.0033507002517580986,1.7599668353796005e-05,0.0019073998555541039,0.10048929881304502
