percentage,execution,k_s_sup,s_k_sub,t_k_sup,ns_s_sup,s_ns_sub,r_ar_sup,ar_r_sub,ns_sub_r,ks_sf_in,sub_r_r,n_r_t,ns_s_spe,nk_k_sup,s_nsup_k,nrs_ns_r,total_time
70,6,8.319999324157834e-05,0.007163399990531616,0.008868499993695877,1.0099989594891667e-05,0.01661309998598881,0.0058359999966342,1.0599993402138352e-05,1.0400006431154907e-05,9.700001101009548e-06,1.2300006346777081e-05,5.800000508315861e-06,4.899993655271828e-06,0.0014167999906931072,0.0011799000058090314,5.800000508315861e-06,0.041230499948142096
