percentage,execution,ar_r_sub,k_s_sup,ks_sf_in,n_r_t,nk_k_sup,nrs_ns_r,ns_s_spe,ns_s_sup,ns_sub_r,r_ar_sup,s_k_sub,s_ns_sub,s_nsup_k,sub_r_r,t_k_sup,total_time
40,7,9.399998816661537e-06,9.000000318337698e-06,8.100000741251279e-06,5.199999577598646e-06,4.70000031782547e-06,4.70000031782547e-06,0.0009330000002591987,0.0009052000004885485,9.200000022246968e-06,0.0008686999999554246,9.40000063565094e-06,9.200000022246968e-06,4.399999852466863e-06,1.049999991664663e-05,8.700000762473792e-06,0.002799400002004404
