percentage,execution,k_s_sup,s_k_sub,t_k_sup,ns_s_sup,s_ns_sub,r_ar_sup,ar_r_sub,ns_sub_r,ks_sf_in,sub_r_r,n_r_t,ns_s_spe,nk_k_sup,s_nsup_k,nrs_ns_r,total_time
35,2,0.00011100014671683311,0.048103599925525486,0.004274699836969376,2.1900166757404804e-05,0.09130740014370531,0.015067599946632981,0.0003907999489456415,2.359994687139988e-05,0.0008273000130429864,3.899994771927595e-05,1.5299883671104908e-05,1.0300078429281712e-05,0.014012399944476783,0.006947900052182376,1.6399892047047615e-05,0.1811691998736933
