percentage,execution,k_s_sup,s_k_sub,t_k_sup,ns_s_sup,s_ns_sub,r_ar_sup,ar_r_sub,ns_sub_r,ks_sf_in,sub_r_r,n_r_t,ns_s_spe,nk_k_sup,s_nsup_k,nrs_ns_r,total_time
85,4,9.079999290406704e-05,0.04991230007726699,0.004274900071322918,2.329982817173004e-05,0.059416200150735676,0.034742900053970516,0.0022730999626219273,2.5300076231360435e-05,0.0015449001220986247,3.829994238913059e-05,1.6000005416572094e-05,1.109996810555458e-05,0.013922199956141412,0.007144899922423065,1.2800097465515137e-05,0.17344900022726506
