percentage,execution,k_s_sup,s_k_sub,t_k_sup,ns_s_sup,s_ns_sub,r_ar_sup,ar_r_sub,ns_sub_r,ks_sf_in,sub_r_r,n_r_t,ns_s_spe,nk_k_sup,s_nsup_k,nrs_ns_r,total_time
15,2,1.070008147507906e-05,0.0016744999447837472,1.1399970389902592e-05,9.7999582067132e-06,0.004599199979566038,0.0041559000965207815,0.00012990005780011415,1.0699965059757233e-05,0.00021460012067109346,1.889991108328104e-05,7.2999391704797745e-06,5.00003807246685e-06,0.0010585000272840261,0.0008514000801369548,7.999944500625134e-06,0.01276580011472106
