percentage,execution,k_s_sup,s_k_sub,t_k_sup,ns_s_sup,s_ns_sub,r_ar_sup,ar_r_sub,ns_sub_r,ks_sf_in,sub_r_r,n_r_t,ns_s_spe,nk_k_sup,s_nsup_k,nrs_ns_r,total_time
20,3,2.0000035874545574e-05,0.0004993999609723687,2.0499923266470432e-05,1.7900019884109497e-05,0.00048290006816387177,0.014890899998135865,0.00024910003412514925,2.00001522898674e-05,0.00045879988465458155,3.260001540184021e-05,9.599956683814526e-06,6.500049494206905e-06,0.0013631000183522701,0.0008860999951139092,9.800074622035027e-06,0.018967200187034905
