percentage,execution,ar_r_sub,k_s_sup,ks_sf_in,n_r_t,nk_k_sup,nrs_ns_r,ns_s_spe,ns_s_sup,ns_sub_r,r_ar_sup,s_k_sub,s_ns_sub,s_nsup_k,sub_r_r,t_k_sup,total_time
40,5,2.0799809135496616e-05,8.829985745251179e-05,1.850002445280552e-05,1.1600088328123093e-05,0.007832700037397444,1.2200092896819115e-05,9.499955922365189e-06,1.8999911844730377e-05,2.010003663599491e-05,0.007847900153137743,0.007404700038023293,0.02607380016706884,0.0016076000174507499,2.4899840354919434e-05,0.008596500032581389,0.059588100062683225
