percentage,execution,ar_r_sub,k_s_sup,ks_sf_in,n_r_t,nk_k_sup,nrs_ns_r,ns_s_spe,ns_s_sup,ns_sub_r,r_ar_sup,s_k_sub,s_ns_sub,s_nsup_k,sub_r_r,t_k_sup,total_time
80,8,0.00015050000001792796,8.629999956610845e-05,1.919999976962572e-05,1.2100000276404899e-05,0.008152500000505825,1.0399999155197293e-05,1.0199999451288022e-05,1.9400001292524394e-05,2.0900000890833326e-05,0.014167600002110703,0.007264300000315416,0.010863999999855878,0.0020876999997199164,2.4399998437729664e-05,0.008461399999760033,0.05135090000112541
