percentage,execution,ar_r_sub,k_s_sup,ks_sf_in,n_r_t,nk_k_sup,nrs_ns_r,ns_s_spe,ns_s_sup,ns_sub_r,r_ar_sup,s_k_sub,s_ns_sub,s_nsup_k,sub_r_r,t_k_sup,total_time
30,4,0.0001564000267535448,9.620003402233124e-05,0.00045220006722956896,1.5400000847876072e-05,0.014238899922929704,2.22999369725585e-05,1.1400086805224419e-05,2.3199827410280704e-05,2.39998335018754e-05,0.014034499996341765,0.050058400025591254,0.09850839991122484,0.007637999951839447,3.9699836634099483e-05,0.004584399983286858,0.18990339944139123
