percentage,execution,k_s_sup,s_k_sub,t_k_sup,ns_s_sup,s_ns_sub,r_ar_sup,ar_r_sub,ns_sub_r,ks_sf_in,sub_r_r,n_r_t,ns_s_spe,nk_k_sup,s_nsup_k,nrs_ns_r,total_time
70,4,8.359999628737569e-05,0.027496700000483543,0.004241300004650839,1.2200005585327744e-05,0.0555097000033129,0.01734299999952782,0.0003721000102814287,1.2500007869675756e-05,0.0006225000106496736,1.990000600926578e-05,8.500006515532732e-06,5.699999746866524e-06,0.004152699999394827,0.00368989999697078,7.199996616691351e-06,0.11357750004390255
