percentage,execution,k_s_sup,s_k_sub,t_k_sup,ns_s_sup,s_ns_sub,r_ar_sup,ar_r_sub,ns_sub_r,ks_sf_in,sub_r_r,n_r_t,ns_s_spe,nk_k_sup,s_nsup_k,nrs_ns_r,total_time
30,7,9.550001414027065e-05,0.007465100003173575,0.008709400019142777,1.9400002202019095e-05,0.029423199986922555,0.004753999994136393,0.00015710001753177494,2.02999945031479e-05,1.850000990089029e-05,2.439999661874026e-05,1.200000406242907e-05,9.399998816661537e-06,0.007757200000924058,0.0015175000007729977,1.2699994840659201e-05,0.05999570003768895
