percentage,execution,ar_r_sub,k_s_sup,ks_sf_in,n_r_t,nk_k_sup,nrs_ns_r,ns_s_spe,ns_s_sup,ns_sub_r,r_ar_sup,s_k_sub,s_ns_sub,s_nsup_k,sub_r_r,t_k_sup,total_time
40,1,1.0700000530050602e-05,0.01350410000031843,9.899999895424116e-06,5.9000003602704965e-06,0.0004208999998809304,6.199999916134402e-06,0.0020770000000993605,0.001784800000677933,0.00041150000015477417,0.010262300000249525,0.0010898000000452157,0.004408999999213847,0.00029009999980189605,1.320000046689529e-05,0.000167199999850709,0.034462600001461396
