percentage,execution,ar_r_sub,k_s_sup,ks_sf_in,n_r_t,nk_k_sup,nrs_ns_r,ns_s_spe,ns_s_sup,ns_sub_r,r_ar_sup,s_k_sub,s_ns_sub,s_nsup_k,sub_r_r,t_k_sup,total_time
20,4,0.0001459997147321701,8.84002074599266e-05,1.1000316590070724e-05,1.1200085282325745e-05,0.0017726998776197433,8.19982960820198e-06,5.600042641162872e-06,1.1500436812639236e-05,1.180032268166542e-05,9.230012074112892e-05,0.008371999952942133,0.029602899681776762,0.0014627999626100063,1.71000137925148e-05,0.0030813999474048615,0.04469490051269531
