percentage,execution,ar_r_sub,k_s_sup,ks_sf_in,n_r_t,nk_k_sup,nrs_ns_r,ns_s_spe,ns_s_sup,ns_sub_r,r_ar_sup,s_k_sub,s_ns_sub,s_nsup_k,sub_r_r,t_k_sup,total_time
60,6,0.006832699999904435,0.010057100000267383,2.210000002378365e-05,1.5499999790336005e-05,0.013413199999376957,1.5900000107649248e-05,0.004715199999736797,0.001847799999268318,0.0005645999999615015,0.007269799999448878,0.019653899999866553,0.030735800000911695,0.0034553999994386686,0.0011554999991858494,0.007811199999196106,0.10756569999648491
