percentage,execution,ar_r_sub,k_s_sup,ks_sf_in,n_r_t,nk_k_sup,nrs_ns_r,ns_s_spe,ns_s_sup,ns_sub_r,r_ar_sup,s_k_sub,s_ns_sub,s_nsup_k,sub_r_r,t_k_sup,total_time
80,10,0.015067100001033396,0.006646800000453368,1.100000099540921e-05,7.3999999585794285e-06,0.0021083999999973457,5.500000042957254e-06,0.002400399999714864,0.0008930999993026489,0.00015420000090671238,0.006047099999705097,0.014339100000142935,0.020615400000679074,0.0019629999997050618,0.002784600000268256,0.005311699999765551,0.07835480000267125
