percentage,execution,ar_r_sub,k_s_sup,ks_sf_in,n_r_t,nk_k_sup,nrs_ns_r,ns_s_spe,ns_s_sup,ns_sub_r,r_ar_sup,s_k_sub,s_ns_sub,s_nsup_k,sub_r_r,t_k_sup,total_time
40,5,0.014800199773162603,0.011376400012522936,2.439972013235092e-05,1.6899779438972473e-05,0.015705499798059464,1.729978248476982e-05,0.005307899788022041,0.0020411000587046146,0.0006050998345017433,0.008247199933975935,0.02556119952350855,0.04594539990648627,0.004070399794727564,0.002742100041359663,0.009107599966228008,0.1455686977133155
