percentage,execution,ar_r_sub,k_s_sup,ks_sf_in,n_r_t,nk_k_sup,nrs_ns_r,ns_s_spe,ns_s_sup,ns_sub_r,r_ar_sup,s_k_sub,s_ns_sub,s_nsup_k,sub_r_r,t_k_sup,total_time
40,6,0.021005499999773747,0.006668500000159838,2.130000120814657e-05,1.4700000065204222e-05,0.013789099999485188,1.3700000636163168e-05,0.0049527999999554595,0.001740800000334275,0.0003046000010726857,0.007071200001519173,0.023038899998937268,0.04527819999930216,0.0037660000007235794,0.00395949999892764,0.007809800000359246,0.13943460000245977
