execution,k_s_sup,s_k_sub,t_k_sup,ns_s_sup,s_ns_sub,r_ar_sup,ar_r_sub,ns_sub_r,ks_sf_in,sub_r_r,n_r_t,ns_s_spe,nk_k_sup,s_nsup_k,nrs_ns_r,total_time
1,7.930002175271511e-05,0.0023590999917360023,0.003420399996684864,1.679999695625156e-05,0.009000999983982183,0.002981600002385676,1.7300000763498247e-05,1.6600009985268116e-05,1.5900004655122757e-05,1.890001294668764e-05,2.7999994927085936e-05,7.899987394921482e-06,0.006372599993483163,0.0004563999973470345,9.500014130026102e-06,0.0248013000091305
2,8.13000078778714e-05,0.002302699998836033,0.002551800003857352,1.6900012269616127e-05,0.008213100009015761,0.003330100007588044,1.790000533219427e-05,1.7499987734481692e-05,1.6599995433352888e-05,1.8499995348975062e-05,9.399998816661537e-06,8.300004992634058e-06,0.006378099991707131,0.0005362999945646152,9.69998654909432e-06,0.023508199999923818
3,7.860000187065452e-05,0.0022815000120317563,0.0025507999962428585,2.069998299703002e-05,0.008212300002924167,0.002987800005939789,1.7600017599761486e-05,1.6699996194802225e-05,1.8400009139440954e-05,1.829996472224593e-05,9.199982741847634e-06,7.700000423938036e-06,0.006140800003777258,0.00045089999912306666,9.499999578110874e-06,0.022820799975306727
4,7.579999510198832e-05,0.0025633000041125342,0.0026063999976031482,8.899995009414852e-06,0.011930199994822033,7.249999907799065e-05,8.200004231184721e-06,8.400005754083395e-06,8.300004992634058e-06,9.499999578110874e-06,4.699992132373154e-06,4.0000013541430235e-06,0.00043280000681988895,0.00032920000376179814,7.599999662488699e-06,0.018069800004013814
