percentage,execution,ar_r_sub,k_s_sup,ks_sf_in,n_r_t,nk_k_sup,nrs_ns_r,ns_s_spe,ns_s_sup,ns_sub_r,r_ar_sup,s_k_sub,s_ns_sub,s_nsup_k,sub_r_r,t_k_sup,total_time
40,6,0.00020200014114379883,1.0500196367502213e-05,0.0007321001030504704,6.299931555986404e-06,0.0007730000652372837,6.200280040502548e-06,4.90015372633934e-06,9.499955922365189e-06,1.7997808754444122e-06,0.002350699622184038,0.0002655000425875187,0.0002568000927567482,0.0005278997123241425,1.3399403542280197e-05,1.0400079190731049e-05,0.005170999560505152
