percentage,execution,k_s_sup,s_k_sub,t_k_sup,ns_s_sup,s_ns_sub,r_ar_sup,ar_r_sub,ns_sub_r,ks_sf_in,sub_r_r,n_r_t,ns_s_spe,nk_k_sup,s_nsup_k,nrs_ns_r,total_time
20,8,1.0500007192604244e-05,0.0008957000100053847,1.0100004146806896e-05,8.799994247965515e-06,0.00084299998707138,0.00227650000306312,7.789999654050916e-05,2.00001522898674e-06,0.00023400000645779073,1.3600001693703234e-05,6.200003554113209e-06,4.699992132373154e-06,0.0004197999951429665,0.0002896999940276146,6.300004315562546e-06,0.005098800014820881
