percentage,execution,ar_r_sub,k_s_sup,ks_sf_in,n_r_t,nk_k_sup,nrs_ns_r,ns_s_spe,ns_s_sup,ns_sub_r,r_ar_sup,s_k_sub,s_ns_sub,s_nsup_k,sub_r_r,t_k_sup,total_time
60,2,0.0003662999952211976,1.2199976481497288e-05,0.0009053000248968601,7.1999384090304375e-06,0.001208700006827712,6.600050255656242e-06,5.699926987290382e-06,1.0500079952180386e-05,2.300017513334751e-06,0.0026171000208705664,0.00043679994996637106,0.000430900021456182,0.0007906999671831727,1.500011421740055e-05,1.1599971912801266e-05,0.006826900062151253
