percentage,execution,ar_r_sub,k_s_sup,ks_sf_in,n_r_t,nk_k_sup,nrs_ns_r,ns_s_spe,ns_s_sup,ns_sub_r,r_ar_sup,s_k_sub,s_ns_sub,s_nsup_k,sub_r_r,t_k_sup,total_time
40,3,0.0002218999434262514,1.1999974958598614e-05,0.0005612001987174153,6.600050255656242e-06,0.000840499997138977,6.6999346017837524e-06,5.400041118264198e-06,1.079996582120657e-05,2.09989957511425e-06,0.0024657000321894884,0.001105500035919249,0.0010531998705118895,0.0005698000313714147,1.5200115740299225e-05,1.2499978765845299e-05,0.0068891000701114535
