percentage,execution,ar_r_sub,k_s_sup,ks_sf_in,n_r_t,nk_k_sup,nrs_ns_r,ns_s_spe,ns_s_sup,ns_sub_r,r_ar_sup,s_k_sub,s_ns_sub,s_nsup_k,sub_r_r,t_k_sup,total_time
80,3,0.00032010022550821304,0.0001055002212524414,0.0009283004328608513,6.100162863731384e-06,0.0013624001294374466,5.500391125679016e-06,4.800036549568176e-06,1.0500196367502213e-05,1.80024653673172e-06,0.001701700035482645,0.007308500353246927,0.013257000129669905,0.0010747001506388187,1.7200130969285965e-05,0.006943699903786182,0.03304780274629593
