percentage,execution,ar_r_sub,k_s_sup,ks_sf_in,n_r_t,nk_k_sup,nrs_ns_r,ns_s_spe,ns_s_sup,ns_sub_r,r_ar_sup,s_k_sub,s_ns_sub,s_nsup_k,sub_r_r,t_k_sup,total_time
80,2,0.0004190000472590327,1.1500087566673756e-05,0.0010258000111207366,7.0999376475811005e-06,0.0015937000280246139,6.09993003308773e-06,5.499925464391708e-06,1.0500079952180386e-05,2.09989957511425e-06,0.0033807000145316124,0.0013787000207230449,0.0013130001025274396,0.0010633999481797218,1.489988062530756e-05,1.219986006617546e-05,0.010244199773296714
