percentage,execution,ar_r_sub,k_s_sup,ks_sf_in,n_r_t,nk_k_sup,nrs_ns_r,ns_s_spe,ns_s_sup,ns_sub_r,r_ar_sup,s_k_sub,s_ns_sub,s_nsup_k,sub_r_r,t_k_sup,total_time
10,10,8.489994797855616e-05,1.7400016076862812e-05,0.0004116998752579093,6.400048732757568e-06,0.00021239998750388622,6.800051778554916e-06,5.300040356814861e-06,9.800074622035027e-06,2.00001522898674e-06,1.4399876818060875e-05,8.740008343011141e-05,0.00010869989637285471,0.0001471999567002058,1.4099874533712864e-05,1.2299977242946625e-05,0.0011407997226342559
