percentage,execution,ar_r_sub,k_s_sup,ks_sf_in,n_r_t,nk_k_sup,nrs_ns_r,ns_s_spe,ns_s_sup,ns_sub_r,r_ar_sup,s_k_sub,s_ns_sub,s_nsup_k,sub_r_r,t_k_sup,total_time
70,2,0.0003576999297365546,8.969998452812433e-05,0.0007649000035598874,6.600050255656242e-06,0.0014323999639600515,9.300070814788342e-06,5.300040356814861e-06,1.1199968867003918e-05,2.100015990436077e-06,0.0009640000062063336,0.007471799966879189,0.018249299959279597,0.0011950000189244747,1.3999990187585354e-05,0.007637399947270751,0.03821069991681725
