percentage,execution,ar_r_sub,k_s_sup,ks_sf_in,n_r_t,nk_k_sup,nrs_ns_r,ns_s_spe,ns_s_sup,ns_sub_r,r_ar_sup,s_k_sub,s_ns_sub,s_nsup_k,sub_r_r,t_k_sup,total_time
40,1,0.00013350000062928302,1.0599999768601265e-05,0.0005035000003772439,5.899999450775795e-06,0.0009134000001722598,6.199999916134402e-06,4.800000169780105e-06,9.299998964706901e-06,1.8000000636675395e-06,0.0029761000005237292,0.0011843000011140248,0.0041514999993523816,0.0006071999996493105,1.3300000318849925e-05,1.049999991664663e-05,0.010531900000387395
