percentage,execution,ar_r_sub,k_s_sup,ks_sf_in,n_r_t,nk_k_sup,nrs_ns_r,ns_s_spe,ns_s_sup,ns_sub_r,r_ar_sup,s_k_sub,s_ns_sub,s_nsup_k,sub_r_r,t_k_sup,total_time
60,6,0.00025550000100338366,1.0599999768601265e-05,0.0004517999987001531,6.000000212225132e-06,0.0011036000005333335,5.500000042957254e-06,4.70000031782547e-06,9.40000063565094e-06,1.8000000636675395e-06,0.0029094999999870197,0.0011425000002418528,0.0010591999998723622,0.0007101999999576947,1.320000046689529e-05,1.06999996205559e-05,0.0076942000014241785
