percentage,execution,ar_r_sub,k_s_sup,ks_sf_in,n_r_t,nk_k_sup,nrs_ns_r,ns_s_spe,ns_s_sup,ns_sub_r,r_ar_sup,s_k_sub,s_ns_sub,s_nsup_k,sub_r_r,t_k_sup,total_time
30,1,0.0001421002671122551,1.0599847882986069e-05,0.0005348003469407558,6.100162863731384e-06,0.0007663997821509838,6.4997002482414246e-06,4.800036549568176e-06,1.2599397450685501e-05,1.900363713502884e-06,0.00228299992159009,0.001122400164604187,0.004265499766916037,0.0005284999497234821,1.4299992471933365e-05,1.1200550943613052e-05,0.009710700251162052
