percentage,execution,ar_r_sub,k_s_sup,ks_sf_in,n_r_t,nk_k_sup,nrs_ns_r,ns_s_spe,ns_s_sup,ns_sub_r,r_ar_sup,s_k_sub,s_ns_sub,s_nsup_k,sub_r_r,t_k_sup,total_time
70,2,0.00032160012051463127,8.470006287097931e-05,0.0006938003934919834,6.100162863731384e-06,0.001262399833649397,6.00004568696022e-06,4.999805241823196e-06,1.0000541806221008e-05,1.80024653673172e-06,0.0008690999820828438,0.007294400129467249,0.016713700257241726,0.0010619000531733036,1.3200100511312485e-05,0.006981399841606617,0.03532510157674551
