percentage,execution,ar_r_sub,k_s_sup,ks_sf_in,n_r_t,nk_k_sup,nrs_ns_r,ns_s_spe,ns_s_sup,ns_sub_r,r_ar_sup,s_k_sub,s_ns_sub,s_nsup_k,sub_r_r,t_k_sup,total_time
80,6,0.019420999999965716,1.0299999303242657e-05,9.900000804918818e-06,5.599999894911889e-06,5.300000339047983e-06,4.599999556376133e-06,0.005988599999909638,0.021762000000308035,2.0000006770715117e-06,7.499999901483534e-05,9.100000170292333e-06,1.0099999599333387e-05,4.499999704421498e-06,1.249999968422344e-05,9.800000043469481e-06,0.047330299998975534
