percentage,execution,ar_r_sub,k_s_sup,ks_sf_in,n_r_t,nk_k_sup,nrs_ns_r,ns_s_spe,ns_s_sup,ns_sub_r,r_ar_sup,s_k_sub,s_ns_sub,s_nsup_k,sub_r_r,t_k_sup,total_time
40,9,1.0100000508828089e-05,9.999999747378752e-06,8.999999408842996e-06,5.2999994295532815e-06,0.00035850000040227314,5.2999994295532815e-06,4.499999704421498e-06,8.400000297115184e-06,1.7000002117129043e-06,0.0030176999998730025,0.00013299999955052044,0.0001328999996985658,0.0002350999993723235,1.3799999578623101e-05,8.799998795439024e-06,0.0039540999960081535
