percentage,execution,ar_r_sub,k_s_sup,ks_sf_in,n_r_t,nk_k_sup,nrs_ns_r,ns_s_spe,ns_s_sup,ns_sub_r,r_ar_sup,s_k_sub,s_ns_sub,s_nsup_k,sub_r_r,t_k_sup,total_time
20,8,0.016716299999643525,1.0500000826141331e-05,1.269999938813271e-05,6.199999916134402e-06,0.0011285999999017804,5.599999894911889e-06,4.999999873689376e-06,9.299999874201603e-06,1.5999994502635673e-06,1.1000000085914508e-05,0.00370420000035665,0.013417199999821605,0.0008171999998012325,0.00311879999935627,1.089999932446517e-05,0.03897509999751492
