percentage,execution,ar_r_sub,k_s_sup,ks_sf_in,n_r_t,nk_k_sup,nrs_ns_r,ns_s_spe,ns_s_sup,ns_sub_r,r_ar_sup,s_k_sub,s_ns_sub,s_nsup_k,sub_r_r,t_k_sup,total_time
40,1,0.005926399999225396,1.0800000382005237e-05,1.0299999303242657e-05,6.299999768089037e-06,0.0011184999993929523,5.699999746866524e-06,4.600000465870835e-06,9.0000012278324e-06,1.8000009731622413e-06,1.0999999176419806e-05,0.0017299000010098098,0.004717000000709959,0.0007910000003903406,0.0011285000009593205,1.06999996205559e-05,0.015481500002351822
