percentage,execution,ar_r_sub,k_s_sup,ks_sf_in,n_r_t,nk_k_sup,nrs_ns_r,ns_s_spe,ns_s_sup,ns_sub_r,r_ar_sup,s_k_sub,s_ns_sub,s_nsup_k,sub_r_r,t_k_sup,total_time
40,4,1.0000000656873453e-05,1.0099999599333387e-05,9.300000783696305e-06,5.4000001910026185e-06,0.0003768999995372724,5.399999281507917e-06,4.300000000512227e-06,8.400000297115184e-06,1.6999993022182025e-06,0.0030210000004444737,0.00013190000026952475,0.00012889999925391749,0.00023090000013326062,1.0799999472510535e-05,9.20000093174167e-06,0.0039642000001549604
