percentage,execution,k_s_sup,s_k_sub,t_k_sup,ns_s_sup,s_ns_sub,r_ar_sup,ar_r_sub,ns_sub_r,ks_sf_in,sub_r_r,n_r_t,ns_s_spe,nk_k_sup,s_nsup_k,nrs_ns_r,total_time
40,4,8.22000001790002e-05,0.013667700011865236,0.003483900014543906,1.0099989594891667e-05,0.03902950001065619,0.0016791000089142472,0.00020110000332351774,2.4000037228688598e-06,9.800001862458885e-06,1.4099990949034691e-05,6.299989763647318e-06,4.999994416721165e-06,0.002162999997381121,0.0018702999950619414,6.499991286545992e-06,0.06223100000352133
