percentage,execution,ar_r_sub,k_s_sup,ks_sf_in,n_r_t,nk_k_sup,nrs_ns_r,ns_s_spe,ns_s_sup,ns_sub_r,r_ar_sup,s_k_sub,s_ns_sub,s_nsup_k,sub_r_r,t_k_sup,total_time
70,4,0.0003738999366760254,1.1600088328123093e-05,1.0599847882986069e-05,6.6999346017837524e-06,0.003006500191986561,8.500181138515472e-06,5.09992241859436e-06,9.80030745267868e-06,2.0996667444705963e-06,0.004673299845308065,0.006969499867409468,0.01594220008701086,0.0022292998619377613,1.4200340956449509e-05,1.1600088328123093e-05,0.033274900168180466
