percentage,execution,ar_r_sub,k_s_sup,ks_sf_in,n_r_t,nk_k_sup,nrs_ns_r,ns_s_spe,ns_s_sup,ns_sub_r,r_ar_sup,s_k_sub,s_ns_sub,s_nsup_k,sub_r_r,t_k_sup,total_time
80,1,0.000364300000910589,7.839999943826115e-05,1.06999996205559e-05,6.399999620043673e-06,0.002134999999725551,6.100000064179767e-06,4.999999873689376e-06,1.0599999768601265e-05,2.1999994714860804e-06,0.003939300000638468,0.01564099999905011,0.02434610000000248,0.0017914999998538406,1.6200000573007856e-05,0.0035032000005230657,0.05185599999913393
