percentage,execution,k_s_sup,s_k_sub,t_k_sup,ns_s_sup,s_ns_sub,r_ar_sup,ar_r_sub,ns_sub_r,ks_sf_in,sub_r_r,n_r_t,ns_s_spe,nk_k_sup,s_nsup_k,nrs_ns_r,total_time
30,9,1.0600022505968809e-05,0.0016346000047633424,1.1600001016631722e-05,9.800001862458885e-06,0.0015410999913001433,0.0022311999928206205,0.00019699998665601015,1.8999999156221747e-06,1.0100018698722124e-05,1.4600009308196604e-05,6.300004315562546e-06,4.8000074457377195e-06,0.0008648000075481832,0.0006003999878885224,6.699992809444666e-06,0.007145500028855167
