percentage,execution,k_s_sup,s_k_sub,t_k_sup,ns_s_sup,s_ns_sub,r_ar_sup,ar_r_sub,ns_sub_r,ks_sf_in,sub_r_r,n_r_t,ns_s_spe,nk_k_sup,s_nsup_k,nrs_ns_r,total_time
30,1,3.160000778734684e-05,0.0003201999788871035,1.0099989594891667e-05,9.099996532313526e-06,0.00024920000578276813,1.0500007192604244e-05,0.00024390000908169895,1.800013706088066e-06,1.0000003385357559e-05,1.3500000932253897e-05,6.200003554113209e-06,4.5000051613897085e-06,0.0009409000049345195,0.0006427000043913722,6.499991286545992e-06,0.002500700022210367
