percentage,execution,ar_r_sub,k_s_sup,ks_sf_in,n_r_t,nk_k_sup,nrs_ns_r,ns_s_spe,ns_s_sup,ns_sub_r,r_ar_sup,s_k_sub,s_ns_sub,s_nsup_k,sub_r_r,t_k_sup,total_time
80,8,0.00039010029286146164,8.230004459619522e-05,1.2500211596488953e-05,6.4997002482414246e-06,0.002285000402480364,6.100162863731384e-06,5.200039595365524e-06,1.0899733752012253e-05,1.900363713502884e-06,0.003367400262504816,0.015342999715358019,0.02615560032427311,0.0018893997184932232,1.5399884432554245e-05,0.0038131000474095345,0.05338440090417862
