percentage,execution,k_s_sup,s_k_sub,t_k_sup,ns_s_sup,s_ns_sub,r_ar_sup,ar_r_sub,ns_sub_r,ks_sf_in,sub_r_r,n_r_t,ns_s_spe,nk_k_sup,s_nsup_k,nrs_ns_r,total_time
90,7,1.1399999493733048e-05,0.007254100011778064,1.2899996363557875e-05,1.030000566970557e-05,0.00726950001262594,0.00469149999844376,0.0005495000077644363,1.8999999156221747e-06,1.1099997209385037e-05,1.4399993233382702e-05,6.89999433234334e-06,5.2000104915350676e-06,0.0029111000039847568,0.001997500003199093,8.90000956133008e-06,0.024756200044066645
