percentage,execution,ar_r_sub,k_s_sup,ks_sf_in,n_r_t,nk_k_sup,nrs_ns_r,ns_s_spe,ns_s_sup,ns_sub_r,r_ar_sup,s_k_sub,s_ns_sub,s_nsup_k,sub_r_r,t_k_sup,total_time
50,3,0.0003548999084159732,9.119999594986439e-05,1.2199976481497288e-05,6.900052540004253e-06,0.0025981999933719635,7.2999391704797745e-06,5.599926225841045e-06,1.1599855497479439e-05,2.500019036233425e-06,0.000993099994957447,0.015022400068119168,0.0416430999757722,0.00215119996573776,1.6200006939470768e-05,0.0040042001055553555,0.06692059978377074
