percentage,execution,ar_r_sub,k_s_sup,ks_sf_in,n_r_t,nk_k_sup,nrs_ns_r,ns_s_spe,ns_s_sup,ns_sub_r,r_ar_sup,s_k_sub,s_ns_sub,s_nsup_k,sub_r_r,t_k_sup,total_time
50,6,0.0002848000731319189,1.2699980288743973e-05,1.1599971912801266e-05,7.200054824352264e-06,0.0028405000921338797,7.300055585801601e-06,5.700043402612209e-06,1.1400086805224419e-05,2.00001522898674e-06,0.004245399963110685,0.006904799956828356,0.024385099997743964,0.001998100080527365,1.850002445280552e-05,1.2800097465515137e-05,0.04074790049344301
