percentage,execution,ar_r_sub,k_s_sup,ks_sf_in,n_r_t,nk_k_sup,nrs_ns_r,ns_s_spe,ns_s_sup,ns_sub_r,r_ar_sup,s_k_sub,s_ns_sub,s_nsup_k,sub_r_r,t_k_sup,total_time
30,1,0.00014090025797486305,1.090019941329956e-05,1.0099727660417557e-05,6.299931555986404e-06,0.0017856000922620296,7.200054824352264e-06,5.000270903110504e-06,9.499955922365189e-06,1.700129359960556e-06,0.0029716002754867077,0.004011699929833412,0.016282600350677967,0.0012567001394927502,1.3799872249364853e-05,1.4200340956449509e-05,0.026527801528573036
