percentage,execution,ar_r_sub,k_s_sup,ks_sf_in,n_r_t,nk_k_sup,nrs_ns_r,ns_s_spe,ns_s_sup,ns_sub_r,r_ar_sup,s_k_sub,s_ns_sub,s_nsup_k,sub_r_r,t_k_sup,total_time
20,2,0.00014069999997445848,8.040000011533266e-05,1.0400000064691994e-05,6.400000529538374e-06,0.0023588000003655907,7.300000106624793e-06,4.900000021734741e-06,1.0499999007151928e-05,1.7999991541728377e-06,7.93999988673022e-05,0.013694500000383414,0.05451160000029631,0.002050200000667246,1.4599999303754885e-05,0.0036862999995719292,0.07665779999842925
