percentage,execution,ar_r_sub,k_s_sup,ks_sf_in,n_r_t,nk_k_sup,nrs_ns_r,ns_s_spe,ns_s_sup,ns_sub_r,r_ar_sup,s_k_sub,s_ns_sub,s_nsup_k,sub_r_r,t_k_sup,total_time
40,8,0.0003747000591829419,1.1899974197149277e-05,1.2300093658268452e-05,7.300055585801601e-06,0.002180199953727424,8.600065484642982e-06,5.600042641162872e-06,1.079996582120657e-05,2.00001522898674e-06,0.0033799000084400177,0.004522599978372455,0.014883599942550063,0.0016879999311640859,1.650000922381878e-05,1.2799864634871483e-05,0.027116799959912896
