percentage,execution,ar_r_sub,k_s_sup,ks_sf_in,n_r_t,nk_k_sup,nrs_ns_r,ns_s_spe,ns_s_sup,ns_sub_r,r_ar_sup,s_k_sub,s_ns_sub,s_nsup_k,sub_r_r,t_k_sup,total_time
20,3,7.870001718401909e-05,1.1500436812639236e-05,1.0699965059757233e-05,6.5998174250125885e-06,0.001751400064677,7.3998235166072845e-06,4.999805241823196e-06,9.900424629449844e-06,1.7997808754444122e-06,0.0030708997510373592,0.0042409999296069145,0.020021399948745966,0.0012370999902486801,1.529976725578308e-05,1.1600088328123093e-05,0.03048029961064458
