percentage,execution,ar_r_sub,k_s_sup,ks_sf_in,n_r_t,nk_k_sup,nrs_ns_r,ns_s_spe,ns_s_sup,ns_sub_r,r_ar_sup,s_k_sub,s_ns_sub,s_nsup_k,sub_r_r,t_k_sup,total_time
70,7,0.0003733998164534569,8.510006591677666e-05,1.0800082236528397e-05,6.299931555986404e-06,0.002560500055551529,7.200054824352264e-06,5.2996911108493805e-06,1.0800082236528397e-05,1.700129359960556e-06,0.0024755997583270073,0.01481040008366108,0.027904000133275986,0.002015099860727787,1.679966226220131e-05,0.0035645999014377594,0.05384759930893779
