percentage,execution,k_s_sup,s_k_sub,t_k_sup,ns_s_sup,s_ns_sub,r_ar_sup,ar_r_sub,ns_sub_r,ks_sf_in,sub_r_r,n_r_t,ns_s_spe,nk_k_sup,s_nsup_k,nrs_ns_r,total_time
90,3,8.120000711642206e-05,0.016195399992284365,0.00355070001387503,1.060000795405358e-05,0.017930100002558902,0.0032245999900624156,0.0004914999881293625,2.0000006770715117e-06,1.379998866468668e-05,1.4599994756281376e-05,6.399990525096655e-06,4.999994416721165e-06,0.0021810000034747645,0.0019060000049648806,5.600013537332416e-06,0.045618499992997386
