percentage,execution,ar_r_sub,k_s_sup,ks_sf_in,n_r_t,nk_k_sup,nrs_ns_r,ns_s_spe,ns_s_sup,ns_sub_r,r_ar_sup,s_k_sub,s_ns_sub,s_nsup_k,sub_r_r,t_k_sup,total_time
80,6,0.00042219999977533007,7.749999986117473e-05,1.0400000064691994e-05,6.299999768089037e-06,0.0021035999998275656,5.9000003602704965e-06,5.4000001910026185e-06,1.06999996205559e-05,1.7000002117129043e-06,0.0024094999989756616,0.014118600000074366,0.024100899999211833,0.0018092000000251574,1.4100000043981709e-05,0.0034967999990840326,0.048592799997095426
