percentage,execution,ar_r_sub,k_s_sup,ks_sf_in,n_r_t,nk_k_sup,nrs_ns_r,ns_s_spe,ns_s_sup,ns_sub_r,r_ar_sup,s_k_sub,s_ns_sub,s_nsup_k,sub_r_r,t_k_sup,total_time
60,4,0.00037720007821917534,1.180032268166542e-05,1.0800547897815704e-05,6.6999346017837524e-06,0.0021338998340070248,6.600283086299896e-06,5.09992241859436e-06,1.0299962013959885e-05,1.7997808754444122e-06,0.00298850005492568,0.004703999496996403,0.010698800440877676,0.0015114000998437405,1.4499761164188385e-05,1.1899974197149277e-05,0.0224933004938066
