percentage,execution,ar_r_sub,k_s_sup,ks_sf_in,n_r_t,nk_k_sup,nrs_ns_r,ns_s_spe,ns_s_sup,ns_sub_r,r_ar_sup,s_k_sub,s_ns_sub,s_nsup_k,sub_r_r,t_k_sup,total_time
60,10,0.0003677000058814883,9.290000889450312e-05,1.1599971912801266e-05,7.2999391704797745e-06,0.0025357999838888645,7.0999376475811005e-06,5.699926987290382e-06,1.5199999324977398e-05,2.100015990436077e-06,0.001904900069348514,0.015356600051745772,0.03951839997898787,0.002150599961169064,1.6499892808496952e-05,0.004019699990749359,0.0660120997345075
