percentage,execution,ar_r_sub,k_s_sup,ks_sf_in,n_r_t,nk_k_sup,nrs_ns_r,ns_s_spe,ns_s_sup,ns_sub_r,r_ar_sup,s_k_sub,s_ns_sub,s_nsup_k,sub_r_r,t_k_sup,total_time
80,5,0.000494800042361021,1.309998333454132e-05,1.2200092896819115e-05,7.300055585801601e-06,0.0031145999673753977,9.600073099136353e-06,5.999929271638393e-06,1.1800089851021767e-05,1.999898813664913e-06,0.005095899919979274,0.007588400039821863,0.014603500021621585,0.0021165000507608056,1.650000922381878e-05,1.3400102034211159e-05,0.0331056002760306
