percentage,execution,ar_r_sub,k_s_sup,ks_sf_in,n_r_t,nk_k_sup,nrs_ns_r,ns_s_spe,ns_s_sup,ns_sub_r,r_ar_sup,s_k_sub,s_ns_sub,s_nsup_k,sub_r_r,t_k_sup,total_time
30,4,0.0002033999189734459,1.1499971151351929e-05,1.0799616575241089e-05,6.800051778554916e-06,0.0013772998936474323,7.3998235166072845e-06,5.09992241859436e-06,1.0200310498476028e-05,1.80024653673172e-06,0.0022819996811449528,0.0032577007077634335,0.009664200246334076,0.0009448002092540264,1.5600118786096573e-05,1.1600088328123093e-05,0.017810200806707144
