percentage,execution,ar_r_sub,k_s_sup,ks_sf_in,n_r_t,nk_k_sup,nrs_ns_r,ns_s_spe,ns_s_sup,ns_sub_r,r_ar_sup,s_k_sub,s_ns_sub,s_nsup_k,sub_r_r,t_k_sup,total_time
40,6,0.019915999999284395,7.9100000220933e-05,1.1299999641778413e-05,9.899999895424116e-06,0.0031029999991005752,8.300000445160549e-06,5.100000635138713e-06,1.0500000826141331e-05,1.999998858082108e-06,0.008139700000356243,0.01043879999906494,0.025767699999960314,0.0022156999993967474,0.0036498999998002546,0.0016479999994771788,0.0750049999969633
