percentage,execution,ar_r_sub,k_s_sup,ks_sf_in,n_r_t,nk_k_sup,nrs_ns_r,ns_s_spe,ns_s_sup,ns_sub_r,r_ar_sup,s_k_sub,s_ns_sub,s_nsup_k,sub_r_r,t_k_sup,total_time
70,7,0.014055400155484676,0.0010175001807510853,1.1499505490064621e-05,7.4999406933784485e-06,0.002602299675345421,6.200280040502548e-06,0.0010449998080730438,0.00010720035061240196,2.00001522898674e-06,0.005337299779057503,0.01626430032774806,0.03561519971117377,0.0023148003965616226,0.0028235004283487797,0.007078299764543772,0.08828800031915307
