percentage,execution,k_s_sup,s_k_sub,t_k_sup,ns_s_sup,s_ns_sub,r_ar_sup,ar_r_sub,ns_sub_r,ks_sf_in,sub_r_r,n_r_t,ns_s_spe,nk_k_sup,s_nsup_k,nrs_ns_r,total_time
70,2,0.0009348999883513898,0.00650869999662973,0.001818799995817244,7.850000110920519e-05,0.009139500005403534,0.007204499997897074,0.0060169999924255535,2.0000006770715117e-06,1.0599993402138352e-05,0.0012162999919382855,7.099995855242014e-06,0.001029300008667633,0.0021019000123487785,0.0016851999971549958,5.999987479299307e-06,0.037760299965157174
