percentage,execution,k_s_sup,s_k_sub,t_k_sup,ns_s_sup,s_ns_sub,r_ar_sup,ar_r_sub,ns_sub_r,ks_sf_in,sub_r_r,n_r_t,ns_s_spe,nk_k_sup,s_nsup_k,nrs_ns_r,total_time
10,5,8.150000940077007e-05,0.004611500015016645,0.0017254000122193247,1.0000003385357559e-05,0.01849059999221936,8.13999940874055e-05,0.005400800015195273,2.200016751885414e-06,1.09999964479357e-05,0.001298599992878735,6.799993570894003e-06,4.8000074457377195e-06,0.0016312999941874295,0.0013780000008409843,7.700000423938036e-06,0.034741600044071674
