percentage,execution,ar_r_sub,k_s_sup,ks_sf_in,n_r_t,nk_k_sup,nrs_ns_r,ns_s_spe,ns_s_sup,ns_sub_r,r_ar_sup,s_k_sub,s_ns_sub,s_nsup_k,sub_r_r,t_k_sup,total_time
30,2,0.00523429992608726,0.0042152999667450786,1.079996582120657e-05,7.300055585801601e-06,0.0016653999919071794,6.900052540004253e-06,0.001062900060787797,7.680000271648169e-05,2.00001522898674e-06,0.009761400055140257,0.004458599956706166,0.013901600032113492,0.0014368999982252717,0.001093100057914853,0.0017989000771194696,0.044732200214639306
