percentage,execution,ar_r_sub,k_s_sup,ks_sf_in,n_r_t,nk_k_sup,nrs_ns_r,ns_s_spe,ns_s_sup,ns_sub_r,r_ar_sup,s_k_sub,s_ns_sub,s_nsup_k,sub_r_r,t_k_sup,total_time
20,8,0.00013180000041757012,1.06999996205559e-05,0.0004861999996137456,5.9000003602704965e-06,0.0005314999998518033,5.99999930273043e-06,4.699999408330768e-06,1.4199999895936344e-05,1.7999991541728377e-06,1.0000000656873453e-05,0.00016709999908925965,0.00016679999953339575,0.00032749999991210643,1.2900000001536682e-05,1.539999993838137e-05,0.0018924999967566691
