percentage,execution,ar_r_sub,k_s_sup,ks_sf_in,n_r_t,nk_k_sup,nrs_ns_r,ns_s_spe,ns_s_sup,ns_sub_r,r_ar_sup,s_k_sub,s_ns_sub,s_nsup_k,sub_r_r,t_k_sup,total_time
60,2,1.0299999303242657e-05,1.0300000212737359e-05,9.40000063565094e-06,5.99999930273043e-06,0.001824500000111584,5.700000656361226e-06,4.499999704421498e-06,9.299999874201603e-06,1.6999993022182025e-06,0.008882800000719726,0.007037400000626803,0.015772300000207906,0.0013128999999025837,1.269999938813271e-05,1.0599998859106563e-05,0.034910399998807407
