percentage,execution,k_s_sup,s_k_sub,t_k_sup,ns_s_sup,s_ns_sub,r_ar_sup,ar_r_sub,ns_sub_r,ks_sf_in,sub_r_r,n_r_t,ns_s_spe,nk_k_sup,s_nsup_k,nrs_ns_r,total_time
40,2,0.004065400004037656,0.01117720000911504,0.0016559999930905178,7.680000271648169e-05,0.024619200004963204,0.0041806999943219125,0.016649500001221895,1.7999846022576094e-06,1.0799994925037026e-05,0.0027703999949153513,7.700000423938036e-06,0.001042899995809421,0.002316500002052635,0.001905199998873286,6.499991286545992e-06,0.07048659997235518
