percentage,execution,ar_r_sub,k_s_sup,ks_sf_in,n_r_t,nk_k_sup,nrs_ns_r,ns_s_spe,ns_s_sup,ns_sub_r,r_ar_sup,s_k_sub,s_ns_sub,s_nsup_k,sub_r_r,t_k_sup,total_time
90,10,0.013220600318163633,0.0010291999205946922,1.1400319635868073e-05,7.3998235166072845e-06,0.0026134001091122627,5.3998082876205444e-06,0.0010445001535117626,0.0001012999564409256,1.80024653673172e-06,0.007450500037521124,0.0182499997317791,0.02155409986153245,0.0023611001670360565,0.0020365999080240726,0.00656179990619421,0.07624910026788712
