percentage,execution,k_s_sup,s_k_sub,t_k_sup,ns_s_sup,s_ns_sub,r_ar_sup,ar_r_sub,ns_sub_r,ks_sf_in,sub_r_r,n_r_t,ns_s_spe,nk_k_sup,s_nsup_k,nrs_ns_r,total_time
10,1,1.170000177808106e-05,0.004345099994679913,1.1199997970834374e-05,9.700015652924776e-06,0.01596500001323875,1.2500007869675756e-05,0.019415599992498755,2.1999876480549574e-06,1.1399999493733048e-05,0.003635000000940636,7.599999662488699e-06,5.0000089686363935e-06,0.0017120999982580543,0.0013681999989785254,7.200011168606579e-06,0.04651950002880767
