percentage,execution,ar_r_sub,k_s_sup,ks_sf_in,n_r_t,nk_k_sup,nrs_ns_r,ns_s_spe,ns_s_sup,ns_sub_r,r_ar_sup,s_k_sub,s_ns_sub,s_nsup_k,sub_r_r,t_k_sup,total_time
20,6,7.45999996070168e-05,8.08000004326459e-05,0.00026109999998880085,5.7999995988211595e-06,0.001452699999390461,6.399999620043673e-06,4.900000021734741e-06,1.0199999451288022e-05,7.3999999585794285e-06,8.640000032755779e-05,0.008781999999882828,0.03161629999976867,0.0012512000002971035,1.359999987471383e-05,0.0019055999991905992,0.045558999997410865
