percentage,execution,ar_r_sub,k_s_sup,ks_sf_in,n_r_t,nk_k_sup,nrs_ns_r,ns_s_spe,ns_s_sup,ns_sub_r,r_ar_sup,s_k_sub,s_ns_sub,s_nsup_k,sub_r_r,t_k_sup,total_time
20,2,7.729977369308472e-05,1.1200550943613052e-05,1.0599847882986069e-05,6.899703294038773e-06,0.0005756998434662819,7.200054824352264e-06,0.0011311001144349575,8.270004764199257e-05,1.7997808754444122e-06,0.007448599673807621,0.0001408001407980919,0.00013400055468082428,0.00043559959158301353,1.600012183189392e-05,1.0600313544273376e-05,0.01009010011330247
