percentage,execution,ar_r_sub,k_s_sup,ks_sf_in,n_r_t,nk_k_sup,nrs_ns_r,ns_s_spe,ns_s_sup,ns_sub_r,r_ar_sup,s_k_sub,s_ns_sub,s_nsup_k,sub_r_r,t_k_sup,total_time
60,6,0.018156599951907992,0.0009677000343799591,1.119985245168209e-05,7.500057108700275e-06,0.002978299977257848,8.699949830770493e-06,0.001101300003938377,7.43999844416976e-05,2.00001522898674e-06,0.003611500025726855,0.009215799975208938,0.02282610011752695,0.002439499949105084,0.003060600021854043,8.830009028315544e-05,0.06454950000625104
