percentage,execution,ar_r_sub,k_s_sup,ks_sf_in,n_r_t,nk_k_sup,nrs_ns_r,ns_s_spe,ns_s_sup,ns_sub_r,r_ar_sup,s_k_sub,s_ns_sub,s_nsup_k,sub_r_r,t_k_sup,total_time
40,2,0.012632199912331998,1.1500087566673756e-05,1.1100084520876408e-05,7.899943739175797e-06,0.0025405000196769834,6.7999353632330894e-06,5.499925464391708e-06,1.0499963536858559e-05,1.9000144675374031e-06,0.009210399934090674,0.009802600019611418,0.016481700004078448,0.0019684999715536833,0.0019551999866962433,1.209997572004795e-05,0.05465839977841824
