percentage,execution,ar_r_sub,k_s_sup,ks_sf_in,n_r_t,nk_k_sup,nrs_ns_r,ns_s_spe,ns_s_sup,ns_sub_r,r_ar_sup,s_k_sub,s_ns_sub,s_nsup_k,sub_r_r,t_k_sup,total_time
30,10,0.024895399808883667,1.1499971151351929e-05,1.0999385267496109e-05,7.500406354665756e-06,0.0023753000423312187,6.600283086299896e-06,5.100388079881668e-06,1.00000761449337e-05,2.1997839212417603e-06,0.008668199647217989,0.007141000125557184,0.01976139983162284,0.001818499993532896,0.004769599996507168,1.219986006617546e-05,0.06949549959972501
