percentage,execution,ar_r_sub,k_s_sup,ks_sf_in,n_r_t,nk_k_sup,nrs_ns_r,ns_s_spe,ns_s_sup,ns_sub_r,r_ar_sup,s_k_sub,s_ns_sub,s_nsup_k,sub_r_r,t_k_sup,total_time
80,9,0.01198419975116849,0.004696699790656567,1.1200085282325745e-05,7.299706339836121e-06,0.002719099633395672,2.4300068616867065e-05,0.0010446002706885338,7.850024849176407e-05,1.8998980522155762e-06,0.009797899518162012,0.016731299925595522,0.02507639955729246,0.0022929999977350235,0.0018718005158007145,0.0063414000906050205,0.08267959905788302
