percentage,execution,k_s_sup,s_k_sub,t_k_sup,ns_s_sup,s_ns_sub,r_ar_sup,ar_r_sub,ns_sub_r,ks_sf_in,sub_r_r,n_r_t,ns_s_spe,nk_k_sup,s_nsup_k,nrs_ns_r,total_time
20,8,1.0800009476952255e-05,0.0028580999933183193,1.1299998732283711e-05,1.0200004908256233e-05,0.00936899999214802,0.004218000001856126,0.0008574999956181273,1.8999999156221747e-06,1.060000795405358e-05,0.00018300001102034003,7.000009645707905e-06,4.999994416721165e-06,0.0017514000064693391,0.0014639000000897795,7.599999662488699e-06,0.020765300025232136
