percentage,execution,ar_r_sub,k_s_sup,ks_sf_in,n_r_t,nk_k_sup,nrs_ns_r,ns_s_spe,ns_s_sup,ns_sub_r,r_ar_sup,s_k_sub,s_ns_sub,s_nsup_k,sub_r_r,t_k_sup,total_time
60,9,0.016561899999032903,0.000988599999800499,1.3300000318849925e-05,7.599999662488699e-06,0.0023066000003382214,6.100000064179767e-06,0.001021500000206288,7.540000024164328e-05,2.100000529026147e-06,0.008619799999905808,0.014452200000050652,0.023202200000014273,0.0019800000000032014,0.0028043000002071494,0.004916099999718426,0.07695770000009361
