percentage,execution,ar_r_sub,k_s_sup,ks_sf_in,n_r_t,nk_k_sup,nrs_ns_r,ns_s_spe,ns_s_sup,ns_sub_r,r_ar_sup,s_k_sub,s_ns_sub,s_nsup_k,sub_r_r,t_k_sup,total_time
80,1,0.009177699999781908,0.0008832000003167195,1.0999999176419806e-05,7.2999991971300915e-06,0.0025856000002022483,5.4000001910026185e-06,0.0009817999998631421,7.639999876118964e-05,1.7000002117129043e-06,0.008367700000235345,0.01437649999934365,0.021884500000851403,0.002136600000085309,0.0015788000000611646,0.004666200000428944,0.06674039999870729
