percentage,execution,k_s_sup,s_k_sub,t_k_sup,ns_s_sup,s_ns_sub,r_ar_sup,ar_r_sub,ns_sub_r,ks_sf_in,sub_r_r,n_r_t,ns_s_spe,nk_k_sup,s_nsup_k,nrs_ns_r,total_time
40,9,7.949999417178333e-05,0.009554699994623661,0.0015405000012833625,8.100000559352338e-05,0.023172600005636923,0.006889700016472489,0.02087210000900086,2.3999891709536314e-06,1.1999989510513842e-05,0.0036834999918937683,7.50001345295459e-06,0.0011266000074101612,0.0023785999946994707,0.0018455999961588532,6.599992047995329e-06,0.07125290000112727
