execution,k_s_sup,s_k_sub,t_k_sup,ns_s_sup,s_ns_sub,r_ar_sup,ar_r_sub,ns_sub_r,ks_sf_in,sub_r_r,n_r_t,ns_s_spe,nk_k_sup,s_nsup_k,nrs_ns_r,total_time
1,1.0199961252510548e-05,7.860013283789158e-05,9.399955160915852e-06,8.200062438845634e-06,0.00011829985305666924,0.0026017000200226903,1.2999982573091984e-05,1.9000144675374031e-06,9.200070053339005e-06,1.1399970389902592e-05,5.399924702942371e-06,4.400033503770828e-06,0.0002101999707520008,0.0001289999345317483,5.299923941493034e-06,0.0032161998096853495
2,8.230004459619522e-05,0.0019123998936265707,0.001953400089405477,9.200070053339005e-06,0.0083030000096187,7.950013969093561e-05,8.899951353669167e-06,1.9000144675374031e-06,9.100069291889668e-06,1.0399846360087395e-05,5.100038833916187e-06,4.400033503770828e-06,0.00034909998066723347,0.00024099997244775295,5.700043402612209e-06,0.012975400197319686
3,9.399955160915852e-06,7.760012522339821e-05,9.099836461246014e-06,8.300063200294971e-06,7.519987411797047e-05,0.0023582001449540257,9.70007386058569e-06,1.7998972907662392e-06,8.999952115118504e-06,1.0400079190731049e-05,5.299923941493034e-06,4.300032742321491e-06,0.0002001000102609396,0.00012720003724098206,5.400041118264198e-06,0.002911000046879053
