percentage,execution,k_s_sup,s_k_sub,t_k_sup,ns_s_sup,s_ns_sub,r_ar_sup,ar_r_sub,ns_sub_r,ks_sf_in,sub_r_r,n_r_t,ns_s_spe,nk_k_sup,s_nsup_k,nrs_ns_r,total_time
40,3,1.4300007023848593e-05,0.005349200000637211,1.2599979527294636e-05,7.769999501761049e-05,0.014361000008648261,0.0036792000028071925,0.024399300004006363,2.4000037228688598e-06,1.2199991033412516e-05,0.0032701000018278137,8.100003469735384e-06,0.0016059000045061111,0.0024452999932691455,0.0017255999991903082,7.199996616691351e-06,0.05697009999130387
