percentage,execution,k_s_sup,s_k_sub,t_k_sup,ns_s_sup,s_ns_sub,r_ar_sup,ar_r_sub,ns_sub_r,ks_sf_in,sub_r_r,n_r_t,ns_s_spe,nk_k_sup,s_nsup_k,nrs_ns_r,total_time
60,2,9.990006219595671e-05,0.023002199945040047,0.008646500064060092,1.1199968867003918e-05,0.05203280004207045,0.002490099985152483,0.015259200008586049,2.100015990436077e-06,1.1899974197149277e-05,0.0025505999801680446,7.899943739175797e-06,9.09995287656784e-06,0.003686100011691451,0.003145699971355498,7.500057108700275e-06,0.1109627999830991
