percentage,execution,ar_r_sub,k_s_sup,ks_sf_in,n_r_t,nk_k_sup,nrs_ns_r,ns_s_spe,ns_s_sup,ns_sub_r,r_ar_sup,s_k_sub,s_ns_sub,s_nsup_k,sub_r_r,t_k_sup,total_time
60,5,0.0008990000005724141,1.2399999832268804e-05,9.599999430065509e-06,5.599999894911889e-06,0.0004409000002851826,4.999999873689376e-06,0.0008500000003550667,0.003957200000513694,1.8000000636675395e-06,3.1399999897985253e-05,0.0009040999993885634,0.0008232000000134576,0.000314799999614479,0.00016930000037973514,1.0400000064691994e-05,0.008434700000179873
