percentage,execution,k_s_sup,s_k_sub,t_k_sup,ns_s_sup,s_ns_sub,r_ar_sup,ar_r_sub,ns_sub_r,ks_sf_in,sub_r_r,n_r_t,ns_s_spe,nk_k_sup,s_nsup_k,nrs_ns_r,total_time
55,3,1.3099866919219494e-05,0.010118199978023767,1.5600002370774746e-05,7.469998672604561e-05,0.032488000113517046,0.0046048000222072005,0.04074509989004582,2.100015990436077e-06,1.2399861589074135e-05,0.007183399982750416,8.999952115118504e-06,0.0017422999953851104,0.003963000024668872,0.00278969993814826,6.500049494206905e-06,0.10376789967995137
