percentage,execution,k_s_sup,s_k_sub,t_k_sup,ns_s_sup,s_ns_sub,r_ar_sup,ar_r_sub,ns_sub_r,ks_sf_in,sub_r_r,n_r_t,ns_s_spe,nk_k_sup,s_nsup_k,nrs_ns_r,total_time
45,2,0.00011310004629194736,0.021781299961730838,0.009204700007103384,7.829989772289991e-05,0.06668920000083745,0.0034290000330656767,0.023282399983145297,2.500019036233425e-06,1.4799879863858223e-05,0.003318200120702386,7.999944500625134e-06,0.0016429000534117222,0.0037134999874979258,0.0030592000111937523,0.00011909997556358576,0.13645619992166758
