percentage,execution,k_s_sup,s_k_sub,t_k_sup,ns_s_sup,s_ns_sub,r_ar_sup,ar_r_sub,ns_sub_r,ks_sf_in,sub_r_r,n_r_t,ns_s_spe,nk_k_sup,s_nsup_k,nrs_ns_r,total_time
55,2,1.2899981811642647e-05,0.006442999932914972,1.3399985618889332e-05,7.399998139590025e-05,0.0162830000044778,0.0067306999117136,0.0237842999631539,2.300017513334751e-06,1.2699980288743973e-05,0.0034615000477060676,8.600065484642982e-06,0.001568599953316152,0.003073900006711483,0.0021126000210642815,7.1999384090304375e-06,0.06358869979158044
