percentage,execution,k_s_sup,s_k_sub,t_k_sup,ns_s_sup,s_ns_sub,r_ar_sup,ar_r_sub,ns_sub_r,ks_sf_in,sub_r_r,n_r_t,ns_s_spe,nk_k_sup,s_nsup_k,nrs_ns_r,total_time
80,3,8.319999324157834e-05,0.021204099990427494,0.008450200009974651,8.169999637175351e-05,0.038188299993635155,0.005440300010377541,0.009616700001060963,2.3000029614195228e-06,2.5900008040480316e-05,0.0014105000154813752,7.90000194683671e-06,0.0016158999933395535,0.0036011999909533188,0.0030941000004531816,6.499991286545992e-06,0.09282879999955185
