percentage,execution,k_s_sup,s_k_sub,t_k_sup,ns_s_sup,s_ns_sub,r_ar_sup,ar_r_sub,ns_sub_r,ks_sf_in,sub_r_r,n_r_t,ns_s_spe,nk_k_sup,s_nsup_k,nrs_ns_r,total_time
10,1,1.0800009476952255e-05,0.00013380000018514693,1.0800009476952255e-05,9.60000033956021e-06,0.00012820001575164497,0.002198600006522611,7.870000263210386e-05,1.5999976312741637e-06,1.030000566970557e-05,1.8099992303177714e-05,7.199996616691351e-06,4.899993655271828e-06,0.0003544999926816672,0.00023020000662654638,7.700000423938036e-06,0.0032050000299932435
