percentage,execution,ar_r_sub,k_s_sup,ks_sf_in,n_r_t,nk_k_sup,nrs_ns_r,ns_s_spe,ns_s_sup,ns_sub_r,r_ar_sup,s_k_sub,s_ns_sub,s_nsup_k,sub_r_r,t_k_sup,total_time
80,7,0.0008811000006971881,9.999999747378752e-06,9.100000170292333e-06,5.699999746866524e-06,0.0005412999998952728,4.800000169780105e-06,0.0008422000000791741,0.0038475999999718624,1.8000000636675395e-06,7.439999990310753e-05,0.0021979999992254307,0.0021609000004900736,0.00039000000015221303,0.00017289999959757552,1.0199999451288022e-05,0.011149999999361171
