percentage,execution,k_s_sup,s_k_sub,t_k_sup,ns_s_sup,s_ns_sub,r_ar_sup,ar_r_sub,ns_sub_r,ks_sf_in,sub_r_r,n_r_t,ns_s_spe,nk_k_sup,s_nsup_k,nrs_ns_r,total_time
55,4,1.2699980288743973e-05,0.009648000006563962,1.4799879863858223e-05,0.00012280012015253305,0.028909699874930084,0.004582500085234642,0.03582820005249232,2.200016751885414e-06,1.189985778182745e-05,0.006532000028528273,8.400063961744308e-06,0.0016337999841198325,0.004003499983809888,0.0029464999679476023,7.400056347250938e-06,0.09426439995877445
