percentage,execution,k_s_sup,s_k_sub,t_k_sup,ns_s_sup,s_ns_sub,r_ar_sup,ar_r_sub,ns_sub_r,ks_sf_in,sub_r_r,n_r_t,ns_s_spe,nk_k_sup,s_nsup_k,nrs_ns_r,total_time
20,5,7.949999417178333e-05,0.02042819999041967,0.008538299996871501,1.1099997209385037e-05,0.08001070001046173,0.0016526999970665202,0.000142700009746477,1.8999853637069464e-06,1.1099997209385037e-05,2.059999678749591e-05,7.499998901039362e-06,5.1000097300857306e-06,0.0036639000027207658,0.0031867999932728708,8.400005754083395e-06,0.1177684999856865
