percentage,execution,k_s_sup,s_k_sub,t_k_sup,ns_s_sup,s_ns_sub,r_ar_sup,ar_r_sub,ns_sub_r,ks_sf_in,sub_r_r,n_r_t,ns_s_spe,nk_k_sup,s_nsup_k,nrs_ns_r,total_time
60,1,8.50000069476664e-05,0.02494640000804793,0.008731599999009632,1.1800002539530396e-05,0.05348299999604933,0.003381500020623207,0.03583059998345561,2.0999868866056204e-06,1.2300006346777081e-05,0.006475400005001575,8.499991963617504e-06,6.000002031214535e-06,0.0038714999973308295,0.0031998000049497932,6.699992809444666e-06,0.14005220000399277
