percentage,execution,ar_r_sub,k_s_sup,ks_sf_in,n_r_t,nk_k_sup,nrs_ns_r,ns_s_spe,ns_s_sup,ns_sub_r,r_ar_sup,s_k_sub,s_ns_sub,s_nsup_k,sub_r_r,t_k_sup,total_time
40,5,0.000485400203615427,1.3100448995828629e-05,1.1799857020378113e-05,1.090019941329956e-05,0.0022538001649081707,7.4999406933784485e-06,5.499925464391708e-06,1.1499505490064621e-05,1.80024653673172e-06,0.0030233999714255333,0.0013616997748613358,0.0013355002738535404,0.0015441998839378357,1.890072599053383e-05,1.2999866157770157e-05,0.01009800098836422
