percentage,execution,k_s_sup,s_k_sub,t_k_sup,ns_s_sup,s_ns_sub,r_ar_sup,ar_r_sub,ns_sub_r,ks_sf_in,sub_r_r,n_r_t,ns_s_spe,nk_k_sup,s_nsup_k,nrs_ns_r,total_time
10,1,1.1399853974580765e-05,0.00013729999773204327,1.1199968867003918e-05,1.009996049106121e-05,0.00013910012785345316,0.002251700032502413,7.830013055354357e-05,1.700012944638729e-06,1.109996810555458e-05,1.950003206729889e-05,7.900060154497623e-06,5.300040356814861e-06,0.0004267999902367592,0.00029420002829283476,8.70006624609232e-06,0.0034143002703785896
