percentage,execution,k_s_sup,s_k_sub,t_k_sup,ns_s_sup,s_ns_sub,r_ar_sup,ar_r_sub,ns_sub_r,ks_sf_in,sub_r_r,n_r_t,ns_s_spe,nk_k_sup,s_nsup_k,nrs_ns_r,total_time
40,4,8.070003241300583e-05,0.020788100082427263,0.00868550012819469,1.1299969628453255e-05,0.06408619997091591,0.0033810000168159604,0.0003032999811694026,2.300017513334751e-06,1.179997343569994e-05,2.1400046534836292e-05,7.79994297772646e-06,2.450007013976574e-05,0.0037450999952852726,0.0032069000881165266,8.09994526207447e-06,0.10436400026082993
