percentage,execution,ar_r_sub,k_s_sup,ks_sf_in,n_r_t,nk_k_sup,nrs_ns_r,ns_s_spe,ns_s_sup,ns_sub_r,r_ar_sup,s_k_sub,s_ns_sub,s_nsup_k,sub_r_r,t_k_sup,total_time
80,4,0.017661500000031083,8.160000015777769e-05,1.2299999070819467e-05,8.600000001024455e-06,0.0035887000003640424,6.299999768089037e-06,6.000000212225132e-06,1.2200000128359534e-05,1.99999976757681e-06,0.003907000000253902,0.023884499999439868,0.035632000000077824,0.0030813999992460595,0.0028761000003214576,0.008381000000554195,0.0991411999993943
