percentage,execution,k_s_sup,s_k_sub,t_k_sup,ns_s_sup,s_ns_sub,r_ar_sup,ar_r_sub,ns_sub_r,ks_sf_in,sub_r_r,n_r_t,ns_s_spe,nk_k_sup,s_nsup_k,nrs_ns_r,total_time
50,10,8.309997792821378e-05,0.02503779999096878,0.008852900005877018,8.140000863932073e-05,0.06328950000170153,0.0009071999957086518,0.027629699994577095,2.3000029614195228e-06,1.170000177808106e-05,0.004668100009439513,8.300004992634058e-06,0.0016483999934280291,0.0036609999951906502,0.0032614000083412975,9.700001101009548e-06,0.13915249999263324
