percentage,execution,k_s_sup,s_k_sub,t_k_sup,ns_s_sup,s_ns_sub,r_ar_sup,ar_r_sub,ns_sub_r,ks_sf_in,sub_r_r,n_r_t,ns_s_spe,nk_k_sup,s_nsup_k,nrs_ns_r,total_time
80,2,8.17000400274992e-05,0.022144699934870005,0.008573799976147711,1.179997343569994e-05,0.03714269993361086,0.0057301000924780965,0.013986499980092049,2.100015990436077e-06,1.5300000086426735e-05,0.002402600017376244,8.400063961744308e-06,5.899928510189056e-06,0.0036622999468818307,0.0031924000941216946,6.400048732757568e-06,0.09696670004632324
