percentage,execution,ar_r_sub,k_s_sup,ks_sf_in,n_r_t,nk_k_sup,nrs_ns_r,ns_s_spe,ns_s_sup,ns_sub_r,r_ar_sup,s_k_sub,s_ns_sub,s_nsup_k,sub_r_r,t_k_sup,total_time
60,3,0.007251400000313879,1.0799999472510535e-05,9.899999895424116e-06,5.500000042957254e-06,0.00045450000015989644,4.999999873689376e-06,0.0009595999999874039,0.0010314999999536667,1.899999006127473e-06,1.089999932446517e-05,0.0012059999999110005,0.004224600000270584,0.00032949999967968324,0.001089999999749125,1.1299999641778413e-05,0.01660239999728219
