percentage,execution,ar_r_sub,k_s_sup,ks_sf_in,n_r_t,nk_k_sup,nrs_ns_r,ns_s_spe,ns_s_sup,ns_sub_r,r_ar_sup,s_k_sub,s_ns_sub,s_nsup_k,sub_r_r,t_k_sup,total_time
60,4,0.0013220999389886856,1.3600103557109833e-05,1.1800089851021767e-05,8.199946023523808e-06,0.00280330004170537,7.200054824352264e-06,0.00171699991915375,7.65001168474555e-05,2.00001522898674e-06,0.005427299882285297,0.0016264000441879034,0.0015611000126227736,0.0020004999823868275,1.989991869777441e-05,1.2800097465515137e-05,0.016609700163826346
