percentage,execution,ar_r_sub,k_s_sup,ks_sf_in,n_r_t,nk_k_sup,nrs_ns_r,ns_s_spe,ns_s_sup,ns_sub_r,r_ar_sup,s_k_sub,s_ns_sub,s_nsup_k,sub_r_r,t_k_sup,total_time
30,4,0.02676479984074831,1.3999640941619873e-05,1.2400094419717789e-05,8.299946784973145e-06,0.0026894998736679554,9.09995287656784e-06,0.001757299993187189,9.900005534291267e-05,1.700129359960556e-06,0.0038168998435139656,0.006182199809700251,0.024774800054728985,0.0018259999342262745,0.0053114998154342175,1.3700220733880997e-05,0.07328119920566678
