percentage,execution,k_s_sup,s_k_sub,t_k_sup,ns_s_sup,s_ns_sub,r_ar_sup,ar_r_sub,ns_sub_r,ks_sf_in,sub_r_r,n_r_t,ns_s_spe,nk_k_sup,s_nsup_k,nrs_ns_r,total_time
40,2,8.320000779349357e-05,0.022220700004254468,0.008689799986314029,1.449997944291681e-05,0.06628499999351334,0.002448299987008795,0.017923500025062822,2.0000006770715117e-06,1.1999989510513842e-05,0.003180700005032122,8.099988917820156e-06,5.800000508315861e-06,0.0036903000000165775,0.0031790000066393986,7.399998139590025e-06,0.12775029997283127
