percentage,execution,ar_r_sub,k_s_sup,ks_sf_in,n_r_t,nk_k_sup,nrs_ns_r,ns_s_spe,ns_s_sup,ns_sub_r,r_ar_sup,s_k_sub,s_ns_sub,s_nsup_k,sub_r_r,t_k_sup,total_time
50,5,2.9000453650951385e-05,0.0001000002957880497,2.4599488824605942e-05,1.309998333454132e-05,0.00978429988026619,1.3699755072593689e-05,1.0599847882986069e-05,2.1399464458227158e-05,2.5900546461343765e-05,0.012472100090235472,0.011031399946659803,0.024914900306612253,0.002236899919807911,3.1400006264448166e-05,0.006912900134921074,0.06762220012024045
