percentage,execution,ar_r_sub,k_s_sup,ks_sf_in,n_r_t,nk_k_sup,nrs_ns_r,ns_s_spe,ns_s_sup,ns_sub_r,r_ar_sup,s_k_sub,s_ns_sub,s_nsup_k,sub_r_r,t_k_sup,total_time
80,5,1.4399999599845614e-05,4.7700000322947744e-05,1.3699998817173764e-05,1.049999991664663e-05,0.007174500000473927,9.599998520570807e-06,8.89999955688836e-06,1.340000017080456e-05,1.4399998690350913e-05,0.007411799999317736,0.002916600000389735,0.0027441000001999782,0.0010399000002507819,1.6400000276917126e-05,0.0013731999997617095,0.022809099996266013
