percentage,execution,ar_r_sub,k_s_sup,ks_sf_in,n_r_t,nk_k_sup,nrs_ns_r,ns_s_spe,ns_s_sup,ns_sub_r,r_ar_sup,s_k_sub,s_ns_sub,s_nsup_k,sub_r_r,t_k_sup,total_time
20,7,1.8900001123256516e-05,8.470000011584489e-05,1.7199999092554208e-05,1.0000000656873453e-05,0.006551199999194068,1.0900000233959872e-05,8.50000014906982e-06,2.0399999812070746e-05,1.849999989644857e-05,0.003138299999591254,0.0038054999995438266,0.012926700000207347,0.0006790000006731134,2.1600000764010474e-05,0.0018438000006426591,0.029155200001696358
