percentage,execution,ar_r_sub,k_s_sup,ks_sf_in,n_r_t,nk_k_sup,nrs_ns_r,ns_s_spe,ns_s_sup,ns_sub_r,r_ar_sup,s_k_sub,s_ns_sub,s_nsup_k,sub_r_r,t_k_sup,total_time
60,2,2.1000043489038944e-05,9.119999594986439e-05,1.859990879893303e-05,1.209997572004795e-05,0.00827640003990382,1.1900090612471104e-05,9.500072337687016e-06,2.5600078515708447e-05,2.0200037397444248e-05,0.012593899969942868,0.009529900038614869,0.018875200184993446,0.002034400007687509,2.450007013976574e-05,0.0061839999398216605,0.05772840045392513
