percentage,execution,k_s_sup,s_k_sub,t_k_sup,ns_s_sup,s_ns_sub,r_ar_sup,ar_r_sub,ns_sub_r,ks_sf_in,sub_r_r,n_r_t,ns_s_spe,nk_k_sup,s_nsup_k,nrs_ns_r,total_time
60,6,7.9699995694682e-05,0.007328499996219762,0.006711199996061623,1.0200004908256233e-05,0.020006399994599633,0.006763700002920814,1.0200004908256233e-05,1.300001167692244e-05,9.200011845678091e-06,1.2500007869675756e-05,5.800000508315861e-06,4.699992132373154e-06,0.001336999994236976,0.0011229000083403662,5.800000508315861e-06,0.04342080002243165
