percentage,execution,ar_r_sub,k_s_sup,ks_sf_in,n_r_t,nk_k_sup,nrs_ns_r,ns_s_spe,ns_s_sup,ns_sub_r,r_ar_sup,s_k_sub,s_ns_sub,s_nsup_k,sub_r_r,t_k_sup,total_time
10,3,2.2300053387880325e-05,0.00010029971599578857,2.1099578589200974e-05,1.2800097465515137e-05,0.008413799572736025,1.4999881386756897e-05,1.0299962013959885e-05,2.090027555823326e-05,2.1999701857566833e-05,0.003684100229293108,0.008602500427514315,0.03820590069517493,0.001463400200009346,3.130035474896431e-05,0.007062200456857681,0.06768790120258927
