percentage,execution,ar_r_sub,k_s_sup,ks_sf_in,n_r_t,nk_k_sup,nrs_ns_r,ns_s_spe,ns_s_sup,ns_sub_r,r_ar_sup,s_k_sub,s_ns_sub,s_nsup_k,sub_r_r,t_k_sup,total_time
40,8,9.599999430065509e-06,7.750000077066943e-05,8.900000466383062e-06,4.800000169780105e-06,0.0006002000000080443,5.599999894911889e-06,4.70000031782547e-06,9.20000093174167e-06,9.299999874201603e-06,0.0008796000001893844,0.0035053999999945518,0.012708799999927578,0.0005067000001872657,1.049999991664663e-05,0.0027145999993081205,0.02105540000138717
