percentage,execution,ar_r_sub,k_s_sup,ks_sf_in,n_r_t,nk_k_sup,nrs_ns_r,ns_s_spe,ns_s_sup,ns_sub_r,r_ar_sup,s_k_sub,s_ns_sub,s_nsup_k,sub_r_r,t_k_sup,total_time
80,8,9.20000093174167e-06,7.559999994555255e-05,8.600000001024455e-06,4.999999873689376e-06,0.000587200000154553,5.099999725644011e-06,4.099999387108255e-06,8.89999955688836e-06,9.100000170292333e-06,0.002381000000241329,0.0036649999992732774,0.006704100000206381,0.00048769999921205454,1.0400000974186696e-05,0.0027682999998432933,0.016729299999497016
