percentage,execution,ar_r_sub,k_s_sup,ks_sf_in,n_r_t,nk_k_sup,nrs_ns_r,ns_s_spe,ns_s_sup,ns_sub_r,r_ar_sup,s_k_sub,s_ns_sub,s_nsup_k,sub_r_r,t_k_sup,total_time
20,9,1.779999911377672e-05,8.380000053875847e-05,1.7300000763498247e-05,1.0099999599333387e-05,0.006616799999392242,1.0900000233959872e-05,8.69999985297909e-06,1.7600000319362152e-05,1.7800000932766125e-05,0.003086300000177289,0.003799399998570152,0.01296829999955662,0.0006769000001440872,2.1100000594742596e-05,0.0018264000000272063,0.029179199999816774
