percentage,execution,k_s_sup,s_k_sub,t_k_sup,ns_s_sup,s_ns_sub,r_ar_sup,ar_r_sub,ns_sub_r,ks_sf_in,sub_r_r,n_r_t,ns_s_spe,nk_k_sup,s_nsup_k,nrs_ns_r,total_time
90,6,8.300002082251012e-05,0.006925000008777715,0.006020299988449551,1.0299991117790341e-05,0.00987790001090616,0.009824699998716824,1.0399991879239678e-05,1.3199998647905886e-05,9.400013368576765e-06,1.2699994840659201e-05,8.500006515532732e-06,4.799992893822491e-06,0.0013156999921193346,0.0011119999981019646,5.099995178170502e-06,0.03523300000233576
