percentage,execution,k_s_sup,s_k_sub,t_k_sup,ns_s_sup,s_ns_sub,r_ar_sup,ar_r_sub,ns_sub_r,ks_sf_in,sub_r_r,n_r_t,ns_s_spe,nk_k_sup,s_nsup_k,nrs_ns_r,total_time
20,5,8.840001828502864e-05,0.0075083999981870875,0.006207600003108382,1.9199986127205193e-05,0.02987419998680707,0.005042599979788065,2.330001734662801e-05,1.999999221879989e-05,1.889999839477241e-05,2.5000001187436283e-05,1.130001328419894e-05,9.800016414374113e-06,0.0074776000110432506,0.0013638000091305003,1.2500007869675756e-05,0.057702600039192475
