percentage,execution,ar_r_sub,k_s_sup,ks_sf_in,n_r_t,nk_k_sup,nrs_ns_r,ns_s_spe,ns_s_sup,ns_sub_r,r_ar_sup,s_k_sub,s_ns_sub,s_nsup_k,sub_r_r,t_k_sup,total_time
80,2,9.800000043469481e-06,8.119999984046444e-05,8.700000762473792e-06,5.200000487093348e-06,0.0005974999994577956,5.100000635138713e-06,4.499999704421498e-06,9.299998964706901e-06,9.200000022246968e-06,0.0031764999994265963,0.003709300000082294,0.006752300000698597,0.0005092000001241104,1.0800000382005237e-05,0.002683699999579403,0.017572300000210817
