percentage,execution,ar_r_sub,k_s_sup,ks_sf_in,n_r_t,nk_k_sup,nrs_ns_r,ns_s_spe,ns_s_sup,ns_sub_r,r_ar_sup,s_k_sub,s_ns_sub,s_nsup_k,sub_r_r,t_k_sup,total_time
80,9,9.800000043469481e-06,7.879999975557439e-05,8.400000297115184e-06,4.999999873689376e-06,0.0007443999993483885,5.099999725644011e-06,4.399999852466863e-06,9.200000022246968e-06,9.099999260797631e-06,0.003911499999958323,0.004480900000089605,0.007386900000710739,0.000578000000132306,1.1399999493733048e-05,0.0020218999998178333,0.019264799998381932
