percentage,execution,ar_r_sub,k_s_sup,ks_sf_in,n_r_t,nk_k_sup,nrs_ns_r,ns_s_spe,ns_s_sup,ns_sub_r,r_ar_sup,s_k_sub,s_ns_sub,s_nsup_k,sub_r_r,t_k_sup,total_time
50,3,2.0499806851148605e-05,8.889974560588598e-05,1.8799793906509876e-05,1.1399970389902592e-05,0.008009899989701807,1.1499971151351929e-05,9.400071576237679e-06,1.9299914129078388e-05,2.2800173610448837e-05,0.013225900125689805,0.0075462000677362084,0.021915000048466027,0.0017582000000402331,2.410018350929022e-05,0.0061113000847399235,0.05879319994710386
