percentage,execution,ar_r_sub,k_s_sup,ks_sf_in,n_r_t,nk_k_sup,nrs_ns_r,ns_s_spe,ns_s_sup,ns_sub_r,r_ar_sup,s_k_sub,s_ns_sub,s_nsup_k,sub_r_r,t_k_sup,total_time
70,3,1.0299962013959885e-05,8.009991142898798e-05,9.299954399466515e-06,5.800044164061546e-06,0.0013317998964339495,5.799927748739719e-06,4.900037311017513e-06,1.0200077667832375e-05,1.0299962013959885e-05,0.0062874999130144715,0.0077771000796929,0.017197700100950897,0.0011237000580877066,1.2200092896819115e-05,0.00627620005980134,0.04014290007762611
