execution,k_s_sup,s_k_sub,t_k_sup,ns_s_sup,s_ns_sub,r_ar_sup,ar_r_sub,ns_sub_r,ks_sf_in,sub_r_r,n_r_t,ns_s_spe,nk_k_sup,s_nsup_k,nrs_ns_r,total_time
1,8.269993122667074e-05,0.0010615999344736338,0.00113469990901649,9.299954399466515e-06,0.00438549998216331,8.169992361217737e-05,1.2400094419717789e-05,9.399955160915852e-06,9.00006853044033e-06,1.0399962775409222e-05,5.100038833916187e-06,4.500034265220165e-06,0.00017360004130750895,0.00013070006389170885,5.299923941493034e-06,0.007115899818018079
2,4.96001448482275e-05,0.0005837000207975507,0.0005550999194383621,1.3499986380338669e-05,0.0005225000204518437,4.8600020818412304e-05,0.00011560018174350262,1.3899989426136017e-05,1.3500102795660496e-05,1.4599994756281376e-05,9.70007386058569e-06,8.800067007541656e-06,0.01067490002606064,0.0002714000875130296,9.599840268492699e-06,0.012905000476166606
