execution,ar_r_sub,k_s_sup,ks_sf_in,n_r_t,nk_k_sup,nrs_ns_r,ns_s_spe,ns_s_sup,ns_sub_r,r_ar_sup,s_k_sub,s_ns_sub,s_nsup_k,sub_r_r,t_k_sup,total_time
1,0.00014490005560219288,6.250012665987015e-05,1.6200006939470768e-05,1.1800089851021767e-05,0.01356979995034635,1.27000967040658e-05,1.070008147507906e-05,1.5900121070444584e-05,1.6900012269616127e-05,6.130000110715628e-05,0.0007251000497490168,0.000646800035610795,0.00035639991983771324,1.7999904230237007e-05,0.0006862999871373177,0.016355300438590348
2,2.280005719512701e-05,0.0001050001010298729,1.5400000847876072e-05,1.00000761449337e-05,0.0004091999726369977,1.1399970389902592e-05,9.300070814788342e-06,1.209997572004795e-05,1.5700003132224083e-05,0.0001428999239578843,0.0013552000746130943,0.0060443999245762825,0.0002945999149233103,1.810002140700817e-05,0.0013568999711424112,0.009823000058531761
