execution,k_s_sup,s_k_sub,t_k_sup,ns_s_sup,s_ns_sub,r_ar_sup,ar_r_sub,ns_sub_r,ks_sf_in,sub_r_r,n_r_t,ns_s_spe,nk_k_sup,s_nsup_k,nrs_ns_r,total_time
1,9.600014891475439e-06,8.499948307871819e-06,9.100011084228754e-06,7.680000271648169e-05,8.599949069321156e-06,7.499998901039362e-05,8.500006515532732e-06,9.300012607127428e-06,8.400005754083395e-06,1.2599979527294636e-05,5.199981387704611e-06,0.0004322000313550234,4.900037311017513e-06,4.600035026669502e-06,5.200039595365524e-06,0.0006785000441595912
2,0.004842399968765676,8.139992132782936e-05,0.00010429997928440571,8.169998181983829e-05,7.539999205619097e-05,0.002917399920988828,1.009996049106121e-05,0.00016149994917213917,9.000010322779417e-06,1.0800024028867483e-05,5.699985194951296e-06,0.000417300034314394,5.299982149153948e-06,4.999979864805937e-06,4.999979864805937e-06,0.008732299669645727
3,0.004508199985139072,8.139992132782936e-05,0.00010810000821948051,7.830001413822174e-05,9.159999899566174e-05,0.0030254999292083085,1.009996049106121e-05,0.00015979999443516135,9.700015652924776e-06,1.0699965059757233e-05,5.699985194951296e-06,0.0004118999931961298,5.499983672052622e-06,4.699977580457926e-06,5.099980626255274e-06,0.008516299712937325
4,0.004288099997211248,8.290004916489124e-05,9.759998647496104e-05,7.699994603171945e-05,7.539999205619097e-05,0.0028696999652311206,1.0000017937272787e-05,0.00015300000086426735,9.600073099136353e-06,1.0400079190731049e-05,5.499983672052622e-06,0.00040259998058900237,5.300040356814861e-06,4.800036549568176e-06,5.00003807246685e-06,0.008096900186501443
