execution,k_s_sup,s_k_sub,t_k_sup,ns_s_sup,s_ns_sub,r_ar_sup,ar_r_sub,ns_sub_r,ks_sf_in,sub_r_r,n_r_t,ns_s_spe,nk_k_sup,s_nsup_k,nrs_ns_r,total_time
1,7.919990457594395e-05,0.0010899001499637961,0.0010465000523254275,9.199953638017178e-06,0.00406549999024719,7.779989391565323e-05,8.500064723193645e-06,1.9000144675374031e-06,8.699949830770493e-06,9.899958968162537e-06,2.459995448589325e-05,7.0999376475811005e-06,0.00019910000264644623,0.0001254999078810215,5.00003807246685e-06,0.006758399773389101
2,8.800067007541656e-06,7.389998063445091e-05,1.1400086805224419e-05,7.900060154497623e-06,7.139996159821749e-05,8.500064723193645e-06,7.139996159821749e-05,1.5998957678675652e-06,8.499948307871819e-06,8.899951353669167e-06,4.599918611347675e-06,4.100031219422817e-06,0.0001976999919861555,0.00012569990940392017,5.100038833916187e-06,0.0006094998680055141
