execution,k_s_sup,s_k_sub,t_k_sup,ns_s_sup,s_ns_sub,r_ar_sup,ar_r_sub,ns_sub_r,ks_sf_in,sub_r_r,n_r_t,ns_s_spe,nk_k_sup,s_nsup_k,nrs_ns_r,total_time
1,7.770012598484755e-05,0.001714100013487041,0.00197199999820441,9.199953638017178e-06,0.007929799961857498,7.740000728517771e-05,8.699949830770493e-06,1.800013706088066e-06,8.899951353669167e-06,1.0299962013959885e-05,4.800036549568176e-06,4.300032742321491e-06,0.00028979999478906393,0.0002373000606894493,5.199923180043697e-06,0.012351299985311925
2,8.999952115118504e-06,7.670000195503235e-05,8.800067007541656e-06,8.199946023523808e-06,7.410009857267141e-05,8.999952115118504e-06,7.309997454285622e-05,1.600012183189392e-06,0.00025459995958954096,1.070008147507906e-05,5.300040356814861e-06,4.300032742321491e-06,0.00018910004291683435,0.00012229999992996454,5.300040356814861e-06,0.000852100201882422
3,9.599956683814526e-06,7.84001313149929e-05,9.099836461246014e-06,8.200062438845634e-06,7.569987792521715e-05,9.100069291889668e-06,7.760000880807638e-05,2.00001522898674e-06,0.00028389994986355305,1.0299962013959885e-05,5.299923941493034e-06,4.600035026669502e-06,0.0001925000688061118,0.00012690003495663404,5.100038833916187e-06,0.0008982999715954065
