execution,k_s_sup,s_k_sub,t_k_sup,ns_s_sup,s_ns_sub,r_ar_sup,ar_r_sub,ns_sub_r,ks_sf_in,sub_r_r,n_r_t,ns_s_spe,nk_k_sup,s_nsup_k,nrs_ns_r,total_time
1,7.49000464566052e-05,0.000949899957049638,0.0010049999691545963,8.500064723193645e-06,0.003933099971618503,7.429998368024826e-05,8.200062438845634e-06,1.6999547369778156e-06,8.400005754083395e-06,9.200011845678091e-06,4.200031980872154e-06,4.099973011761904e-06,0.00014759995974600315,0.00012179999612271786,4.799978341907263e-06,0.006355699966661632
2,8.899951353669167e-06,7.499998901039362e-05,1.3100041542202234e-05,8.00006091594696e-06,7.250002818182111e-05,8.699949830770493e-06,7.219996768981218e-05,1.700012944638729e-06,8.600007276982069e-06,9.200011845678091e-06,5.199981387704611e-06,4.200031980872154e-06,0.00022369995713233948,0.00012739998055621982,5.200039595365524e-06,0.0006436000112444162
