execution,k_s_sup,s_k_sub,t_k_sup,ns_s_sup,s_ns_sub,r_ar_sup,ar_r_sub,ns_sub_r,ks_sf_in,sub_r_r,n_r_t,ns_s_spe,nk_k_sup,s_nsup_k,nrs_ns_r,total_time
1,8.70006624609232e-06,7.960014045238495e-05,8.899951353669167e-06,8.200062438845634e-06,7.349997758865356e-05,8.699833415448666e-06,7.210008334368467e-05,1.600012183189392e-06,8.600065484642982e-06,9.7999582067132e-06,4.999921657145023e-06,4.00003045797348e-06,0.0002028000308200717,0.00012449990026652813,5.300040356814861e-06,0.0006213000742718577
2,7.970002479851246e-05,0.0011099999537691474,0.0010546999983489513,9.199953638017178e-06,0.004328500013798475,7.649988401681185e-05,8.500064723193645e-06,2.200016751885414e-06,1.1299853213131428e-05,1.00000761449337e-05,4.400033503770828e-06,7.1999384090304375e-06,0.00015540001913905144,0.00012859993148595095,5.00003807246685e-06,0.00699119979981333
