execution,k_s_sup,s_k_sub,t_k_sup,ns_s_sup,s_ns_sub,r_ar_sup,ar_r_sub,ns_sub_r,ks_sf_in,sub_r_r,n_r_t,ns_s_spe,nk_k_sup,s_nsup_k,nrs_ns_r,total_time
1,7.609999738633633e-05,0.0017967000603675842,0.002052999974694103,8.79995059221983e-06,0.008176199917215854,8.179998258128762e-05,8.500006515532732e-06,1.800013706088066e-06,8.800008799880743e-06,9.600014891475439e-06,4.799978341907263e-06,4.499976057559252e-06,0.00029150000773370266,0.0002478999667800963,5.099980626255274e-06,0.012775099836289883
2,9.100011084228754e-06,7.51999905332923e-05,1.190003240481019e-05,8.000002708286047e-06,7.260002894327044e-05,8.700008038431406e-06,7.100001676008105e-05,1.5999539755284786e-06,0.0002582999295555055,9.999959729611874e-06,5.00003807246685e-06,4.100031219422817e-06,0.00019240000983700156,0.00012390001211315393,4.8999791033566e-06,0.0008567000040784478
3,9.300012607127428e-06,7.71000050008297e-05,9.199953638017178e-06,1.1199968867003918e-05,7.479998748749495e-05,8.600065484642982e-06,7.210002513602376e-05,1.700012944638729e-06,0.00028760003624483943,1.1100084520876408e-05,5.099980626255274e-06,4.299974534660578e-06,0.00019270001212134957,0.00012130005052313209,5.100038833916187e-06,0.0008912002085708082
