execution,ar_r_sub,k_s_sup,ks_sf_in,n_r_t,nk_k_sup,nrs_ns_r,ns_s_spe,ns_s_sup,ns_sub_r,r_ar_sup,s_k_sub,s_ns_sub,s_nsup_k,sub_r_r,t_k_sup,total_time
1,1.2399978004395962e-05,8.060003165155649e-05,9.299954399466515e-06,4.999921657145023e-06,0.0003572999266907573,5.700043402612209e-06,4.400033503770828e-06,1.6200006939470768e-05,1.9000144675374031e-06,8.059991523623466e-05,0.0022519000340253115,0.008689000038430095,0.0002987000625580549,1.070008147507906e-05,0.0010535998735576868,0.012877299915999174
2,1.00000761449337e-05,9.400071576237679e-06,9.400071576237679e-06,5.300040356814861e-06,0.0002578999847173691,5.300040356814861e-06,4.500034265220165e-06,8.600065484642982e-06,1.700012944638729e-06,0.0046879000728949904,7.970002479851246e-05,7.549987640231848e-05,0.00020250002853572369,1.0999850928783417e-05,9.199953638017178e-06,0.005377900204621255
3,9.599956683814526e-06,8.999952115118504e-06,9.300070814788342e-06,5.100038833916187e-06,0.0004419999895617366,5.400041118264198e-06,4.600035026669502e-06,8.699949830770493e-06,1.800013706088066e-06,0.0023325999500229955,0.001015600049868226,0.004685900057666004,0.00029799994081258774,1.0899966582655907e-05,1.0100076906383038e-05,0.008848600089550018
