percentage,execution,k_s_sup,s_k_sub,t_k_sup,ns_s_sup,s_ns_sub,r_ar_sup,ar_r_sub,ns_sub_r,ks_sf_in,sub_r_r,n_r_t,ns_s_spe,nk_k_sup,s_nsup_k,nrs_ns_r,total_time
50,5,8.129999332595617e-05,0.019092299990006723,0.001822499994887039,1.2899996363557875e-05,0.03661460000148509,0.0031974999874364585,0.027877700005774386,2.00001522898674e-06,1.0299991117790341e-05,0.005223600004683249,6.200003554113209e-06,4.8000074457377195e-06,0.0021914999961154535,0.0019076000025961548,5.099995178170502e-06,0.09804989998519886
