percentage,execution,k_s_sup,s_k_sub,t_k_sup,ns_s_sup,s_ns_sub,r_ar_sup,ar_r_sub,ns_sub_r,ks_sf_in,sub_r_r,n_r_t,ns_s_spe,nk_k_sup,s_nsup_k,nrs_ns_r,total_time
40,3,1.0899995686486363e-05,0.011267199995927513,1.1199997970834374e-05,9.599985787644982e-06,0.03233360000012908,0.003220400001737289,0.02815480000572279,2.0000006770715117e-06,1.0900010238401592e-05,0.005099400004837662,6.50000583846122e-06,4.799992893822491e-06,0.0026185000024270266,0.0019269000040367246,6.000002031214535e-06,0.08468270000594202
