percentage,execution,k_s_sup,s_k_sub,t_k_sup,ns_s_sup,s_ns_sub,r_ar_sup,ar_r_sub,ns_sub_r,ks_sf_in,sub_r_r,n_r_t,ns_s_spe,nk_k_sup,s_nsup_k,nrs_ns_r,total_time
80,10,8.080000407062471e-05,0.016359999994165264,0.0018169999966630712,1.0499992640689015e-05,0.02449739999428857,0.0032731000101193786,0.006814299995312467,2.0000006770715117e-06,1.0399991879239678e-05,0.0012906999909318984,6.300004315562546e-06,4.799992893822491e-06,0.0021553999977186322,0.0019186999998055398,5.399997462518513e-06,0.05824679996294435
