percentage,execution,ar_r_sub,k_s_sup,ks_sf_in,n_r_t,nk_k_sup,nrs_ns_r,ns_s_spe,ns_s_sup,ns_sub_r,r_ar_sup,s_k_sub,s_ns_sub,s_nsup_k,sub_r_r,t_k_sup,total_time
80,6,0.011014900170266628,8.230004459619522e-05,1.0699965059757233e-05,6.4997002482414246e-06,0.0022412999533116817,5.600042641162872e-06,5.09992241859436e-06,1.1000316590070724e-05,1.80024653673172e-06,0.00176170002669096,0.018897099420428276,0.024838900193572044,0.002042700070887804,0.0017766999080777168,0.0020042997784912586,0.06470059975981712
