percentage,execution,k_s_sup,s_k_sub,t_k_sup,ns_s_sup,s_ns_sub,r_ar_sup,ar_r_sub,ns_sub_r,ks_sf_in,sub_r_r,n_r_t,ns_s_spe,nk_k_sup,s_nsup_k,nrs_ns_r,total_time
90,5,7.88000033935532e-05,0.01925660000415519,0.001928600002429448,1.0299991117790341e-05,0.022088900004746392,0.003283400001237169,0.010478500000317581,2.4999899324029684e-06,1.0499992640689015e-05,0.001695099999778904,6.200003554113209e-06,5.0000089686363935e-06,0.0022037000017007813,0.0019964000093750656,4.999994416721165e-06,0.06304950000776444
