percentage,execution,ar_r_sub,k_s_sup,ks_sf_in,n_r_t,nk_k_sup,nrs_ns_r,ns_s_spe,ns_s_sup,ns_sub_r,r_ar_sup,s_k_sub,s_ns_sub,s_nsup_k,sub_r_r,t_k_sup,total_time
60,9,0.001048300415277481,1.1499971151351929e-05,1.0800082236528397e-05,6.4997002482414246e-06,0.0026654000394046307,6.00004568696022e-06,4.800036549568176e-06,1.0299962013959885e-05,1.6996636986732483e-06,0.0031546996906399727,0.009506999980658293,0.020849999971687794,0.0019311001524329185,0.00018539978191256523,1.2100208550691605e-05,0.03940559970214963
