percentage,execution,ar_r_sub,k_s_sup,ks_sf_in,n_r_t,nk_k_sup,nrs_ns_r,ns_s_spe,ns_s_sup,ns_sub_r,r_ar_sup,s_k_sub,s_ns_sub,s_nsup_k,sub_r_r,t_k_sup,total_time
40,6,0.023558099870570004,1.0800082236528397e-05,1.079996582120657e-05,6.600050255656242e-06,0.002272099955007434,5.699926987290382e-06,4.700035788118839e-06,9.599956683814526e-06,1.9000144675374031e-06,0.0043178999330848455,0.006452699890360236,0.01896739995572716,0.0017527000745758414,0.0043892000103369355,1.1199968867003918e-05,0.06177139969076961
