percentage,execution,ar_r_sub,k_s_sup,ks_sf_in,n_r_t,nk_k_sup,nrs_ns_r,ns_s_spe,ns_s_sup,ns_sub_r,r_ar_sup,s_k_sub,s_ns_sub,s_nsup_k,sub_r_r,t_k_sup,total_time
80,5,0.00018290000025444897,7.530000038968865e-05,9.000000318337698e-06,4.800000169780105e-06,0.000540500000170141,5.099999725644011e-06,4.099999387108255e-06,9.000000318337698e-06,1.8999999156221747e-06,7.339999956457177e-05,0.0030145999999149353,0.005994900000587222,0.0004415000003064051,1.0099999599333387e-05,0.0035533000009309035,0.01392040000155248
