percentage,execution,k_s_sup,s_k_sub,t_k_sup,ns_s_sup,s_ns_sub,r_ar_sup,ar_r_sub,ns_sub_r,ks_sf_in,sub_r_r,n_r_t,ns_s_spe,nk_k_sup,s_nsup_k,nrs_ns_r,total_time
70,10,8.13000078778714e-05,0.018062599992845207,0.001807099994039163,1.0199990356341004e-05,0.027708500012522563,0.0016467000095872208,0.014390899988939054,1.9999861251562834e-06,1.0399991879239678e-05,0.0025127999833784997,6.200003554113209e-06,4.799992893822491e-06,0.0021431000059237704,0.0019130000000586733,5.699999746866524e-06,0.07030529995972756
