percentage,execution,ar_r_sub,k_s_sup,ks_sf_in,n_r_t,nk_k_sup,nrs_ns_r,ns_s_spe,ns_s_sup,ns_sub_r,r_ar_sup,s_k_sub,s_ns_sub,s_nsup_k,sub_r_r,t_k_sup,total_time
40,7,0.027143299928866327,8.28000484034419e-05,1.0199961252510548e-05,6.00004568696022e-06,0.002474699984304607,6.800051778554916e-06,4.699919372797012e-06,1.00000761449337e-05,1.800013706088066e-06,0.003719200030900538,0.015268800081685185,0.04074679990299046,0.0020891999593004584,0.005121099995449185,0.001822599908336997,0.09850799990817904
