percentage,execution,ar_r_sub,k_s_sup,ks_sf_in,n_r_t,nk_k_sup,nrs_ns_r,ns_s_spe,ns_s_sup,ns_sub_r,r_ar_sup,s_k_sub,s_ns_sub,s_nsup_k,sub_r_r,t_k_sup,total_time
40,1,7.819999973435188e-05,8.460000026389025e-05,1.0000000656873453e-05,5.7999995988211595e-06,0.0021461000005729147,9.399999726156238e-06,4.70000031782547e-06,1.0800000382005237e-05,1.8000000636675395e-06,0.0024264000003313413,0.013572599998951773,0.035048299999289156,0.0018909000000348897,1.3300000318849925e-05,0.0018356999999014079,0.057138600000143924
