percentage,execution,ar_r_sub,k_s_sup,ks_sf_in,n_r_t,nk_k_sup,nrs_ns_r,ns_s_spe,ns_s_sup,ns_sub_r,r_ar_sup,s_k_sub,s_ns_sub,s_nsup_k,sub_r_r,t_k_sup,total_time
90,7,0.006720300298184156,7.979990914463997e-05,1.0999850928783417e-05,6.400048732757568e-06,0.002336299978196621,6.299931555986404e-06,4.800036549568176e-06,1.1799857020378113e-05,1.8994323909282684e-06,0.002366699744015932,0.016789600253105164,0.021391999907791615,0.0021220999769866467,0.0008617001585662365,0.0019543003290891647,0.05466499971225858
