percentage,execution,k_s_sup,s_k_sub,t_k_sup,ns_s_sup,s_ns_sub,r_ar_sup,ar_r_sub,ns_sub_r,ks_sf_in,sub_r_r,n_r_t,ns_s_spe,nk_k_sup,s_nsup_k,nrs_ns_r,total_time
10,1,9.499999578110874e-06,7.550000736955553e-05,9.499999578110874e-06,8.29999044071883e-06,6.960000609979033e-05,0.004276399995433167,9.700015652924776e-06,1.8999853637069464e-06,9.000010322779417e-06,1.2899996363557875e-05,5.599998985417187e-06,4.6000059228390455e-06,0.00023489999875891954,0.00016539999342057854,6.200003554113209e-06,0.00489900000684429
