percentage,execution,k_s_sup,s_k_sub,t_k_sup,ns_s_sup,s_ns_sub,r_ar_sup,ar_r_sub,ns_sub_r,ks_sf_in,sub_r_r,n_r_t,ns_s_spe,nk_k_sup,s_nsup_k,nrs_ns_r,total_time
60,3,8.150000940077007e-05,0.017982000004849397,0.0018219999910797924,1.0200004908256233e-05,0.031558699993183836,0.0009094000124605373,0.015312499992433004,2.1000014385208488e-06,1.030000566970557e-05,0.0026230000075884163,6.300004315562546e-06,4.799992893822491e-06,0.002163999990443699,0.0019086000102106482,5.699999746866524e-06,0.07440110002062283
