percentage,execution,k_s_sup,s_k_sub,t_k_sup,ns_s_sup,s_ns_sub,r_ar_sup,ar_r_sub,ns_sub_r,ks_sf_in,sub_r_r,n_r_t,ns_s_spe,nk_k_sup,s_nsup_k,nrs_ns_r,total_time
10,7,1.0000017937272787e-05,7.71000050008297e-05,9.399984264746308e-06,1.0899995686486363e-05,7.380000897683203e-05,9.700001101009548e-06,7.399999594781548e-05,1.6999838408082724e-06,9.399998816661537e-06,1.270000939257443e-05,5.800000508315861e-06,4.4000043999403715e-06,0.0003065000055357814,0.000222100003156811,6.400005077011883e-06,0.000833900019642897
