percentage,execution,ar_r_sub,k_s_sup,ks_sf_in,n_r_t,nk_k_sup,nrs_ns_r,ns_s_spe,ns_s_sup,ns_sub_r,r_ar_sup,s_k_sub,s_ns_sub,s_nsup_k,sub_r_r,t_k_sup,total_time
30,5,0.024492099415510893,1.1799857020378113e-05,1.0800547897815704e-05,6.9998204708099365e-06,0.0021020001731812954,6.299931555986404e-06,5.000270903110504e-06,1.0100193321704865e-05,1.7997808754444122e-06,1.2200325727462769e-05,0.006941800471395254,0.019486999604851007,0.001589400228112936,0.004557599779218435,1.1699739843606949e-05,0.05924660013988614
