percentage,execution,ar_r_sub,k_s_sup,ks_sf_in,n_r_t,nk_k_sup,nrs_ns_r,ns_s_spe,ns_s_sup,ns_sub_r,r_ar_sup,s_k_sub,s_ns_sub,s_nsup_k,sub_r_r,t_k_sup,total_time
60,4,0.019100100034847856,8.080003317445517e-05,1.070008147507906e-05,6.199930794537067e-06,0.0022264999570325017,5.200039595365524e-06,4.900037311017513e-06,1.0300078429281712e-05,2.09989957511425e-06,0.00447139993775636,0.017992000095546246,0.03196799987927079,0.0019531999714672565,0.0034663999686017632,0.0019033999415114522,0.08320119988638908
