percentage,execution,ar_r_sub,k_s_sup,ks_sf_in,n_r_t,nk_k_sup,nrs_ns_r,ns_s_spe,ns_s_sup,ns_sub_r,r_ar_sup,s_k_sub,s_ns_sub,s_nsup_k,sub_r_r,t_k_sup,total_time
90,6,0.010669399984180927,7.979990914463997e-05,1.070008147507906e-05,6.300047971308231e-06,0.0021641000639647245,5.400041118264198e-06,4.799920134246349e-06,1.0200077667832375e-05,2.300017513334751e-06,0.0030771999154239893,0.01752310001756996,0.020851299981586635,0.0019160999218001962,0.002444899990223348,0.0017810999415814877,0.06054669991135597
