percentage,execution,ar_r_sub,k_s_sup,ks_sf_in,n_r_t,nk_k_sup,nrs_ns_r,ns_s_spe,ns_s_sup,ns_sub_r,r_ar_sup,s_k_sub,s_ns_sub,s_nsup_k,sub_r_r,t_k_sup,total_time
60,5,0.014936999883502722,1.1899974197149277e-05,1.0600313544273376e-05,6.500165909528732e-06,0.0025833002291619778,5.7998113334178925e-06,5.09992241859436e-06,1.0100193321704865e-05,1.8994323909282684e-06,0.0030861995182931423,0.011526599992066622,0.02096550026908517,0.0019592000171542168,0.0025765998288989067,1.1599622666835785e-05,0.05769789917394519
