percentage,execution,ar_r_sub,k_s_sup,ks_sf_in,n_r_t,nk_k_sup,nrs_ns_r,ns_s_spe,ns_s_sup,ns_sub_r,r_ar_sup,s_k_sub,s_ns_sub,s_nsup_k,sub_r_r,t_k_sup,total_time
20,1,0.0008449000006294227,1.0300000212737359e-05,9.500000487605575e-06,6.100000064179767e-06,0.000699700000041048,6.199999916134402e-06,4.600000465870835e-06,8.800000614428427e-06,1.7999991541728377e-06,1.0400000064691994e-05,0.0008533999998689978,0.0008636000002297806,0.0005510999999387423,0.00017580000076122815,1.0400000064691994e-05,0.004056600002513733
