percentage,execution,ar_r_sub,k_s_sup,ks_sf_in,n_r_t,nk_k_sup,nrs_ns_r,ns_s_spe,ns_s_sup,ns_sub_r,r_ar_sup,s_k_sub,s_ns_sub,s_nsup_k,sub_r_r,t_k_sup,total_time
20,7,7.189999996626284e-05,7.759999971312936e-05,9.599999430065509e-06,5.600000804406591e-06,0.002133200000571378,6.600000233447645e-06,4.900000021734741e-06,1.0000000656873453e-05,1.7000002117129043e-06,7.529999948019395e-05,0.013319600000613718,0.04065010000067559,0.0018745999996099272,1.2799999240087345e-05,0.0018154999988837517,0.06006900000011228
