percentage,execution,ar_r_sub,k_s_sup,ks_sf_in,n_r_t,nk_k_sup,nrs_ns_r,ns_s_spe,ns_s_sup,ns_sub_r,r_ar_sup,s_k_sub,s_ns_sub,s_nsup_k,sub_r_r,t_k_sup,total_time
50,8,0.01924489950761199,1.1400319635868073e-05,1.0800082236528397e-05,6.299931555986404e-06,0.002442500088363886,5.600042641162872e-06,4.90015372633934e-06,9.899958968162537e-06,1.7997808754444122e-06,0.00507230032235384,0.010815400164574385,0.019944699946790934,0.0017955000512301922,0.003462200053036213,1.1999625712633133e-05,0.06284020002931356
