percentage,execution,k_s_sup,s_k_sub,t_k_sup,ns_s_sup,s_ns_sub,r_ar_sup,ar_r_sub,ns_sub_r,ks_sf_in,sub_r_r,n_r_t,ns_s_spe,nk_k_sup,s_nsup_k,nrs_ns_r,total_time
90,3,8.239998714998364e-05,0.018355599997448735,0.0017622000013943762,1.0099989594891667e-05,0.021607400005450472,0.0031701000116299838,0.010816699999850243,2.1000014385208488e-06,1.0899995686486363e-05,0.001702800000202842,6.100002792663872e-06,4.999994416721165e-06,0.0020871000015176833,0.0019145999976899475,4.799992893822491e-06,0.06153789997915737
