execution,ar_r_sub,k_s_sup,ks_sf_in,n_r_t,nk_k_sup,nrs_ns_r,ns_s_spe,ns_s_sup,ns_sub_r,r_ar_sup,s_k_sub,s_ns_sub,s_nsup_k,sub_r_r,t_k_sup,total_time
1,1.0000541806221008e-05,9.400304406881332e-06,9.200070053339005e-06,5.5995769798755646e-06,0.0005284999497234821,6.1998143792152405e-06,4.8996880650520325e-06,8.899718523025513e-06,1.0000541806221008e-05,0.00440849969163537,0.0009348993189632893,0.0041022999212145805,0.00037979986518621445,1.1899974197149277e-05,1.0300427675247192e-05,0.010440399404615164
2,8.799601346254349e-06,9.700190275907516e-06,8.7004154920578e-06,5.300156772136688e-06,5.200039595365524e-06,5.500391125679016e-06,0.0005340003408491611,7.909955456852913e-05,9.09995287656784e-06,7.570022717118263e-05,8.600298315286636e-06,8.899252861738205e-06,4.599802196025848e-06,1.1200085282325745e-05,9.200070053339005e-06,0.0007836003787815571
3,1.2899748980998993e-05,1.0300427675247192e-05,9.799841791391373e-06,8.299946784973145e-06,0.0003218003548681736,5.7998113334178925e-06,7.300172001123428e-06,9.200070053339005e-06,1.950003206729889e-05,0.007567900232970715,8.489983156323433e-05,7.630046457052231e-05,0.00022360030561685562,1.219986006617546e-05,9.80030745267868e-06,0.008379601407796144
4,9.699724614620209e-06,0.0041271997615695,9.700190275907516e-06,5.8002769947052e-06,5.499925464391708e-06,5.499925464391708e-06,0.0005277004092931747,7.939990609884262e-05,0.0001571006141602993,0.0028403005562722683,7.659988477826118e-05,7.360009476542473e-05,5.09992241859436e-06,1.1700205504894257e-05,0.00010980013757944107,0.008044701535254717
5,9.899958968162537e-06,0.004136299714446068,1.00000761449337e-05,5.5995769798755646e-06,5.499925464391708e-06,5.600042641162872e-06,0.0005242000333964825,7.510045543313026e-05,0.00014659995213150978,0.0028435001149773598,8.109956979751587e-05,7.700035348534584e-05,8.100178092718124e-06,1.1799857020378113e-05,9.160023182630539e-05,0.00803190004080534
6,1.0099727660417557e-05,0.004195199813693762,1.2699980288743973e-05,5.499925464391708e-06,0.00043290015310049057,5.899928510189056e-06,0.0005309996195137501,8.019991219043732e-05,0.00014850031584501266,0.0028169997967779636,0.0020836000330746174,0.00880960002541542,0.00037659984081983566,1.1699739843606949e-05,0.0017461003735661507,0.02126659918576479
