execution,ar_r_sub,k_s_sup,ks_sf_in,n_r_t,nk_k_sup,nrs_ns_r,ns_s_spe,ns_s_sup,ns_sub_r,r_ar_sup,s_k_sub,s_ns_sub,s_nsup_k,sub_r_r,t_k_sup,total_time
1,1.0400079190731049e-05,9.999959729611874e-06,9.70007386058569e-06,5.599926225841045e-06,0.0006985999643802643,6.100046448409557e-06,4.799920134246349e-06,9.699957445263863e-06,1.700012944638729e-06,0.0024100999580696225,0.0018382999114692211,0.008456400013528764,0.0004859999753534794,1.1699972674250603e-05,1.0999967344105244e-05,0.013970099738799036
2,9.900075383484364e-06,9.899958968162537e-06,9.599956683814526e-06,5.299923941493034e-06,0.00025239994283765554,5.800044164061546e-06,4.500034265220165e-06,8.600065484642982e-06,1.800013706088066e-06,0.004565800074487925,7.919990457594395e-05,7.520010694861412e-05,0.00017899996601045132,1.1400086805224419e-05,9.200070053339005e-06,0.00522760022431612
3,1.00000761449337e-05,9.899958968162537e-06,9.500072337687016e-06,5.500041879713535e-06,0.00020050001330673695,6.100046448409557e-06,4.599918611347675e-06,8.70006624609232e-06,1.5997793525457382e-06,0.0023713998962193727,7.839989848434925e-05,7.459998596459627e-05,0.00013189995661377907,1.1600088328123093e-05,9.600073099136353e-06,0.002933899872004986
4,9.19983722269535e-06,8.459994569420815e-05,9.300070814788342e-06,5.199923180043697e-06,0.000700599979609251,5.799927748739719e-06,4.400033503770828e-06,9.600073099136353e-06,1.800013706088066e-06,8.250016253441572e-05,0.004188299993984401,0.01796760002616793,0.0005928999744355679,1.1300086043775082e-05,0.001976400031708181,0.02564950007945299
5,9.999843314290047e-06,9.89984255284071e-06,9.100069291889668e-06,5.200039595365524e-06,0.00025649997405707836,5.899928510189056e-06,4.500034265220165e-06,8.600065484642982e-06,1.700012944638729e-06,0.004614599980413914,7.960002403706312e-05,7.619999814778566e-05,0.0001783999614417553,1.1200085282325745e-05,9.600073099136353e-06,0.005280999932438135
