execution,ar_r_sub,k_s_sup,ks_sf_in,n_r_t,nk_k_sup,nrs_ns_r,ns_s_spe,ns_s_sup,ns_sub_r,r_ar_sup,s_k_sub,s_ns_sub,s_nsup_k,sub_r_r,t_k_sup,total_time
1,8.799601346254349e-06,7.84001313149929e-05,8.800067007541656e-06,4.699919372797012e-06,0.0001550000160932541,4.999805241823196e-06,4.400033503770828e-06,9.09995287656784e-06,2.100132405757904e-06,8.390005677938461e-05,0.000963299535214901,0.004191000014543533,0.0001272996887564659,1.2499745935201645e-05,0.0010432004928588867,0.006697499193251133
2,9.399838745594025e-06,9.200070053339005e-06,8.899252861738205e-06,4.90015372633934e-06,0.00019749999046325684,4.699919372797012e-06,4.400033503770828e-06,8.099712431430817e-06,1.8998980522155762e-06,0.0023831003345549107,7.779989391565323e-05,7.680011913180351e-05,0.00013409974053502083,9.80030745267868e-06,8.800067007541656e-06,0.00293939933180809
