percentage,execution,ar_r_sub,k_s_sup,ks_sf_in,n_r_t,nk_k_sup,nrs_ns_r,ns_s_spe,ns_s_sup,ns_sub_r,r_ar_sup,s_k_sub,s_ns_sub,s_nsup_k,sub_r_r,t_k_sup,total_time
20,5,1.219986006617546e-05,8.089980110526085e-05,1.1499971151351929e-05,6.800051778554916e-06,0.0045517003163695335,8.100178092718124e-06,5.500391125679016e-06,1.0899733752012253e-05,2.400018274784088e-06,0.006978000048547983,0.029309900011867285,0.09195950021967292,0.003990900237113237,2.1799933165311813e-05,0.0018097003921866417,0.13875980116426945
