percentage,execution,ar_r_sub,k_s_sup,ks_sf_in,n_r_t,nk_k_sup,nrs_ns_r,ns_s_spe,ns_s_sup,ns_sub_r,r_ar_sup,s_k_sub,s_ns_sub,s_nsup_k,sub_r_r,t_k_sup,total_time
90,6,1.2599863111972809e-05,8.459948003292084e-05,1.1799857020378113e-05,7.3998235166072845e-06,0.004595799837261438,6.6999346017837524e-06,5.899928510189056e-06,1.2299977242946625e-05,1.80024653673172e-06,0.03769670007750392,0.036949800327420235,0.04326849989593029,0.004046100191771984,1.8300022929906845e-05,0.0019090999849140644,0.12862739944830537
