percentage,execution,ar_r_sub,k_s_sup,ks_sf_in,n_r_t,nk_k_sup,nrs_ns_r,ns_s_spe,ns_s_sup,ns_sub_r,r_ar_sup,s_k_sub,s_ns_sub,s_nsup_k,sub_r_r,t_k_sup,total_time
80,6,9.999999747378752e-06,7.559999994555255e-05,9.499999578110874e-06,5.100000635138713e-06,0.0009778000003279885,5.200000487093348e-06,4.499999704421498e-06,1.3100000614940654e-05,1.8999999156221747e-06,0.006101199999648088,0.006812999999965541,0.009788600000320002,0.0008404000000155065,1.1199999789823778e-05,0.0017940999996426399,0.02645120000033785
