percentage,execution,k_s_sup,s_k_sub,t_k_sup,ns_s_sup,s_ns_sub,r_ar_sup,ar_r_sub,ns_sub_r,ks_sf_in,sub_r_r,n_r_t,ns_s_spe,nk_k_sup,s_nsup_k,nrs_ns_r,total_time
70,9,1.1899988749064505e-05,0.008404399995924905,1.2599979527294636e-05,1.0899995686486363e-05,0.01454109999758657,0.03659410000545904,1.1600001016631722e-05,1.8999999156221747e-06,1.1599986464716494e-05,1.7999991541728377e-05,7.499998901039362e-06,5.699999746866524e-06,0.004467199993086979,0.0033881999988807365,6.999995093792677e-06,0.06749369992758147
