percentage,execution,ar_r_sub,k_s_sup,ks_sf_in,n_r_t,nk_k_sup,nrs_ns_r,ns_s_spe,ns_s_sup,ns_sub_r,r_ar_sup,s_k_sub,s_ns_sub,s_nsup_k,sub_r_r,t_k_sup,total_time
80,3,1.1699856258928776e-05,8.140015415847301e-05,1.100008375942707e-05,6.7999353632330894e-06,0.004426499945111573,5.899928510189056e-06,5.400041118264198e-06,1.1500087566673756e-05,1.800013706088066e-06,0.04109570011496544,0.02914739993866533,0.04823620000388473,0.0039193000411614776,1.8099904991686344e-05,0.0018001000862568617,0.12877880013547838
