percentage,execution,ar_r_sub,k_s_sup,ks_sf_in,n_r_t,nk_k_sup,nrs_ns_r,ns_s_spe,ns_s_sup,ns_sub_r,r_ar_sup,s_k_sub,s_ns_sub,s_nsup_k,sub_r_r,t_k_sup,total_time
70,5,1.4500110410153866e-05,8.430005982518196e-05,1.1299853213131428e-05,6.900052540004253e-06,0.004495600005611777,6.6999346017837524e-06,5.199923180043697e-06,1.0900082997977734e-05,1.9000144675374031e-06,0.030180000117979944,0.03331810003146529,0.05842849996406585,0.003918600035831332,1.8500140868127346e-05,0.001788599998690188,0.13228960032574832
