percentage,execution,ar_r_sub,k_s_sup,ks_sf_in,n_r_t,nk_k_sup,nrs_ns_r,ns_s_spe,ns_s_sup,ns_sub_r,r_ar_sup,s_k_sub,s_ns_sub,s_nsup_k,sub_r_r,t_k_sup,total_time
20,1,9.899999895424116e-06,1.0000000656873453e-05,9.500000487605575e-06,5.500000042957254e-06,0.0006230999997569597,6.499999471998308e-06,4.599999556376133e-06,8.799999704933725e-06,1.899999006127473e-06,0.0024034999987634365,0.0017019999995682156,0.009383200000229408,0.00046329999986483017,1.2200000128359534e-05,1.0700000530050602e-05,0.014654699997663556
