percentage,execution,ar_r_sub,k_s_sup,ks_sf_in,n_r_t,nk_k_sup,nrs_ns_r,ns_s_spe,ns_s_sup,ns_sub_r,r_ar_sup,s_k_sub,s_ns_sub,s_nsup_k,sub_r_r,t_k_sup,total_time
20,7,9.899999895424116e-06,9.700000191514846e-06,9.700000191514846e-06,5.800000508315861e-06,0.0006373000005623908,5.9000003602704965e-06,4.800000169780105e-06,9.20000093174167e-06,1.8999999156221747e-06,0.0021880999993300065,0.0017618000001675682,0.007785499999044987,0.0004358000005595386,1.2099999366910197e-05,1.0300000212737359e-05,0.012887800001408323
