percentage,execution,k_s_sup,s_k_sub,t_k_sup,ns_s_sup,s_ns_sub,r_ar_sup,ar_r_sub,ns_sub_r,ks_sf_in,sub_r_r,n_r_t,ns_s_spe,nk_k_sup,s_nsup_k,nrs_ns_r,total_time
90,2,8.169992361217737e-05,0.030787099967710674,0.0018307999707758427,1.1999974958598614e-05,0.036929700057953596,0.040987599990330637,1.2100092135369778e-05,1.999898813664913e-06,1.1299853213131428e-05,1.800013706088066e-05,6.9999368861317635e-06,5.700043402612209e-06,0.00451729993801564,0.003890699939802289,6.100046448409557e-06,0.11909909977111965
