percentage,execution,k_s_sup,s_k_sub,t_k_sup,ns_s_sup,s_ns_sub,r_ar_sup,ar_r_sub,ns_sub_r,ks_sf_in,sub_r_r,n_r_t,ns_s_spe,nk_k_sup,s_nsup_k,nrs_ns_r,total_time
70,7,8.690000686328858e-05,0.028952799999387935,0.00183199999446515,1.1600001016631722e-05,0.05794149999564979,0.03752210001403,1.2199991033412516e-05,2.0000006770715117e-06,1.1399999493733048e-05,1.8699996871873736e-05,7.000009645707905e-06,5.900001269765198e-06,0.004479199997149408,0.0039628000085940585,6.50000583846122e-06,0.1348526000219863
