percentage,execution,ar_r_sub,k_s_sup,ks_sf_in,n_r_t,nk_k_sup,nrs_ns_r,ns_s_spe,ns_s_sup,ns_sub_r,r_ar_sup,s_k_sub,s_ns_sub,s_nsup_k,sub_r_r,t_k_sup,total_time
40,4,1.2599863111972809e-05,1.4899764209985733e-05,1.1200085282325745e-05,7.300172001123428e-06,0.0052513000555336475,7.3998235166072845e-06,5.200039595365524e-06,1.0599847882986069e-05,1.700129359960556e-06,0.028033600188791752,0.021612399723380804,0.058344400487840176,0.003973099868744612,1.980038359761238e-05,1.2100208550691605e-05,0.11731760064139962
