percentage,execution,k_s_sup,s_k_sub,t_k_sup,ns_s_sup,s_ns_sub,r_ar_sup,ar_r_sub,ns_sub_r,ks_sf_in,sub_r_r,n_r_t,ns_s_spe,nk_k_sup,s_nsup_k,nrs_ns_r,total_time
40,2,1.1299969628453255e-05,0.003241600119508803,1.1899974197149277e-05,1.0599964298307896e-05,0.005817699944600463,0.02609419997315854,1.5300000086426735e-05,1.800013706088066e-06,1.070008147507906e-05,1.8999911844730377e-05,7.0999376475811005e-06,5.400041118264198e-06,0.0026427999837324023,0.0018616999732330441,7.500057108700275e-06,0.03975859994534403
