percentage,execution,ar_r_sub,k_s_sup,ks_sf_in,n_r_t,nk_k_sup,nrs_ns_r,ns_s_spe,ns_s_sup,ns_sub_r,r_ar_sup,s_k_sub,s_ns_sub,s_nsup_k,sub_r_r,t_k_sup,total_time
50,9,1.1499971151351929e-05,8.209981024265289e-05,1.0699499398469925e-05,6.9998204708099365e-06,0.004889999981969595,7.400289177894592e-06,2.400018274784088e-05,1.1300202459096909e-05,1.80024653673172e-06,0.027013299986720085,0.028243800159543753,0.07186720008030534,0.0040098996832966805,1.879967749118805e-05,0.0018327999860048294,0.13803159957751632
