percentage,execution,ar_r_sub,k_s_sup,ks_sf_in,n_r_t,nk_k_sup,nrs_ns_r,ns_s_spe,ns_s_sup,ns_sub_r,r_ar_sup,s_k_sub,s_ns_sub,s_nsup_k,sub_r_r,t_k_sup,total_time
30,5,1.2300442904233932e-05,1.1499971151351929e-05,1.090019941329956e-05,6.9998204708099365e-06,0.002996500115841627,8.299946784973145e-06,5.600042641162872e-06,1.0400079190731049e-05,1.700129359960556e-06,0.021243400406092405,0.006400200072675943,0.019058399368077517,0.0023921001702547073,1.9000377506017685e-05,1.2599863111972809e-05,0.05218990100547671
