percentage,execution,k_s_sup,s_k_sub,t_k_sup,ns_s_sup,s_ns_sub,r_ar_sup,ar_r_sub,ns_sub_r,ks_sf_in,sub_r_r,n_r_t,ns_s_spe,nk_k_sup,s_nsup_k,nrs_ns_r,total_time
60,6,8.419998630415648e-05,0.03444149999995716,0.001875999994808808,1.170000177808106e-05,0.06634620000841096,0.033732399984728545,1.1999989510513842e-05,1.8999999156221747e-06,1.0799994925037026e-05,1.8300008377991617e-05,6.999995093792677e-06,5.699999746866524e-06,0.004470299987588078,0.004011099998024292,6.89999433234334e-06,0.14503599994350225
