percentage,execution,ar_r_sub,k_s_sup,ks_sf_in,n_r_t,nk_k_sup,nrs_ns_r,ns_s_spe,ns_s_sup,ns_sub_r,r_ar_sup,s_k_sub,s_ns_sub,s_nsup_k,sub_r_r,t_k_sup,total_time
50,8,1.1900090612471104e-05,1.1999974958598614e-05,1.1299853213131428e-05,7.200054824352264e-06,0.005024499958381057,7.200054824352264e-06,5.599926225841045e-06,1.1200085282325745e-05,1.800013706088066e-06,0.026187799987383187,0.010125699918717146,0.035775399999693036,0.0037102000787854195,1.840014010667801e-05,1.2699980288743973e-05,0.08092290011700243
