percentage,execution,k_s_sup,s_k_sub,t_k_sup,ns_s_sup,s_ns_sub,r_ar_sup,ar_r_sub,ns_sub_r,ks_sf_in,sub_r_r,n_r_t,ns_s_spe,nk_k_sup,s_nsup_k,nrs_ns_r,total_time
25,1,1.1999974958598614e-05,0.0012895000400021672,1.2199976481497288e-05,1.079996582120657e-05,0.004326900001615286,0.022270700079388916,1.5500118024647236e-05,2.00001522898674e-06,1.6900012269616127e-05,2.2999942302703857e-05,7.100054062902927e-06,5.299923941493034e-06,0.0020469999872148037,0.0015143000055104494,8.09994526207447e-06,0.03156130004208535
