percentage,execution,ar_r_sub,k_s_sup,ks_sf_in,n_r_t,nk_k_sup,nrs_ns_r,ns_s_spe,ns_s_sup,ns_sub_r,r_ar_sup,s_k_sub,s_ns_sub,s_nsup_k,sub_r_r,t_k_sup,total_time
20,6,1.0100000508828089e-05,9.700001101009548e-06,9.500000487605575e-06,5.500000042957254e-06,0.00024200000007112976,5.899999450775795e-06,4.399999852466863e-06,8.600000001024455e-06,1.5000005078036338e-06,0.004373099999611441,7.49000000723754e-05,7.339999956457177e-05,0.00017079999997804407,1.1699999049596954e-05,9.300000783696305e-06,0.005010400001083326
