percentage,execution,ar_r_sub,k_s_sup,ks_sf_in,n_r_t,nk_k_sup,nrs_ns_r,ns_s_spe,ns_s_sup,ns_sub_r,r_ar_sup,s_k_sub,s_ns_sub,s_nsup_k,sub_r_r,t_k_sup,total_time
60,4,1.2500211596488953e-05,1.2099742889404297e-05,1.1499971151351929e-05,7.400289177894592e-06,0.005617199931293726,7.200054824352264e-06,5.999580025672913e-06,1.1200550943613052e-05,2.100132405757904e-06,0.034344099927693605,0.021037600468844175,0.04841940011829138,0.004011199809610844,1.8800608813762665e-05,1.2499745935201645e-05,0.11353080114349723
