percentage,execution,ar_r_sub,k_s_sup,ks_sf_in,n_r_t,nk_k_sup,nrs_ns_r,ns_s_spe,ns_s_sup,ns_sub_r,r_ar_sup,s_k_sub,s_ns_sub,s_nsup_k,sub_r_r,t_k_sup,total_time
50,8,1.2099742889404297e-05,8.270004764199257e-05,1.1400319635868073e-05,6.800051778554916e-06,0.0046850997023284435,7.0999376475811005e-06,5.3998082876205444e-06,1.400010660290718e-05,1.700129359960556e-06,0.027751899790018797,0.027822600211948156,0.07020579976961017,0.003977499902248383,1.8700025975704193e-05,0.0018212003633379936,0.13642399990931153
