percentage,execution,k_s_sup,s_k_sub,t_k_sup,ns_s_sup,s_ns_sub,r_ar_sup,ar_r_sub,ns_sub_r,ks_sf_in,sub_r_r,n_r_t,ns_s_spe,nk_k_sup,s_nsup_k,nrs_ns_r,total_time
80,1,8.25000461190939e-05,0.033547500032000244,0.0017587998881936073,1.1400086805224419e-05,0.04493840003851801,0.036849299911409616,1.1500087566673756e-05,2.600019797682762e-06,1.1100084520876408e-05,1.7799902707338333e-05,9.600073099136353e-06,5.700043402612209e-06,0.0044163999846205115,0.003816199954599142,6.300047971308231e-06,0.12548510020133108
