percentage,execution,ar_r_sub,k_s_sup,ks_sf_in,n_r_t,nk_k_sup,nrs_ns_r,ns_s_spe,ns_s_sup,ns_sub_r,r_ar_sup,s_k_sub,s_ns_sub,s_nsup_k,sub_r_r,t_k_sup,total_time
60,10,1.1300086043775082e-05,9.720004163682461e-05,1.3499869965016842e-05,6.700051017105579e-06,0.004407600034028292,6.6999346017837524e-06,5.399924702942371e-06,1.1299969628453255e-05,1.8998980522155762e-06,0.03220389992929995,0.027136599994264543,0.0642004000255838,0.003901400021277368,1.780001912266016e-05,0.001860800082795322,0.13388249988202006
