percentage,execution,ar_r_sub,k_s_sup,ks_sf_in,n_r_t,nk_k_sup,nrs_ns_r,ns_s_spe,ns_s_sup,ns_sub_r,r_ar_sup,s_k_sub,s_ns_sub,s_nsup_k,sub_r_r,t_k_sup,total_time
20,8,9.999999747378752e-06,9.899999895424116e-06,9.499999578110874e-06,5.499999133462552e-06,0.001120999999329797,6.100000064179767e-06,4.70000031782547e-06,9.299999874201603e-06,1.8000000636675395e-06,0.0029813999999532825,0.0031803000001673354,0.012277100000574137,0.0007908000006864313,1.2399999832268804e-05,1.06999996205559e-05,0.02043049999883806
