percentage,execution,ar_r_sub,k_s_sup,ks_sf_in,n_r_t,nk_k_sup,nrs_ns_r,ns_s_spe,ns_s_sup,ns_sub_r,r_ar_sup,s_k_sub,s_ns_sub,s_nsup_k,sub_r_r,t_k_sup,total_time
80,9,1.0000000656873453e-05,0.007782900000165682,9.199999112752266e-06,5.500000042957254e-06,5.699999746866524e-06,4.499999704421498e-06,0.0013959999996586703,0.00094600000011269,1.7000002117129043e-06,0.006563400000231923,0.00019499999962135917,0.00019669999983307207,5.100000635138713e-06,1.1500000255182385e-05,0.00021980000019539148,0.017353000000184693
