percentage,execution,ar_r_sub,k_s_sup,ks_sf_in,n_r_t,nk_k_sup,nrs_ns_r,ns_s_spe,ns_s_sup,ns_sub_r,r_ar_sup,s_k_sub,s_ns_sub,s_nsup_k,sub_r_r,t_k_sup,total_time
20,2,1.0300000212737359e-05,1.0300000212737359e-05,9.499999578110874e-06,5.699999746866524e-06,0.0009562000004734728,5.899999450775795e-06,4.599999556376133e-06,9.000000318337698e-06,1.600000359758269e-06,0.0064394999999422,0.0031122999998842715,0.009077599999727681,0.0006902000004629372,1.2700000297627412e-05,1.0499999007151928e-05,0.020355899999231042
