execution,ar_r_sub,k_s_sup,ks_sf_in,n_r_t,nk_k_sup,nrs_ns_r,ns_s_spe,ns_s_sup,ns_sub_r,r_ar_sup,s_k_sub,s_ns_sub,s_nsup_k,sub_r_r,t_k_sup,total_time
1,9.999610483646393e-06,8.459994569420815e-05,9.80030745267868e-06,7.299706339836121e-06,0.0015798998065292835,6.1998143792152405e-06,4.999805241823196e-06,1.0500196367502213e-05,1.0299962013959885e-05,8.139992132782936e-05,0.011668399441987276,0.03215349977836013,0.001425200141966343,1.2200325727462769e-05,0.0019342000596225262,0.04899849882349372
2,1.550000160932541e-05,0.00455569988116622,1.0200310498476028e-05,6.00004568696022e-06,0.0007408000528812408,6.400048732757568e-06,0.0006479001604020596,8.289981633424759e-05,0.00021910015493631363,0.0031949998810887337,0.0009878999553620815,0.0042503997683525085,0.0007055997848510742,1.4200340956449509e-05,0.010671299882233143,0.02610890008509159
