execution,k_s_sup,s_k_sub,t_k_sup,ns_s_sup,s_ns_sub,r_ar_sup,ar_r_sub,ns_sub_r,ks_sf_in,sub_r_r,n_r_t,ns_s_spe,nk_k_sup,s_nsup_k,nrs_ns_r,total_time
1,7.730000652372837e-05,0.0017869000439532101,0.001893299981020391,9.300012607127428e-06,0.008032800047658384,8.430000161752105e-05,8.899951353669167e-06,9.200011845678091e-06,8.500064723193645e-06,9.699957445263863e-06,4.799978341907263e-06,4.199973773211241e-06,0.00030610000248998404,0.00024279998615384102,5.399982910603285e-06,0.012483500002417713
2,8.519995026290417e-05,0.0017439999501220882,0.001895399997010827,1.7300015315413475e-05,0.005371099978219718,8.420005906373262e-05,0.00014510005712509155,1.8499966245144606e-05,0.0004756000707857311,2.3900065571069717e-05,9.899958968162537e-06,8.800008799880743e-06,0.009938600065652281,0.0003766000154428184,1.0199961252510548e-05,0.020204400119837373
3,8.460000390186906e-05,0.0017498001107014716,0.0019447999657131732,1.7199956346303225e-05,0.00492019992088899,8.259998867288232e-05,0.00014420005027204752,1.820008037611842e-05,0.0004737999988719821,2.1099986042827368e-05,9.800074622035027e-06,1.1800031643360853e-05,0.009945199999492615,0.00036889995681121945,1.0100018698722124e-05,0.019802300143055618
