execution,ar_r_sub,k_s_sup,ks_sf_in,n_r_t,nk_k_sup,nrs_ns_r,ns_s_spe,ns_s_sup,ns_sub_r,r_ar_sup,s_k_sub,s_ns_sub,s_nsup_k,sub_r_r,t_k_sup,total_time
1,1.2499745935201645e-05,1.2299977242946625e-05,1.1900439858436584e-05,7.200054824352264e-06,6.800051778554916e-06,6.400048732757568e-06,0.0004131002351641655,0.00010959990322589874,2.5997869670391083e-06,0.00010460009798407555,1.1499971151351929e-05,1.1899508535861969e-05,6.00004568696022e-06,1.3700220733880997e-05,1.1899508535861969e-05,0.0007419995963573456
2,2.8999987989664078e-05,2.059992402791977e-05,2.8699636459350586e-05,1.5200115740299225e-05,6.600283086299896e-06,5.999580025672913e-06,0.0011300002224743366,0.007883500307798386,4.200264811515808e-06,0.006216899957507849,1.9199680536985397e-05,2.1200161427259445e-05,6.00004568696022e-06,3.4499913454055786e-05,2.0300038158893585e-05,0.015441900119185448
