execution,k_s_sup,s_k_sub,t_k_sup,ns_s_sup,s_ns_sub,r_ar_sup,ar_r_sub,ns_sub_r,ks_sf_in,sub_r_r,n_r_t,ns_s_spe,nk_k_sup,s_nsup_k,nrs_ns_r,total_time
1,1.1899974197149277e-05,8.200004231184721e-06,8.599949069321156e-06,7.949996506795287e-05,7.800001185387373e-06,7.509998977184296e-05,8.200062438845634e-06,1.700012944638729e-06,8.90000956133008e-06,9.500072337687016e-06,4.799978341907263e-06,0.0005086999735794961,5.400041118264198e-06,4.400033503770828e-06,6.199989002197981e-06,0.0007489000563509762
2,8.79995059221983e-06,8.09994526207447e-06,8.699949830770493e-06,0.004677499993704259,9.800074622035027e-06,0.0033414000063203275,9.90001717582345e-06,1.800013706088066e-06,9.09995287656784e-06,1.0299962013959885e-05,5.100038833916187e-06,0.0005753000150434673,5.00003807246685e-06,4.300032742321491e-06,4.400033503770828e-06,0.008679500024300069
