execution,ar_r_sub,k_s_sup,ks_sf_in,n_r_t,nk_k_sup,nrs_ns_r,ns_s_spe,ns_s_sup,ns_sub_r,r_ar_sup,s_k_sub,s_ns_sub,s_nsup_k,sub_r_r,t_k_sup,total_time
1,1.8499791622161865e-05,2.369983121752739e-05,2.9299873858690262e-05,1.090019941329956e-05,7.0999376475811005e-06,7.000286132097244e-06,0.00048709986731410027,0.00014190003275871277,3.500375896692276e-06,0.000108400359749794,2.7199741452932358e-05,1.5600118786096573e-05,6.299931555986404e-06,3.750016912817955e-05,1.6199424862861633e-05,0.0009401999413967133
2,0.00021929945796728134,2.059945836663246e-05,2.0600389689207077e-05,1.109996810555458e-05,7.700175046920776e-06,6.799586117267609e-06,0.0011032000184059143,0.008153199683874846,3.40072438120842e-06,2.6999972760677338e-05,2.00001522898674e-05,3.79001721739769e-05,6.00004568696022e-06,2.0300038158893585e-05,2.0999927073717117e-05,0.009678099770098925
