execution,ar_r_sub,k_s_sup,ks_sf_in,n_r_t,nk_k_sup,nrs_ns_r,ns_s_spe,ns_s_sup,ns_sub_r,r_ar_sup,s_k_sub,s_ns_sub,s_nsup_k,sub_r_r,t_k_sup,total_time
1,8.699949830770493e-06,7.910002022981644e-05,8.599832653999329e-06,4.7995708882808685e-06,0.00015460001304745674,5.09992241859436e-06,4.90015372633934e-06,9.29972156882286e-06,9.500421583652496e-06,7.790001109242439e-05,0.0009967000223696232,0.00409789988771081,0.00012229988351464272,9.900424629449844e-06,0.0010063997469842434,0.006595699582248926
2,1.4400109648704529e-05,4.5800115913152695e-05,1.3100448995828629e-05,9.399838745594025e-06,0.006348699796944857,9.499955922365189e-06,8.800067007541656e-06,1.3099517673254013e-05,1.4199409633874893e-05,0.0027569998055696487,0.0005050003528594971,0.00048629986122250557,0.0002593998797237873,1.4999881386756897e-05,0.0005023004487156868,0.011001999489963055
