execution,ar_r_sub,k_s_sup,ks_sf_in,n_r_t,nk_k_sup,nrs_ns_r,ns_s_spe,ns_s_sup,ns_sub_r,r_ar_sup,s_k_sub,s_ns_sub,s_nsup_k,sub_r_r,t_k_sup,total_time
1,5.0900038331747055e-05,0.00022819987498223782,4.9299909733235836e-05,3.2300129532814026e-05,0.021638299920596182,3.360002301633358e-05,2.1300045773386955e-05,5.219993181526661e-05,4.639988765120506e-05,0.012274400098249316,0.021992000052705407,0.04482770001050085,0.0027538000140339136,5.5699958465993404e-05,0.005752699798904359,0.10980879969429225
2,1.7600017599761486e-05,1.370010431855917e-05,1.2699980288743973e-05,8.00006091594696e-06,0.0003738000523298979,8.100061677396297e-06,7.6000578701496124e-06,1.3600103557109833e-05,1.3900105841457844e-05,0.00755930005107075,0.00011539994738996029,0.00011680007446557283,0.000260199885815382,1.7000013031065464e-05,1.6100122593343258e-05,0.008553800638765097
3,2.6799971237778664e-05,0.00012660003267228603,2.4199835024774075e-05,1.4199991710484028e-05,0.013449100079014897,1.6200006939470768e-05,1.2299977242946625e-05,2.5099958293139935e-05,2.580008003860712e-05,0.004705899860709906,0.005474899895489216,0.019156399997882545,0.0009752000914886594,3.0199997127056122e-05,0.0026530000614002347,0.046715899836272
4,1.0499963536858559e-05,0.00017550005577504635,1.0400079190731049e-05,6.00004568696022e-06,0.0008417000062763691,6.8999361246824265e-06,5.500041879713535e-06,1.1100084520876408e-05,1.0999967344105244e-05,9.729992598295212e-05,0.005453899968415499,0.022485299967229366,0.0006994999712333083,1.2999982573091984e-05,0.002497200039215386,0.032324800034984946
5,2.9499991796910763e-05,1.9300146959722042e-05,2.829998265951872e-05,2.3000058718025684e-05,0.0008310999255627394,1.5300000086426735e-05,1.6700010746717453e-05,1.850002445280552e-05,2.719997428357601e-05,0.01084250002168119,0.00017909996677190065,0.00017630006186664104,0.00032350001856684685,4.2499974370002747e-05,2.0999927073717117e-05,0.01259380008559674
