execution,k_s_sup,s_k_sub,t_k_sup,ns_s_sup,s_ns_sub,r_ar_sup,ar_r_sub,ns_sub_r,ks_sf_in,sub_r_r,n_r_t,ns_s_spe,nk_k_sup,s_nsup_k,nrs_ns_r,total_time
1,7.919990457594395e-05,0.0009187000105157495,0.0009829000337049365,8.400063961744308e-06,0.00398120004683733,7.369986269623041e-05,8.300063200294971e-06,8.900067768990993e-06,1.0299962013959885e-05,9.199953638017178e-06,4.400033503770828e-06,4.300032742321491e-06,0.00014979997649788857,0.00012149999383836985,4.599918611347675e-06,0.006365399924106896
2,4.490010906010866e-05,0.000496799941174686,0.0004912000149488449,1.2199976481497288e-05,0.0004978000652045012,0.00265370006673038,1.3699987903237343e-05,1.3100099749863148e-05,1.2800097465515137e-05,1.39997573569417e-05,9.199953638017178e-06,7.999944500625134e-06,0.006089300033636391,0.0002597999991849065,8.999952115118504e-06,0.010625499999150634
