execution,k_s_sup,s_k_sub,t_k_sup,ns_s_sup,s_ns_sub,r_ar_sup,ar_r_sub,ns_sub_r,ks_sf_in,sub_r_r,n_r_t,ns_s_spe,nk_k_sup,s_nsup_k,nrs_ns_r,total_time
1,0.00020520001999102533,0.002773699990939349,0.00380619999486953,2.7000001864507794e-05,0.013509799988241866,0.0002500000118743628,2.7699992642737925e-05,2.8700014809146523e-05,1.9399987650103867e-05,1.9800005247816443e-05,1.4300007023848593e-05,1.4000004739500582e-05,0.00036920000275131315,0.00031540000054519624,1.2099990271963179e-05,0.021392500013462268
2,0.00019389999215491116,0.0016127000126289204,0.001832599999033846,4.099999205209315e-05,0.0022234999923966825,0.00694500001554843,3.460000152699649e-05,3.269998705945909e-05,3.029999788850546e-05,3.840000135824084e-05,2.549999044276774e-05,1.9899991457350552e-05,0.016134199991938658,0.0007620999967912212,2.449998282827437e-05,0.029950899945106357
