execution,ar_r_sub,k_s_sup,ks_sf_in,n_r_t,nk_k_sup,nrs_ns_r,ns_s_spe,ns_s_sup,ns_sub_r,r_ar_sup,s_k_sub,s_ns_sub,s_nsup_k,sub_r_r,t_k_sup,total_time
1,3.870006185024977e-05,0.00013729999773204327,3.090000245720148e-05,2.489995677024126e-05,0.016513200127519667,3.1499890610575676e-05,2.319994382560253e-05,4.1500083170831203e-05,3.280013334006071e-05,0.006410500034689903,0.011141799972392619,0.03349609998986125,0.002345799934118986,4.890013951808214e-05,0.009449799894355237,0.07976690016221255
2,4.970002919435501e-05,0.00031209993176162243,5.21000474691391e-05,3.2800016924738884e-05,0.019958100048825145,3.9899954572319984e-05,2.3799948394298553e-05,6.019999273121357e-05,5.279993638396263e-05,0.010602700058370829,0.012778499978594482,0.037702899891883135,0.002348399953916669,6.309989839792252e-05,0.008723899954929948,0.09280099964234978
3,1.4200108125805855e-05,0.00023589993361383677,1.6700010746717453e-05,7.4999406933784485e-06,0.0019403999904170632,1.0600080713629723e-05,1.2399978004395962e-05,2.52000754699111e-05,1.4300108887255192e-05,0.00012560002505779266,0.010544199962168932,0.04518270003609359,0.00162390002515167,2.7899863198399544e-05,0.0075353001011535525,0.06731680023949593
4,4.8100133426487446e-05,0.000232999911531806,4.170008469372988e-05,2.0699924789369106e-05,0.023499100003391504,3.8499943912029266e-05,1.4100107364356518e-05,4.440010525286198e-05,4.3400097638368607e-05,0.00980530004017055,0.012393099954351783,0.03348690003622323,0.0024422998540103436,5.970010533928871e-05,0.005759799969382584,0.0879301002714783
5,2.389994915574789e-05,1.9799917936325073e-05,2.4499953724443913e-05,8.199946023523808e-06,0.0003966999938711524,1.5300000086426735e-05,6.3999323174357414e-06,2.0999927073717117e-05,2.750009298324585e-05,0.008112400071695447,0.00017910008318722248,0.0001767999492585659,0.0003557000309228897,2.5499961338937283e-05,1.8600141629576683e-05,0.009411399951204658
