execution,ar_r_sub,k_s_sup,ks_sf_in,n_r_t,nk_k_sup,nrs_ns_r,ns_s_spe,ns_s_sup,ns_sub_r,r_ar_sup,s_k_sub,s_ns_sub,s_nsup_k,sub_r_r,t_k_sup,total_time
1,1.079996582120657e-05,0.00016609998419880867,1.0199961252510548e-05,6.700051017105579e-06,0.00021189998369663954,5.999929271638393e-06,5.299923941493034e-06,1.570011954754591e-05,1.0599964298307896e-05,0.00010220007970929146,0.0025687000015750527,0.008366500027477741,0.00016339996363967657,1.570011954754591e-05,0.00201489997562021,0.013674700050614774
2,2.480007242411375e-05,8.380005601793528e-05,3.3100019209086895e-05,2.4000066332519054e-05,0.014833000022917986,1.7600017599761486e-05,2.1800165995955467e-05,2.6199850253760815e-05,3.490014933049679e-05,0.008272900013253093,0.0009380999254062772,0.0010868998942896724,0.0006732000038027763,3.579992335289717e-05,0.0008044000715017319,0.026910500251688063
