percentage,execution,ar_r_sub,k_s_sup,ks_sf_in,n_r_t,nk_k_sup,nrs_ns_r,ns_s_spe,ns_s_sup,ns_sub_r,r_ar_sup,s_k_sub,s_ns_sub,s_nsup_k,sub_r_r,t_k_sup,total_time
20,7,0.011923900000510912,9.900000804918818e-06,1.2000000424450263e-05,5.899999450775795e-06,5.000000783184078e-06,5.100000635138713e-06,0.000466700000288256,7.659999937459361e-05,1.99999976757681e-06,9.199999112752266e-06,8.600000001024455e-06,8.300000445160549e-06,4.70000031782547e-06,1.4000000192027073e-05,8.999999408842996e-06,0.012560900001517439
