percentage,execution,ar_r_sub,k_s_sup,ks_sf_in,n_r_t,nk_k_sup,nrs_ns_r,ns_s_spe,ns_s_sup,ns_sub_r,r_ar_sup,s_k_sub,s_ns_sub,s_nsup_k,sub_r_r,t_k_sup,total_time
60,1,0.0015751999999338295,9.500000487605575e-06,1.2799999240087345e-05,5.200000487093348e-06,0.0004337999998824671,5.099999725644011e-06,0.0004391000002215151,6.880000000819564e-05,1.600000359758269e-06,9.500000487605575e-06,0.00012660000083997147,0.00012729999980365392,0.00031119999948714394,1.0599999768601265e-05,9.699999282020144e-06,0.003146000000015192
