percentage,execution,ar_r_sub,k_s_sup,ks_sf_in,n_r_t,nk_k_sup,nrs_ns_r,ns_s_spe,ns_s_sup,ns_sub_r,r_ar_sup,s_k_sub,s_ns_sub,s_nsup_k,sub_r_r,t_k_sup,total_time
40,10,1.0400000064691994e-05,0.011145500000566244,1.0000000656873453e-05,5.399999281507917e-06,5.9000003602704965e-06,5.100000635138713e-06,0.0009776000006240793,0.0009548000007271185,1.7999991541728377e-06,0.007940299999972922,0.0001511999998911051,0.00015010000061010942,5.099999725644011e-06,1.2100000276404899e-05,0.00018539999928179896,0.02156070000182808
