percentage,execution,ar_r_sub,k_s_sup,ks_sf_in,n_r_t,nk_k_sup,nrs_ns_r,ns_s_spe,ns_s_sup,ns_sub_r,r_ar_sup,s_k_sub,s_ns_sub,s_nsup_k,sub_r_r,t_k_sup,total_time
60,4,1.0200000360782724e-05,0.00621200000114186,9.200000022246968e-06,5.399999281507917e-06,5.500000042957254e-06,4.699999408330768e-06,0.0009203999998135259,0.00013579999995272374,1.7000002117129043e-06,0.004976799999894865,0.00019160000010742806,0.0001860999991549761,4.999999873689376e-06,1.1100000847363845e-05,0.00022250000074564014,0.01289800000085961
