percentage,execution,ar_r_sub,k_s_sup,ks_sf_in,n_r_t,nk_k_sup,nrs_ns_r,ns_s_spe,ns_s_sup,ns_sub_r,r_ar_sup,s_k_sub,s_ns_sub,s_nsup_k,sub_r_r,t_k_sup,total_time
20,1,1.1099999937869143e-05,0.00013109999963489827,9.300000783696305e-06,5.200000487093348e-06,0.0012008000003334018,6.799999937356915e-06,4.599999556376133e-06,9.599999430065509e-06,9.800000043469481e-06,0.00689559999955236,0.007327700000132609,0.027672500000335276,0.0010282000002916902,1.3799999578623101e-05,0.0038117000003694557,0.04813780000040424
