execution,k_s_sup,s_k_sub,t_k_sup,ns_s_sup,s_ns_sub,r_ar_sup,ar_r_sub,ns_sub_r,ks_sf_in,sub_r_r,n_r_t,ns_s_spe,nk_k_sup,s_nsup_k,nrs_ns_r,total_time
1,9.299954399466515e-06,7.690011989325285e-05,9.100069291889668e-06,8.500064723193645e-06,7.389998063445091e-05,0.0023799000773578882,1.0100076906383038e-05,1.700012944638729e-06,9.399838745594025e-06,1.1299969628453255e-05,5.100038833916187e-06,4.499917849898338e-06,0.00020110001787543297,0.00012440001592040062,5.399924702942371e-06,0.0029306000797078013
2,9.09995287656784e-06,8.030002936720848e-05,9.199953638017178e-06,8.200062438845634e-06,7.420009933412075e-05,0.002267099916934967,9.100069291889668e-06,1.600012183189392e-06,8.699949830770493e-06,1.0399962775409222e-05,4.700035788118839e-06,4.200031980872154e-06,0.00019429996609687805,0.00012639991473406553,5.00003807246685e-06,0.002812499995343387
3,7.519987411797047e-05,0.001640200149267912,0.001828600070439279,8.70006624609232e-06,0.007643199875019491,7.790001109242439e-05,9.199953638017178e-06,1.600012183189392e-06,8.500064723193645e-06,9.800074622035027e-06,4.599918611347675e-06,4.300032742321491e-06,0.00028419995214790106,0.00023610005155205727,5.100038833916187e-06,0.011837200145237148
