percentage,execution,k_s_sup,s_k_sub,t_k_sup,ns_s_sup,s_ns_sub,r_ar_sup,ar_r_sub,ns_sub_r,ks_sf_in,sub_r_r,n_r_t,ns_s_spe,nk_k_sup,s_nsup_k,nrs_ns_r,total_time
25,1,1.1100084520876408e-05,0.005647500162012875,1.1399970389902592e-05,1.0199961252510548e-05,0.011684600031003356,0.015625,1.079996582120657e-05,1.0800082236528397e-05,9.999959729611874e-06,1.7900136299431324e-05,6.8999361246824265e-06,5.100038833916187e-06,0.0020667000208050013,0.0015294000040739775,7.6000578701496124e-06,0.036655000410974026
