percentage,execution,k_s_sup,s_k_sub,t_k_sup,ns_s_sup,s_ns_sub,r_ar_sup,ar_r_sub,ns_sub_r,ks_sf_in,sub_r_r,n_r_t,ns_s_spe,nk_k_sup,s_nsup_k,nrs_ns_r,total_time
70,2,0.0029352998826652765,0.023593900026753545,0.01596140000037849,0.00011820008512586355,0.03996600001119077,0.04008060006890446,1.7499784007668495e-05,1.7200130969285965e-05,1.5799771063029766e-05,2.71000899374485e-05,1.3799872249364853e-05,0.002850300050340593,0.013154500047676265,0.006402599974535406,1.2600095942616463e-05,0.14516679989174008
