percentage,execution,k_s_sup,s_k_sub,t_k_sup,ns_s_sup,s_ns_sub,r_ar_sup,ar_r_sub,ns_sub_r,ks_sf_in,sub_r_r,n_r_t,ns_s_spe,nk_k_sup,s_nsup_k,nrs_ns_r,total_time
20,6,0.005714600018109195,0.029968700007884763,0.018196699980762787,0.00015759999223519117,0.0666137000080198,0.020105800009332597,2.2499996703118086e-05,0.00029159997939132154,2.1599989850074053e-05,3.9000005926936865e-05,1.3900003978051245e-05,0.002926500004832633,0.012774900009389967,0.005594300004304387,1.7300000763498247e-05,0.16245870001148432
