percentage,execution,ar_r_sub,k_s_sup,ks_sf_in,n_r_t,nk_k_sup,nrs_ns_r,ns_s_spe,ns_s_sup,ns_sub_r,r_ar_sup,s_k_sub,s_ns_sub,s_nsup_k,sub_r_r,t_k_sup,total_time
80,7,1.1899999663000926e-05,7.979999918461544e-05,8.799999704933725e-06,4.900000021734741e-06,0.0005501999994521611,5.300000339047983e-06,4.300000000512227e-06,9.899999895424116e-06,9.500000487605575e-06,0.0024283000002469635,0.0029287999996086,0.005897299999560346,0.00046520000068994705,9.999999747378752e-06,0.0035076999993179925,0.015921899997920264
