percentage,execution,k_s_sup,s_k_sub,t_k_sup,ns_s_sup,s_ns_sub,r_ar_sup,ar_r_sub,ns_sub_r,ks_sf_in,sub_r_r,n_r_t,ns_s_spe,nk_k_sup,s_nsup_k,nrs_ns_r,total_time
60,3,0.006686499997158535,0.02689989999635145,0.021647999994456768,0.00016119999054353684,0.04400740000710357,0.06205059998319484,2.36999912885949e-05,0.0030626999941887334,2.1899992134422064e-05,3.6299985367804766e-05,1.4699995517730713e-05,0.002903500004322268,0.018750399991404265,0.0060523999854922295,1.2899996363557875e-05,0.1923320999048883
