percentage,execution,ar_r_sub,k_s_sup,ks_sf_in,n_r_t,nk_k_sup,nrs_ns_r,ns_s_spe,ns_s_sup,ns_sub_r,r_ar_sup,s_k_sub,s_ns_sub,s_nsup_k,sub_r_r,t_k_sup,total_time
80,2,0.000141299999995681,0.00010440000005473848,1.0099999599333387e-05,7.900000127847306e-06,0.0005600000004051253,5.300000339047983e-06,4.599999556376133e-06,9.399999726156238e-06,1.1699999959091656e-05,0.0010058999996545026,0.0032952000001387205,0.0062295000006997725,0.0004631000001609209,1.1799999811046291e-05,0.0036522999998851446,0.015512500000113505
