percentage,execution,ar_r_sub,k_s_sup,ks_sf_in,n_r_t,nk_k_sup,nrs_ns_r,ns_s_spe,ns_s_sup,ns_sub_r,r_ar_sup,s_k_sub,s_ns_sub,s_nsup_k,sub_r_r,t_k_sup,total_time
10,7,1.109996810555458e-05,1.1999974958598614e-05,1.00000761449337e-05,6.700051017105579e-06,0.0020040000090375543,8.299946784973145e-06,5.400041118264198e-06,1.0500079952180386e-05,1.0999967344105244e-05,0.007305300096049905,0.004929799935780466,0.020717900013551116,0.0014952999772503972,1.7600017599761486e-05,1.1999974958598614e-05,0.03655690012965351
