percentage,execution,ar_r_sub,k_s_sup,ks_sf_in,n_r_t,nk_k_sup,nrs_ns_r,ns_s_spe,ns_s_sup,ns_sub_r,r_ar_sup,s_k_sub,s_ns_sub,s_nsup_k,sub_r_r,t_k_sup,total_time
40,5,1.82999992830446e-05,8.270000034826808e-05,1.700000029813964e-05,9.900000804918818e-06,0.006468700000368699,9.999999747378752e-06,8.800000614428427e-06,1.7299999854003545e-05,1.7500000467407517e-05,0.00463589999890246,0.0031847000000198022,0.009049600000253122,0.000676700000440178,2.049999966402538e-05,0.003523500000483182,0.027741100001549057
