percentage,execution,ar_r_sub,k_s_sup,ks_sf_in,n_r_t,nk_k_sup,nrs_ns_r,ns_s_spe,ns_s_sup,ns_sub_r,r_ar_sup,s_k_sub,s_ns_sub,s_nsup_k,sub_r_r,t_k_sup,total_time
90,9,1.2699980288743973e-05,0.0025239000096917152,1.0699965059757233e-05,7.100054062902927e-06,0.0036353999748826027,6.3999323174357414e-06,0.0014097000239416957,7.970014121383429e-05,1.2399978004395962e-05,0.034787099924869835,0.018101900001056492,0.024418700020760298,0.0032486000563949347,1.7900019884109497e-05,0.014534100191667676,0.10280630027409643
