percentage,execution,k_s_sup,s_k_sub,t_k_sup,ns_s_sup,s_ns_sub,r_ar_sup,ar_r_sub,ns_sub_r,ks_sf_in,sub_r_r,n_r_t,ns_s_spe,nk_k_sup,s_nsup_k,nrs_ns_r,total_time
55,3,0.00429519999306649,0.03664220008067787,0.026608700049109757,0.00015769980382174253,0.06366659991908818,0.046130700036883354,2.41999514400959e-05,2.329994458705187e-05,2.1699932403862476e-05,3.5800039768218994e-05,1.4200108125805855e-05,0.0028166001429781318,0.01319359999615699,0.006282599992118776,1.379998866468668e-05,0.19992689997889102
