percentage,execution,ar_r_sub,k_s_sup,ks_sf_in,n_r_t,nk_k_sup,nrs_ns_r,ns_s_spe,ns_s_sup,ns_sub_r,r_ar_sup,s_k_sub,s_ns_sub,s_nsup_k,sub_r_r,t_k_sup,total_time
40,10,9.20000093174167e-06,0.0008647999993627309,8.900000466383062e-06,7.599999662488699e-06,5.200000487093348e-06,4.900000021734741e-06,0.0005111999998916872,9.919999865815043e-05,9.300000783696305e-06,0.0008979999993243837,8.230000003095483e-05,9.549999958835542e-05,4.399999852466863e-06,1.0700000530050602e-05,0.0001094999997803825,0.0027206999993723002
