percentage,execution,ar_r_sub,k_s_sup,ks_sf_in,n_r_t,nk_k_sup,nrs_ns_r,ns_s_spe,ns_s_sup,ns_sub_r,r_ar_sup,s_k_sub,s_ns_sub,s_nsup_k,sub_r_r,t_k_sup,total_time
40,6,2.410006709396839e-05,0.00645959994290024,2.2400054149329662e-05,1.4199875295162201e-05,0.018867300008423626,1.5800120308995247e-05,0.002814300009049475,0.00016160006634891033,0.0030898000113666058,0.03235349990427494,0.028221699874848127,0.05882279993966222,0.006100099999457598,3.6199926398694515e-05,0.017806399962864816,0.1748097997624427
