percentage,execution,ar_r_sub,k_s_sup,ks_sf_in,n_r_t,nk_k_sup,nrs_ns_r,ns_s_spe,ns_s_sup,ns_sub_r,r_ar_sup,s_k_sub,s_ns_sub,s_nsup_k,sub_r_r,t_k_sup,total_time
40,4,1.650000012887176e-05,0.001649399999223533,1.5699998584750574e-05,1.430000065738568e-05,0.012254199999915727,1.4599999303754885e-05,0.0032928000000538304,0.00011360000007698545,1.6799999684735667e-05,0.025779099999454047,0.02010869999867282,0.04702199999974255,0.005620299999463896,2.7099999897473026e-05,0.012048700001287216,0.12799379999614757
