percentage,execution,ar_r_sub,k_s_sup,ks_sf_in,n_r_t,nk_k_sup,nrs_ns_r,ns_s_spe,ns_s_sup,ns_sub_r,r_ar_sup,s_k_sub,s_ns_sub,s_nsup_k,sub_r_r,t_k_sup,total_time
20,6,8.799999704933725e-06,7.749999986117473e-05,8.600000001024455e-06,5.099999725644011e-06,0.0008301999996547238,5.699999746866524e-06,4.300000000512227e-06,9.199999112752266e-06,9.000000318337698e-06,7.349999941652641e-05,0.00489579999975831,0.0202344000008452,0.0007069000002957182,1.0399999155197293e-05,0.0018552000001363922,0.028734599997733312
