percentage,execution,k_s_sup,s_k_sub,t_k_sup,ns_s_sup,s_ns_sub,r_ar_sup,ar_r_sub,ns_sub_r,ks_sf_in,sub_r_r,n_r_t,ns_s_spe,nk_k_sup,s_nsup_k,nrs_ns_r,total_time
50,4,0.006420199992135167,0.03323540010023862,0.019600900122895837,0.0001578998053446412,0.06051800004206598,0.045386799960397184,4.080019425600767e-05,0.003137499908916652,2.5199842639267445e-05,3.660016227513552e-05,1.4199875295162201e-05,0.002888199989683926,0.01856290001887828,0.005944399978034198,1.3500102795660496e-05,0.19598250009585172
