percentage,execution,ar_r_sub,k_s_sup,ks_sf_in,n_r_t,nk_k_sup,nrs_ns_r,ns_s_spe,ns_s_sup,ns_sub_r,r_ar_sup,s_k_sub,s_ns_sub,s_nsup_k,sub_r_r,t_k_sup,total_time
60,4,1.0099999599333387e-05,7.899999945948366e-05,9.300000783696305e-06,5.500000042957254e-06,0.001371600000311446,5.700000656361226e-06,4.70000031782547e-06,9.700000191514846e-06,1.0099999599333387e-05,0.007361700000728888,0.008858500000314962,0.021970199999486795,0.001175399999738147,1.249999968422344e-05,0.0018277999997735606,0.04271180000068853
