percentage,execution,ar_r_sub,k_s_sup,ks_sf_in,n_r_t,nk_k_sup,nrs_ns_r,ns_s_spe,ns_s_sup,ns_sub_r,r_ar_sup,s_k_sub,s_ns_sub,s_nsup_k,sub_r_r,t_k_sup,total_time
40,8,1.0300000212737359e-05,8.239999988290947e-05,9.800000952964183e-06,5.7999995988211595e-06,0.001361200000246754,5.700000656361226e-06,4.499999704421498e-06,9.800000043469481e-06,9.999999747378752e-06,0.008502499999849533,0.008034600000428327,0.02413169999999809,0.001169099999970058,1.2799999240087345e-05,0.0018311999992874917,0.045181399999819405
