percentage,execution,ar_r_sub,k_s_sup,ks_sf_in,n_r_t,nk_k_sup,nrs_ns_r,ns_s_spe,ns_s_sup,ns_sub_r,r_ar_sup,s_k_sub,s_ns_sub,s_nsup_k,sub_r_r,t_k_sup,total_time
60,4,0.00015380000058939913,8.38999994812184e-05,1.739999970595818e-05,9.899999895424116e-06,0.006851900000583555,9.999999747378752e-06,8.799999704933725e-06,1.8000000636675395e-05,1.8200000340584666e-05,0.004739000000881788,0.0031222999996316503,0.00619139999980689,0.0008095999992292491,2.049999875453068e-05,0.00356860000101733,0.025623300000006566
