percentage,execution,k_s_sup,s_k_sub,t_k_sup,ns_s_sup,s_ns_sub,r_ar_sup,ar_r_sub,ns_sub_r,ks_sf_in,sub_r_r,n_r_t,ns_s_spe,nk_k_sup,s_nsup_k,nrs_ns_r,total_time
50,6,0.005897700000787154,0.017906300010508858,0.015042399987578392,8.459998934995383e-05,0.051808000018354505,0.023110099995392375,1.200000406242907e-05,0.003000400000018999,1.1199997970834374e-05,1.8300008377991617e-05,7.300011930055916e-06,0.0014351999998325482,0.0037632000021403655,0.003331700005219318,6.999995093792677e-06,0.12543540002661757
