percentage,execution,ar_r_sub,k_s_sup,ks_sf_in,n_r_t,nk_k_sup,nrs_ns_r,ns_s_spe,ns_s_sup,ns_sub_r,r_ar_sup,s_k_sub,s_ns_sub,s_nsup_k,sub_r_r,t_k_sup,total_time
60,8,0.0002832000009220792,9.080000108951936e-05,2.0199999198666774e-05,1.0300000212737359e-05,0.0072711999991952325,1.3199999557400588e-05,8.600000001024455e-06,2.120000044669723e-05,2.0999998923798557e-05,0.0033471999995526858,0.0033535000002302695,0.00631369999882736,0.0008203999996112543,2.570000015111873e-05,0.0037831000008736737,0.025383299998793518
