percentage,execution,ar_r_sub,k_s_sup,ks_sf_in,n_r_t,nk_k_sup,nrs_ns_r,ns_s_spe,ns_s_sup,ns_sub_r,r_ar_sup,s_k_sub,s_ns_sub,s_nsup_k,sub_r_r,t_k_sup,total_time
40,1,1.9199998860131018e-05,8.580000030633528e-05,1.7299999854003545e-05,1.3199999557400588e-05,0.006735000000844593,1.120000069931848e-05,8.800000614428427e-06,1.7899999875226058e-05,1.9299999621580355e-05,0.00475670000014361,0.0038369000003513065,0.013217799999438284,0.0008053999999901862,2.159999803552637e-05,0.004394900000988855,0.033960999999180785
