percentage,execution,k_s_sup,s_k_sub,t_k_sup,ns_s_sup,s_ns_sub,r_ar_sup,ar_r_sub,ns_sub_r,ks_sf_in,sub_r_r,n_r_t,ns_s_spe,nk_k_sup,s_nsup_k,nrs_ns_r,total_time
10,2,1.1499985703267157e-05,0.00014899999951012433,1.1500000255182385e-05,1.0500007192604244e-05,0.00014040000678505749,0.006244400006835349,1.1599986464716494e-05,1.1099997209385037e-05,1.0299991117790341e-05,1.85999961104244e-05,7.299997378140688e-06,5.299996701069176e-06,0.0005013000045437366,0.00035149999894201756,8.59999272506684e-06,0.007492899967473932
