percentage,execution,ar_r_sub,k_s_sup,ks_sf_in,n_r_t,nk_k_sup,nrs_ns_r,ns_s_spe,ns_s_sup,ns_sub_r,r_ar_sup,s_k_sub,s_ns_sub,s_nsup_k,sub_r_r,t_k_sup,total_time
80,6,9.200000022246968e-06,7.90999993114383e-05,8.89999955688836e-06,4.900000021734741e-06,0.0005610000007436611,5.199999577598646e-06,4.300000000512227e-06,9.399999726156238e-06,9.399999726156238e-06,0.002457999999933236,0.003215799999452429,0.006151299999146431,0.0004574999993565143,1.0299999303242657e-05,0.0036859000001641107,0.016670199996042356
