percentage,execution,ar_r_sub,k_s_sup,ks_sf_in,n_r_t,nk_k_sup,nrs_ns_r,ns_s_spe,ns_s_sup,ns_sub_r,r_ar_sup,s_k_sub,s_ns_sub,s_nsup_k,sub_r_r,t_k_sup,total_time
40,7,2.2700000045006163e-05,8.649999927001772e-05,1.8299998373549897e-05,1.0499999007151928e-05,0.007266399999934947,1.0700000530050602e-05,9.300000783696305e-06,1.779999911377672e-05,1.9500000234984327e-05,0.010669100000086473,0.005427799999779381,0.017608300000574673,0.001143400000728434,2.2899999748915434e-05,0.0037080999991303543,0.04604129999734141
