percentage,execution,k_s_sup,s_k_sub,t_k_sup,ns_s_sup,s_ns_sub,r_ar_sup,ar_r_sub,ns_sub_r,ks_sf_in,sub_r_r,n_r_t,ns_s_spe,nk_k_sup,s_nsup_k,nrs_ns_r,total_time
10,2,0.004170799977146089,0.0017136001260951161,0.0033641000045463443,7.740012370049953e-05,0.007895800052210689,0.009957099915482104,1.1300086043775082e-05,0.0001537000061944127,1.0499847121536732e-05,2.1499930880963802e-05,7.00005330145359e-06,0.0014784999657422304,0.0007272999500855803,0.0005957999965175986,7.800059393048286e-06,0.03019220009446144
