percentage,execution,ar_r_sub,k_s_sup,ks_sf_in,n_r_t,nk_k_sup,nrs_ns_r,ns_s_spe,ns_s_sup,ns_sub_r,r_ar_sup,s_k_sub,s_ns_sub,s_nsup_k,sub_r_r,t_k_sup,total_time
20,2,8.69999985297909e-06,8.189999971364159e-05,8.299999535665847e-06,5.099999725644011e-06,0.000615500000094471,5.800000508315861e-06,4.399999852466863e-06,8.800000614428427e-06,9.299999874201603e-06,7.509999977628468e-05,0.003974199999902339,0.016020200000639306,0.00044179999986226903,1.049999991664663e-05,0.0040067999998427695,0.02527639999971143
