percentage,execution,ar_r_sub,k_s_sup,ks_sf_in,n_r_t,nk_k_sup,nrs_ns_r,ns_s_spe,ns_s_sup,ns_sub_r,r_ar_sup,s_k_sub,s_ns_sub,s_nsup_k,sub_r_r,t_k_sup,total_time
20,9,2.8100330382585526e-05,0.0064580999314785,2.4599488824605942e-05,1.7599668353796005e-05,0.013407000340521336,1.879967749118805e-05,0.003238100092858076,0.00017460016533732414,0.00032170023769140244,0.018508399836719036,0.033147700130939484,0.07629229966551065,0.006154099944978952,4.3400097638368607e-05,0.020152799785137177,0.17798729939386249
