percentage,execution,ar_r_sub,k_s_sup,ks_sf_in,n_r_t,nk_k_sup,nrs_ns_r,ns_s_spe,ns_s_sup,ns_sub_r,r_ar_sup,s_k_sub,s_ns_sub,s_nsup_k,sub_r_r,t_k_sup,total_time
90,2,2.329982817173004e-05,0.00322750024497509,1.7799902707338333e-05,1.58003531396389e-05,0.014227899257093668,1.3600103557109833e-05,0.003054399974644184,0.00012960052117705345,1.9399914890527725e-05,0.056308400351554155,0.026051899883896112,0.029924999922513962,0.006997100077569485,2.8700102120637894e-05,0.016823800280690193,0.15686420071870089
