percentage,execution,ar_r_sub,k_s_sup,ks_sf_in,n_r_t,nk_k_sup,nrs_ns_r,ns_s_spe,ns_s_sup,ns_sub_r,r_ar_sup,s_k_sub,s_ns_sub,s_nsup_k,sub_r_r,t_k_sup,total_time
40,6,0.0001300999992963625,9.800000043469481e-06,0.00048349999997299165,5.899999450775795e-06,0.0004600000002028537,5.4000001910026185e-06,4.100000296602957e-06,8.299999535665847e-06,9.399999726156238e-06,1.1899999663000926e-05,0.00013969999963592272,0.00013070000022707973,0.000330500000018219,1.320000046689529e-05,8.89999955688836e-06,0.0017513999982838868
