percentage,execution,ar_r_sub,k_s_sup,ks_sf_in,n_r_t,nk_k_sup,nrs_ns_r,ns_s_spe,ns_s_sup,ns_sub_r,r_ar_sup,s_k_sub,s_ns_sub,s_nsup_k,sub_r_r,t_k_sup,total_time
20,2,0.00014279999959398992,8.689999958733097e-05,1.6900000446185004e-05,1.2900000001536682e-05,0.010350200000175391,1.1099999937869143e-05,8.799999704933725e-06,1.7099999240599573e-05,1.8500000805943273e-05,8.470000011584489e-05,0.005602199998975266,0.019460899999103276,0.0009285999994972371,2.1999999262334313e-05,0.0018433000004733913,0.03860689999692113
