percentage,execution,ar_r_sub,k_s_sup,ks_sf_in,n_r_t,nk_k_sup,nrs_ns_r,ns_s_spe,ns_s_sup,ns_sub_r,r_ar_sup,s_k_sub,s_ns_sub,s_nsup_k,sub_r_r,t_k_sup,total_time
80,8,0.00013479999961418798,7.899999945948366e-05,8.89999955688836e-06,5.099999725644011e-06,0.0005524999996850966,5.200000487093348e-06,4.300000000512227e-06,9.299999874201603e-06,1.0300000212737359e-05,0.0008641000003990484,0.0029102000007696915,0.005904399999963061,0.00045789999967382755,1.0400000974186696e-05,0.0035101000003123772,0.014466500000708038
