percentage,execution,k_s_sup,s_k_sub,t_k_sup,ns_s_sup,s_ns_sub,r_ar_sup,ar_r_sub,ns_sub_r,ks_sf_in,sub_r_r,n_r_t,ns_s_spe,nk_k_sup,s_nsup_k,nrs_ns_r,total_time
15,3,1.109996810555458e-05,0.005653299973346293,1.1699972674250603e-05,1.0100076906383038e-05,0.014946699957363307,0.008957300102338195,1.1099851690232754e-05,1.0600080713629723e-05,1.2999982573091984e-05,1.880002673715353e-05,7.3999399319291115e-06,5.100038833916187e-06,0.0018156999722123146,0.0012871000217273831,7.79994297772646e-06,0.03276679990813136
