percentage,execution,ar_r_sub,k_s_sup,ks_sf_in,n_r_t,nk_k_sup,nrs_ns_r,ns_s_spe,ns_s_sup,ns_sub_r,r_ar_sup,s_k_sub,s_ns_sub,s_nsup_k,sub_r_r,t_k_sup,total_time
40,10,0.017712699999719916,4.850000004807953e-05,1.3899998521083035e-05,1.0799998563015833e-05,0.01114049999978306,9.60000033956021e-06,8.89999955688836e-06,1.3500000022759195e-05,1.610000072105322e-05,4.850000004807953e-05,0.0066493999993326725,0.015722200000709563,0.0015932999995129649,0.0033060999994631857,0.0009129000000029919,0.05720689999634487
