percentage,execution,ar_r_sub,k_s_sup,ks_sf_in,n_r_t,nk_k_sup,nrs_ns_r,ns_s_spe,ns_s_sup,ns_sub_r,r_ar_sup,s_k_sub,s_ns_sub,s_nsup_k,sub_r_r,t_k_sup,total_time
80,9,2.380006480962038e-05,0.004018199862912297,2.1900166757404804e-05,1.4200108125805855e-05,0.012456599972210824,1.200009137392044e-05,0.0027211999986320734,0.00015590002294629812,2.3499829694628716e-05,0.06469309993553907,0.029822699958458543,0.0388756999745965,0.006159799988381565,3.439991269260645e-05,0.02387299994006753,0.18290599982719868
