percentage,execution,ar_r_sub,k_s_sup,ks_sf_in,n_r_t,nk_k_sup,nrs_ns_r,ns_s_spe,ns_s_sup,ns_sub_r,r_ar_sup,s_k_sub,s_ns_sub,s_nsup_k,sub_r_r,t_k_sup,total_time
20,7,1.920000067912042e-05,9.419999969395576e-05,1.790000078472076e-05,1.0599999768601265e-05,0.006696800000099756,1.1099999937869143e-05,9.199999112752266e-06,2.2199998966243584e-05,1.8999999156221747e-05,0.0032295999999405467,0.003374299999450159,0.013878400000066904,0.0006122000004324946,2.1600000764010474e-05,0.003734500000064145,0.0317507999989175
