percentage,execution,ar_r_sub,k_s_sup,ks_sf_in,n_r_t,nk_k_sup,nrs_ns_r,ns_s_spe,ns_s_sup,ns_sub_r,r_ar_sup,s_k_sub,s_ns_sub,s_nsup_k,sub_r_r,t_k_sup,total_time
20,4,8.400000297115184e-06,7.780000032653334e-05,8.69999985297909e-06,5.100000635138713e-06,0.0005694000001312816,5.4000001910026185e-06,4.300000000512227e-06,9.299999874201603e-06,9.399999726156238e-06,7.509999977628468e-05,0.0031706999989182805,0.015540899999905378,0.0004591999995682272,1.320000046689529e-05,0.0037131999988559983,0.023670099998525984
