percentage,execution,ar_r_sub,k_s_sup,ks_sf_in,n_r_t,nk_k_sup,nrs_ns_r,ns_s_spe,ns_s_sup,ns_sub_r,r_ar_sup,s_k_sub,s_ns_sub,s_nsup_k,sub_r_r,t_k_sup,total_time
40,6,9.899999895424116e-06,9.800000043469481e-06,8.800000614428427e-06,5.4000001910026185e-06,0.00044410000009520445,8.099999831756577e-06,4.100000296602957e-06,8.199999683711212e-06,1.3199999557400588e-05,0.005901999999878171,0.00013789999957225518,0.00012829999923269497,0.00038640000002487795,2.7299999601382297e-05,1.1299999641778413e-05,0.007104799998160161
