percentage,execution,ar_r_sub,k_s_sup,ks_sf_in,n_r_t,nk_k_sup,nrs_ns_r,ns_s_spe,ns_s_sup,ns_sub_r,r_ar_sup,s_k_sub,s_ns_sub,s_nsup_k,sub_r_r,t_k_sup,total_time
60,10,1.1999858543276787e-05,0.004962499951943755,1.1699856258928776e-05,7.1999384090304375e-06,0.003420300083234906,6.900052540004253e-06,0.0014335999730974436,7.919990457594395e-05,0.00018810003530234098,0.027250300045125186,0.01904020004440099,0.03154650004580617,0.0030260999919846654,1.770013477653265e-05,0.011709099868312478,0.10271139978431165
