percentage,execution,ar_r_sub,k_s_sup,ks_sf_in,n_r_t,nk_k_sup,nrs_ns_r,ns_s_spe,ns_s_sup,ns_sub_r,r_ar_sup,s_k_sub,s_ns_sub,s_nsup_k,sub_r_r,t_k_sup,total_time
30,4,2.7600210160017014e-05,0.002822600305080414,2.3900065571069717e-05,1.5799887478351593e-05,0.02496559964492917,1.800013706088066e-05,0.003249499946832657,0.0001718001440167427,2.5399960577487946e-05,0.024943700525909662,0.018728000577539206,0.06490639969706535,0.004552599973976612,3.990018740296364e-05,0.016460999846458435,0.16095180111005902
