percentage,execution,k_s_sup,s_k_sub,t_k_sup,ns_s_sup,s_ns_sub,r_ar_sup,ar_r_sub,ns_sub_r,ks_sf_in,sub_r_r,n_r_t,ns_s_spe,nk_k_sup,s_nsup_k,nrs_ns_r,total_time
60,2,0.0029066000133752823,0.025415200012503192,0.018939000015961938,0.00011860000086016953,0.04838039999594912,0.03991420000966173,1.8100006855092943e-05,2.0400009816512465e-05,1.6400008462369442e-05,2.7000016416423023e-05,1.4999997802078724e-05,0.0028554000018630177,0.013112600005115382,0.006496899979538284,1.3299984857439995e-05,0.15824910005903803
