percentage,execution,k_s_sup,s_k_sub,t_k_sup,ns_s_sup,s_ns_sub,r_ar_sup,ar_r_sub,ns_sub_r,ks_sf_in,sub_r_r,n_r_t,ns_s_spe,nk_k_sup,s_nsup_k,nrs_ns_r,total_time
80,2,0.0025843999901553616,0.018085999981849454,0.014664000002085231,7.780001033097506e-05,0.03043039998738095,0.03147339999850374,1.170000177808106e-05,1.2199991033412516e-05,1.1199997970834374e-05,1.7600017599761486e-05,7.100010407157242e-06,0.0014494000060949475,0.003608600003644824,0.0032282999891322106,6.499991286545992e-06,0.10566859997925349
