percentage,execution,ar_r_sub,k_s_sup,ks_sf_in,n_r_t,nk_k_sup,nrs_ns_r,ns_s_spe,ns_s_sup,ns_sub_r,r_ar_sup,s_k_sub,s_ns_sub,s_nsup_k,sub_r_r,t_k_sup,total_time
20,5,1.7199665307998657e-05,0.004937299992889166,1.2100208550691605e-05,8.299946784973145e-06,0.0011387001723051071,1.219986006617546e-05,0.0016840999014675617,9.059952571988106e-05,0.00017719995230436325,0.019669400062412024,0.0019531999714672565,0.005501700099557638,0.0009036003611981869,2.2099819034337997e-05,0.0038599995896220207,0.03998769912868738
