percentage,execution,ar_r_sub,k_s_sup,ks_sf_in,n_r_t,nk_k_sup,nrs_ns_r,ns_s_spe,ns_s_sup,ns_sub_r,r_ar_sup,s_k_sub,s_ns_sub,s_nsup_k,sub_r_r,t_k_sup,total_time
20,5,1.959999917744426e-05,8.609999986219918e-05,1.7400000615452882e-05,1.0400000064691994e-05,0.006510699999125791,1.1000000085914508e-05,8.69999985297909e-06,1.7499999557912815e-05,1.849999898695387e-05,0.003135400000246591,0.0030944999989515054,0.012324499999522232,0.0005945000002611778,2.0399999812070746e-05,0.003561299999091716,0.029430499995214632
