percentage,execution,ar_r_sub,k_s_sup,ks_sf_in,n_r_t,nk_k_sup,nrs_ns_r,ns_s_spe,ns_s_sup,ns_sub_r,r_ar_sup,s_k_sub,s_ns_sub,s_nsup_k,sub_r_r,t_k_sup,total_time
60,10,9.60000033956021e-06,7.780000032653334e-05,8.600000001024455e-06,4.999999873689376e-06,0.0005803000003652414,5.2999994295532815e-06,4.19999923906289e-06,9.899998985929415e-06,9.300000783696305e-06,0.0018136999997295788,0.0032787999998618034,0.00960659999964264,0.0004506999994191574,1.0600000678095967e-05,0.004049699999995937,0.019920099998671503
