percentage,execution,k_s_sup,s_k_sub,t_k_sup,ns_s_sup,s_ns_sub,r_ar_sup,ar_r_sub,ns_sub_r,ks_sf_in,sub_r_r,n_r_t,ns_s_spe,nk_k_sup,s_nsup_k,nrs_ns_r,total_time
45,4,0.007373099913820624,0.03272040013689548,0.022930099861696362,0.00015880016144365072,0.06356389995198697,0.03425230004359037,2.41999514400959e-05,0.003076000022701919,2.5699962861835957e-05,3.7199934013187885e-05,1.4200108125805855e-05,0.0029501001117751002,0.012730999966152012,0.006097599980421364,1.4999997802078724e-05,0.18596960010472685
