percentage,execution,k_s_sup,s_k_sub,t_k_sup,ns_s_sup,s_ns_sub,r_ar_sup,ar_r_sub,ns_sub_r,ks_sf_in,sub_r_r,n_r_t,ns_s_spe,nk_k_sup,s_nsup_k,nrs_ns_r,total_time
65,1,0.0032498000655323267,0.03181430010590702,0.0210713999113068,0.0001544001279398799,0.04743969987612218,0.05386450013611466,2.3599830456078053e-05,2.380006480962038e-05,2.1399930119514465e-05,3.50000336766243e-05,1.4499993994832039e-05,0.003250699955970049,0.020124200033023953,0.006134199909865856,1.2900098226964474e-05,0.18723440007306635
