percentage,execution,ar_r_sub,k_s_sup,ks_sf_in,n_r_t,nk_k_sup,nrs_ns_r,ns_s_spe,ns_s_sup,ns_sub_r,r_ar_sup,s_k_sub,s_ns_sub,s_nsup_k,sub_r_r,t_k_sup,total_time
60,1,7.639999967068434e-05,0.0010461000001669163,9.299999874201603e-06,7.79999936639797e-06,0.00023980000059964368,5.500000042957254e-06,0.0004718000000139,7.869999990361976e-05,9.899999895424116e-06,0.0009581999993315549,0.0009190999990096316,0.0008834000009301235,0.0002523000002838671,1.0900001143454574e-05,0.002511699999558914,0.007480899999791291
