percentage,execution,ar_r_sub,k_s_sup,ks_sf_in,n_r_t,nk_k_sup,nrs_ns_r,ns_s_spe,ns_s_sup,ns_sub_r,r_ar_sup,s_k_sub,s_ns_sub,s_nsup_k,sub_r_r,t_k_sup,total_time
60,8,2.0799999219889287e-05,8.750000051804818e-05,1.8399998225504532e-05,1.0799999472510535e-05,0.008307399999466725,1.160000010713702e-05,9.199999112752266e-06,1.9799999790848233e-05,2.0100001165701542e-05,0.017788700000892277,0.011302599999908125,0.021552299999711977,0.0020970000005036127,2.5099999220401514e-05,0.0019105000001218286,0.06318179999743734
