percentage,execution,ar_r_sub,k_s_sup,ks_sf_in,n_r_t,nk_k_sup,nrs_ns_r,ns_s_spe,ns_s_sup,ns_sub_r,r_ar_sup,s_k_sub,s_ns_sub,s_nsup_k,sub_r_r,t_k_sup,total_time
80,10,0.005508299999746669,4.600000011123484e-05,1.359999987471383e-05,1.06999996205559e-05,0.011018800000783813,9.499999578110874e-06,8.700000762473792e-06,1.3199999557400588e-05,1.5100000382517464e-05,4.819999958272092e-05,0.007041100001515588,0.006926799999746436,0.0015703999997640494,0.0007706000005782698,0.0008858999999574735,0.033886900001562026
