execution,k_s_sup,s_k_sub,t_k_sup,ns_s_sup,s_ns_sub,r_ar_sup,ar_r_sub,ns_sub_r,ks_sf_in,sub_r_r,n_r_t,ns_s_spe,nk_k_sup,s_nsup_k,nrs_ns_r,total_time
1,8.870003512129188e-05,0.0019271000055596232,0.0020886000129394233,3.0399998649954796e-05,0.005301200086250901,9.020004654303193e-05,0.00015440001152455807,1.999997766688466e-05,1.8499966245144606e-05,2.1199986804276705e-05,1.0499963536858559e-05,9.299954399466515e-06,0.011001899954862893,0.00041559996316209435,1.190003240481019e-05,0.021189499995671213
2,9.169999975711107e-05,0.0019043000065721571,0.0022193000186234713,1.9000086467713118e-05,0.007084500044584274,9.31998947635293e-05,0.00015600002370774746,1.969997538253665e-05,1.8300022929906845e-05,2.0299979951232672e-05,1.0599964298307896e-05,8.899951353669167e-06,0.01143949996912852,0.0004168000305071473,1.160003012046218e-05,0.023513699998147786
3,1.0400079190731049e-05,9.200070053339005e-06,9.400013368576765e-06,8.010002784430981e-05,9.000010322779417e-06,9.300070814788342e-06,0.011450299993157387,1.0499963536858559e-05,9.299954399466515e-06,1.0100018698722124e-05,5.399982910603285e-06,0.0003597000031732023,5.199981387704611e-06,4.599976819008589e-06,4.8999791033566e-06,0.011987400124780834
