percentage,execution,ar_r_sub,k_s_sup,ks_sf_in,n_r_t,nk_k_sup,nrs_ns_r,ns_s_spe,ns_s_sup,ns_sub_r,r_ar_sup,s_k_sub,s_ns_sub,s_nsup_k,sub_r_r,t_k_sup,total_time
80,6,0.0002890999994633603,0.009662700000262703,1.4000000192027073e-05,8.099999831756577e-06,0.0008782000004430301,1.340000017080456e-05,0.000699999999596912,0.0001142999999501626,2.499999936844688e-06,0.005399400000897003,0.003875900000821275,0.0033939000004465925,0.000988599999800499,1.6900000446185004e-05,0.008901799999875948,0.034258800002135104
