percentage,execution,ar_r_sub,k_s_sup,ks_sf_in,n_r_t,nk_k_sup,nrs_ns_r,ns_s_spe,ns_s_sup,ns_sub_r,r_ar_sup,s_k_sub,s_ns_sub,s_nsup_k,sub_r_r,t_k_sup,total_time
20,4,1.2800000149582047e-05,0.005176299999220646,1.1899999663000926e-05,7.3999999585794285e-06,0.00048550000065006316,7.800000275892671e-06,0.0006744000002072426,0.00010250000013911631,3.1999998100218363e-06,0.003602099999625352,0.002257099999951606,0.010458800000378687,0.0004138999993301695,1.919999976962572e-05,0.004260200001226622,0.027493100000356208
