execution,ar_r_sub,k_s_sup,ks_sf_in,n_r_t,nk_k_sup,nrs_ns_r,ns_s_spe,ns_s_sup,ns_sub_r,r_ar_sup,s_k_sub,s_ns_sub,s_nsup_k,sub_r_r,t_k_sup,total_time
1,1.5700003132224083e-05,5.759997293353081e-05,1.3899989426136017e-05,9.999959729611874e-06,0.0074130999855697155,1.0300078429281712e-05,9.400071576237679e-06,1.6400008462369442e-05,1.5300000086426735e-05,0.0034987000981345773,0.0006402999861165881,0.000546900206245482,0.0003243997925892472,1.619989052414894e-05,0.0005646999925374985,0.013152900035493076
2,9.299837984144688e-06,8.9599983766675e-05,9.300070814788342e-06,4.900037311017513e-06,0.0001729999203234911,5.399924702942371e-06,4.600035026669502e-06,9.899958968162537e-06,9.899958968162537e-06,8.399994112551212e-05,0.001200399943627417,0.005337699898518622,0.00013880000915378332,1.0599964298307896e-05,0.0011355000315234065,0.008222899516113102
