execution,ar_r_sub,k_s_sup,ks_sf_in,n_r_t,nk_k_sup,nrs_ns_r,ns_s_spe,ns_s_sup,ns_sub_r,r_ar_sup,s_k_sub,s_ns_sub,s_nsup_k,sub_r_r,t_k_sup,total_time
1,0.00014679995365440845,9.349989704787731e-05,0.0004876999882981181,9.999843314290047e-06,0.010060700005851686,1.0599964298307896e-05,1.4599994756281376e-05,1.740013249218464e-05,1.8600025214254856e-05,8.869997691363096e-05,0.001851600012741983,0.004839499946683645,0.0003800999838858843,2.329994458705187e-05,0.001908099977299571,0.019951199647039175
2,0.00015540001913905144,9.06999921426177e-05,0.0005679999012500048,1.0699848644435406e-05,0.010792900109663606,1.1299969628453255e-05,9.300070814788342e-06,1.810002140700817e-05,1.9600149244070053e-05,0.00010099995415657759,0.0019326999317854643,0.00515300000552088,0.000416700029745698,2.259993925690651e-05,0.0020385999232530594,0.02134059986565262
3,9.200070053339005e-06,8.110003545880318e-05,8.900067768990993e-06,5.100038833916187e-06,0.00030880002304911613,5.500041879713535e-06,4.800036549568176e-06,9.500072337687016e-06,1.00000761449337e-05,8.17000400274992e-05,0.0018620998598635197,0.008318200008943677,0.0002514999359846115,1.0299962013959885e-05,0.001991999917663634,0.012958700186572969
