execution,ar_r_sub,k_s_sup,ks_sf_in,n_r_t,nk_k_sup,nrs_ns_r,ns_s_spe,ns_s_sup,ns_sub_r,r_ar_sup,s_k_sub,s_ns_sub,s_nsup_k,sub_r_r,t_k_sup,total_time
1,8.800067007541656e-06,7.899990305304527e-05,1.0900082997977734e-05,4.700035788118839e-06,0.00016379996668547392,5.100038833916187e-06,4.600035026669502e-06,8.999952115118504e-06,9.299954399466515e-06,9.350001346319914e-05,0.001105200033634901,0.004505899967625737,0.00013299996498972178,1.6400008462369442e-05,0.0010757000418379903,0.007224900065921247
2,1.3999990187585354e-05,4.959991201758385e-05,1.6900012269616127e-05,9.899958968162537e-06,0.0066171998623758554,9.600073099136353e-06,8.900067768990993e-06,1.3199984095990658e-05,1.4099990949034691e-05,0.002953500021249056,0.0006438001291826367,0.0005242000333964825,0.00029710005037486553,1.7700018361210823e-05,0.0005443999543786049,0.011734100058674812
