execution,k_s_sup,s_k_sub,t_k_sup,ns_s_sup,s_ns_sub,r_ar_sup,ar_r_sub,ns_sub_r,ks_sf_in,sub_r_r,n_r_t,ns_s_spe,nk_k_sup,s_nsup_k,nrs_ns_r,total_time
1,1.2100019375793636e-05,8.92000098247081e-05,1.0200004908256233e-05,9.499999578110874e-06,9.119999594986439e-05,0.006077800004277378,1.3800003216601908e-05,1.0499992640689015e-05,1.0200004908256233e-05,1.2800010154023767e-05,5.800000508315861e-06,5.199995939619839e-06,0.0003335000074002892,0.00024330000451300293,9.60000033956021e-06,0.0069347000535344705
2,5.2799994591623545e-05,0.002682899998035282,0.0005630999949062243,1.4300007023848593e-05,0.006304199996520765,0.003547700005583465,1.6700010746717453e-05,1.5700003132224083e-05,1.4999983250163496e-05,1.9799990695901215e-05,1.2100004823878407e-05,9.399998816661537e-06,0.008261599999968894,0.0006428000051528215,1.2799995602108538e-05,0.02217089998885058
3,9.100000897888094e-05,0.002699200005736202,0.0012332000042079017,9.700001101009548e-06,0.010507099999813363,9.049999061971903e-05,9.299983503296971e-06,1.2100004823878407e-05,1.2899981811642647e-05,1.4599994756281376e-05,5.099995178170502e-06,4.6000059228390455e-06,0.0003951999970013276,0.00036580000596586615,5.900001269765198e-06,0.015456199980690144
