percentage,execution,ar_r_sub,k_s_sup,ks_sf_in,n_r_t,nk_k_sup,nrs_ns_r,ns_s_spe,ns_s_sup,ns_sub_r,r_ar_sup,s_k_sub,s_ns_sub,s_nsup_k,sub_r_r,t_k_sup,total_time
50,10,0.00031599984504282475,1.1199968867003918e-05,0.0004344000481069088,6.700051017105579e-06,0.0011594999814406037,5.999929271638393e-06,4.999921657145023e-06,9.499955922365189e-06,1.700012944638729e-06,0.0022830000380054116,0.000377700082026422,0.0003693000180646777,0.0007896000752225518,1.3999990187585354e-05,1.0999967344105244e-05,0.005794599885120988
