percentage,execution,k_s_sup,s_k_sub,t_k_sup,ns_s_sup,s_ns_sub,r_ar_sup,ar_r_sub,ns_sub_r,ks_sf_in,sub_r_r,n_r_t,ns_s_spe,nk_k_sup,s_nsup_k,nrs_ns_r,total_time
40,5,1.0599993402138352e-05,0.0018453999800840393,1.0799994925037026e-05,9.499999578110874e-06,0.004990599991288036,0.002222300012363121,0.006198899995069951,1.800013706088066e-06,0.00047389999963343143,1.4299992471933365e-05,6.499991286545992e-06,4.6000059228390455e-06,0.0011563000007299706,0.0007906999962870032,0.00010140000085812062,0.017837599967606366
