percentage,execution,k_s_sup,s_k_sub,t_k_sup,ns_s_sup,s_ns_sub,r_ar_sup,ar_r_sub,ns_sub_r,ks_sf_in,sub_r_r,n_r_t,ns_s_spe,nk_k_sup,s_nsup_k,nrs_ns_r,total_time
90,1,8.270000398624688e-05,0.011054599992348813,0.006866199997602962,1.0899995686486363e-05,0.015227600000798702,0.001735600017127581,0.008348100003786385,2.4000037228688598e-06,0.0011101999989477918,1.5300000086426735e-05,6.300004315562546e-06,4.999994416721165e-06,0.001851000008173287,0.0016132000018842518,9.99000039882958e-05,0.04802900002687238
