percentage,execution,k_s_sup,s_k_sub,t_k_sup,ns_s_sup,s_ns_sub,r_ar_sup,ar_r_sub,ns_sub_r,ks_sf_in,sub_r_r,n_r_t,ns_s_spe,nk_k_sup,s_nsup_k,nrs_ns_r,total_time
30,3,8.060000254772604e-05,0.010335499988286756,0.007208899987745099,1.0299991117790341e-05,0.03802570000698324,0.0008914000063668936,0.00014050000754650682,1.7999991541728377e-06,0.000221800000872463,1.340000017080456e-05,6.000002031214535e-06,4.799992893822491e-06,0.0018274000030942261,0.0015515999984927475,6.400005077011883e-06,0.06032609999238048
