percentage,execution,ar_r_sub,k_s_sup,ks_sf_in,n_r_t,nk_k_sup,nrs_ns_r,ns_s_spe,ns_s_sup,ns_sub_r,r_ar_sup,s_k_sub,s_ns_sub,s_nsup_k,sub_r_r,t_k_sup,total_time
50,1,0.011743500013835728,8.439994417130947e-05,0.0009003999875858426,6.400048732757568e-06,0.0018434999510645866,0.00019459996838122606,4.900037311017513e-06,1.0199961252510548e-05,1.8998980522155762e-06,0.0009074000408872962,0.011596500058658421,0.03342670004349202,0.0015591999981552362,1.3800105080008507e-05,0.006947799935005605,0.06924119999166578
