percentage,execution,ar_r_sub,k_s_sup,ks_sf_in,n_r_t,nk_k_sup,nrs_ns_r,ns_s_spe,ns_s_sup,ns_sub_r,r_ar_sup,s_k_sub,s_ns_sub,s_nsup_k,sub_r_r,t_k_sup,total_time
80,8,0.0018541999997978564,7.850000019971048e-05,0.0008391000010306016,6.70000008540228e-06,0.0018597999996927683,6.199999916134402e-06,4.900000021734741e-06,1.06999996205559e-05,1.9000008251168765e-06,0.0008545000000594882,0.010599999999612919,0.020041499999933876,0.0015310999997382169,1.3900000340072438e-05,0.007208900000478025,0.04491190000135248
