percentage,execution,ar_r_sub,k_s_sup,ks_sf_in,n_r_t,nk_k_sup,nrs_ns_r,ns_s_spe,ns_s_sup,ns_sub_r,r_ar_sup,s_k_sub,s_ns_sub,s_nsup_k,sub_r_r,t_k_sup,total_time
10,5,7.320009171962738e-05,1.0399962775409222e-05,9.599956683814526e-06,5.900044925510883e-06,0.00020150002092123032,6.5999338403344154e-06,4.499917849898338e-06,8.800067007541656e-06,1.600012183189392e-06,9.599956683814526e-06,7.970002479851246e-05,7.43999844416976e-05,0.00012580002658069134,1.3500102795660496e-05,9.7999582067132e-06,0.0006349000614136457
