percentage,execution,ar_r_sub,k_s_sup,ks_sf_in,n_r_t,nk_k_sup,nrs_ns_r,ns_s_spe,ns_s_sup,ns_sub_r,r_ar_sup,s_k_sub,s_ns_sub,s_nsup_k,sub_r_r,t_k_sup,total_time
30,7,0.0002014001365751028,1.0500079952180386e-05,9.999843314290047e-06,6.6999346017837524e-06,0.0007145000854507089,6.3999323174357414e-06,4.799920134246349e-06,9.200070053339005e-06,1.8998980522155762e-06,0.002244399976916611,0.00025889999233186245,0.00025299994740635157,0.0004588000010699034,1.3400102034211159e-05,1.0199961252510548e-05,0.004204099881462753
