percentage,execution,ar_r_sub,k_s_sup,ks_sf_in,n_r_t,nk_k_sup,nrs_ns_r,ns_s_spe,ns_s_sup,ns_sub_r,r_ar_sup,s_k_sub,s_ns_sub,s_nsup_k,sub_r_r,t_k_sup,total_time
40,3,0.010343900066800416,8.280016481876373e-05,0.0004721998702734709,6.3999323174357414e-06,0.0018337999936193228,0.00019260006956756115,5.299923941493034e-06,1.0099844075739384e-05,1.9000144675374031e-06,0.0008758999174460769,0.010810200008563697,0.03632800001651049,0.0016123000532388687,1.4199991710484028e-05,0.007046000100672245,0.0696355999680236
