percentage,execution,ar_r_sub,k_s_sup,ks_sf_in,n_r_t,nk_k_sup,nrs_ns_r,ns_s_spe,ns_s_sup,ns_sub_r,r_ar_sup,s_k_sub,s_ns_sub,s_nsup_k,sub_r_r,t_k_sup,total_time
50,3,0.00025379983708262444,8.159992285072803e-05,0.000452699838206172,6.300047971308231e-06,0.0018624999793246388,6.299931555986404e-06,4.699919372797012e-06,9.999959729611874e-06,2.09989957511425e-06,0.0008751001441851258,0.010127500048838556,0.03337310010101646,0.0015501000452786684,1.3999990187585354e-05,0.00704980012960732,0.0556695997947827
