percentage,execution,ar_r_sub,k_s_sup,ks_sf_in,n_r_t,nk_k_sup,nrs_ns_r,ns_s_spe,ns_s_sup,ns_sub_r,r_ar_sup,s_k_sub,s_ns_sub,s_nsup_k,sub_r_r,t_k_sup,total_time
60,1,0.00031539995688945055,0.00010800000745803118,0.0006197000620886683,6.200047209858894e-06,0.0019005999201908708,6.00004568696022e-06,5.100038833916187e-06,1.070008147507906e-05,1.800013706088066e-06,0.0016648999880999327,0.009948100079782307,0.026700799935497344,0.0015437001129612327,1.3699871487915516e-05,0.006955699995160103,0.04980040015652776
