percentage,execution,k_s_sup,s_k_sub,t_k_sup,ns_s_sup,s_ns_sub,r_ar_sup,ar_r_sub,ns_sub_r,ks_sf_in,sub_r_r,n_r_t,ns_s_spe,nk_k_sup,s_nsup_k,nrs_ns_r,total_time
90,5,7.840000034775585e-05,0.011327400003210641,0.00670360001095105,1.069999416358769e-05,0.014134900004137307,0.0016139000072143972,0.003177899998263456,2.2000021999701858e-06,0.0012395000085234642,1.3299999409355223e-05,6.000002031214535e-06,5.0000089686363935e-06,0.0018099000008078292,0.0014964000001782551,5.199995939619839e-06,0.04162430003634654
