percentage,execution,ar_r_sub,k_s_sup,ks_sf_in,n_r_t,nk_k_sup,nrs_ns_r,ns_s_spe,ns_s_sup,ns_sub_r,r_ar_sup,s_k_sub,s_ns_sub,s_nsup_k,sub_r_r,t_k_sup,total_time
20,2,0.010457700002007186,1.0999850928783417e-05,0.0002796001499518752,9.400071576237679e-06,0.0009852000512182713,0.00019649998284876347,4.699919372797012e-06,9.399955160915852e-06,1.9000144675374031e-06,0.002206399920396507,0.001852200017310679,0.008154399925842881,0.000674300012178719,1.4199991710484028e-05,1.0900082997977734e-05,0.024867799947969615
