percentage,execution,ar_r_sub,k_s_sup,ks_sf_in,n_r_t,nk_k_sup,nrs_ns_r,ns_s_spe,ns_s_sup,ns_sub_r,r_ar_sup,s_k_sub,s_ns_sub,s_nsup_k,sub_r_r,t_k_sup,total_time
60,1,0.012082799803465605,8.499948307871819e-05,0.000901899766176939,9.899958968162537e-06,0.0022145998664200306,0.00019330019131302834,8.19982960820198e-06,1.090019941329956e-05,1.9995495676994324e-06,0.0009133005514740944,0.011401399970054626,0.027474300004541874,0.001572299748659134,1.4199875295162201e-05,0.007450099568814039,0.06433419836685061
