percentage,execution,ar_r_sub,k_s_sup,ks_sf_in,n_r_t,nk_k_sup,nrs_ns_r,ns_s_spe,ns_s_sup,ns_sub_r,r_ar_sup,s_k_sub,s_ns_sub,s_nsup_k,sub_r_r,t_k_sup,total_time
40,6,0.00019730010535568,8.589995559304953e-05,0.0004225998418405652,6.200047209858894e-06,0.001828499953262508,6.4999330788850784e-06,5.09992241859436e-06,1.0100076906383038e-05,1.999898813664913e-06,0.0008737000171095133,0.010204500053077936,0.036539900000207126,0.0015575001016259193,1.379998866468668e-05,0.007073500077240169,0.05882709997240454
