percentage,execution,ar_r_sub,k_s_sup,ks_sf_in,n_r_t,nk_k_sup,nrs_ns_r,ns_s_spe,ns_s_sup,ns_sub_r,r_ar_sup,s_k_sub,s_ns_sub,s_nsup_k,sub_r_r,t_k_sup,total_time
80,9,0.00762450008187443,1.1600088328123093e-05,0.0010995999909937382,7.00005330145359e-06,0.0022269999608397484,0.00010289996862411499,5.400041118264198e-06,1.0400079190731049e-05,1.800013706088066e-06,0.0030125000048428774,0.003415499930270016,0.0064434000523760915,0.0014823999954387546,1.4599994756281376e-05,1.200009137392044e-05,0.025470600347034633
