percentage,execution,ar_r_sub,k_s_sup,ks_sf_in,n_r_t,nk_k_sup,nrs_ns_r,ns_s_spe,ns_s_sup,ns_sub_r,r_ar_sup,s_k_sub,s_ns_sub,s_nsup_k,sub_r_r,t_k_sup,total_time
40,10,7.659999937459361e-05,7.839999943826115e-05,0.0002843000002030749,5.500000042957254e-06,0.0007167999992816476,5.599999894911889e-06,4.300000000512227e-06,9.699999282020144e-06,1.7999991541728377e-06,7.470000036846614e-05,0.0030636999990747427,0.012170400000286463,0.0006211999998413376,1.1699999959091656e-05,0.006143499999780033,0.023268199995982286
