percentage,execution,k_s_sup,s_k_sub,t_k_sup,ns_s_sup,s_ns_sub,r_ar_sup,ar_r_sub,ns_sub_r,ks_sf_in,sub_r_r,n_r_t,ns_s_spe,nk_k_sup,s_nsup_k,nrs_ns_r,total_time
40,3,0.019771900144405663,0.0014527998864650726,0.005166999995708466,0.005906900041736662,0.0044547999277710915,0.023975700023584068,7.850001566112041e-05,2.400018274784088e-06,1.5099882148206234e-05,2.8699985705316067e-05,1.079996582120657e-05,0.0156056999694556,0.0009609999833628535,0.0007873999420553446,9.00006853044033e-06,0.0782276998506859
