percentage,execution,ar_r_sub,k_s_sup,ks_sf_in,n_r_t,nk_k_sup,nrs_ns_r,ns_s_spe,ns_s_sup,ns_sub_r,r_ar_sup,s_k_sub,s_ns_sub,s_nsup_k,sub_r_r,t_k_sup,total_time
60,9,8.450006134808064e-05,0.02256640000268817,1.2699863873422146e-05,9.600073099136353e-06,0.0012401000130921602,8.500064723193645e-06,0.018093999940901995,0.0063778001349419355,1.999898813664913e-06,0.029033900005742908,0.001446999958716333,0.004574900143779814,0.0009872999507933855,2.620008308440447e-05,0.005113199935294688,0.08957810013089329
