percentage,execution,ar_r_sub,k_s_sup,ks_sf_in,n_r_t,nk_k_sup,nrs_ns_r,ns_s_spe,ns_s_sup,ns_sub_r,r_ar_sup,s_k_sub,s_ns_sub,s_nsup_k,sub_r_r,t_k_sup,total_time
20,9,9.700000191514846e-06,1.0100000508828089e-05,9.20000093174167e-06,5.4000001910026185e-06,0.00041009999949892517,5.599999894911889e-06,4.400000761961564e-06,8.900000466383062e-06,1.9000008251168765e-06,0.002175600000555278,0.0009238999991794117,0.003937499999665306,0.00027719999980035936,1.1399999493733048e-05,1.0100000508828089e-05,0.007801000002473302
