percentage,execution,ar_r_sub,k_s_sup,ks_sf_in,n_r_t,nk_k_sup,nrs_ns_r,ns_s_spe,ns_s_sup,ns_sub_r,r_ar_sup,s_k_sub,s_ns_sub,s_nsup_k,sub_r_r,t_k_sup,total_time
40,5,1.3899989426136017e-05,0.016655499930493534,1.2199976481497288e-05,9.300070814788342e-06,0.00029230001382529736,8.79995059221983e-06,0.022549599991180003,0.008886200026609004,1.9000144675374031e-06,0.01879699993878603,0.00022520008496940136,0.00020210002548992634,0.00021860003471374512,2.71000899374485e-05,0.00016469985712319613,0.06806439999490976
