percentage,execution,ar_r_sub,k_s_sup,ks_sf_in,n_r_t,nk_k_sup,nrs_ns_r,ns_s_spe,ns_s_sup,ns_sub_r,r_ar_sup,s_k_sub,s_ns_sub,s_nsup_k,sub_r_r,t_k_sup,total_time
20,3,1.2199976481497288e-05,0.015007100068032742,1.1199968867003918e-05,8.899951353669167e-06,7.100054062902927e-06,8.300063200294971e-06,0.013496199971996248,0.007236600038595498,1.5998957678675652e-06,0.014628599979914725,0.00020040012896060944,0.00019669998437166214,5.899928510189056e-06,2.5699962861835957e-05,0.00022219994571059942,0.051068699918687344
