percentage,execution,k_s_sup,s_k_sub,t_k_sup,ns_s_sup,s_ns_sub,r_ar_sup,ar_r_sub,ns_sub_r,ks_sf_in,sub_r_r,n_r_t,ns_s_spe,nk_k_sup,s_nsup_k,nrs_ns_r,total_time
20,4,0.01981029997114092,0.0010844001080840826,0.005346200079657137,0.01116959995124489,0.004466899903491139,0.020331499981693923,1.4499993994832039e-05,2.299901098012924e-06,1.3900105841457844e-05,3.130000550299883e-05,1.0599964298307896e-05,0.020374499959871173,0.00044059997890144587,0.0004107001004740596,1.0999967344105244e-05,0.08351829997263849
