percentage,execution,ar_r_sub,k_s_sup,ks_sf_in,n_r_t,nk_k_sup,nrs_ns_r,ns_s_spe,ns_s_sup,ns_sub_r,r_ar_sup,s_k_sub,s_ns_sub,s_nsup_k,sub_r_r,t_k_sup,total_time
10,8,1.2599397450685501e-05,0.008990499656647444,1.1899974197149277e-05,9.400304406881332e-06,0.000403400044888258,1.00000761449337e-05,0.009380299597978592,0.003268399741500616,1.700129359960556e-06,0.0072191995568573475,0.0009138998575508595,0.004090800415724516,0.00036479998379945755,2.9599759727716446e-05,0.004856700077652931,0.03956319857388735
