percentage,execution,k_s_sup,s_k_sub,t_k_sup,ns_s_sup,s_ns_sub,r_ar_sup,ar_r_sub,ns_sub_r,ks_sf_in,sub_r_r,n_r_t,ns_s_spe,nk_k_sup,s_nsup_k,nrs_ns_r,total_time
50,3,0.014989000017521903,0.001992000004975125,0.005002599995350465,0.00958439998794347,0.005351200001314282,0.023490499996114522,0.0008837999921524897,1.8999853637069464e-06,0.0002565000031609088,2.7300004148855805e-05,9.199997293762863e-06,0.015486399992369115,0.0011851000017486513,0.0009151999984169379,8.600007276982069e-06,0.07918369998515118
