percentage,execution,k_s_sup,s_k_sub,t_k_sup,ns_s_sup,s_ns_sub,r_ar_sup,ar_r_sub,ns_sub_r,ks_sf_in,sub_r_r,n_r_t,ns_s_spe,nk_k_sup,s_nsup_k,nrs_ns_r,total_time
10,2,0.01729940006043762,0.00014030002057552338,0.00016519997734576464,0.0033665000228211284,0.00013830000534653664,0.012410400086082518,1.2599979527294636e-05,2.00001522898674e-06,1.1499971151351929e-05,2.6399968191981316e-05,9.09995287656784e-06,0.011084199999459088,6.8999361246824265e-06,6.200047209858894e-06,8.899951353669167e-06,0.04468789999373257
