percentage,execution,ar_r_sub,k_s_sup,ks_sf_in,n_r_t,nk_k_sup,nrs_ns_r,ns_s_spe,ns_s_sup,ns_sub_r,r_ar_sup,s_k_sub,s_ns_sub,s_nsup_k,sub_r_r,t_k_sup,total_time
40,1,8.009999964997405e-05,0.017267899999751535,1.2399999832268804e-05,9.100000170292333e-06,0.0008505000005243346,9.300000783696305e-06,0.015701399999670684,0.006391900000380701,1.9000008251168765e-06,0.026549599999270868,0.00036639999871113105,0.00038520000089192763,0.000629799999842362,2.6699999580159783e-05,0.00022850000004837057,0.06851069999993342
