percentage,execution,ar_r_sub,k_s_sup,ks_sf_in,n_r_t,nk_k_sup,nrs_ns_r,ns_s_spe,ns_s_sup,ns_sub_r,r_ar_sup,s_k_sub,s_ns_sub,s_nsup_k,sub_r_r,t_k_sup,total_time
60,7,0.004965500000253087,0.02174620000005234,0.00023599999985890463,9.299999874201603e-06,0.0007681999995838851,0.00021079999987705378,0.02010119999977178,0.007732000000032713,1.8000009731622413e-06,0.02603610000005574,0.0013311000002431683,0.004351800000222283,0.0009752000005391892,2.680000034160912e-05,0.000461399999949208,0.08895340000162832
