percentage,execution,ar_r_sub,k_s_sup,ks_sf_in,n_r_t,nk_k_sup,nrs_ns_r,ns_s_spe,ns_s_sup,ns_sub_r,r_ar_sup,s_k_sub,s_ns_sub,s_nsup_k,sub_r_r,t_k_sup,total_time
50,5,8.58004204928875e-05,0.012348399963229895,1.2800097465515137e-05,9.600073099136353e-06,0.0008781002834439278,9.499955922365189e-06,0.018820300232619047,0.009589900262653828,1.900363713502884e-06,0.024736599996685982,0.000449600163847208,0.0004863003268837929,0.0006550000980496407,3.150058910250664e-05,0.0002995003014802933,0.06841480312868953
