percentage,execution,k_s_sup,s_k_sub,t_k_sup,ns_s_sup,s_ns_sub,r_ar_sup,ar_r_sub,ns_sub_r,ks_sf_in,sub_r_r,n_r_t,ns_s_spe,nk_k_sup,s_nsup_k,nrs_ns_r,total_time
10,5,0.027019200031645596,0.0002063000574707985,0.00022679998073726892,0.005774899967946112,0.00020519993267953396,0.019513400038704276,1.2299860827624798e-05,2.100015990436077e-06,1.1400086805224419e-05,2.5799963623285294e-05,9.300070814788342e-06,0.01339090010151267,7.100054062902927e-06,5.999929271638393e-06,9.00006853044033e-06,0.0664197001606226
