percentage,execution,ar_r_sub,k_s_sup,ks_sf_in,n_r_t,nk_k_sup,nrs_ns_r,ns_s_spe,ns_s_sup,ns_sub_r,r_ar_sup,s_k_sub,s_ns_sub,s_nsup_k,sub_r_r,t_k_sup,total_time
80,6,0.00013440000020636944,8.460000026389025e-05,9.399999726156238e-06,5.200000487093348e-06,0.0006508999995276099,5.300000339047983e-06,7.199999345175456e-06,9.399999726156238e-06,1.700001121207606e-06,0.0008757999994486454,0.004163300000982417,0.007179700000051525,0.000545800000509189,1.0800000382005237e-05,0.001844600000367791,0.01552810000248428
