percentage,execution,k_s_sup,s_k_sub,t_k_sup,ns_s_sup,s_ns_sub,r_ar_sup,ar_r_sub,ns_sub_r,ks_sf_in,sub_r_r,n_r_t,ns_s_spe,nk_k_sup,s_nsup_k,nrs_ns_r,total_time
50,5,0.015078800148330629,0.001088300021365285,0.0001580000389367342,0.010297999950125813,0.00130359991453588,0.023389599984511733,0.0008486000588163733,2.00001522898674e-06,0.0002535999519750476,2.7099973522126675e-05,9.699957445263863e-06,0.021946199936792254,0.00113800005055964,0.0007574999472126365,8.500064723193645e-06,0.0763075000140816
