percentage,execution,ar_r_sub,k_s_sup,ks_sf_in,n_r_t,nk_k_sup,nrs_ns_r,ns_s_spe,ns_s_sup,ns_sub_r,r_ar_sup,s_k_sub,s_ns_sub,s_nsup_k,sub_r_r,t_k_sup,total_time
30,7,9.180000051856041e-05,0.019320599734783173,1.2999866157770157e-05,1.090019941329956e-05,0.0005761003121733665,9.499955922365189e-06,0.020682400092482567,0.012457099743187428,1.8998980522155762e-06,0.023173600435256958,0.0002708001993596554,0.0002649999223649502,0.0004270002245903015,3.7099700421094894e-05,0.00016200030222535133,0.07749880058690906
