percentage,execution,ar_r_sub,k_s_sup,ks_sf_in,n_r_t,nk_k_sup,nrs_ns_r,ns_s_spe,ns_s_sup,ns_sub_r,r_ar_sup,s_k_sub,s_ns_sub,s_nsup_k,sub_r_r,t_k_sup,total_time
70,9,0.0008777999319136143,0.012871699989773333,0.0002308000111952424,9.699957445263863e-06,0.0011014000046998262,7.899943739175797e-06,0.024705199990421534,0.009728699922561646,2.500019036233425e-06,0.024604399921372533,0.0012127000372856855,0.0011953000212088227,0.0007896000752225518,2.629996743053198e-05,0.00029150000773370266,0.0776554998010397
