percentage,execution,k_s_sup,s_k_sub,t_k_sup,ns_s_sup,s_ns_sub,r_ar_sup,ar_r_sub,ns_sub_r,ks_sf_in,sub_r_r,n_r_t,ns_s_spe,nk_k_sup,s_nsup_k,nrs_ns_r,total_time
30,10,0.026978099995176308,0.00030839999089948833,0.00028449999808799475,0.007853799994336441,0.0003175000019837171,0.026059099996928126,1.3500000932253897e-05,2.0000006770715117e-06,1.1500000255182385e-05,2.7000001864507794e-05,8.800008799880743e-06,0.017737500005750917,0.0002902999985963106,0.0002167999919038266,8.59999272506684e-06,0.08011739997891709
