percentage,execution,ar_r_sub,k_s_sup,ks_sf_in,n_r_t,nk_k_sup,nrs_ns_r,ns_s_spe,ns_s_sup,ns_sub_r,r_ar_sup,s_k_sub,s_ns_sub,s_nsup_k,sub_r_r,t_k_sup,total_time
30,2,0.020592800341546535,1.2400094419717789e-05,1.1699739843606949e-05,7.4999406933784485e-06,0.0043218000791966915,1.0699965059757233e-05,5.8002769947052e-06,1.1000316590070724e-05,2.2994354367256165e-06,0.010396300349384546,0.011979400180280209,0.0348744997754693,0.003632200416177511,0.003967000171542168,1.3200100511312485e-05,0.08983860118314624
