percentage,execution,k_s_sup,s_k_sub,t_k_sup,ns_s_sup,s_ns_sub,r_ar_sup,ar_r_sub,ns_sub_r,ks_sf_in,sub_r_r,n_r_t,ns_s_spe,nk_k_sup,s_nsup_k,nrs_ns_r,total_time
80,1,8.349999552592635e-05,0.04329950001556426,0.002038099992205389,1.4599994756281376e-05,0.057653699986985885,0.01465160000952892,0.003284099992015399,2.300017513334751e-06,1.1500014807097614e-05,0.0003763999993680045,7.399998139590025e-06,5.599998985417187e-06,0.004934199998388067,0.004480100004002452,6.700007361359894e-06,0.13084930002514739
