percentage,execution,ar_r_sub,k_s_sup,ks_sf_in,n_r_t,nk_k_sup,nrs_ns_r,ns_s_spe,ns_s_sup,ns_sub_r,r_ar_sup,s_k_sub,s_ns_sub,s_nsup_k,sub_r_r,t_k_sup,total_time
90,8,0.007776899728924036,8.769985288381577e-05,1.1999625712633133e-05,7.699709385633469e-06,0.004905700217932463,6.299931555986404e-06,5.6996941566467285e-06,1.200009137392044e-05,2.00001522898674e-06,0.014773199800401926,0.044205599930137396,0.05072190007194877,0.004403399769216776,0.001268200110644102,0.001860099844634533,0.13004839839413762
