percentage,execution,k_s_sup,s_k_sub,t_k_sup,ns_s_sup,s_ns_sub,r_ar_sup,ar_r_sub,ns_sub_r,ks_sf_in,sub_r_r,n_r_t,ns_s_spe,nk_k_sup,s_nsup_k,nrs_ns_r,total_time
70,2,8.38999985717237e-05,0.041453600002569146,0.0018222999933641404,1.1299998732283711e-05,0.06182319999788888,0.016326699987985194,0.011622600010014139,2.1999876480549574e-06,1.139998494181782e-05,0.002124299993738532,7.300011930055916e-06,5.600013537332416e-06,0.004891699994914234,0.004399699988425709,6.200003554113209e-06,0.14459199996781535
