percentage,execution,ar_r_sub,k_s_sup,ks_sf_in,n_r_t,nk_k_sup,nrs_ns_r,ns_s_spe,ns_s_sup,ns_sub_r,r_ar_sup,s_k_sub,s_ns_sub,s_nsup_k,sub_r_r,t_k_sup,total_time
20,8,6.789999952161452e-05,9.399999726156238e-06,0.00028920000022480963,5.199999577598646e-06,0.0001806999998734682,5.300000339047983e-06,4.099999387108255e-06,7.899999218352605e-06,1.700001121207606e-06,8.69999985297909e-06,7.170000026235357e-05,7.499999992433004e-05,0.0001156999996965169,1.049999991664663e-05,8.900001375877764e-06,0.0008619000000180677
