percentage,execution,ar_r_sub,k_s_sup,ks_sf_in,n_r_t,nk_k_sup,nrs_ns_r,ns_s_spe,ns_s_sup,ns_sub_r,r_ar_sup,s_k_sub,s_ns_sub,s_nsup_k,sub_r_r,t_k_sup,total_time
20,5,9.399999726156238e-06,9.599999430065509e-06,1.1799999811046291e-05,5.199999577598646e-06,0.00018369999997958075,5.599999894911889e-06,4.499999704421498e-06,8.099999831756577e-06,1.7000002117129043e-06,0.002228399999694375,7.349999941652641e-05,7.709999954386149e-05,0.00012680000054388074,1.049999991664663e-05,8.800000614428427e-06,0.002764699997896969
