percentage,execution,k_s_sup,s_k_sub,t_k_sup,ns_s_sup,s_ns_sub,r_ar_sup,ar_r_sub,ns_sub_r,ks_sf_in,sub_r_r,n_r_t,ns_s_spe,nk_k_sup,s_nsup_k,nrs_ns_r,total_time
75,1,8.140003774315119e-05,0.04088639991823584,0.0017985000740736723,1.1199968867003918e-05,0.0589892000425607,0.009247599984519184,0.0032882000086829066,2.300017513334751e-06,1.1599971912801266e-05,0.0003744999412447214,2.629996743053198e-05,5.600042641162872e-06,0.004887399962171912,0.004366799956187606,6.800051778554916e-06,0.12398379994556308
