percentage,execution,k_s_sup,s_k_sub,t_k_sup,ns_s_sup,s_ns_sub,r_ar_sup,ar_r_sub,ns_sub_r,ks_sf_in,sub_r_r,n_r_t,ns_s_spe,nk_k_sup,s_nsup_k,nrs_ns_r,total_time
5,2,1.079996582120657e-05,7.749989163130522e-05,1.0500079952180386e-05,9.299837984144688e-06,7.81001290306449e-05,1.0999967344105244e-05,7.609999738633633e-05,1.700012944638729e-06,1.009996049106121e-05,1.6400008462369442e-05,6.700051017105579e-06,7.6000578701496124e-06,0.000430900021456182,0.00031990010756999254,7.900060154497623e-06,0.00107450014911592
