percentage,execution,ar_r_sub,k_s_sup,ks_sf_in,n_r_t,nk_k_sup,nrs_ns_r,ns_s_spe,ns_s_sup,ns_sub_r,r_ar_sup,s_k_sub,s_ns_sub,s_nsup_k,sub_r_r,t_k_sup,total_time
20,10,7.830000049580121e-05,1.140000040322775e-05,1.0400000974186696e-05,7.200000254670158e-06,0.002472999999554304,7.900000127847306e-06,5.199999577598646e-06,1.0300000212737359e-05,1.6999993022182025e-06,0.009933400000591064,0.00810659999933705,0.020911799999339564,0.0018872000000556,1.83000001925393e-05,1.1900000572495628e-05,0.043474600000990904
