percentage,execution,k_s_sup,s_k_sub,t_k_sup,ns_s_sup,s_ns_sub,r_ar_sup,ar_r_sub,ns_sub_r,ks_sf_in,sub_r_r,n_r_t,ns_s_spe,nk_k_sup,s_nsup_k,nrs_ns_r,total_time
5,5,1.1399970389902592e-05,8.239992894232273e-05,1.0900082997977734e-05,9.89984255284071e-06,7.54001084715128e-05,1.1300086043775082e-05,7.379997987300158e-05,1.800013706088066e-06,1.0299962013959885e-05,1.7300015315413475e-05,7.0999376475811005e-06,5.100038833916187e-06,0.0004579999949783087,0.0002749999985098839,8.199946023523808e-06,0.0010578999063000083
