percentage,execution,k_s_sup,s_k_sub,t_k_sup,ns_s_sup,s_ns_sub,r_ar_sup,ar_r_sub,ns_sub_r,ks_sf_in,sub_r_r,n_r_t,ns_s_spe,nk_k_sup,s_nsup_k,nrs_ns_r,total_time
85,3,8.100003469735384e-05,0.04082949995063245,0.001712600002065301,1.1899974197149277e-05,0.04984420002438128,0.013122099917382002,0.0031693000346422195,2.00001522898674e-06,1.1400086805224419e-05,0.0003581999335438013,7.500057108700275e-06,5.399924702942371e-06,0.004659100086428225,0.004195199930109084,6.100046448409557e-06,0.11801550001837313
