percentage,execution,ar_r_sub,k_s_sup,ks_sf_in,n_r_t,nk_k_sup,nrs_ns_r,ns_s_spe,ns_s_sup,ns_sub_r,r_ar_sup,s_k_sub,s_ns_sub,s_nsup_k,sub_r_r,t_k_sup,total_time
80,2,0.007464600000275823,8.040000011533266e-05,1.1899999663000926e-05,7.499999810534064e-06,0.004674299999351206,6.100000064179767e-06,5.699999746866524e-06,1.1699999959091656e-05,2.099999619531445e-06,0.010540499999478925,0.04187980000006064,0.05525030000080733,0.004277499999261636,0.0012399000006553251,0.0017864999999801512,0.12723879999884957
