percentage,execution,k_s_sup,s_k_sub,t_k_sup,ns_s_sup,s_ns_sub,r_ar_sup,ar_r_sub,ns_sub_r,ks_sf_in,sub_r_r,n_r_t,ns_s_spe,nk_k_sup,s_nsup_k,nrs_ns_r,total_time
45,2,1.2400094419717789e-05,0.025705300038680434,1.2599979527294636e-05,1.0999967344105244e-05,0.06832510000094771,0.010009299963712692,0.012715800083242357,2.00001522898674e-06,1.1600088328123093e-05,0.0023946999572217464,7.5999414548277855e-06,5.599926225841045e-06,0.0065203000558540225,0.00475439999718219,7.2999391704797745e-06,0.13049500004854053
