percentage,execution,ar_r_sub,k_s_sup,ks_sf_in,n_r_t,nk_k_sup,nrs_ns_r,ns_s_spe,ns_s_sup,ns_sub_r,r_ar_sup,s_k_sub,s_ns_sub,s_nsup_k,sub_r_r,t_k_sup,total_time
30,2,0.00029639992862939835,1.2699863873422146e-05,1.2500095181167126e-05,8.200062438845634e-06,0.003643499920144677,9.800074622035027e-06,5.800044164061546e-06,1.2100092135369778e-05,2.100015990436077e-06,0.008056499995291233,0.010312399943359196,0.028970400104299188,0.002815700019709766,2.040015533566475e-05,1.3900105841457844e-05,0.05419240042101592
