percentage,execution,ar_r_sub,k_s_sup,ks_sf_in,n_r_t,nk_k_sup,nrs_ns_r,ns_s_spe,ns_s_sup,ns_sub_r,r_ar_sup,s_k_sub,s_ns_sub,s_nsup_k,sub_r_r,t_k_sup,total_time
30,8,0.0001462996006011963,1.1899508535861969e-05,1.1399853974580765e-05,7.400289177894592e-06,0.005551200360059738,8.400063961744308e-06,5.499925464391708e-06,1.0699965059757233e-05,1.700129359960556e-06,0.01166230021044612,0.018424300011247396,0.05593629973009229,0.004320399835705757,1.960061490535736e-05,1.3400334864854813e-05,0.0961308004334569
