percentage,execution,ar_r_sub,k_s_sup,ks_sf_in,n_r_t,nk_k_sup,nrs_ns_r,ns_s_spe,ns_s_sup,ns_sub_r,r_ar_sup,s_k_sub,s_ns_sub,s_nsup_k,sub_r_r,t_k_sup,total_time
20,1,9.000000318337698e-06,7.980000009411015e-05,9.60000033956021e-06,5.099999725644011e-06,0.0005672999996022554,5.800000508315861e-06,4.599999556376133e-06,9.800000043469481e-06,1.8000000636675395e-06,7.569999979750719e-05,0.003355099999680533,0.016250000000582077,0.0004665000005843467,1.049999991664663e-05,0.004118699999708042,0.02496930000052089
