percentage,execution,ar_r_sub,k_s_sup,ks_sf_in,n_r_t,nk_k_sup,nrs_ns_r,ns_s_spe,ns_s_sup,ns_sub_r,r_ar_sup,s_k_sub,s_ns_sub,s_nsup_k,sub_r_r,t_k_sup,total_time
50,1,0.003522499930113554,9.640003554522991e-05,1.3800105080008507e-05,8.399947546422482e-06,0.005679199937731028,8.800067007541656e-06,6.09993003308773e-06,1.2900098226964474e-05,2.199900336563587e-06,0.013108399813063443,0.04011099983472377,0.09046320000197738,0.00510109995957464,0.00044210010673850775,0.0020849999273195863,0.16066109959501773
