percentage,execution,ar_r_sub,k_s_sup,ks_sf_in,n_r_t,nk_k_sup,nrs_ns_r,ns_s_spe,ns_s_sup,ns_sub_r,r_ar_sup,s_k_sub,s_ns_sub,s_nsup_k,sub_r_r,t_k_sup,total_time
80,5,0.0005450001917779446,8.370028808712959e-05,1.1399853974580765e-05,7.0999376475811005e-06,0.004852800164371729,6.5998174250125885e-06,5.499925464391708e-06,1.16005539894104e-05,1.8998980522155762e-06,0.017470900435000658,0.037097100634127855,0.055526199750602245,0.004319199826568365,1.8300022929906845e-05,0.0017726002261042595,0.12172990152612329
