percentage,execution,ar_r_sub,k_s_sup,ks_sf_in,n_r_t,nk_k_sup,nrs_ns_r,ns_s_spe,ns_s_sup,ns_sub_r,r_ar_sup,s_k_sub,s_ns_sub,s_nsup_k,sub_r_r,t_k_sup,total_time
30,3,8.659996092319489e-05,8.969998452812433e-05,1.2200092896819115e-05,7.79994297772646e-06,0.005503099993802607,8.699949830770493e-06,5.899928510189056e-06,1.2200092896819115e-05,2.100015990436077e-06,0.01001860003452748,0.03821110003627837,0.10336289997212589,0.005110499914735556,2.0100153051316738e-05,0.0020460999803617597,0.16449760005343705
