percentage,execution,ar_r_sub,k_s_sup,ks_sf_in,n_r_t,nk_k_sup,nrs_ns_r,ns_s_spe,ns_s_sup,ns_sub_r,r_ar_sup,s_k_sub,s_ns_sub,s_nsup_k,sub_r_r,t_k_sup,total_time
80,6,0.008383300038985908,9.410001803189516e-05,1.5099998563528061e-05,8.100061677396297e-06,0.005297699943184853,6.5999338403344154e-06,6.300047971308231e-06,1.2899981811642647e-05,2.399901859462261e-06,0.017187300021760166,0.046773400041274726,0.06190620001871139,0.004764199955388904,0.0014406999107450247,0.001993599929846823,0.14789189980365336
