percentage,execution,ar_r_sub,k_s_sup,ks_sf_in,n_r_t,nk_k_sup,nrs_ns_r,ns_s_spe,ns_s_sup,ns_sub_r,r_ar_sup,s_k_sub,s_ns_sub,s_nsup_k,sub_r_r,t_k_sup,total_time
70,4,0.008328699972480536,9.320001117885113e-05,1.3899989426136017e-05,8.399947546422482e-06,0.005511500057764351,7.3999399319291115e-06,6.300047971308231e-06,1.3499986380338669e-05,2.100015990436077e-06,0.016466500121168792,0.04592479998245835,0.06944090011529624,0.004922499996609986,0.0014368001138791442,0.0020222000312060118,0.15419870032928884
