percentage,execution,k_s_sup,s_k_sub,t_k_sup,ns_s_sup,s_ns_sub,r_ar_sup,ar_r_sub,ns_sub_r,ks_sf_in,sub_r_r,n_r_t,ns_s_spe,nk_k_sup,s_nsup_k,nrs_ns_r,total_time
60,3,1.1900090612471104e-05,0.026983199873939157,1.3200100511312485e-05,1.1099851690232754e-05,0.05189490003976971,0.018186100060120225,0.0004023999208584428,2.300017513334751e-06,1.1299969628453255e-05,1.8200022168457508e-05,7.400056347250938e-06,5.699926987290382e-06,0.005812500021420419,0.0044142999686300755,6.900052540004253e-06,0.10778139997273684
