percentage,execution,k_s_sup,s_k_sub,t_k_sup,ns_s_sup,s_ns_sub,r_ar_sup,ar_r_sub,ns_sub_r,ks_sf_in,sub_r_r,n_r_t,ns_s_spe,nk_k_sup,s_nsup_k,nrs_ns_r,total_time
90,3,7.95999076217413e-05,0.0441842001164332,0.001859900075942278,1.1199968867003918e-05,0.04940509994048625,0.015870500123128295,0.007521099876612425,2.00001522898674e-06,1.1900090612471104e-05,0.0013379999436438084,7.100054062902927e-06,5.599926225841045e-06,0.0049570000264793634,0.004230699967592955,6.00004568696022e-06,0.1294899000786245
