percentage,execution,k_s_sup,s_k_sub,t_k_sup,ns_s_sup,s_ns_sub,r_ar_sup,ar_r_sub,ns_sub_r,ks_sf_in,sub_r_r,n_r_t,ns_s_spe,nk_k_sup,s_nsup_k,nrs_ns_r,total_time
5,1,1.0300078429281712e-05,0.001045099925249815,1.1399970389902592e-05,9.400071576237679e-06,0.003953699953854084,0.007335499976761639,1.3199867680668831e-05,1.800013706088066e-06,1.0300078429281712e-05,1.8699909560382366e-05,6.800051778554916e-06,4.899920895695686e-06,0.000749400001950562,0.000556000042706728,8.09994526207447e-06,0.013734599808230996
