percentage,execution,k_s_sup,s_k_sub,t_k_sup,ns_s_sup,s_ns_sub,r_ar_sup,ar_r_sub,ns_sub_r,ks_sf_in,sub_r_r,n_r_t,ns_s_spe,nk_k_sup,s_nsup_k,nrs_ns_r,total_time
80,2,1.2600008631125093e-05,0.026691099992603995,1.3500015484169126e-05,1.1299998732283711e-05,0.03899170001386665,0.01642580000043381,0.000608200003625825,2.100015990436077e-06,1.4199991710484028e-05,3.479998849797994e-05,7.599999662488699e-06,5.299996701069176e-06,0.005984800009173341,0.0044218000111868605,6.50000583846122e-06,0.09323130005213898
