percentage,execution,k_s_sup,s_k_sub,t_k_sup,ns_s_sup,s_ns_sub,r_ar_sup,ar_r_sub,ns_sub_r,ks_sf_in,sub_r_r,n_r_t,ns_s_spe,nk_k_sup,s_nsup_k,nrs_ns_r,total_time
90,1,8.139992132782936e-05,0.04362600005697459,0.0019317001570016146,2.150004729628563e-05,0.05057579989079386,0.016089399927295744,0.011846199864521623,2.300017513334751e-06,1.2400094419717789e-05,0.0021321000531315804,7.500057108700275e-06,6.100046448409557e-06,0.004828599980100989,0.004262399976141751,5.700043402612209e-06,0.13542910013347864
