percentage,execution,ar_r_sub,k_s_sup,ks_sf_in,n_r_t,nk_k_sup,nrs_ns_r,ns_s_spe,ns_s_sup,ns_sub_r,r_ar_sup,s_k_sub,s_ns_sub,s_nsup_k,sub_r_r,t_k_sup,total_time
30,1,0.0002093999646604061,8.739996701478958e-05,1.309998333454132e-05,7.100403308868408e-06,0.005059000104665756,7.799826562404633e-06,5.500391125679016e-06,1.1499971151351929e-05,1.8998980522155762e-06,0.008164300117641687,0.03338700020685792,0.09395479969680309,0.004524200223386288,1.8899794667959213e-05,0.0018954998813569546,0.14734740043058991
