execution,k_s_sup,s_k_sub,t_k_sup,ns_s_sup,s_ns_sub,r_ar_sup,ar_r_sub,ns_sub_r,ks_sf_in,sub_r_r,n_r_t,ns_s_spe,nk_k_sup,s_nsup_k,nrs_ns_r,total_time
1,0.00418270006775856,8.699996396899223e-05,9.290000889450312e-05,7.509998977184296e-05,7.409998215734959e-05,0.0028243999695405364,9.399838745594025e-06,1.700012944638729e-06,9.100069291889668e-06,1.0299845598638058e-05,5.100038833916187e-06,0.00033469998743385077,5.199923180043697e-06,4.500034265220165e-06,4.700035788118839e-06,0.007720899768173695
2,0.004251200007274747,8.299993351101875e-05,0.00011380005162209272,7.889990229159594e-05,8.00001434981823e-05,0.0031261000549420714,9.799841791391373e-06,1.700012944638729e-06,1.1300086043775082e-05,1.0399962775409222e-05,5.00003807246685e-06,0.0003353999927639961,5.399924702942371e-06,4.800036549568176e-06,5.00003807246685e-06,0.008121800026856363
3,7.770012598484755e-05,0.0017478999216109514,0.0018860999261960387,9.199953638017178e-06,0.007940600044094026,7.720012217760086e-05,9.7999582067132e-06,1.9000144675374031e-06,8.70006624609232e-06,9.799841791391373e-06,4.600035026669502e-06,3.999914042651653e-06,0.00029280001763254404,0.00023939996026456356,5.200039595365524e-06,0.01231489994097501
