execution,k_s_sup,s_k_sub,t_k_sup,ns_s_sup,s_ns_sub,r_ar_sup,ar_r_sub,ns_sub_r,ks_sf_in,sub_r_r,n_r_t,ns_s_spe,nk_k_sup,s_nsup_k,nrs_ns_r,total_time
1,8.500064723193645e-06,7.499998901039362e-05,8.800067007541656e-06,1.1099851690232754e-05,7.220008410513401e-05,8.599949069321156e-06,7.399998139590025e-05,1.700012944638729e-06,8.199946023523808e-06,9.399955160915852e-06,5.400041118264198e-06,4.00003045797348e-06,0.00028529996052384377,0.0001382000045850873,5.200039595365524e-06,0.0007155999774113297
