execution,k_s_sup,s_k_sub,t_k_sup,ns_s_sup,s_ns_sub,r_ar_sup,ar_r_sub,ns_sub_r,ks_sf_in,sub_r_r,n_r_t,ns_s_spe,nk_k_sup,s_nsup_k,nrs_ns_r,total_time
1,0.004178199975285679,7.730000652372837e-05,9.829993359744549e-05,7.419998291879892e-05,7.840001489967108e-05,0.00285950000397861,2.069998299703002e-05,1.800013706088066e-06,9.500014130026102e-06,1.0899966582655907e-05,5.399982910603285e-06,0.00047090003499761224,5.199981387704611e-06,4.399975296109915e-06,5.199981387704611e-06,0.007899899850599468
2,9.300012607127428e-06,7.619999814778566e-05,9.200070053339005e-06,8.199946023523808e-06,7.269997149705887e-05,9.200070053339005e-06,7.329997606575489e-05,1.700012944638729e-06,9.100011084228754e-06,1.0200019460171461e-05,5.500041879713535e-06,4.300032742321491e-06,0.0002880999818444252,0.00017610000213608146,5.200039595365524e-06,0.0007583001861348748
3,0.004299299966078252,8.500006515532732e-05,0.00010010000551119447,7.680000271648169e-05,7.579999510198832e-05,0.002969199966173619,1.4499935787171125e-05,1.7999554984271526e-06,9.199953638017178e-06,1.109996810555458e-05,5.400041118264198e-06,0.00048649997916072607,5.399982910603285e-06,4.799978341907263e-06,5.099980626255274e-06,0.008149999775923789
4,0.004163100093137473,0.0009313999908044934,0.0017733999993652105,8.19999841041863e-05,0.004132399975787848,0.0028178999782539904,9.499955922365189e-06,1.6999547369778156e-06,9.00006853044033e-06,1.090002479031682e-05,5.599984433501959e-06,0.0004582999972626567,0.00019880000036209822,0.0001770000089891255,5.499983672052622e-06,0.014776500000152737
5,7.949996506795287e-05,0.003936799999792129,0.0027942999731749296,9.500014130026102e-06,0.016476700024213642,7.660000119358301e-05,8.90000956133008e-06,2.300017513334751e-06,8.899951353669167e-06,1.079996582120657e-05,4.999979864805937e-06,4.199973773211241e-06,0.0006258999928832054,0.0005222999607212842,5.699985194951296e-06,0.02456739981425926
