execution,k_s_sup,s_k_sub,t_k_sup,ns_s_sup,s_ns_sub,r_ar_sup,ar_r_sub,ns_sub_r,ks_sf_in,sub_r_r,n_r_t,ns_s_spe,nk_k_sup,s_nsup_k,nrs_ns_r,total_time
1,0.004576900042593479,8.480006363242865e-05,0.00010119983926415443,8.269993122667074e-05,8.159992285072803e-05,0.003211700008250773,1.0400079190731049e-05,0.00016529997810721397,1.0299845598638058e-05,1.170008908957243e-05,8.599949069321156e-06,0.00046410004142671824,5.599926225841045e-06,5.00003807246685e-06,5.300040356814861e-06,0.008825199794955552
2,0.012518600095063448,0.0002603998873382807,0.00028939975891262293,0.002096399897709489,0.00023149990011006594,0.01098780008032918,2.140016295015812e-05,0.007158100022934377,2.310005947947502e-05,2.5999965146183968e-05,1.1399970389902592e-05,0.012924700044095516,1.200009137392044e-05,1.0399962775409222e-05,9.699957445263863e-06,0.04658089985605329
3,8.979998528957367e-05,0.003277100040577352,0.0021814999636262655,1.0199961252510548e-05,0.01371970004402101,8.389994036406279e-05,9.600073099136353e-06,9.999843314290047e-06,9.70007386058569e-06,1.200009137392044e-05,5.500041879713535e-06,4.700035788118839e-06,0.000533499987795949,0.00044540001545101404,6.100046448409557e-06,0.020398700144141912
4,0.006478800089098513,0.0019812999526038766,0.003843999933451414,0.00017069990281015635,0.005381599999964237,0.004947700188495219,2.0899809896945953e-05,0.0033906000899150968,2.0099920220673084e-05,2.310005947947502e-05,1.1500087566673756e-05,0.011373199988156557,0.000440100091509521,0.0003693999024108052,1.4800112694501877e-05,0.038467800128273666
