execution,ar_r_sub,k_s_sup,ks_sf_in,n_r_t,nk_k_sup,nrs_ns_r,ns_s_spe,ns_s_sup,ns_sub_r,r_ar_sup,s_k_sub,s_ns_sub,s_nsup_k,sub_r_r,t_k_sup,total_time
1,8.499715477228165e-06,8.139992132782936e-05,8.400529623031616e-06,4.699919372797012e-06,0.0001517999917268753,5.000270903110504e-06,4.600267857313156e-06,8.90018418431282e-06,9.09995287656784e-06,8.200015872716904e-05,0.0009414996020495892,0.004088100045919418,0.00012390036135911942,1.00000761449337e-05,0.0010110004805028439,0.006538901478052139
2,0.00010940013453364372,4.660012200474739e-05,1.2999866157770157e-05,9.699724614620209e-06,0.010049300268292427,9.599607437849045e-06,8.899718523025513e-06,1.2800097465515137e-05,1.4200340956449509e-05,4.759989678859711e-05,0.0005239001475274563,0.0004931003786623478,0.0002589002251625061,1.4399643987417221e-05,0.0005107000470161438,0.012122100219130516
