percentage,execution,ar_r_sub,k_s_sup,ks_sf_in,n_r_t,nk_k_sup,nrs_ns_r,ns_s_spe,ns_s_sup,ns_sub_r,r_ar_sup,s_k_sub,s_ns_sub,s_nsup_k,sub_r_r,t_k_sup,total_time
80,1,0.00020329991821199656,8.399994112551212e-05,1.0399962775409222e-05,6.300047971308231e-06,0.002068100031465292,5.999929271638393e-06,5.09992241859436e-06,1.0999967344105244e-05,1.1300086043775082e-05,0.00915479997638613,0.01385910005774349,0.02259119995869696,0.0018210000125691295,1.3199984095990658e-05,0.004982199985533953,0.054826999781653285
