percentage,execution,ar_r_sub,k_s_sup,ks_sf_in,n_r_t,nk_k_sup,nrs_ns_r,ns_s_spe,ns_s_sup,ns_sub_r,r_ar_sup,s_k_sub,s_ns_sub,s_nsup_k,sub_r_r,t_k_sup,total_time
90,8,0.0002573999809101224,7.990002632141113e-05,1.0399962775409222e-05,6.300047971308231e-06,0.0020170999923720956,8.70006624609232e-06,5.299923941493034e-06,1.1399970389902592e-05,1.200009137392044e-05,0.010462600039318204,0.012727300054393709,0.016388899995945394,0.001827100059017539,1.3400102034211159e-05,0.004639900056645274,0.048467700369656086
