percentage,execution,ar_r_sub,k_s_sup,ks_sf_in,n_r_t,nk_k_sup,nrs_ns_r,ns_s_spe,ns_s_sup,ns_sub_r,r_ar_sup,s_k_sub,s_ns_sub,s_nsup_k,sub_r_r,t_k_sup,total_time
60,9,0.0002416999777778983,8.040014654397964e-05,9.900075383484364e-06,6.300047971308231e-06,0.0021740999072790146,6.900052540004253e-06,5.00003807246685e-06,1.079996582120657e-05,1.1399853974580765e-05,0.005598100018687546,0.013247999944724143,0.028874299954622984,0.0019508000696077943,1.3199867680668831e-05,0.004512700019404292,0.05674359994009137
