percentage,execution,k_s_sup,s_k_sub,t_k_sup,ns_s_sup,s_ns_sub,r_ar_sup,ar_r_sub,ns_sub_r,ks_sf_in,sub_r_r,n_r_t,ns_s_spe,nk_k_sup,s_nsup_k,nrs_ns_r,total_time
70,2,8.179999713320285e-05,0.012724399988655932,0.004314300007536076,1.0799994925037026e-05,0.02493179998418782,0.007272899994859472,0.00024379997921641916,1.1400014045648277e-05,1.0299991117790341e-05,1.3500000932253897e-05,6.299989763647318e-06,4.899993655271828e-06,0.002229499994427897,0.0017760999908205122,7.299997378140688e-06,0.05363909991865512
