percentage,execution,ar_r_sub,k_s_sup,ks_sf_in,n_r_t,nk_k_sup,nrs_ns_r,ns_s_spe,ns_s_sup,ns_sub_r,r_ar_sup,s_k_sub,s_ns_sub,s_nsup_k,sub_r_r,t_k_sup,total_time
40,2,0.0002691999998205574,8.53000001370674e-05,1.9099999917671084e-05,1.2099999366910197e-05,0.008613499999228225,1.2399999832268804e-05,9.60000033956021e-06,1.9799999790848233e-05,2.0500000573520083e-05,0.012780500000189932,0.010907899999438087,0.0354323999990811,0.0023197000000436674,2.519999998185085e-05,0.00431020000087301,0.07483739999861427
