percentage,execution,ar_r_sub,k_s_sup,ks_sf_in,n_r_t,nk_k_sup,nrs_ns_r,ns_s_spe,ns_s_sup,ns_sub_r,r_ar_sup,s_k_sub,s_ns_sub,s_nsup_k,sub_r_r,t_k_sup,total_time
80,7,0.00019940000493079424,8.129992056638002e-05,1.0199961252510548e-05,6.299931555986404e-06,0.001989700016565621,5.900044925510883e-06,5.300040356814861e-06,1.1099851690232754e-05,1.100008375942707e-05,0.008865899872034788,0.013549100025556982,0.022364700096659362,0.001725599984638393,3.2199895940721035e-05,0.004754699999466538,0.05361239972990006
