percentage,execution,ar_r_sub,k_s_sup,ks_sf_in,n_r_t,nk_k_sup,nrs_ns_r,ns_s_spe,ns_s_sup,ns_sub_r,r_ar_sup,s_k_sub,s_ns_sub,s_nsup_k,sub_r_r,t_k_sup,total_time
60,2,0.00040039990562945604,9.020022116601467e-05,1.9599799998104572e-05,1.289986539632082e-05,0.009372499887831509,1.2600095942616463e-05,1.0200077667832375e-05,2.0599807612597942e-05,2.220005262643099e-05,0.019077499979175627,0.01177999994251877,0.02705870009958744,0.0028638000367209315,2.610019873827696e-05,0.004428400075994432,0.07519570004660636
