percentage,execution,ar_r_sub,k_s_sup,ks_sf_in,n_r_t,nk_k_sup,nrs_ns_r,ns_s_spe,ns_s_sup,ns_sub_r,r_ar_sup,s_k_sub,s_ns_sub,s_nsup_k,sub_r_r,t_k_sup,total_time
50,5,7.830001413822174e-05,7.970002479851246e-05,9.999959729611874e-06,6.09993003308773e-06,0.0020131999626755714,6.299931555986404e-06,4.700035788118839e-06,1.0500079952180386e-05,1.1399970389902592e-05,0.005462300032377243,0.01324250001925975,0.034975299960933626,0.0016966999974101782,1.3499986380338669e-05,0.004383899969980121,0.06199439987540245
