percentage,execution,ar_r_sub,k_s_sup,ks_sf_in,n_r_t,nk_k_sup,nrs_ns_r,ns_s_spe,ns_s_sup,ns_sub_r,r_ar_sup,s_k_sub,s_ns_sub,s_nsup_k,sub_r_r,t_k_sup,total_time
40,8,0.000137400000312482,7.860000005166512e-05,1.0099999599333387e-05,6.199999916134402e-06,0.0019378999995751656,6.400000529538374e-06,4.800000169780105e-06,1.0100000508828089e-05,1.0999999176419806e-05,0.005068000000392203,0.010916499999439111,0.037440199999764445,0.0016600000008111238,1.3899999430577736e-05,0.00435139999990497,0.06165249999958178
