percentage,execution,ar_r_sub,k_s_sup,ks_sf_in,n_r_t,nk_k_sup,nrs_ns_r,ns_s_spe,ns_s_sup,ns_sub_r,r_ar_sup,s_k_sub,s_ns_sub,s_nsup_k,sub_r_r,t_k_sup,total_time
60,1,7.870001718401909e-05,8.390005677938461e-05,1.0300078429281712e-05,6.100046448409557e-06,0.0020490000024437904,6.200047209858894e-06,4.799920134246349e-06,1.0599847882986069e-05,1.3999990187585354e-05,0.008652899996377528,0.013230399927124381,0.02882620005402714,0.0017094999784603715,1.3599987141788006e-05,0.004574600025080144,0.059270799974910915
