percentage,execution,ar_r_sub,k_s_sup,ks_sf_in,n_r_t,nk_k_sup,nrs_ns_r,ns_s_spe,ns_s_sup,ns_sub_r,r_ar_sup,s_k_sub,s_ns_sub,s_nsup_k,sub_r_r,t_k_sup,total_time
90,8,0.00032369978725910187,0.00015580002218484879,1.2299511581659317e-05,7.999595254659653e-06,0.002429900225251913,1.0099727660417557e-05,6.500165909528732e-06,1.3999640941619873e-05,1.3699755072593689e-05,0.01564399991184473,0.013166400138288736,0.019421299919486046,0.002074199728667736,1.71000137925148e-05,0.005387300159782171,0.05868429830297828
