percentage,execution,ar_r_sub,k_s_sup,ks_sf_in,n_r_t,nk_k_sup,nrs_ns_r,ns_s_spe,ns_s_sup,ns_sub_r,r_ar_sup,s_k_sub,s_ns_sub,s_nsup_k,sub_r_r,t_k_sup,total_time
20,4,8.059991523623466e-05,8.400005754083395e-05,9.600073099136353e-06,5.999929271638393e-06,0.002029899973422289,6.6999346017837524e-06,4.900037311017513e-06,1.0299962013959885e-05,1.0199961252510548e-05,0.003594700014218688,0.011303499806672335,0.045355399954132736,0.0017471000319346786,1.3299984857439995e-05,0.004512400017119944,0.06876859965268523
