percentage,execution,ar_r_sub,k_s_sup,ks_sf_in,n_r_t,nk_k_sup,nrs_ns_r,ns_s_spe,ns_s_sup,ns_sub_r,r_ar_sup,s_k_sub,s_ns_sub,s_nsup_k,sub_r_r,t_k_sup,total_time
30,10,1.0599847882986069e-05,1.1100433766841888e-05,9.499955922365189e-06,6.6999346017837524e-06,0.0009826002642512321,6.90016895532608e-06,5.000270903110504e-06,9.80030745267868e-06,1.0099727660417557e-05,0.009708000347018242,0.00027040066197514534,0.00026609981432557106,0.0006881998851895332,1.3599637895822525e-05,1.109996810555458e-05,0.01200970122590661
