percentage,execution,ar_r_sub,k_s_sup,ks_sf_in,n_r_t,nk_k_sup,nrs_ns_r,ns_s_spe,ns_s_sup,ns_sub_r,r_ar_sup,s_k_sub,s_ns_sub,s_nsup_k,sub_r_r,t_k_sup,total_time
10,2,1.109996810555458e-05,1.0600080713629723e-05,1.00000761449337e-05,6.400048732757568e-06,0.00026190001517534256,7.200054824352264e-06,4.800036549568176e-06,9.399955160915852e-06,1.0699965059757233e-05,0.004799899994395673,7.950002327561378e-05,8.130003698170185e-05,0.0001821999903768301,1.4599994756281376e-05,1.0699965059757233e-05,0.005500300205312669
