percentage,execution,ar_r_sub,k_s_sup,ks_sf_in,n_r_t,nk_k_sup,nrs_ns_r,ns_s_spe,ns_s_sup,ns_sub_r,r_ar_sup,s_k_sub,s_ns_sub,s_nsup_k,sub_r_r,t_k_sup,total_time
80,9,1.1399853974580765e-05,8.199969306588173e-05,1.0499730706214905e-05,6.500165909528732e-06,0.004832099657505751,6.1998143792152405e-06,5.09992241859436e-06,1.109996810555458e-05,1.1300202459096909e-05,0.043969299644231796,0.04831399954855442,0.05665070004761219,0.004466099664568901,1.5000812709331512e-05,0.0009681996889412403,0.1593594984151423
