percentage,execution,ar_r_sub,k_s_sup,ks_sf_in,n_r_t,nk_k_sup,nrs_ns_r,ns_s_spe,ns_s_sup,ns_sub_r,r_ar_sup,s_k_sub,s_ns_sub,s_nsup_k,sub_r_r,t_k_sup,total_time
50,2,1.4200340956449509e-05,8.779997006058693e-05,1.0099727660417557e-05,6.299931555986404e-06,0.0048581999726593494,6.899703294038773e-06,8.19982960820198e-06,1.0599847882986069e-05,1.1200085282325745e-05,0.03177249990403652,0.037214099895209074,0.07372299954295158,0.004437700379639864,1.5399418771266937e-05,0.0010453998111188412,0.1532215983606875
