percentage,execution,ar_r_sub,k_s_sup,ks_sf_in,n_r_t,nk_k_sup,nrs_ns_r,ns_s_spe,ns_s_sup,ns_sub_r,r_ar_sup,s_k_sub,s_ns_sub,s_nsup_k,sub_r_r,t_k_sup,total_time
60,5,1.1600088328123093e-05,8.210004307329655e-05,1.0100076906383038e-05,6.500049494206905e-06,0.004888899973593652,8.100061677396297e-06,5.399924702942371e-06,1.0900082997977734e-05,1.119985245168209e-05,0.034917199867777526,0.03949980018660426,0.05944619991350919,0.004444500082172453,1.5799887478351593e-05,0.001120799919590354,0.1444791000103578
