percentage,execution,ar_r_sub,k_s_sup,ks_sf_in,n_r_t,nk_k_sup,nrs_ns_r,ns_s_spe,ns_s_sup,ns_sub_r,r_ar_sup,s_k_sub,s_ns_sub,s_nsup_k,sub_r_r,t_k_sup,total_time
40,1,0.007971800398081541,9.26000066101551e-05,0.0008722995407879353,1.6199424862861633e-05,0.012760300189256668,0.00020719971507787704,9.80030745267868e-06,1.9700266420841217e-05,2.1900050342082977e-05,9.220000356435776e-05,0.015426100231707096,0.037147699855268,0.0028406004421412945,3.0199997127056122e-05,0.00810839980840683,0.08561700023710728
