percentage,execution,k_s_sup,s_k_sub,t_k_sup,ns_s_sup,s_ns_sub,r_ar_sup,ar_r_sub,ns_sub_r,ks_sf_in,sub_r_r,n_r_t,ns_s_spe,nk_k_sup,s_nsup_k,nrs_ns_r,total_time
20,2,1.0700008715502918e-05,0.0001998999941861257,1.0399991879239678e-05,9.600014891475439e-06,0.00019299999985378236,0.015052699993248098,1.09999964479357e-05,1.0299991117790341e-05,9.599985787644982e-06,1.5300000086426735e-05,6.499991286545992e-06,4.9000082071870565e-06,0.001124100002925843,0.0008959999977378175,7.000009645707905e-06,0.017560999986017123
