percentage,execution,k_s_sup,s_k_sub,t_k_sup,ns_s_sup,s_ns_sub,r_ar_sup,ar_r_sub,ns_sub_r,ks_sf_in,sub_r_r,n_r_t,ns_s_spe,nk_k_sup,s_nsup_k,nrs_ns_r,total_time
20,8,8.080000407062471e-05,0.034050100002787076,0.0009811000054469332,1.0900010238401592e-05,0.07765439999639057,0.015380399985588156,1.0799994925037026e-05,1.069999416358769e-05,9.90001717582345e-06,1.5700003132224083e-05,6.700007361359894e-06,4.999994416721165e-06,0.004814799991436303,0.004398399993078783,6.999995093792677e-06,0.1374366999953054
