percentage,execution,ar_r_sub,k_s_sup,ks_sf_in,n_r_t,nk_k_sup,nrs_ns_r,ns_s_spe,ns_s_sup,ns_sub_r,r_ar_sup,s_k_sub,s_ns_sub,s_nsup_k,sub_r_r,t_k_sup,total_time
10,2,7.930002175271511e-05,1.0899966582655907e-05,0.0002637000288814306,6.4999330788850784e-06,0.00031160004436969757,7.2999391704797745e-06,4.900037311017513e-06,9.399955160915852e-06,1.0599964298307896e-05,1.0699848644435406e-05,8.040003012865782e-05,7.630011532455683e-05,0.00023060000967234373,1.4899997040629387e-05,1.0400079190731049e-05,0.0011274999706074595
