percentage,execution,k_s_sup,s_k_sub,t_k_sup,ns_s_sup,s_ns_sub,r_ar_sup,ar_r_sub,ns_sub_r,ks_sf_in,sub_r_r,n_r_t,ns_s_spe,nk_k_sup,s_nsup_k,nrs_ns_r,total_time
20,10,8.720000914763659e-05,0.042755200003739446,0.0009830999915720895,1.0200004908256233e-05,0.08820399999967776,0.00655170000391081,1.0700008715502918e-05,1.0299991117790341e-05,9.800001862458885e-06,1.4999997802078724e-05,6.200003554113209e-06,4.999994416721165e-06,0.004849600009038113,0.004428500003996305,6.999995093792677e-06,0.14793350001855288
