percentage,execution,ar_r_sub,k_s_sup,ks_sf_in,n_r_t,nk_k_sup,nrs_ns_r,ns_s_spe,ns_s_sup,ns_sub_r,r_ar_sup,s_k_sub,s_ns_sub,s_nsup_k,sub_r_r,t_k_sup,total_time
50,5,1.7600017599761486e-05,5.0999922677874565e-05,1.5799887478351593e-05,1.3100099749863148e-05,0.015786799951456487,1.3400102034211159e-05,1.0499963536858559e-05,1.589988823980093e-05,1.650000922381878e-05,0.03792259993497282,0.051579900085926056,0.07248319999780506,0.008978900033980608,2.3000058718025684e-05,0.0005006000865250826,0.18742880003992468
