percentage,execution,k_s_sup,s_k_sub,t_k_sup,ns_s_sup,s_ns_sub,r_ar_sup,ar_r_sub,ns_sub_r,ks_sf_in,sub_r_r,n_r_t,ns_s_spe,nk_k_sup,s_nsup_k,nrs_ns_r,total_time
70,6,8.200001320801675e-05,0.04456920000666287,0.001002599994535558,1.0899995686486363e-05,0.06236539999372326,0.03770549999899231,1.1500000255182385e-05,1.1600001016631722e-05,1.0599993402138352e-05,1.5700003132224083e-05,6.599992047995329e-06,5.49999822396785e-06,0.004769999999552965,0.004441400000359863,6.599992047995329e-06,0.15501509998284746
