percentage,execution,ar_r_sub,k_s_sup,ks_sf_in,n_r_t,nk_k_sup,nrs_ns_r,ns_s_spe,ns_s_sup,ns_sub_r,r_ar_sup,s_k_sub,s_ns_sub,s_nsup_k,sub_r_r,t_k_sup,total_time
30,6,0.020252900198101997,0.00016779988072812557,0.0005913000786677003,1.650000922381878e-05,0.004251500125974417,0.0012691000010818243,1.0199961252510548e-05,2.1700048819184303e-05,2.3900065571069717e-05,0.0001596999354660511,0.027458000113256276,0.059841400012373924,0.0035687999334186316,0.00215849990490824,0.01580470008775592,0.1355960003565997
