percentage,execution,k_s_sup,s_k_sub,t_k_sup,ns_s_sup,s_ns_sub,r_ar_sup,ar_r_sub,ns_sub_r,ks_sf_in,sub_r_r,n_r_t,ns_s_spe,nk_k_sup,s_nsup_k,nrs_ns_r,total_time
60,7,8.22000001790002e-05,0.03700859998934902,0.0009704000112833455,1.1299998732283711e-05,0.05623970001761336,0.03966700000455603,1.170000177808106e-05,1.09999964479357e-05,1.0400006431154907e-05,1.5300000086426735e-05,6.50000583846122e-06,7.800001185387373e-06,0.004865300012170337,0.004489900005864911,6.800008122809231e-06,0.14340390005963854
