percentage,execution,ar_r_sub,k_s_sup,ks_sf_in,n_r_t,nk_k_sup,nrs_ns_r,ns_s_spe,ns_s_sup,ns_sub_r,r_ar_sup,s_k_sub,s_ns_sub,s_nsup_k,sub_r_r,t_k_sup,total_time
60,4,0.012255400069989264,8.930009789764881e-05,0.0012796998489648104,1.2899981811642647e-05,0.012718399986624718,0.00020150002092123032,1.0299962013959885e-05,2.0900159142911434e-05,2.3400061763823032e-05,9.049975778907537e-05,0.01655089994892478,0.03228130005300045,0.0029996000230312347,2.899987157434225e-05,0.007806100067682564,0.08636919991113245
