percentage,execution,k_s_sup,s_k_sub,t_k_sup,ns_s_sup,s_ns_sub,r_ar_sup,ar_r_sub,ns_sub_r,ks_sf_in,sub_r_r,n_r_t,ns_s_spe,nk_k_sup,s_nsup_k,nrs_ns_r,total_time
90,3,8.430000161752105e-05,0.0454708000033861,0.0010557999921729788,1.1199997970834374e-05,0.05225409999547992,0.048767700005555525,1.1199997970834374e-05,1.0700008715502918e-05,1.0100018698722124e-05,1.5199999324977398e-05,6.400005077011883e-06,5.099995178170502e-06,0.00479149998864159,0.004322699998738244,5.900001269765198e-06,0.1568227000097977
