percentage,execution,ar_r_sub,k_s_sup,ks_sf_in,n_r_t,nk_k_sup,nrs_ns_r,ns_s_spe,ns_s_sup,ns_sub_r,r_ar_sup,s_k_sub,s_ns_sub,s_nsup_k,sub_r_r,t_k_sup,total_time
70,5,0.008583100512623787,8.200015872716904e-05,0.0009137997403740883,6.6999346017837524e-06,0.002032599877566099,9.91998240351677e-05,5.000270903110504e-06,1.0800547897815704e-05,1.1799857020378113e-05,0.00012019975110888481,0.014178200159221888,0.025850800331681967,0.0017798999324440956,1.5200115740299225e-05,0.008079799823462963,0.061769100837409496
