percentage,execution,ar_r_sub,k_s_sup,ks_sf_in,n_r_t,nk_k_sup,nrs_ns_r,ns_s_spe,ns_s_sup,ns_sub_r,r_ar_sup,s_k_sub,s_ns_sub,s_nsup_k,sub_r_r,t_k_sup,total_time
60,10,1.100008375942707e-05,8.979998528957367e-05,1.0600080713629723e-05,6.300047971308231e-06,0.0048227000515908,6.5999338403344154e-06,5.09992241859436e-06,1.079996582120657e-05,1.089985016733408e-05,0.030189399840310216,0.046752599999308586,0.0667828000150621,0.0046941000036895275,1.489988062530756e-05,0.0009850999340415,0.15439269959460944
