percentage,execution,k_s_sup,s_k_sub,t_k_sup,ns_s_sup,s_ns_sub,r_ar_sup,ar_r_sub,ns_sub_r,ks_sf_in,sub_r_r,n_r_t,ns_s_spe,nk_k_sup,s_nsup_k,nrs_ns_r,total_time
10,8,8.839997462928295e-05,0.011923500002012588,0.007803199987392873,1.8399980035610497e-05,0.05095040002197493,8.950001210905612e-05,0.00014730000111740083,1.9800019799731672e-05,1.8300022929906845e-05,2.6900001103058457e-05,2.9100003303028643e-05,9.700001101009548e-06,0.011622100006206892,0.001904899996588938,1.3500015484169126e-05,0.08466500004578847
