percentage,execution,ar_r_sub,k_s_sup,ks_sf_in,n_r_t,nk_k_sup,nrs_ns_r,ns_s_spe,ns_s_sup,ns_sub_r,r_ar_sup,s_k_sub,s_ns_sub,s_nsup_k,sub_r_r,t_k_sup,total_time
70,8,0.022776000201702118,0.00016169995069503784,0.0010200003162026405,1.3400334864854813e-05,0.00455079972743988,0.0012178998440504074,1.0100193321704865e-05,2.1799933165311813e-05,2.459995448589325e-05,0.00016619963571429253,0.026976400054991245,0.039499299600720406,0.0035249004140496254,0.0023449999280273914,0.015966900624334812,0.11827500071376562
