percentage,execution,ar_r_sub,k_s_sup,ks_sf_in,n_r_t,nk_k_sup,nrs_ns_r,ns_s_spe,ns_s_sup,ns_sub_r,r_ar_sup,s_k_sub,s_ns_sub,s_nsup_k,sub_r_r,t_k_sup,total_time
80,7,1.0800000382005237e-05,8.130000060191378e-05,9.800000043469481e-06,8.600000001024455e-06,0.004513899999437854,5.600000804406591e-06,4.999999873689376e-06,1.0600000678095967e-05,1.0600000678095967e-05,0.04296679999970365,0.04212040000129491,0.05355829999825801,0.004130900000745896,1.6199999663513154e-05,0.0009114999993471429,0.14836030000151368
