percentage,execution,ar_r_sub,k_s_sup,ks_sf_in,n_r_t,nk_k_sup,nrs_ns_r,ns_s_spe,ns_s_sup,ns_sub_r,r_ar_sup,s_k_sub,s_ns_sub,s_nsup_k,sub_r_r,t_k_sup,total_time
10,7,0.00014529982581734657,8.760020136833191e-05,0.0005692006088793278,1.2100208550691605e-05,0.011611499823629856,1.3499520719051361e-05,9.600073099136353e-06,1.8800143152475357e-05,1.9399914890527725e-05,9.04994085431099e-05,0.012231200002133846,0.050895600114017725,0.0018943999893963337,2.930033951997757e-05,0.007860500365495682,0.08548850053921342
