percentage,execution,ar_r_sub,k_s_sup,ks_sf_in,n_r_t,nk_k_sup,nrs_ns_r,ns_s_spe,ns_s_sup,ns_sub_r,r_ar_sup,s_k_sub,s_ns_sub,s_nsup_k,sub_r_r,t_k_sup,total_time
30,10,1.6699545085430145e-05,5.009956657886505e-05,1.5200115740299225e-05,1.3000331819057465e-05,0.015557299833744764,1.3899989426136017e-05,1.0100193321704865e-05,1.5299301594495773e-05,1.6300007700920105e-05,0.03240509983152151,0.047392099630087614,0.08336489973589778,0.009053300134837627,2.3000407963991165e-05,0.0004922002553939819,0.18843849888071418
