execution,ar_r_sub,k_s_sup,ks_sf_in,n_r_t,nk_k_sup,nrs_ns_r,ns_s_spe,ns_s_sup,ns_sub_r,r_ar_sup,s_k_sub,s_ns_sub,s_nsup_k,sub_r_r,t_k_sup,total_time
1,1.640012487769127e-05,0.00011379970237612724,1.3299752026796341e-05,7.6000578701496124e-06,0.0003696996718645096,8.00006091594696e-06,6.70040026307106e-06,1.3600103557109833e-05,2.8996728360652924e-06,0.00011629937216639519,0.001553899608552456,0.006542499642819166,0.0002864999696612358,1.6099773347377777e-05,0.0026886998675763607,0.011755997780710459
2,1.2399628758430481e-05,1.800060272216797e-05,1.2599863111972809e-05,7.6000578701496124e-06,7.0999376475811005e-06,7.300172001123428e-06,0.0006957999430596828,0.00011429982259869576,2.299901098012924e-06,0.00010720035061240196,1.5500467270612717e-05,1.1699739843606949e-05,6.0996972024440765e-06,1.5400350093841553e-05,1.620035618543625e-05,0.0010495008900761604
3,1.4300458133220673e-05,0.006431700196117163,1.3200100511312485e-05,7.699709385633469e-06,7.6000578701496124e-06,7.0999376475811005e-06,0.0005775000900030136,0.00010960036888718605,2.5997869670391083e-06,0.004166699945926666,0.00013189995661377907,0.00010660011321306229,7.000286132097244e-06,1.5799887478351593e-05,0.0001538996584713459,0.011753200553357601
4,0.00010350020602345467,1.3000331819057465e-05,1.2399628758430481e-05,8.099712431430817e-06,0.00048049958422780037,1.619989052414894e-05,6.100162863731384e-06,1.1899974197149277e-05,2.5997869670391083e-06,1.29002146422863e-05,0.00010879989713430405,0.00011009955778717995,0.00025930022820830345,1.4299992471933365e-05,1.29002146422863e-05,0.001172599382698536
