execution,k_s_sup,s_k_sub,t_k_sup,ns_s_sup,s_ns_sub,r_ar_sup,ar_r_sub,ns_sub_r,ks_sf_in,sub_r_r,n_r_t,ns_s_spe,nk_k_sup,s_nsup_k,nrs_ns_r,total_time
1,8.000002708286047e-05,0.000984499987680465,0.001026500016450882,8.600007276982069e-06,0.004071800038218498,8.290004916489124e-05,8.599949069321156e-06,1.9000144675374031e-06,8.599949069321156e-06,9.200011845678091e-06,4.400033503770828e-06,4.00003045797348e-06,0.00015729997539892793,0.00012340000830590725,4.900037311017513e-06,0.006576600135304034
2,8.500064723193645e-06,7.520004874095321e-05,8.699949830770493e-06,8.600007276982069e-06,7.389998063445091e-05,8.600065484642982e-06,7.579999510198832e-05,1.8999562598764896e-06,8.600065484642982e-06,9.09995287656784e-06,4.900037311017513e-06,4.100031219422817e-06,0.00019859999883919954,0.00012969999806955457,4.800036549568176e-06,0.0006210001884028316
