execution,k_s_sup,s_k_sub,t_k_sup,ns_s_sup,s_ns_sub,r_ar_sup,ar_r_sub,ns_sub_r,ks_sf_in,sub_r_r,n_r_t,ns_s_spe,nk_k_sup,s_nsup_k,nrs_ns_r,total_time
1,8.490006439387798e-05,0.002691499888896942,0.0030884998850524426,9.800074622035027e-06,0.01299369998741895,8.379993960261345e-05,9.699957445263863e-06,1.0200077667832375e-05,1.0199961252510548e-05,1.1499971151351929e-05,5.699926987290382e-06,4.699919372797012e-06,0.0005462999688461423,0.0003844000166282058,6.00004568696022e-06,0.019940899685025215
2,9.520002640783787e-05,0.0027465999592095613,0.0030195999424904585,1.9300146959722042e-05,0.009773699915967882,9.099999442696571e-05,0.0001583000412210822,1.9799917936325073e-05,1.900014467537403e-05,2.4799956008791924e-05,1.1100084520876408e-05,9.199953638017178e-06,0.011399100068956614,0.0005449999589473009,1.200009137392044e-05,0.02794370020274073
3,9.410001803189516e-05,0.0028448000084608793,0.003233600058592856,2.0000035874545574e-05,0.009689300088211894,9.260012302547693e-05,0.00016440008766949177,2.019992098212242e-05,1.950003206729889e-05,2.1999934688210487e-05,1.2299977242946625e-05,9.399955160915852e-06,0.011586299980990589,0.0005372001323848963,1.1400086805224419e-05,0.028357100440189242
4,9.180023334920406e-05,0.00271350028924644,0.003068900085054338,1.9200146198272705e-05,0.00962920009624213,9.010010398924351e-05,0.0001583000412210822,1.929979771375656e-05,1.8300139345228672e-05,2.1099927835166454e-05,1.0599964298307896e-05,9.199953638017178e-06,0.011015100055374205,0.0005352998850867152,1.1599971912801266e-05,0.02741150069050491
