execution,ar_r_sub,k_s_sup,ks_sf_in,n_r_t,nk_k_sup,nrs_ns_r,ns_s_spe,ns_s_sup,ns_sub_r,r_ar_sup,s_k_sub,s_ns_sub,s_nsup_k,sub_r_r,t_k_sup,total_time
1,1.1000316590070724e-05,0.00016240030527114868,1.109996810555458e-05,5.6996941566467285e-06,0.00043479958549141884,6.299931555986404e-06,5.09992241859436e-06,1.0499730706214905e-05,2.500135451555252e-06,0.00010999990627169609,0.0034221000969409943,0.01217699982225895,0.0003570998087525368,1.3400334864854813e-05,0.0012674001045525074,0.01799639966338873
2,1.2100208550691605e-05,0.010655099991708994,1.12997367978096e-05,5.899928510189056e-06,6.400048732757568e-06,6.90016895532608e-06,0.0008058999665081501,0.0011642002500593662,2.600252628326416e-06,0.006970600225031376,9.54996794462204e-05,9.21003520488739e-05,5.600042641162872e-06,1.3400334864854813e-05,0.00012480001896619797,0.019972401205450296
3,1.4699995517730713e-05,0.006090500392019749,1.1499971151351929e-05,6.899703294038773e-06,0.00024359999224543571,6.400048732757568e-06,0.000535300001502037,0.00012300023809075356,3.300141543149948e-06,0.003913199994713068,0.0011855000630021095,0.005386799573898315,0.00020409980788826942,1.5799887478351593e-05,0.002130300272256136,0.019870900083333254
