execution,k_s_sup,s_k_sub,t_k_sup,ns_s_sup,s_ns_sub,r_ar_sup,ar_r_sub,ns_sub_r,ks_sf_in,sub_r_r,n_r_t,ns_s_spe,nk_k_sup,s_nsup_k,nrs_ns_r,total_time
1,8.159992285072803e-05,0.0010562000097706914,0.0010736000258475542,9.399955160915852e-06,0.004260499961674213,8.269993122667074e-05,9.70007386058569e-06,2.00001522898674e-06,9.600073099136353e-06,1.0199961252510548e-05,4.900037311017513e-06,4.499917849898338e-06,0.0001653999788686633,0.00013050006236881018,5.400041118264198e-06,0.0069061999674886465
2,9.300070814788342e-06,7.84001313149929e-05,1.170008908957243e-05,1.219986006617546e-05,7.810001261532307e-05,9.199953638017178e-06,7.940002251416445e-05,1.600012183189392e-06,8.899951353669167e-06,9.70007386058569e-06,7.900060154497623e-06,7.100054062902927e-06,0.0002354000462219119,0.00013749999925494194,5.200039595365524e-06,0.000691600376740098
