percentage,execution,k_s_sup,s_k_sub,t_k_sup,ns_s_sup,s_ns_sub,r_ar_sup,ar_r_sub,ns_sub_r,ks_sf_in,sub_r_r,n_r_t,ns_s_spe,nk_k_sup,s_nsup_k,nrs_ns_r,total_time
20,4,1.0099989594891667e-05,0.003621899988502264,1.0899995686486363e-05,9.399998816661537e-06,0.016083099995739758,0.006899799991515465,1.0799994925037026e-05,1.800013706088066e-06,9.899988071992993e-06,1.4300007023848593e-05,6.400005077011883e-06,4.8000074457377195e-06,0.0016915000014705583,0.0011988000042038038,7.299997378140688e-06,0.029580799979157746
