percentage,execution,ar_r_sub,k_s_sup,ks_sf_in,n_r_t,nk_k_sup,nrs_ns_r,ns_s_spe,ns_s_sup,ns_sub_r,r_ar_sup,s_k_sub,s_ns_sub,s_nsup_k,sub_r_r,t_k_sup,total_time
60,10,1.179997343569994e-05,8.999998681247234e-05,1.1199968867003918e-05,6.3999323174357414e-06,0.002495200023986399,6.600050255656242e-06,5.199923180043697e-06,1.4099874533712864e-05,2.100015990436077e-06,0.016346100019291043,0.01503250002861023,0.032871700008399785,0.002073800074867904,1.6000005416572094e-05,0.0020468999864533544,0.07102959987241775
