percentage,execution,ar_r_sub,k_s_sup,ks_sf_in,n_r_t,nk_k_sup,nrs_ns_r,ns_s_spe,ns_s_sup,ns_sub_r,r_ar_sup,s_k_sub,s_ns_sub,s_nsup_k,sub_r_r,t_k_sup,total_time
40,9,1.0400000974186696e-05,1.089999932446517e-05,9.60000033956021e-06,5.7999995988211595e-06,0.0019175999996150495,6.400000529538374e-06,4.999999873689376e-06,1.2399999832268804e-05,1.9000008251168765e-06,0.011043999999856169,0.007291599999916798,0.016012299999601964,0.0013676999997187522,1.3699999726668466e-05,1.0300000212737359e-05,0.037719599999945785
