percentage,execution,ar_r_sub,k_s_sup,ks_sf_in,n_r_t,nk_k_sup,nrs_ns_r,ns_s_spe,ns_s_sup,ns_sub_r,r_ar_sup,s_k_sub,s_ns_sub,s_nsup_k,sub_r_r,t_k_sup,total_time
60,3,1.0800082236528397e-05,1.090019941329956e-05,1.0099727660417557e-05,6.600283086299896e-06,0.002574899699538946,6.200280040502548e-06,4.90015372633934e-06,9.699724614620209e-06,1.6996636986732483e-06,0.01557940011844039,0.008156999945640564,0.021625700406730175,0.001900400035083294,1.3999640941619873e-05,1.1300202459096909e-05,0.049923600163310766
