percentage,execution,ar_r_sub,k_s_sup,ks_sf_in,n_r_t,nk_k_sup,nrs_ns_r,ns_s_spe,ns_s_sup,ns_sub_r,r_ar_sup,s_k_sub,s_ns_sub,s_nsup_k,sub_r_r,t_k_sup,total_time
10,1,2.2399937734007835e-05,9.650003630667925e-05,2.3000058718025684e-05,1.8700025975704193e-05,0.006818800000473857,2.3099943064153194e-05,1.7700018361210823e-05,1.5700003132224083e-05,2.499902620911598e-06,0.00016960001084953547,0.014593000058084726,0.06988990004174411,0.006380399921908975,3.080011811107397e-05,0.0030233999714255333,0.10112550004851073
