percentage,execution,ar_r_sub,k_s_sup,ks_sf_in,n_r_t,nk_k_sup,nrs_ns_r,ns_s_spe,ns_s_sup,ns_sub_r,r_ar_sup,s_k_sub,s_ns_sub,s_nsup_k,sub_r_r,t_k_sup,total_time
30,1,1.1800089851021767e-05,9.669980499893427e-05,1.170008908957243e-05,7.200054824352264e-06,0.002471399959176779,7.2999391704797745e-06,5.599926225841045e-06,1.2399978004395962e-05,2.09989957511425e-06,0.011016100062988698,0.01621180004440248,0.045434200088493526,0.0021536999847739935,1.6200123354792595e-05,0.0022307001054286957,0.07968890015035868
