percentage,execution,ar_r_sub,k_s_sup,ks_sf_in,n_r_t,nk_k_sup,nrs_ns_r,ns_s_spe,ns_s_sup,ns_sub_r,r_ar_sup,s_k_sub,s_ns_sub,s_nsup_k,sub_r_r,t_k_sup,total_time
70,7,1.209997572004795e-05,9.42000187933445e-05,1.1999974958598614e-05,6.800051778554916e-06,0.0024889999767765403,6.600050255656242e-06,5.600042641162872e-06,1.179997343569994e-05,2.100015990436077e-06,0.01945459994021803,0.016623000032268465,0.030173300066962838,0.00217660004273057,1.6200006939470768e-05,0.0021077999845147133,0.07319170015398413
