percentage,execution,ar_r_sub,k_s_sup,ks_sf_in,n_r_t,nk_k_sup,nrs_ns_r,ns_s_spe,ns_s_sup,ns_sub_r,r_ar_sup,s_k_sub,s_ns_sub,s_nsup_k,sub_r_r,t_k_sup,total_time
50,7,1.0600313544273376e-05,8.009979501366615e-05,1.00000761449337e-05,6.300397217273712e-06,0.002207899931818247,6.00004568696022e-06,4.90015372633934e-06,1.0100193321704865e-05,1.6996636986732483e-06,0.009826199617236853,0.014754800591617823,0.03373779961839318,0.0018547000363469124,1.3700220733880997e-05,0.001860099844634533,0.06438490049913526
