percentage,execution,ar_r_sub,k_s_sup,ks_sf_in,n_r_t,nk_k_sup,nrs_ns_r,ns_s_spe,ns_s_sup,ns_sub_r,r_ar_sup,s_k_sub,s_ns_sub,s_nsup_k,sub_r_r,t_k_sup,total_time
60,7,1.400010660290718e-05,1.179997343569994e-05,1.1300086043775082e-05,6.800051778554916e-06,0.002691500005312264,6.7999353632330894e-06,5.500041879713535e-06,1.0900082997977734e-05,2.09989957511425e-06,0.01659280003514141,0.005954699940048158,0.016331500140950084,0.001943600014783442,1.5600002370774746e-05,1.1899974197149277e-05,0.043610800290480256
