percentage,execution,ar_r_sub,k_s_sup,ks_sf_in,n_r_t,nk_k_sup,nrs_ns_r,ns_s_spe,ns_s_sup,ns_sub_r,r_ar_sup,s_k_sub,s_ns_sub,s_nsup_k,sub_r_r,t_k_sup,total_time
70,8,1.209997572004795e-05,1.1900090612471104e-05,1.1599971912801266e-05,7.100054062902927e-06,0.002904499997384846,6.900052540004253e-06,5.300040356814861e-06,1.0900082997977734e-05,2.400018274784088e-06,0.01586530008353293,0.010146899963729084,0.02050280012190342,0.002066299901343882,1.5199999324977398e-05,1.1999974958598614e-05,0.05158120032865554
