percentage,execution,ar_r_sub,k_s_sup,ks_sf_in,n_r_t,nk_k_sup,nrs_ns_r,ns_s_spe,ns_s_sup,ns_sub_r,r_ar_sup,s_k_sub,s_ns_sub,s_nsup_k,sub_r_r,t_k_sup,total_time
20,1,1.0599847882986069e-05,1.090019941329956e-05,1.0299496352672577e-05,6.5998174250125885e-06,0.0005028997547924519,7.0999376475811005e-06,5.000270903110504e-06,9.399838745594025e-06,2.000480890274048e-06,0.0077770003117620945,0.00014989962801337242,0.000142599456012249,0.0003521000035107136,1.4800578355789185e-05,1.0100193321704865e-05,0.009011299815028906
