percentage,execution,k_s_sup,s_k_sub,t_k_sup,ns_s_sup,s_ns_sub,r_ar_sup,ar_r_sub,ns_sub_r,ks_sf_in,sub_r_r,n_r_t,ns_s_spe,nk_k_sup,s_nsup_k,nrs_ns_r,total_time
80,6,1.0499992640689015e-05,0.007892300011008047,1.0799994925037026e-05,9.499999578110874e-06,0.01085130000137724,0.02085510001052171,1.170000177808106e-05,1.8999853637069464e-06,1.0200004908256233e-05,1.4299992471933365e-05,6.300004315562546e-06,5.0000089686363935e-06,0.002836100000422448,0.0019770000071730465,6.600006599910557e-06,0.044498600022052415
