percentage,execution,ar_r_sub,k_s_sup,ks_sf_in,n_r_t,nk_k_sup,nrs_ns_r,ns_s_spe,ns_s_sup,ns_sub_r,r_ar_sup,s_k_sub,s_ns_sub,s_nsup_k,sub_r_r,t_k_sup,total_time
40,7,1.200009137392044e-05,1.550000160932541e-05,1.1299969628453255e-05,6.8999361246824265e-06,0.0016521000070497394,7.4999406933784485e-06,5.699926987290382e-06,1.0800082236528397e-05,2.200016751885414e-06,0.014504800084978342,0.002823399961926043,0.006297500105574727,0.0011868999572470784,1.5500118024647236e-05,1.2499978765845299e-05,0.026564600178971887
