percentage,execution,ar_r_sub,k_s_sup,ks_sf_in,n_r_t,nk_k_sup,nrs_ns_r,ns_s_spe,ns_s_sup,ns_sub_r,r_ar_sup,s_k_sub,s_ns_sub,s_nsup_k,sub_r_r,t_k_sup,total_time
60,9,1.0800000382005237e-05,1.1499999345687684e-05,1.0300000212737359e-05,6.400000529538374e-06,0.0021605000001727603,6.499999471998308e-06,4.900000021734741e-06,1.0200000360782724e-05,1.7000002117129043e-06,0.014247099999920465,0.005345199999283068,0.011411200000111421,0.0015602000003127614,1.410000095347641e-05,1.0900000233959872e-05,0.03481150000152411
