percentage,execution,ar_r_sub,k_s_sup,ks_sf_in,n_r_t,nk_k_sup,nrs_ns_r,ns_s_spe,ns_s_sup,ns_sub_r,r_ar_sup,s_k_sub,s_ns_sub,s_nsup_k,sub_r_r,t_k_sup,total_time
80,5,1.2499978765845299e-05,9.450002107769251e-05,1.2200092896819115e-05,6.700051017105579e-06,0.002469200058840215,6.500049494206905e-06,5.700043402612209e-06,1.279998105019331e-05,2.100015990436077e-06,0.020688600023277104,0.01626449986360967,0.023615200072526932,0.0021403999999165535,1.7000013031065464e-05,0.0020849999273195863,0.06743290019221604
