execution,ar_r_sub,k_s_sup,ks_sf_in,n_r_t,nk_k_sup,nrs_ns_r,ns_s_spe,ns_s_sup,ns_sub_r,r_ar_sup,s_k_sub,s_ns_sub,s_nsup_k,sub_r_r,t_k_sup,total_time
1,1.2600095942616463e-05,0.010672000120393932,1.209997572004795e-05,6.700051017105579e-06,7.70005863159895e-06,6.700051017105579e-06,0.0020195000106468797,0.00120449997484684,0.00034929998219013214,0.007232699892483652,0.0001021998468786478,9.890005458146334e-05,5.600042641162872e-06,1.4800112694501877e-05,0.00012410013005137444,0.02186940039973706
2,1.109996810555458e-05,0.00010329985525459051,1.1399970389902592e-05,6.3999323174357414e-06,0.0008390999864786863,6.900052540004253e-06,5.900044925510883e-06,1.1500087566673756e-05,1.1699972674250603e-05,9.979994501918554e-05,0.0053013000870123506,0.02117240009829402,0.000712999957613647,1.4099990949034691e-05,0.0024204999208450317,0.03072839986998588
3,1.2100092135369778e-05,0.005229599890299141,1.1100084520876408e-05,6.500049494206905e-06,6.299931555986404e-06,6.299931555986404e-06,0.0006193999433889985,9.860005229711533e-05,0.00018660002388060093,0.0034727000165730715,0.0001023000804707408,9.109999518841505e-05,5.499925464391708e-06,1.3500102795660496e-05,0.00011829996947199106,0.009979900089092553
4,2.589996438473463e-05,0.00011589983478188515,2.110004425048828e-05,1.2399861589074135e-05,0.00899630005005747,1.5200115740299225e-05,1.0699965059757233e-05,7.24999699741602e-05,2.27001728489995e-05,0.0038326000794768333,0.008069299976341426,0.020733900018967688,0.001322799944318831,2.6400084607303143e-05,0.0036461999407038093,0.04692390002310276
5,1.2199976481497288e-05,0.010353000136092305,1.1399970389902592e-05,6.00004568696022e-06,6.400048732757568e-06,6.100046448409557e-06,0.001092200051061809,0.0011219000443816185,0.00033009995240718126,0.0074928998947143555,9.699992369860411e-05,9.079999290406704e-05,5.300040356814861e-06,1.3999990187585354e-05,0.0001249000197276473,0.020764200133271515
