percentage,execution,k_s_sup,s_k_sub,t_k_sup,ns_s_sup,s_ns_sub,r_ar_sup,ar_r_sub,ns_sub_r,ks_sf_in,sub_r_r,n_r_t,ns_s_spe,nk_k_sup,s_nsup_k,nrs_ns_r,total_time
90,1,0.0027366000140318647,0.0038000999920768663,0.01386629999615252,0.006879699998535216,0.007343700010096654,0.0038779000024078414,0.018083399991155602,2.3900007363408804e-05,0.0005971999780740589,3.0700030038133264e-05,1.3299999409355223e-05,0.006752399989636615,0.0033238999894820154,0.002608499999041669,0.0011587000044528395,0.07109630000195466
