percentage,execution,k_s_sup,s_k_sub,t_k_sup,ns_s_sup,s_ns_sub,r_ar_sup,ar_r_sub,ns_sub_r,ks_sf_in,sub_r_r,n_r_t,ns_s_spe,nk_k_sup,s_nsup_k,nrs_ns_r,total_time
90,4,0.0017207000055350363,0.0029700999875785783,0.008950000003096648,0.007251300005009398,0.0034312999923713505,0.002914299999247305,0.012764300001435913,1.8300008377991617e-05,0.0003611999854911119,2.1200001356191933e-05,1.3300013961270452e-05,0.016526000006706454,0.003012700006365776,0.002548700009356253,1.0400006431154907e-05,0.06251380003232043
