percentage,execution,k_s_sup,s_k_sub,t_k_sup,ns_s_sup,s_ns_sub,r_ar_sup,ar_r_sub,ns_sub_r,ks_sf_in,sub_r_r,n_r_t,ns_s_spe,nk_k_sup,s_nsup_k,nrs_ns_r,total_time
20,5,9.370000043418258e-05,0.014463299987255596,0.004938799989758991,1.8600010662339628e-05,0.04086300000199117,9.090002276934683e-05,0.0002638000005390495,1.9300030544400215e-05,0.0005244000203674659,2.6599998818710446e-05,1.2400007108226418e-05,9.900002623908222e-06,0.012476900010369718,0.0024516000121366233,1.3800003216601908e-05,0.07626700009859633
