percentage,execution,ar_r_sub,k_s_sup,ks_sf_in,n_r_t,nk_k_sup,nrs_ns_r,ns_s_spe,ns_s_sup,ns_sub_r,r_ar_sup,s_k_sub,s_ns_sub,s_nsup_k,sub_r_r,t_k_sup,total_time
30,5,0.00038219999987632036,9.310001041740179e-05,0.0005962997674942017,1.2499978765845299e-05,0.012840099981985986,1.309998333454132e-05,9.500072337687016e-06,1.8699909560382366e-05,2.040015533566475e-05,8.799985516816378e-05,0.01581030013039708,0.04260710009839386,0.002799400012008846,2.7900096029043198e-05,0.00435770011972636,0.07967630017083138
