percentage,execution,ar_r_sub,k_s_sup,ks_sf_in,n_r_t,nk_k_sup,nrs_ns_r,ns_s_spe,ns_s_sup,ns_sub_r,r_ar_sup,s_k_sub,s_ns_sub,s_nsup_k,sub_r_r,t_k_sup,total_time
80,7,0.01680350000060571,0.0024667000016052043,1.759999940986745e-05,1.2399999832268804e-05,0.002561900000728201,0.0010051999997813255,0.0061647000002267305,0.006794599999921047,1.799999881768599e-05,0.0036665000006905757,0.0036060000020370353,0.006565499998032465,0.0023900000014691614,2.029999996011611e-05,0.013310900001670234,0.06540380000478763
