percentage,execution,k_s_sup,s_k_sub,t_k_sup,ns_s_sup,s_ns_sub,r_ar_sup,ar_r_sub,ns_sub_r,ks_sf_in,sub_r_r,n_r_t,ns_s_spe,nk_k_sup,s_nsup_k,nrs_ns_r,total_time
10,5,0.004051600000821054,0.0008967999892774969,0.00504709999950137,8.02999857114628e-05,0.004051800002343953,0.0027667999966070056,1.0400006431154907e-05,0.0001598999951966107,9.500014130026102e-06,1.3599987141788006e-05,5.900001269765198e-06,0.0008598999993409961,0.00038189999759197235,0.00035239999124314636,6.400005077011883e-06,0.018694299971684813
