percentage,execution,ar_r_sub,k_s_sup,ks_sf_in,n_r_t,nk_k_sup,nrs_ns_r,ns_s_spe,ns_s_sup,ns_sub_r,r_ar_sup,s_k_sub,s_ns_sub,s_nsup_k,sub_r_r,t_k_sup,total_time
20,3,0.013770899999144603,0.0008907999999792082,2.3799999326001853e-05,1.2399999832268804e-05,0.010319999999410356,1.3799999578623101e-05,0.006702399998175679,0.01972840000053111,0.0007712999995419523,0.002831400001014117,0.0009376999987580348,0.0009324999973614467,0.0007458000000042375,2.9799999538226984e-05,0.004749500003526919,0.062460499995722785
