percentage,execution,k_s_sup,s_k_sub,t_k_sup,ns_s_sup,s_ns_sub,r_ar_sup,ar_r_sub,ns_sub_r,ks_sf_in,sub_r_r,n_r_t,ns_s_spe,nk_k_sup,s_nsup_k,nrs_ns_r,total_time
80,10,0.0016945000097621232,0.002982599995448254,0.00888449999911245,0.006810499995481223,0.006079500017222017,0.002876000013202429,0.017273000004934147,1.7300000763498247e-05,0.00035600000410340726,2.0899984519928694e-05,1.270000939257443e-05,0.016148800001246855,0.0030692000000271946,0.0024855000083334744,0.001106600000639446,0.06981760004418902
