percentage,execution,ar_r_sub,k_s_sup,ks_sf_in,n_r_t,nk_k_sup,nrs_ns_r,ns_s_spe,ns_s_sup,ns_sub_r,r_ar_sup,s_k_sub,s_ns_sub,s_nsup_k,sub_r_r,t_k_sup,total_time
40,10,0.02899539999998524,0.004721499999504886,0.0003329999981360743,1.539999902888667e-05,0.011014999998224084,0.001000700000076904,0.00326860000132001,0.0012737000015476951,0.00022569999964616727,0.003437699999267352,0.0018701000008150004,0.004840699999476783,0.0016552999986743089,2.080000012938399e-05,0.009183100002701394,0.07185669999853417
