percentage,execution,ar_r_sub,k_s_sup,ks_sf_in,n_r_t,nk_k_sup,nrs_ns_r,ns_s_spe,ns_s_sup,ns_sub_r,r_ar_sup,s_k_sub,s_ns_sub,s_nsup_k,sub_r_r,t_k_sup,total_time
70,4,0.007406100048683584,0.002948500099591911,1.5399884432554245e-05,1.2200092896819115e-05,0.01227209996432066,1.1900090612471104e-05,0.0063603000016883016,0.009420399903319776,0.0001903000520542264,0.0028254998615011573,0.0028879999881610274,0.0028753001242876053,0.0020838999189436436,2.0300038158893585e-05,0.015840799896977842,0.06517099996563047
