percentage,execution,ar_r_sub,k_s_sup,ks_sf_in,n_r_t,nk_k_sup,nrs_ns_r,ns_s_spe,ns_s_sup,ns_sub_r,r_ar_sup,s_k_sub,s_ns_sub,s_nsup_k,sub_r_r,t_k_sup,total_time
50,8,0.02330320014152676,0.001729200012050569,1.5099882148206234e-05,1.1999974958598614e-05,0.01102159998845309,1.1800089851021767e-05,0.0066920999670401216,0.009714800049550831,1.8600141629576683e-05,0.0016987001290544868,0.0017297001322731376,0.0017091998597607017,0.001398199936375022,3.920018207281828e-05,0.009249099995940924,0.06834250048268586
