percentage,execution,ar_r_sub,k_s_sup,ks_sf_in,n_r_t,nk_k_sup,nrs_ns_r,ns_s_spe,ns_s_sup,ns_sub_r,r_ar_sup,s_k_sub,s_ns_sub,s_nsup_k,sub_r_r,t_k_sup,total_time
80,10,0.013687600032426417,0.0022940998896956444,0.00036249984987080097,1.2599979527294636e-05,0.02409089996945113,1.5499885194003582e-05,0.006764400051906705,0.007175900042057037,1.8800143152475357e-05,0.0023003999376669526,0.002383999992161989,0.0023839001078158617,0.0028933000285178423,2.180004958063364e-05,0.012007999932393432,0.07641369989141822
