percentage,execution,ar_r_sub,k_s_sup,ks_sf_in,n_r_t,nk_k_sup,nrs_ns_r,ns_s_spe,ns_s_sup,ns_sub_r,r_ar_sup,s_k_sub,s_ns_sub,s_nsup_k,sub_r_r,t_k_sup,total_time
40,1,0.032358599826693535,0.0046176002360880375,0.00035900017246603966,1.3100448995828629e-05,0.0010835002176463604,0.0010501998476684093,0.00665250001475215,0.00892729964107275,0.0002396996133029461,0.0032166005112230778,0.0014430000446736813,0.00455740001052618,0.0009518000297248363,2.2500287741422653e-05,0.007095799781382084,0.07258860068395734
