execution,ar_r_sub,k_s_sup,ks_sf_in,n_r_t,nk_k_sup,nrs_ns_r,ns_s_spe,ns_s_sup,ns_sub_r,r_ar_sup,s_k_sub,s_ns_sub,s_nsup_k,sub_r_r,t_k_sup,total_time
1,9.7999582067132e-06,1.070008147507906e-05,9.399955160915852e-06,5.599926225841045e-06,5.500041879713535e-06,5.599926225841045e-06,0.00048049993347376585,8.489994797855616e-05,2.00001522898674e-06,8.290004916489124e-05,8.999952115118504e-06,9.100069291889668e-06,4.900037311017513e-06,1.170008908957243e-05,9.899958968162537e-06,0.0007414999417960644
2,1.0799849405884743e-05,1.0599964298307896e-05,1.0099844075739384e-05,5.800044164061546e-06,8.399947546422482e-06,5.600042641162872e-06,0.0008731000125408173,0.004753299988806248,1.700012944638729e-06,0.003194899996742606,9.200070053339005e-06,1.0100076906383038e-05,4.999921657145023e-06,1.2099859304726124e-05,9.999959729611874e-06,0.008920699590817094
3,1.0599964298307896e-05,0.009195200051181018,1.0599964298307896e-05,5.900044925510883e-06,5.800044164061546e-06,5.00003807246685e-06,0.0008774000452831388,0.0010182999540120363,2.100015990436077e-06,0.006299300002865493,8.739996701478958e-05,8.599995635449886e-05,4.999921657145023e-06,1.1499971151351929e-05,0.00010439998004585505,0.01772449992131442
4,1.0799849405884743e-05,0.009123299969360232,9.899958968162537e-06,5.700043402612209e-06,5.700043402612209e-06,5.09992241859436e-06,0.0008837999776005745,0.0010053000878542662,1.800013706088066e-06,0.006227699923329055,9.109987877309322e-05,8.459994569420815e-05,4.900037311017513e-06,1.1699972674250603e-05,0.00010409997776150703,0.01757549960166216
