percentage,execution,k_s_sup,s_k_sub,t_k_sup,ns_s_sup,s_ns_sub,r_ar_sup,ar_r_sub,ns_sub_r,ks_sf_in,sub_r_r,n_r_t,ns_s_spe,nk_k_sup,s_nsup_k,nrs_ns_r,total_time
15,3,1.5199999324977398e-05,0.00010160007514059544,1.580000389367342e-05,0.024373000022023916,0.00010820000898092985,0.0199338000966236,0.00010289996862411499,2.400018274784088e-06,1.4900113455951214e-05,2.95999925583601e-05,9.399955160915852e-06,0.015030700014904141,0.00045779999345541,0.00036150007508695126,1.0199961252510548e-05,0.06056700029876083
