percentage,execution,ar_r_sub,k_s_sup,ks_sf_in,n_r_t,nk_k_sup,nrs_ns_r,ns_s_spe,ns_s_sup,ns_sub_r,r_ar_sup,s_k_sub,s_ns_sub,s_nsup_k,sub_r_r,t_k_sup,total_time
80,1,0.012282499577850103,0.005487799644470215,1.2999866157770157e-05,8.500181138515472e-06,0.0019611003808677197,0.00012539979070425034,0.02900280011817813,0.02882520016282797,1.80024653673172e-06,0.029421099927276373,0.0046835001558065414,0.010731799993664026,0.0019821999594569206,2.110004425048828e-05,0.013184800278395414,0.13773260032758117
