percentage,execution,ar_r_sub,k_s_sup,ks_sf_in,n_r_t,nk_k_sup,nrs_ns_r,ns_s_spe,ns_s_sup,ns_sub_r,r_ar_sup,s_k_sub,s_ns_sub,s_nsup_k,sub_r_r,t_k_sup,total_time
80,7,1.2399999832268804e-05,0.00010010000005422626,2.8899999961140566e-05,6.400000529538374e-06,0.000704799999766692,6.199999916134402e-06,5.599999894911889e-06,1.900000006571645e-05,2.499999936844688e-06,0.003223700000489771,0.004256600000189792,0.015383300000394229,0.0005815000004076865,1.340000017080456e-05,0.006648999999015359,0.030993400000625115
