percentage,execution,k_s_sup,s_k_sub,t_k_sup,ns_s_sup,s_ns_sub,r_ar_sup,ar_r_sub,ns_sub_r,ks_sf_in,sub_r_r,n_r_t,ns_s_spe,nk_k_sup,s_nsup_k,nrs_ns_r,total_time
90,1,0.008956800098530948,0.004994800081476569,0.012900699977762997,0.030605499865487218,0.004974600044079125,0.03079220000654459,0.0033297999761998653,2.700020559132099e-06,1.3699987903237343e-05,2.2799940779805183e-05,8.599949069321156e-06,0.02985890000127256,0.001842699944972992,0.0016923999646678567,6.500049494206905e-06,0.13000269990880042
