percentage,execution,k_s_sup,s_k_sub,t_k_sup,ns_s_sup,s_ns_sub,r_ar_sup,ar_r_sub,ns_sub_r,ks_sf_in,sub_r_r,n_r_t,ns_s_spe,nk_k_sup,s_nsup_k,nrs_ns_r,total_time
80,8,0.015435799985425547,0.009702200011815876,0.02403539999795612,0.062360700001590885,0.014685699992696755,0.06095899999490939,0.0029162000137148425,3.2999960239976645e-06,1.9500002963468432e-05,3.440001455601305e-05,1.2499993317760527e-05,0.0689633000001777,0.006558100008987822,0.0062319999997271225,2.849999873433262e-05,0.27194660001259763
