percentage,execution,ar_r_sub,k_s_sup,ks_sf_in,n_r_t,nk_k_sup,nrs_ns_r,ns_s_spe,ns_s_sup,ns_sub_r,r_ar_sup,s_k_sub,s_ns_sub,s_nsup_k,sub_r_r,t_k_sup,total_time
80,2,0.007771700154989958,0.008587200078181922,1.1999974958598614e-05,7.899943739175797e-06,0.0020304000936448574,7.1999384090304375e-06,0.029392399941571057,0.032645200029946864,1.999898813664913e-06,0.03055959998164326,0.00447139993775636,0.007357899914495647,0.0018071000231429935,2.0200037397444248e-05,0.012592699960805476,0.1372648999094963
