percentage,execution,ar_r_sub,k_s_sup,ks_sf_in,n_r_t,nk_k_sup,nrs_ns_r,ns_s_spe,ns_s_sup,ns_sub_r,r_ar_sup,s_k_sub,s_ns_sub,s_nsup_k,sub_r_r,t_k_sup,total_time
60,1,1.6200000573007856e-05,0.00011799999992945231,2.1400001060101204e-05,7.999999979801942e-06,0.0008797999998932937,1.6799999684735667e-05,6.999999641266186e-06,2.3899999177956488e-05,3.6000010368297808e-06,0.003022199999577424,0.0059314999998605344,0.02388040000005276,0.0006940000002941815,1.739999970595818e-05,0.00859260000015638,0.04323280000062368
