percentage,execution,ar_r_sub,k_s_sup,ks_sf_in,n_r_t,nk_k_sup,nrs_ns_r,ns_s_spe,ns_s_sup,ns_sub_r,r_ar_sup,s_k_sub,s_ns_sub,s_nsup_k,sub_r_r,t_k_sup,total_time
20,8,0.0104975001886487,1.2400094419717789e-05,1.1999625712633133e-05,7.6000578701496124e-06,6.299931555986404e-06,7.6000578701496124e-06,0.016481999773532152,0.027503100223839283,1.8998980522155762e-06,0.01656460016965866,1.0899733752012253e-05,1.2300442904233932e-05,5.499925464391708e-06,2.169981598854065e-05,1.109996810555458e-05,0.07115649990737438
