percentage,execution,ar_r_sub,k_s_sup,ks_sf_in,n_r_t,nk_k_sup,nrs_ns_r,ns_s_spe,ns_s_sup,ns_sub_r,r_ar_sup,s_k_sub,s_ns_sub,s_nsup_k,sub_r_r,t_k_sup,total_time
10,6,0.01079339999705553,1.2299977242946625e-05,1.2100208550691605e-05,7.699709385633469e-06,0.0004615001380443573,8.90018418431282e-06,0.009271700400859118,0.015624499879777431,1.8998980522155762e-06,0.008356899954378605,8.41999426484108e-05,8.329981938004494e-05,0.0003704000264406204,2.4699606001377106e-05,1.1700205504894257e-05,0.04512519994750619
