percentage,execution,k_s_sup,s_k_sub,t_k_sup,ns_s_sup,s_ns_sub,r_ar_sup,ar_r_sub,ns_sub_r,ks_sf_in,sub_r_r,n_r_t,ns_s_spe,nk_k_sup,s_nsup_k,nrs_ns_r,total_time
55,2,0.006314099999144673,0.002544200047850609,0.0054527000756934285,0.027728599961847067,0.008690800052136183,0.025383299915120006,0.00020249991212040186,2.00001522898674e-06,1.2200092896819115e-05,2.1399930119514465e-05,8.100061677396297e-06,0.024833799921907485,0.0016598000656813383,0.0013767000054940581,7.800059393048286e-06,0.10423800011631101
