percentage,execution,k_s_sup,s_k_sub,t_k_sup,ns_s_sup,s_ns_sub,r_ar_sup,ar_r_sub,ns_sub_r,ks_sf_in,sub_r_r,n_r_t,ns_s_spe,nk_k_sup,s_nsup_k,nrs_ns_r,total_time
15,5,1.5400000847876072e-05,8.399994112551212e-05,1.2899981811642647e-05,0.017388899927027524,9.14999982342124e-05,0.008381900028325617,0.00014739995822310448,2.00001522898674e-06,1.2100092135369778e-05,2.3900065571069717e-05,7.899943739175797e-06,0.0110899000428617,0.0005003999685868621,0.0004132000030949712,8.70006624609232e-06,0.038180100033059716
