percentage,execution,k_s_sup,s_k_sub,t_k_sup,ns_s_sup,s_ns_sub,r_ar_sup,ar_r_sub,ns_sub_r,ks_sf_in,sub_r_r,n_r_t,ns_s_spe,nk_k_sup,s_nsup_k,nrs_ns_r,total_time
10,2,1.2599863111972809e-05,1.1399970389902592e-05,1.200009137392044e-05,0.017139299889095128,1.2499862350523472e-05,0.002870099968276918,0.0001479999627918005,4.799920134246349e-06,1.1800089851021767e-05,2.2499938495457172e-05,7.70005863159895e-06,0.01130609994288534,6.9999368861317635e-06,5.800044164061546e-06,8.499948307871819e-06,0.031580099486745894
