percentage,execution,ar_r_sub,k_s_sup,ks_sf_in,n_r_t,nk_k_sup,nrs_ns_r,ns_s_spe,ns_s_sup,ns_sub_r,r_ar_sup,s_k_sub,s_ns_sub,s_nsup_k,sub_r_r,t_k_sup,total_time
10,1,0.00013640010729432106,1.1200550943613052e-05,1.1000316590070724e-05,6.90016895532608e-06,0.00043709995225071907,8.400063961744308e-06,0.012277300003916025,0.02345969993621111,1.5003606677055359e-06,0.007907100021839142,7.999967783689499e-05,7.749954238533974e-05,0.0003475998528301716,2.0999927073717117e-05,1.090019941329956e-05,0.0447936006821692
