percentage,execution,ar_r_sub,k_s_sup,ks_sf_in,n_r_t,nk_k_sup,nrs_ns_r,ns_s_spe,ns_s_sup,ns_sub_r,r_ar_sup,s_k_sub,s_ns_sub,s_nsup_k,sub_r_r,t_k_sup,total_time
20,4,3.819999983534217e-05,3.680000008898787e-05,3.66000012945733e-05,1.900000006571645e-05,0.0008912999992389814,2.990000029967632e-05,1.629999951546779e-05,3.400000059627928e-05,4.70000031782547e-06,0.011443700000199897,0.0003208999996786588,0.00038720000065950444,0.0005662000003212597,4.099999932805076e-05,4.270000044925837e-05,0.013908500001889479
