percentage,execution,k_s_sup,s_k_sub,t_k_sup,ns_s_sup,s_ns_sub,r_ar_sup,ar_r_sub,ns_sub_r,ks_sf_in,sub_r_r,n_r_t,ns_s_spe,nk_k_sup,s_nsup_k,nrs_ns_r,total_time
90,3,0.00667609999072738,0.0062800000014249235,0.0159369000029983,0.043116000000736676,0.010104699991643429,0.03347399999620393,0.004091900002094917,2.6000052457675338e-06,1.619999238755554e-05,2.7300004148855805e-05,1.0000003385357559e-05,0.038978900003712624,0.0022652999905403703,0.002112500005750917,9.99998883344233e-06,0.16310239997983444
