percentage,execution,ar_r_sub,k_s_sup,ks_sf_in,n_r_t,nk_k_sup,nrs_ns_r,ns_s_spe,ns_s_sup,ns_sub_r,r_ar_sup,s_k_sub,s_ns_sub,s_nsup_k,sub_r_r,t_k_sup,total_time
70,3,0.0017169001512229443,0.003209399990737438,1.890026032924652e-05,8.00006091594696e-06,0.001888700295239687,7.299706339836121e-06,0.03043209994211793,0.033862399868667126,2.200249582529068e-06,0.02350590005517006,0.003981399349868298,0.016411999706178904,0.0017603002488613129,2.9799994081258774e-05,0.008035600185394287,0.1248709000647068
