percentage,execution,ar_r_sub,k_s_sup,ks_sf_in,n_r_t,nk_k_sup,nrs_ns_r,ns_s_spe,ns_s_sup,ns_sub_r,r_ar_sup,s_k_sub,s_ns_sub,s_nsup_k,sub_r_r,t_k_sup,total_time
80,9,1.1199999789823778e-05,8.960000013757963e-05,1.0199999451288022e-05,8.999999408842996e-06,0.0006341000007523689,5.800000508315861e-06,4.900000021734741e-06,1.0399999155197293e-05,2.499999936844688e-06,0.0027888999993592734,0.003390699999727076,0.006685299998935079,0.0005011000002923538,1.1599999197642319e-05,0.003944499999306572,0.018099799995979993
