percentage,execution,k_s_sup,s_k_sub,t_k_sup,ns_s_sup,s_ns_sub,r_ar_sup,ar_r_sub,ns_sub_r,ks_sf_in,sub_r_r,n_r_t,ns_s_spe,nk_k_sup,s_nsup_k,nrs_ns_r,total_time
90,8,0.006481700009317137,0.005986500007566065,0.015769599995110184,0.04922759998589754,0.005972300001303665,0.04123460000846535,0.000516500003868714,2.3999891709536314e-06,1.4999997802078724e-05,2.5699991965666413e-05,9.499999578110874e-06,0.040076099990983494,0.0022047000093152747,0.0020348000107333064,7.100010407157242e-06,0.1695641000114847
