percentage,execution,ar_r_sub,k_s_sup,ks_sf_in,n_r_t,nk_k_sup,nrs_ns_r,ns_s_spe,ns_s_sup,ns_sub_r,r_ar_sup,s_k_sub,s_ns_sub,s_nsup_k,sub_r_r,t_k_sup,total_time
10,2,0.00015590013936161995,1.2599397450685501e-05,1.180032268166542e-05,7.799826562404633e-06,0.00042109983041882515,8.699949830770493e-06,0.0133907999843359,0.02857940038666129,2.00001522898674e-06,0.012079800479114056,8.600018918514252e-05,8.96998681128025e-05,0.0003288998268544674,2.350006252527237e-05,1.2099742889404297e-05,0.05521010002121329
