percentage,execution,ar_r_sub,k_s_sup,ks_sf_in,n_r_t,nk_k_sup,nrs_ns_r,ns_s_spe,ns_s_sup,ns_sub_r,r_ar_sup,s_k_sub,s_ns_sub,s_nsup_k,sub_r_r,t_k_sup,total_time
20,3,4.129999979340937e-05,7.050000021990854e-05,2.7799998861155473e-05,1.7800000023271423e-05,0.0013467999997374136,1.6199999663513154e-05,1.9699999938893598e-05,4.0500000068277586e-05,3.6999999792897142e-06,0.010987300001033873,0.0005513000005521462,0.0004990000006728224,0.00048770000012154924,7.15000005584443e-05,6.050000047252979e-05,0.014241600001696497
