percentage,execution,k_s_sup,s_k_sub,t_k_sup,ns_s_sup,s_ns_sub,r_ar_sup,ar_r_sub,ns_sub_r,ks_sf_in,sub_r_r,n_r_t,ns_s_spe,nk_k_sup,s_nsup_k,nrs_ns_r,total_time
70,1,0.002568500000052154,0.0010500000062165782,0.005475700003444217,0.042257399996742606,0.0010070999851450324,0.02721130001009442,0.007844300009310246,2.1000014385208488e-06,1.270000939257443e-05,2.200000744778663e-05,8.000002708286047e-06,0.030964299992774613,0.0017516000079922378,0.0013913000002503395,6.799993570894003e-06,0.1215731000265805
