percentage,execution,k_s_sup,s_k_sub,t_k_sup,ns_s_sup,s_ns_sub,r_ar_sup,ar_r_sub,ns_sub_r,ks_sf_in,sub_r_r,n_r_t,ns_s_spe,nk_k_sup,s_nsup_k,nrs_ns_r,total_time
55,4,0.0029763999627903104,0.0029223000165075064,0.006000799941830337,0.0172790001379326,0.005864800070412457,0.0240286000771448,0.013206800096668303,2.500019036233425e-06,3.9899954572319984e-05,4.950002767145634e-05,8.09994526207447e-06,0.018913400010205805,0.0021761999232694507,0.0018079000292345881,7.79994297772646e-06,0.09528400015551597
