percentage,execution,ar_r_sub,k_s_sup,ks_sf_in,n_r_t,nk_k_sup,nrs_ns_r,ns_s_spe,ns_s_sup,ns_sub_r,r_ar_sup,s_k_sub,s_ns_sub,s_nsup_k,sub_r_r,t_k_sup,total_time
20,6,0.00020699994638562202,2.840021625161171e-05,1.16005539894104e-05,7.6000578701496124e-06,0.0005176002159714699,8.90018418431282e-06,0.021273599937558174,0.041109700221568346,1.8998980522155762e-06,0.015117700211703777,7.939990609884262e-05,8.639972656965256e-05,0.0003367997705936432,2.200016751885414e-05,1.1500436812639236e-05,0.07882010145112872
