percentage,execution,ar_r_sub,k_s_sup,ks_sf_in,n_r_t,nk_k_sup,nrs_ns_r,ns_s_spe,ns_s_sup,ns_sub_r,r_ar_sup,s_k_sub,s_ns_sub,s_nsup_k,sub_r_r,t_k_sup,total_time
40,9,0.0003177999997205916,1.5100000382517464e-05,1.1900000572495628e-05,7.600000571983401e-06,0.001344299999800569,7.800000275892671e-06,0.021458700000039244,0.037764599999718484,2.3000002329354174e-06,0.01788370000122086,0.00031680000029155053,0.00020309999945311574,0.001096200000574754,2.2399999579647556e-05,1.6599999980826396e-05,0.08046890000241547
