percentage,execution,ar_r_sub,k_s_sup,ks_sf_in,n_r_t,nk_k_sup,nrs_ns_r,ns_s_spe,ns_s_sup,ns_sub_r,r_ar_sup,s_k_sub,s_ns_sub,s_nsup_k,sub_r_r,t_k_sup,total_time
80,1,3.1599999601894524e-05,0.00020139999924140284,3.4100000448233914e-05,1.2399999832268804e-05,0.0015583000003971392,8.099999831756577e-06,1.1500000255182385e-05,3.04000004689442e-05,3.899998773704283e-06,0.006902000000081898,0.008567699999730394,0.016188199999305652,0.0007755999995424645,3.4100000448233914e-05,0.008997200000521843,0.04335649999848101
