percentage,execution,k_s_sup,s_k_sub,t_k_sup,ns_s_sup,s_ns_sub,r_ar_sup,ar_r_sub,ns_sub_r,ks_sf_in,sub_r_r,n_r_t,ns_s_spe,nk_k_sup,s_nsup_k,nrs_ns_r,total_time
10,3,0.012220899923704565,0.0009098000591620803,0.005458800005726516,0.01913799997419119,0.004106600070372224,0.01472109998576343,8.010002784430981e-05,2.600019797682762e-06,1.4299876056611538e-05,2.2500054910779e-05,7.5999414548277855e-06,0.01446189999114722,0.00044269999489188194,0.00040659995283931494,8.499948307871819e-06,0.0720019998261705
