percentage,execution,ar_r_sub,k_s_sup,ks_sf_in,n_r_t,nk_k_sup,nrs_ns_r,ns_s_spe,ns_s_sup,ns_sub_r,r_ar_sup,s_k_sub,s_ns_sub,s_nsup_k,sub_r_r,t_k_sup,total_time
60,8,1.359999987471383e-05,0.00010779999956866959,1.2800000149582047e-05,7.199999345175456e-06,0.0009546999999656691,7.800000275892671e-06,6.100000064179767e-06,1.340000017080456e-05,2.499999936844688e-06,0.0028943000006620423,0.004370299999209237,0.015441200000168465,0.000638999999864609,1.539999993838137e-05,0.005078300000604941,0.029564399999799207
