percentage,execution,ar_r_sub,k_s_sup,ks_sf_in,n_r_t,nk_k_sup,nrs_ns_r,ns_s_spe,ns_s_sup,ns_sub_r,r_ar_sup,s_k_sub,s_ns_sub,s_nsup_k,sub_r_r,t_k_sup,total_time
50,10,0.010527200065553188,0.012660000007599592,1.2299977242946625e-05,8.199946023523808e-06,0.0019509000703692436,7.70005863159895e-06,0.020950700039975345,0.020239400095306337,2.09989957511425e-06,0.029106699861586094,0.005338600021786988,0.014909000019542873,0.001711699995212257,2.3399945348501205e-05,0.013181300018914044,0.13062920002266765
