execution,k_s_sup,s_k_sub,t_k_sup,ns_s_sup,s_ns_sub,r_ar_sup,ar_r_sub,ns_sub_r,ks_sf_in,sub_r_r,n_r_t,ns_s_spe,nk_k_sup,s_nsup_k,nrs_ns_r,total_time
1,0.004452399909496307,0.0018700999207794666,0.0036747000413015485,8.399994112551212e-05,0.00883179996162653,0.0030855999793857336,1.0200077667832375e-05,0.00318100000731647,1.0199961252510548e-05,1.1499971151351929e-05,5.500041879713535e-06,0.0004232999635860324,0.0004173999186605215,0.00036259996704757214,6.00004568696022e-06,0.026426299707964063
2,0.012828700011596084,0.00023760006297379732,0.00027460011187940836,0.0019841999746859074,0.0002269999822601676,0.010106600006110966,2.1399930119514465e-05,0.007254199939779937,2.0900042727589607e-05,2.3699947632849216e-05,1.1399970389902592e-05,0.012405900051817298,1.1899974197149277e-05,1.0299962013959885e-05,9.999959729611874e-06,0.04542839992791414
3,8.489994797855616e-05,0.003577199997380376,0.0011403999524191022,1.0400079190731049e-05,0.013968899962492287,8.999998681247234e-05,9.900075383484364e-06,9.499955922365189e-06,9.300070814788342e-06,1.1499971151351929e-05,5.499925464391708e-06,4.800036549568176e-06,0.0005807999987155199,0.0004920000210404396,6.100046448409557e-06,0.020001200027763844
4,0.012760499841533601,0.00023809995036572218,0.0002769998973235488,0.001957699889317155,0.0002723999787122011,0.01026940019801259,2.5999965146183968e-05,0.006796599947847426,2.0400038920342922e-05,2.320006024092436e-05,1.0799849405884743e-05,0.015297599951736629,1.200009137392044e-05,1.3599987141788006e-05,1.00000761449337e-05,0.04798529972322285
