percentage,execution,ar_r_sub,k_s_sup,ks_sf_in,n_r_t,nk_k_sup,nrs_ns_r,ns_s_spe,ns_s_sup,ns_sub_r,r_ar_sup,s_k_sub,s_ns_sub,s_nsup_k,sub_r_r,t_k_sup,total_time
70,10,1.2200325727462769e-05,1.1899974197149277e-05,1.1200085282325745e-05,6.90016895532608e-06,0.0026610996574163437,6.6999346017837524e-06,5.2996911108493805e-06,1.0500196367502213e-05,1.7993152141571045e-06,0.016051800455898046,0.0036133998073637486,0.003553799819201231,0.0018217000178992748,1.730024814605713e-05,1.4800112694501877e-05,0.02780039981007576
