percentage,execution,ar_r_sub,k_s_sup,ks_sf_in,n_r_t,nk_k_sup,nrs_ns_r,ns_s_spe,ns_s_sup,ns_sub_r,r_ar_sup,s_k_sub,s_ns_sub,s_nsup_k,sub_r_r,t_k_sup,total_time
80,8,0.010841900017112494,0.024217199999839067,0.0004922002553939819,1.3700220733880997e-05,0.009499100036919117,9.300187230110168e-06,0.08701790031045675,0.04195159999653697,1.8998980522155762e-06,0.09303119964897633,0.01780330017209053,0.026846300344914198,0.008129399735480547,0.0007046004757285118,0.027801300399005413,0.3483609016984701
