percentage,execution,k_s_sup,s_k_sub,t_k_sup,ns_s_sup,s_ns_sub,r_ar_sup,ar_r_sub,ns_sub_r,ks_sf_in,sub_r_r,n_r_t,ns_s_spe,nk_k_sup,s_nsup_k,nrs_ns_r,total_time
70,5,7.940013892948627e-05,0.01629129983484745,0.012283100048080087,1.1499971151351929e-05,0.03555109992157668,0.016502600046806037,1.1899974197149277e-05,1.9000144675374031e-06,1.109996810555458e-05,1.7000013031065464e-05,6.5999338403344154e-06,5.600042641162872e-06,0.002729099942371249,0.0024991000536829233,6.5999338403344154e-06,0.0860078998375684
