percentage,execution,ar_r_sub,k_s_sup,ks_sf_in,n_r_t,nk_k_sup,nrs_ns_r,ns_s_spe,ns_s_sup,ns_sub_r,r_ar_sup,s_k_sub,s_ns_sub,s_nsup_k,sub_r_r,t_k_sup,total_time
80,3,0.00024839999969117343,7.790000017848797e-05,0.0008426000003964873,5.300000339047983e-06,0.0008275999998659245,5.200000487093348e-06,4.499999704421498e-06,9.60000033956021e-06,1.8000009731622413e-06,7.699999969190685e-05,0.004762700000355835,0.008804399999462476,0.0007039000001896056,1.1899999663000926e-05,0.0018755000000965083,0.01825830000143469
