percentage,execution,ar_r_sub,k_s_sup,ks_sf_in,n_r_t,nk_k_sup,nrs_ns_r,ns_s_spe,ns_s_sup,ns_sub_r,r_ar_sup,s_k_sub,s_ns_sub,s_nsup_k,sub_r_r,t_k_sup,total_time
40,9,0.001378399902023375,0.038298600004054606,0.0007247000467032194,1.2899981811642647e-05,0.010254699969664216,2.0000035874545574e-05,0.0804327999940142,0.04761610005516559,2.200016751885414e-06,0.07626539992634207,0.017954600043594837,0.05750410002656281,0.008635599981062114,5.230004899203777e-05,0.028194000013172626,0.3673464000457898
