percentage,execution,k_s_sup,s_k_sub,t_k_sup,ns_s_sup,s_ns_sub,r_ar_sup,ar_r_sub,ns_sub_r,ks_sf_in,sub_r_r,n_r_t,ns_s_spe,nk_k_sup,s_nsup_k,nrs_ns_r,total_time
50,5,0.034713400003965944,0.013036600008490495,0.02506080000603106,0.04452389999642037,0.031482800011872314,0.06606890000693966,0.013233499994385056,2.200016751885414e-06,0.0007164999842643738,0.0002821000089170411,1.2899996363557875e-05,0.07941449999634642,0.007853700008126907,0.006852200007415377,1.1099997209385037e-05,0.32326510004349984
