percentage,execution,k_s_sup,s_k_sub,t_k_sup,ns_s_sup,s_ns_sub,r_ar_sup,ar_r_sub,ns_sub_r,ks_sf_in,sub_r_r,n_r_t,ns_s_spe,nk_k_sup,s_nsup_k,nrs_ns_r,total_time
20,1,1.1200085282325745e-05,0.001203700085170567,1.170008908957243e-05,1.4499993994832039e-05,0.0042313000885769725,0.00691019999794662,1.1699972674250603e-05,2.100015990436077e-06,1.3900105841457844e-05,1.8099904991686344e-05,6.800051778554916e-06,5.400041118264198e-06,0.0010084999958053231,0.0006781999254599214,8.600065484642982e-06,0.014135900419205427
