percentage,execution,ar_r_sub,k_s_sup,ks_sf_in,n_r_t,nk_k_sup,nrs_ns_r,ns_s_spe,ns_s_sup,ns_sub_r,r_ar_sup,s_k_sub,s_ns_sub,s_nsup_k,sub_r_r,t_k_sup,total_time
30,8,0.0016336000990122557,0.01207970012910664,0.0008813999593257904,3.350002225488424e-05,0.004796499968506396,1.1699972674250603e-05,0.05210209998767823,0.024205300025641918,2.600019797682762e-06,0.04236059996765107,0.002030199859291315,0.005106199881993234,0.0029866000404581428,9.240012150257826e-05,0.00016600009985268116,0.14848840015474707
