percentage,execution,ar_r_sub,k_s_sup,ks_sf_in,n_r_t,nk_k_sup,nrs_ns_r,ns_s_spe,ns_s_sup,ns_sub_r,r_ar_sup,s_k_sub,s_ns_sub,s_nsup_k,sub_r_r,t_k_sup,total_time
80,6,1.0299999303242657e-05,0.007799399999385059,9.60000033956021e-06,5.699999746866524e-06,5.7999995988211595e-06,4.800000169780105e-06,0.002261200000248209,0.0024493000000802567,1.8000000636675395e-06,0.008138499999404303,0.0001878000002761837,0.00019460000021354062,4.70000031782547e-06,1.1899998753506225e-05,0.00021100000049045775,0.02129639999839128
