percentage,execution,k_s_sup,s_k_sub,t_k_sup,ns_s_sup,s_ns_sub,r_ar_sup,ar_r_sub,ns_sub_r,ks_sf_in,sub_r_r,n_r_t,ns_s_spe,nk_k_sup,s_nsup_k,nrs_ns_r,total_time
60,7,8.13000078778714e-05,0.012069499993231148,0.004205399993225001,1.0200004908256233e-05,0.02942930001881905,0.010338199994293973,1.0100018698722124e-05,1.700012944638729e-06,9.799987310543656e-06,1.309999788645655e-05,5.599998985417187e-06,4.899993655271828e-06,0.001912299994728528,0.0016344999894499779,5.699999746866524e-06,0.05973160000576172
