percentage,execution,ar_r_sub,k_s_sup,ks_sf_in,n_r_t,nk_k_sup,nrs_ns_r,ns_s_spe,ns_s_sup,ns_sub_r,r_ar_sup,s_k_sub,s_ns_sub,s_nsup_k,sub_r_r,t_k_sup,total_time
30,8,1.119985245168209e-05,1.0699848644435406e-05,9.800074622035027e-06,6.300047971308231e-06,0.001510899979621172,7.00005330145359e-06,5.100038833916187e-06,9.699957445263863e-06,2.00001522898674e-06,0.006336999940685928,0.0039160000160336494,0.014050600002519786,0.0010528999846428633,1.4299876056611538e-05,1.109996810555458e-05,0.026954599656164646
