percentage,execution,k_s_sup,s_k_sub,t_k_sup,ns_s_sup,s_ns_sub,r_ar_sup,ar_r_sub,ns_sub_r,ks_sf_in,sub_r_r,n_r_t,ns_s_spe,nk_k_sup,s_nsup_k,nrs_ns_r,total_time
95,4,8.240004535764456e-05,0.017027199966832995,0.01253170007839799,1.2199976481497288e-05,0.01982730010058731,0.01893340004608035,1.5099882148206234e-05,2.200016751885414e-06,1.4599994756281376e-05,1.780001912266016e-05,7.1999384090304375e-06,5.800044164061546e-06,0.002989600063301623,0.0025127000408247113,6.100046448409557e-06,0.07398530025966465
