percentage,execution,ar_r_sub,k_s_sup,ks_sf_in,n_r_t,nk_k_sup,nrs_ns_r,ns_s_spe,ns_s_sup,ns_sub_r,r_ar_sup,s_k_sub,s_ns_sub,s_nsup_k,sub_r_r,t_k_sup,total_time
70,9,0.012773199938237667,0.02373040048405528,0.0007126000709831715,1.3599637895822525e-05,0.009989599697291851,1.9799917936325073e-05,0.07825140003114939,0.04362209979444742,2.100132405757904e-06,0.08833790011703968,0.0193165997043252,0.031638100277632475,0.008476300165057182,0.00157589977607131,0.03704990027472377,0.3555095000192523
