percentage,execution,ar_r_sub,k_s_sup,ks_sf_in,n_r_t,nk_k_sup,nrs_ns_r,ns_s_spe,ns_s_sup,ns_sub_r,r_ar_sup,s_k_sub,s_ns_sub,s_nsup_k,sub_r_r,t_k_sup,total_time
40,6,1.1600088328123093e-05,8.169980719685555e-05,1.0999850928783417e-05,6.5998174250125885e-06,0.002930200193077326,7.700175046920776e-06,5.300156772136688e-06,1.3700220733880997e-05,1.5995465219020844e-06,0.00933029968291521,0.0156955998390913,0.05483810044825077,0.0024067997001111507,1.6500242054462433e-05,0.012121400330215693,0.09747810009866953
