percentage,execution,ar_r_sub,k_s_sup,ks_sf_in,n_r_t,nk_k_sup,nrs_ns_r,ns_s_spe,ns_s_sup,ns_sub_r,r_ar_sup,s_k_sub,s_ns_sub,s_nsup_k,sub_r_r,t_k_sup,total_time
40,9,1.049999991664663e-05,7.840000034775585e-05,9.899999895424116e-06,5.7999995988211595e-06,0.0018902000001617125,6.299999768089037e-06,4.999999873689376e-06,1.0200000360782724e-05,1.7000002117129043e-06,0.008506299999680778,0.011854700000185403,0.03714529999979277,0.00161740000021382,1.3799999578623101e-05,0.004300200000216137,0.06545569999980216
