percentage,execution,k_s_sup,s_k_sub,t_k_sup,ns_s_sup,s_ns_sub,r_ar_sup,ar_r_sub,ns_sub_r,ks_sf_in,sub_r_r,n_r_t,ns_s_spe,nk_k_sup,s_nsup_k,nrs_ns_r,total_time
80,7,0.02540450000378769,0.012151999995694496,0.02202979999128729,0.047403799995663576,0.018352200000663288,0.1042682999977842,0.019437800016021356,2.1000014385208488e-06,0.0004894000012427568,0.0016291000065393746,1.3600001693703234e-05,0.09161800000583753,0.00958310000714846,0.007833199997548945,9.800001862458885e-06,0.36022670002421364
