percentage,execution,ar_r_sub,k_s_sup,ks_sf_in,n_r_t,nk_k_sup,nrs_ns_r,ns_s_spe,ns_s_sup,ns_sub_r,r_ar_sup,s_k_sub,s_ns_sub,s_nsup_k,sub_r_r,t_k_sup,total_time
60,9,9.299998964706901e-06,7.660000028408831e-05,8.900000466383062e-06,5.099999725644011e-06,0.00058069999977306,5.399999281507917e-06,4.300000000512227e-06,8.89999955688836e-06,1.600000359758269e-06,0.0016642000000501866,0.00380829999994603,0.009855599999355036,0.0004825999994864105,2.6599999728205148e-05,0.002693600000384322,0.01923169999736274
