percentage,execution,ar_r_sub,k_s_sup,ks_sf_in,n_r_t,nk_k_sup,nrs_ns_r,ns_s_spe,ns_s_sup,ns_sub_r,r_ar_sup,s_k_sub,s_ns_sub,s_nsup_k,sub_r_r,t_k_sup,total_time
40,7,1.0200000360782724e-05,0.001665399999183137,9.100000170292333e-06,5.700000656361226e-06,5.500000042957254e-06,5.2999994295532815e-06,0.0012538000000859029,0.000900799999726587,1.600000359758269e-06,0.0023941999997987296,7.480000022042077e-05,7.31999989511678e-05,7.700000423938036e-06,1.2200000128359534e-05,8.919999982026638e-05,0.006508699999358214
