percentage,execution,k_s_sup,s_k_sub,t_k_sup,ns_s_sup,s_ns_sub,r_ar_sup,ar_r_sub,ns_sub_r,ks_sf_in,sub_r_r,n_r_t,ns_s_spe,nk_k_sup,s_nsup_k,nrs_ns_r,total_time
90,2,7.919990457594395e-05,0.016286500031128526,0.012186000007204711,1.179997343569994e-05,0.02201220009010285,0.01629449985921383,1.1900090612471104e-05,2.09989957511425e-06,1.4099874533712864e-05,1.6300007700920105e-05,6.8999361246824265e-06,5.500041879713535e-06,0.00286679994314909,0.002387200016528368,6.00004568696022e-06,0.0721869997214526
