percentage,execution,ar_r_sub,k_s_sup,ks_sf_in,n_r_t,nk_k_sup,nrs_ns_r,ns_s_spe,ns_s_sup,ns_sub_r,r_ar_sup,s_k_sub,s_ns_sub,s_nsup_k,sub_r_r,t_k_sup,total_time
20,5,1.0199999451288022e-05,7.879999975557439e-05,9.800000043469481e-06,6.000000212225132e-06,0.001964099999895552,6.8999997893115506e-06,4.800000169780105e-06,9.999999747378752e-06,1.8000009731622413e-06,0.0016642000000501866,0.012259900000572088,0.04322420000062266,0.0016630000000077416,1.3899999430577736e-05,0.004390399999465444,0.06530800000018644
