percentage,execution,ar_r_sub,k_s_sup,ks_sf_in,n_r_t,nk_k_sup,nrs_ns_r,ns_s_spe,ns_s_sup,ns_sub_r,r_ar_sup,s_k_sub,s_ns_sub,s_nsup_k,sub_r_r,t_k_sup,total_time
10,10,0.006161299999803305,0.012298000045120716,1.5099882148206234e-05,1.1699972674250603e-05,0.005426999996416271,1.6000005416572094e-05,0.027400299906730652,0.00824520003516227,2.00001522898674e-06,0.03119049989618361,0.013040599995292723,0.05672670004423708,0.004799799993634224,5.2699935622513294e-05,0.02279469999484718,0.18818159971851856
