percentage,execution,ar_r_sub,k_s_sup,ks_sf_in,n_r_t,nk_k_sup,nrs_ns_r,ns_s_spe,ns_s_sup,ns_sub_r,r_ar_sup,s_k_sub,s_ns_sub,s_nsup_k,sub_r_r,t_k_sup,total_time
80,4,9.700000191514846e-06,7.929999992484227e-05,9.499999578110874e-06,4.900000021734741e-06,0.0005826000005981768,4.70000031782547e-06,4.600000465870835e-06,9.299999874201603e-06,1.7000002117129043e-06,0.0051885000002585,0.003586599999835016,0.006584100000509352,0.0004861999996137456,1.1099999937869143e-05,0.00318289999904664,0.019745700000385114
