percentage,execution,k_s_sup,s_k_sub,t_k_sup,ns_s_sup,s_ns_sub,r_ar_sup,ar_r_sub,ns_sub_r,ks_sf_in,sub_r_r,n_r_t,ns_s_spe,nk_k_sup,s_nsup_k,nrs_ns_r,total_time
80,9,1.0900010238401592e-05,0.00387590000173077,1.0799994925037026e-05,9.599985787644982e-06,0.0037728000024799258,0.015198900000541471,1.1099997209385037e-05,1.7999991541728377e-06,1.0100004146806896e-05,3.0099996365606785e-05,6.100002792663872e-06,5.099995178170502e-06,0.0020517000084510073,0.00139639999542851,5.600013537332416e-06,0.026396900007966906
