percentage,execution,k_s_sup,s_k_sub,t_k_sup,ns_s_sup,s_ns_sub,r_ar_sup,ar_r_sub,ns_sub_r,ks_sf_in,sub_r_r,n_r_t,ns_s_spe,nk_k_sup,s_nsup_k,nrs_ns_r,total_time
55,5,0.03354580013547093,0.02668810007162392,0.054529599961824715,0.04326740000396967,0.05916369997430593,0.08540189999621361,0.008139399928040802,2.09989957511425e-06,0.0008403999963775277,0.0002861000830307603,1.2800097465515137e-05,0.07389190001413226,0.009238600032404065,0.008326799958012998,1.0499963536858559e-05,0.4033451001159847
