percentage,execution,k_s_sup,s_k_sub,t_k_sup,ns_s_sup,s_ns_sub,r_ar_sup,ar_r_sub,ns_sub_r,ks_sf_in,sub_r_r,n_r_t,ns_s_spe,nk_k_sup,s_nsup_k,nrs_ns_r,total_time
70,9,8.399999933317304e-05,0.012262999996892177,0.004391800001030788,1.0500007192604244e-05,0.02598809999471996,0.012323499991907738,1.09999964479357e-05,1.8999999156221747e-06,9.800001862458885e-06,1.4199991710484028e-05,6.000002031214535e-06,4.899993655271828e-06,0.0021720000077039003,0.0016767000051913783,7.299997378140688e-06,0.058964699986972846
