percentage,execution,ar_r_sub,k_s_sup,ks_sf_in,n_r_t,nk_k_sup,nrs_ns_r,ns_s_spe,ns_s_sup,ns_sub_r,r_ar_sup,s_k_sub,s_ns_sub,s_nsup_k,sub_r_r,t_k_sup,total_time
60,2,0.044525500000418106,0.02367240000057791,0.0009328000005552894,1.2900000001536682e-05,0.008314799999425304,0.00010919999931502389,0.07513180000023567,0.03316200000062963,1.99999976757681e-06,0.06669239999973797,0.01950790000046254,0.04955140000129177,0.00733719999971072,0.0040936999994301,0.037990300000274146,0.3710363000018333
