percentage,execution,ar_r_sub,k_s_sup,ks_sf_in,n_r_t,nk_k_sup,nrs_ns_r,ns_s_spe,ns_s_sup,ns_sub_r,r_ar_sup,s_k_sub,s_ns_sub,s_nsup_k,sub_r_r,t_k_sup,total_time
20,6,0.02192929992452264,0.01199420029297471,1.6500242054462433e-05,1.2299977242946625e-05,0.004043899942189455,1.2800097465515137e-05,0.05718399956822395,0.04540990060195327,1.900363713502884e-06,0.029509299900382757,0.005659099668264389,0.021180900279432535,0.0032031997106969357,0.00313179986551404,0.006257600151002407,0.20954670058563352
