percentage,execution,k_s_sup,s_k_sub,t_k_sup,ns_s_sup,s_ns_sub,r_ar_sup,ar_r_sub,ns_sub_r,ks_sf_in,sub_r_r,n_r_t,ns_s_spe,nk_k_sup,s_nsup_k,nrs_ns_r,total_time
90,2,0.03363060000992846,0.02877059999445919,0.06602909999492113,0.0406957999948645,0.04167410000809468,0.12408410001080483,0.028532800017273985,2.0999868866056204e-06,0.0007184999994933605,0.002510099991923198,1.3600001693703234e-05,0.08563750000030268,0.009926200000336394,0.009124200005317107,8.100003469735384e-06,0.47135740001976956
