percentage,execution,ar_r_sub,k_s_sup,ks_sf_in,n_r_t,nk_k_sup,nrs_ns_r,ns_s_spe,ns_s_sup,ns_sub_r,r_ar_sup,s_k_sub,s_ns_sub,s_nsup_k,sub_r_r,t_k_sup,total_time
60,7,1.0499963536858559e-05,1.0200077667832375e-05,9.70007386058569e-06,5.899928510189056e-06,0.0018788999877870083,6.00004568696022e-06,4.800036549568176e-06,9.70007386058569e-06,1.800013706088066e-06,0.012514299945905805,0.0037894999841228127,0.006736099952831864,0.0012685999972745776,1.3899989426136017e-05,1.0299962013959885e-05,0.02627020003274083
