percentage,execution,ar_r_sub,k_s_sup,ks_sf_in,n_r_t,nk_k_sup,nrs_ns_r,ns_s_spe,ns_s_sup,ns_sub_r,r_ar_sup,s_k_sub,s_ns_sub,s_nsup_k,sub_r_r,t_k_sup,total_time
50,6,1.0500196367502213e-05,1.0200310498476028e-05,9.799841791391373e-06,6.00004568696022e-06,0.0016601001843810081,6.299931555986404e-06,4.699919372797012e-06,9.499490261077881e-06,1.700129359960556e-06,0.011230899952352047,0.0025899000465869904,0.008579399902373552,0.0011232001706957817,1.400010660290718e-05,1.0599382221698761e-05,0.025266799610108137
