percentage,execution,ar_r_sub,k_s_sup,ks_sf_in,n_r_t,nk_k_sup,nrs_ns_r,ns_s_spe,ns_s_sup,ns_sub_r,r_ar_sup,s_k_sub,s_ns_sub,s_nsup_k,sub_r_r,t_k_sup,total_time
40,4,1.1099999937869143e-05,8.35999999253545e-05,9.899999895424116e-06,5.500000042957254e-06,0.0006521999994220096,6.100000064179767e-06,5.099999725644011e-06,9.999999747378752e-06,1.7000002117129043e-06,0.0010106999998242827,0.0043140000007042545,0.015002000000094995,0.0006161999999676482,1.4299999747890979e-05,0.0031705999999758205,0.024912999999287422
