percentage,execution,ar_r_sub,k_s_sup,ks_sf_in,n_r_t,nk_k_sup,nrs_ns_r,ns_s_spe,ns_s_sup,ns_sub_r,r_ar_sup,s_k_sub,s_ns_sub,s_nsup_k,sub_r_r,t_k_sup,total_time
50,9,1.1599971912801266e-05,8.420005906373262e-05,1.0800082236528397e-05,6.400048732757568e-06,0.002954100025817752,6.800051778554916e-06,5.200039595365524e-06,1.1200085282325745e-05,1.800013706088066e-06,0.011661999975331128,0.015606199973262846,0.04945729987230152,0.0024025999009609222,1.7099897377192974e-05,0.012327199918217957,0.09456449991557747
