percentage,execution,ar_r_sub,k_s_sup,ks_sf_in,n_r_t,nk_k_sup,nrs_ns_r,ns_s_spe,ns_s_sup,ns_sub_r,r_ar_sup,s_k_sub,s_ns_sub,s_nsup_k,sub_r_r,t_k_sup,total_time
50,2,1.1299853213131428e-05,1.1599971912801266e-05,1.0600080713629723e-05,6.700051017105579e-06,0.0021578000159934163,7.200054824352264e-06,5.200039595365524e-06,1.0400079190731049e-05,2.00001522898674e-06,0.011585799977183342,0.003348400117829442,0.006437200005166233,0.0014393000165000558,1.6799895092844963e-05,1.1499854736030102e-05,0.025061800028197467
