percentage,execution,k_s_sup,s_k_sub,t_k_sup,ns_s_sup,s_ns_sub,r_ar_sup,ar_r_sub,ns_sub_r,ks_sf_in,sub_r_r,n_r_t,ns_s_spe,nk_k_sup,s_nsup_k,nrs_ns_r,total_time
20,6,1.1099997209385037e-05,0.00116229998820927,1.1199997970834374e-05,1.0199990356341004e-05,0.004216799992718734,0.006778299997677095,1.0899995686486363e-05,2.00001522898674e-06,1.0499992640689015e-05,1.680001150816679e-05,6.699992809444666e-06,5.49999822396785e-06,0.0009913000103551894,0.0006740999961039051,7.799986633472145e-06,0.013915499963331968
