percentage,execution,k_s_sup,s_k_sub,t_k_sup,ns_s_sup,s_ns_sub,r_ar_sup,ar_r_sub,ns_sub_r,ks_sf_in,sub_r_r,n_r_t,ns_s_spe,nk_k_sup,s_nsup_k,nrs_ns_r,total_time
50,2,0.027392400006647222,0.01991410000482574,0.05066159999114461,0.038712900000973605,0.05078520000097342,0.07267360000696499,0.013826900016283616,2.0999868866056204e-06,0.00026300000899937004,0.001375100007862784,1.2799995602108538e-05,0.07024039998941589,0.007058499992126599,0.006340099993394688,0.00012319999223109335,0.35938189999433234
