percentage,execution,ar_r_sub,k_s_sup,ks_sf_in,n_r_t,nk_k_sup,nrs_ns_r,ns_s_spe,ns_s_sup,ns_sub_r,r_ar_sup,s_k_sub,s_ns_sub,s_nsup_k,sub_r_r,t_k_sup,total_time
20,3,9.999999747378752e-06,0.009494000000813685,9.700000191514846e-06,5.500000042957254e-06,5.699999746866524e-06,5.300000339047983e-06,0.0011783999998442596,0.0008776999993642676,1.8000000636675395e-06,0.0069902000004731235,0.00013940000008005882,0.00013670000043930486,4.999999873689376e-06,1.2599999536178075e-05,0.00015320000056817662,0.019025200001124176
