percentage,execution,k_s_sup,s_k_sub,t_k_sup,ns_s_sup,s_ns_sub,r_ar_sup,ar_r_sub,ns_sub_r,ks_sf_in,sub_r_r,n_r_t,ns_s_spe,nk_k_sup,s_nsup_k,nrs_ns_r,total_time
70,4,1.1800002539530396e-05,0.0046175000024959445,1.2300006346777081e-05,1.0799994925037026e-05,0.01092459999199491,0.014995299992733635,1.2200005585327744e-05,1.8999999156221747e-06,1.1099997209385037e-05,1.6700010746717453e-05,7.199996616691351e-06,5.699999746866524e-06,0.0030301999941002578,0.0021598000021185726,6.89999433234334e-06,0.03582399999140762
