percentage,execution,ar_r_sub,k_s_sup,ks_sf_in,n_r_t,nk_k_sup,nrs_ns_r,ns_s_spe,ns_s_sup,ns_sub_r,r_ar_sup,s_k_sub,s_ns_sub,s_nsup_k,sub_r_r,t_k_sup,total_time
60,9,1.200009137392044e-05,1.2099277228116989e-05,1.090019941329956e-05,7.299706339836121e-06,0.002418200019747019,7.200054824352264e-06,5.499925464391708e-06,1.0800547897815704e-05,1.8994323909282684e-06,0.014430299866944551,0.0017540999688208103,0.004948799964040518,0.0016251001507043839,1.800013706088066e-05,1.2299977242946625e-05,0.02527449931949377
