percentage,execution,ar_r_sub,k_s_sup,ks_sf_in,n_r_t,nk_k_sup,nrs_ns_r,ns_s_spe,ns_s_sup,ns_sub_r,r_ar_sup,s_k_sub,s_ns_sub,s_nsup_k,sub_r_r,t_k_sup,total_time
20,4,1.140000040322775e-05,1.1799999811046291e-05,1.0199999451288022e-05,6.199999916134402e-06,0.0006578000002264162,6.999999641266186e-06,4.900000021734741e-06,1.3499999113264494e-05,1.7000002117129043e-06,0.008457899999484653,0.00020950000089214882,0.00020640000002458692,0.00048320000041712774,1.8200000340584666e-05,1.1100000847363845e-05,0.010110800000802556
