percentage,execution,k_s_sup,s_k_sub,t_k_sup,ns_s_sup,s_ns_sub,r_ar_sup,ar_r_sub,ns_sub_r,ks_sf_in,sub_r_r,n_r_t,ns_s_spe,nk_k_sup,s_nsup_k,nrs_ns_r,total_time
90,6,8.399999933317304e-05,0.013692699998500757,0.004433699999935925,1.0500007192604244e-05,0.016521700003067963,0.014403699999093078,1.1600001016631722e-05,1.8999853637069464e-06,1.0100018698722124e-05,1.4200006262399256e-05,6.199989002197981e-06,4.999994416721165e-06,0.002062400002614595,0.001680600005784072,5.49999822396785e-06,0.052943800008506514
