percentage,execution,ar_r_sub,k_s_sup,ks_sf_in,n_r_t,nk_k_sup,nrs_ns_r,ns_s_spe,ns_s_sup,ns_sub_r,r_ar_sup,s_k_sub,s_ns_sub,s_nsup_k,sub_r_r,t_k_sup,total_time
80,7,1.2400094419717789e-05,1.2299511581659317e-05,1.1599622666835785e-05,7.3998235166072845e-06,0.0030880002304911613,6.899703294038773e-06,5.400273948907852e-06,1.109996810555458e-05,1.700129359960556e-06,0.018043499905616045,0.004374499898403883,0.004422999918460846,0.0021355999633669853,1.729978248476982e-05,1.2600328773260117e-05,0.03216329915449023
