percentage,execution,ar_r_sub,k_s_sup,ks_sf_in,n_r_t,nk_k_sup,nrs_ns_r,ns_s_spe,ns_s_sup,ns_sub_r,r_ar_sup,s_k_sub,s_ns_sub,s_nsup_k,sub_r_r,t_k_sup,total_time
20,7,9.800000043469481e-06,9.699999282020144e-06,8.89999955688836e-06,5.4000001910026185e-06,0.00018499999987398041,5.500000042957254e-06,4.399999852466863e-06,8.499999239575118e-06,1.700001121207606e-06,0.0022107000004325528,7.409999943774892e-05,7.100000038917642e-05,0.00012399999923218274,1.1000000085914508e-05,9.000000318337698e-06,0.002738699999099481
