percentage,execution,ar_r_sub,k_s_sup,ks_sf_in,n_r_t,nk_k_sup,nrs_ns_r,ns_s_spe,ns_s_sup,ns_sub_r,r_ar_sup,s_k_sub,s_ns_sub,s_nsup_k,sub_r_r,t_k_sup,total_time
40,6,1.4000000192027073e-05,8.290000005217735e-05,1.120000069931848e-05,6.499999471998308e-06,0.002749000000221713,7.300000106624793e-06,5.199999577598646e-06,1.140000040322775e-05,4.5000006139162e-06,0.005589800000052492,0.015133699999751116,0.05091900000024907,0.0023644000002605026,1.610000072105322e-05,0.011784900000748166,0.088699900003121
