percentage,execution,ar_r_sub,k_s_sup,ks_sf_in,n_r_t,nk_k_sup,nrs_ns_r,ns_s_spe,ns_s_sup,ns_sub_r,r_ar_sup,s_k_sub,s_ns_sub,s_nsup_k,sub_r_r,t_k_sup,total_time
80,9,1.1500087566673756e-05,8.510018233209848e-05,1.109996810555458e-05,6.700051017105579e-06,0.0028161000227555633,5.999929271638393e-06,5.399924702942371e-06,1.1499971151351929e-05,1.800013706088066e-06,0.016824700171127915,0.015102999983355403,0.028814899967983365,0.0023853000020608306,1.6799895092844963e-05,0.011948200059123337,0.07804810022935271
