percentage,execution,k_s_sup,s_k_sub,t_k_sup,ns_s_sup,s_ns_sub,r_ar_sup,ar_r_sub,ns_sub_r,ks_sf_in,sub_r_r,n_r_t,ns_s_spe,nk_k_sup,s_nsup_k,nrs_ns_r,total_time
75,1,8.509994950145483e-05,0.016791199916042387,0.012314699939452112,1.1500087566673756e-05,0.032650699955411255,0.016203199978917837,1.1899974197149277e-05,1.9000144675374031e-06,1.1499971151351929e-05,1.6700010746717453e-05,6.900052540004253e-06,5.499925464391708e-06,0.002814800012856722,0.0029027999844402075,6.700051017105579e-06,0.08383509982377291
