percentage,execution,k_s_sup,s_k_sub,t_k_sup,ns_s_sup,s_ns_sub,r_ar_sup,ar_r_sub,ns_sub_r,ks_sf_in,sub_r_r,n_r_t,ns_s_spe,nk_k_sup,s_nsup_k,nrs_ns_r,total_time
80,6,8.239998714998364e-05,0.015721000017947517,0.012267799989785999,1.1499985703267157e-05,0.027990900009172037,0.016173099997104146,1.1899988749064505e-05,1.8999999156221747e-06,1.1099997209385037e-05,1.679999695625156e-05,7.100010407157242e-06,5.49999822396785e-06,0.0028789999923901632,0.0023708999942755327,9.000010322779417e-06,0.07755989997531287
