percentage,execution,ar_r_sub,k_s_sup,ks_sf_in,n_r_t,nk_k_sup,nrs_ns_r,ns_s_spe,ns_s_sup,ns_sub_r,r_ar_sup,s_k_sub,s_ns_sub,s_nsup_k,sub_r_r,t_k_sup,total_time
80,6,9.20000093174167e-06,7.500000083382474e-05,9.000000318337698e-06,4.999999873689376e-06,0.0006435000004785252,4.999999873689376e-06,4.499999704421498e-06,9.500000487605575e-06,2.100000529026147e-06,0.0032721999996283557,0.00413019999905373,0.007082499999341962,0.0004894999992757221,1.0400000064691994e-05,0.0028333000000202446,0.018580900000415568
