percentage,execution,ar_r_sub,k_s_sup,ks_sf_in,n_r_t,nk_k_sup,nrs_ns_r,ns_s_spe,ns_s_sup,ns_sub_r,r_ar_sup,s_k_sub,s_ns_sub,s_nsup_k,sub_r_r,t_k_sup,total_time
80,7,9.899999895424116e-06,9.60000033956021e-06,8.900000466383062e-06,5.2999994295532815e-06,0.0007241000002977671,4.900000021734741e-06,4.70000031782547e-06,8.600000001024455e-06,1.6999993022182025e-06,0.005259100000330363,0.0009918000005200156,0.0009264999998777057,0.00048990000050253,1.0900000233959872e-05,9.099999260797631e-06,0.008465000000796863
