percentage,execution,ar_r_sub,k_s_sup,ks_sf_in,n_r_t,nk_k_sup,nrs_ns_r,ns_s_spe,ns_s_sup,ns_sub_r,r_ar_sup,s_k_sub,s_ns_sub,s_nsup_k,sub_r_r,t_k_sup,total_time
40,9,9.499999578110874e-06,7.679999998799758e-05,8.799999704933725e-06,4.999999873689376e-06,0.0006456999999500113,5.300000339047983e-06,4.399999852466863e-06,9.500000487605575e-06,1.8000009731622413e-06,0.0008703000003151828,0.003855999999359483,0.013599900000372145,0.0005481999996845843,1.0499999007151928e-05,0.0018689999997150153,0.021520699999200588
