percentage,execution,ar_r_sub,k_s_sup,ks_sf_in,n_r_t,nk_k_sup,nrs_ns_r,ns_s_spe,ns_s_sup,ns_sub_r,r_ar_sup,s_k_sub,s_ns_sub,s_nsup_k,sub_r_r,t_k_sup,total_time
80,2,9.999999747378752e-06,0.007689699999900768,9.500000487605575e-06,5.600000804406591e-06,5.7999995988211595e-06,4.900000021734741e-06,0.002236300000731717,0.002383899999585992,1.700001121207606e-06,0.008027499999116117,0.00019209999936720124,0.00018820000059349695,4.900000021734741e-06,1.1899998753506225e-05,0.00021709999964514282,0.02098909999949683
