percentage,execution,k_s_sup,s_k_sub,t_k_sup,ns_s_sup,s_ns_sub,r_ar_sup,ar_r_sub,ns_sub_r,ks_sf_in,sub_r_r,n_r_t,ns_s_spe,nk_k_sup,s_nsup_k,nrs_ns_r,total_time
80,2,0.03668480001215357,0.02926230001321528,0.06546039998647757,0.04839779998292215,0.04788500000722706,0.09884819999570027,0.008127599998260848,2.2000021999701858e-06,0.0009422000148333609,0.0006977000011829659,1.2999997125007212e-05,0.08733229999779724,0.00994439999340102,0.00912149999930989,9.199997293762863e-06,0.44272859999909997
