percentage,execution,ar_r_sub,k_s_sup,ks_sf_in,n_r_t,nk_k_sup,nrs_ns_r,ns_s_spe,ns_s_sup,ns_sub_r,r_ar_sup,s_k_sub,s_ns_sub,s_nsup_k,sub_r_r,t_k_sup,total_time
30,2,0.023215200286358595,0.021312499884516,0.0002806996926665306,1.2699980288743973e-05,0.006140400189906359,1.1700205504894257e-05,0.05246999999508262,0.029974999837577343,1.8998980522155762e-06,0.034278399776667356,0.009960200171917677,0.03142639994621277,0.00496729975566268,0.004235699772834778,0.014159700367599726,0.23244779976084828
