percentage,execution,ar_r_sub,k_s_sup,ks_sf_in,n_r_t,nk_k_sup,nrs_ns_r,ns_s_spe,ns_s_sup,ns_sub_r,r_ar_sup,s_k_sub,s_ns_sub,s_nsup_k,sub_r_r,t_k_sup,total_time
80,10,9.399999726156238e-06,7.819999973435188e-05,8.69999985297909e-06,7.600000571983401e-06,0.0005772999993496342,4.999999873689376e-06,4.799999260285404e-06,9.500000487605575e-06,1.6999993022182025e-06,0.003167800000483112,0.0037986000006640097,0.006840600000032282,0.00047839999933785293,1.0799999472510535e-05,0.002666000000317581,0.01766439999846625
