percentage,execution,ar_r_sub,k_s_sup,ks_sf_in,n_r_t,nk_k_sup,nrs_ns_r,ns_s_spe,ns_s_sup,ns_sub_r,r_ar_sup,s_k_sub,s_ns_sub,s_nsup_k,sub_r_r,t_k_sup,total_time
20,10,9.60000033956021e-06,9.399999726156238e-06,8.89999955688836e-06,4.999999873689376e-06,0.0002407000001767301,5.4000001910026185e-06,4.200000148557592e-06,8.69999985297909e-06,1.7000002117129043e-06,0.004384400000162714,7.309999909921316e-05,7.49000000723754e-05,0.00016979999963950831,1.0900000233959872e-05,8.900000466383062e-06,0.00501559999975143
