percentage,execution,ar_r_sub,k_s_sup,ks_sf_in,n_r_t,nk_k_sup,nrs_ns_r,ns_s_spe,ns_s_sup,ns_sub_r,r_ar_sup,s_k_sub,s_ns_sub,s_nsup_k,sub_r_r,t_k_sup,total_time
60,4,1.550000160932541e-05,1.200009137392044e-05,1.1300202459096909e-05,7.300172001123428e-06,0.0029610004276037216,7.700175046920776e-06,5.700159817934036e-06,1.090019941329956e-05,1.700129359960556e-06,0.013212500140070915,0.004533899948000908,0.014551800210028887,0.0020111999474465847,1.8700025975704193e-05,1.2299977242946625e-05,0.03737350180745125
