percentage,execution,ar_r_sub,k_s_sup,ks_sf_in,n_r_t,nk_k_sup,nrs_ns_r,ns_s_spe,ns_s_sup,ns_sub_r,r_ar_sup,s_k_sub,s_ns_sub,s_nsup_k,sub_r_r,t_k_sup,total_time
70,7,1.1500087566673756e-05,8.38001724332571e-05,1.100008375942707e-05,6.800051778554916e-06,0.002875400008633733,6.500049494206905e-06,5.399924702942371e-06,1.1699972674250603e-05,1.9000144675374031e-06,0.01583699998445809,0.016725500114262104,0.0357852999586612,0.0024194999132305384,1.6400008462369442e-05,0.012193200062029064,0.08599090040661395
