percentage,execution,ar_r_sub,k_s_sup,ks_sf_in,n_r_t,nk_k_sup,nrs_ns_r,ns_s_spe,ns_s_sup,ns_sub_r,r_ar_sup,s_k_sub,s_ns_sub,s_nsup_k,sub_r_r,t_k_sup,total_time
20,9,2.2400003217626363e-05,8.66999998834217e-05,1.7600003047846258e-05,1.0500001735636033e-05,0.006557200000315788,1.089999932446517e-05,8.500001058564521e-06,1.7299998944508843e-05,2.1600002582999878e-05,0.0031732000006741146,0.0031873000007180963,0.012497500003519235,0.0005939999991824152,2.1299998479662463e-05,0.003586499999073567,0.029812500011757948
