percentage,execution,ar_r_sub,k_s_sup,ks_sf_in,n_r_t,nk_k_sup,nrs_ns_r,ns_s_spe,ns_s_sup,ns_sub_r,r_ar_sup,s_k_sub,s_ns_sub,s_nsup_k,sub_r_r,t_k_sup,total_time
40,9,1.990000055229757e-05,9.079999836103525e-05,1.8799999452312477e-05,1.06999996205559e-05,0.007216299998617615,1.4200000805431046e-05,9.20000093174167e-06,1.8800003090291284e-05,2.0000001313746907e-05,0.006911299999046605,0.0047375999984069495,0.013854499999069958,0.0010349999993195524,2.2999998691375367e-05,0.005347499998606509,0.039327599995885976
