percentage,execution,ar_r_sub,k_s_sup,ks_sf_in,n_r_t,nk_k_sup,nrs_ns_r,ns_s_spe,ns_s_sup,ns_sub_r,r_ar_sup,s_k_sub,s_ns_sub,s_nsup_k,sub_r_r,t_k_sup,total_time
40,1,7.170000026235357e-05,9.360000149172265e-05,0.00025910000113071874,5.100000635138713e-06,0.0007138000000850298,5.500000042957254e-06,4.399998942972161e-06,9.299999874201603e-06,9.300001693191007e-06,7.829999958630651e-05,0.004286200000933604,0.01694590000079188,0.0005557000004046131,1.4600000213249587e-05,0.004940099999657832,0.02799260000574577
