percentage,execution,ar_r_sub,k_s_sup,ks_sf_in,n_r_t,nk_k_sup,nrs_ns_r,ns_s_spe,ns_s_sup,ns_sub_r,r_ar_sup,s_k_sub,s_ns_sub,s_nsup_k,sub_r_r,t_k_sup,total_time
80,7,9.900000804918818e-06,7.93999988673022e-05,8.799999704933725e-06,4.999999873689376e-06,0.0007944999997562263,4.900000931229442e-06,4.499999704421498e-06,9.800000043469481e-06,9.699999282020144e-06,0.003968600001826417,0.004307500001232256,0.007119399999282905,0.0006629999988945201,1.1000000085914508e-05,0.005208300000958843,0.022204300001249067
