percentage,execution,k_s_sup,s_k_sub,t_k_sup,ns_s_sup,s_ns_sub,r_ar_sup,ar_r_sub,ns_sub_r,ks_sf_in,sub_r_r,n_r_t,ns_s_spe,nk_k_sup,s_nsup_k,nrs_ns_r,total_time
50,10,0.01493369998934213,0.00740209998912178,0.018113800004357472,0.037057199981063604,0.013652999987243675,0.04586719999497291,0.0033836000075098127,0.006185299993376248,2.4199995095841587e-05,4.190001345705241e-05,1.5700003132224083e-05,0.04271560000779573,0.009378300004755147,0.003087199991568923,1.479999627918005e-05,0.20187359995907173
