percentage,execution,k_s_sup,s_k_sub,t_k_sup,ns_s_sup,s_ns_sub,r_ar_sup,ar_r_sub,ns_sub_r,ks_sf_in,sub_r_r,n_r_t,ns_s_spe,nk_k_sup,s_nsup_k,nrs_ns_r,total_time
30,4,0.012418100028298795,0.0038023999659344554,0.007516799960285425,0.021746800048276782,0.016034700092859566,0.021081199985928833,0.01700889994390309,0.0007873999420553446,1.1900090612471104e-05,2.2399937734007835e-05,7.3999399319291115e-06,0.021048799972049892,0.0013964000390842557,0.001285300008021295,8.09994526207447e-06,0.12417659990023822
