percentage,execution,k_s_sup,s_k_sub,t_k_sup,ns_s_sup,s_ns_sub,r_ar_sup,ar_r_sub,ns_sub_r,ks_sf_in,sub_r_r,n_r_t,ns_s_spe,nk_k_sup,s_nsup_k,nrs_ns_r,total_time
70,1,0.011739299981854856,0.0043629000429064035,0.012895499938167632,0.02850769995711744,0.007673799991607666,0.028087400016374886,0.0032517999643459916,0.0031554000452160835,1.200009137392044e-05,2.3399945348501205e-05,7.70005863159895e-06,0.025723799946717918,0.0018634999869391322,0.0016250000335276127,6.8999361246824265e-06,0.12893609993625432
