percentage,execution,k_s_sup,s_k_sub,t_k_sup,ns_s_sup,s_ns_sub,r_ar_sup,ar_r_sub,ns_sub_r,ks_sf_in,sub_r_r,n_r_t,ns_s_spe,nk_k_sup,s_nsup_k,nrs_ns_r,total_time
70,3,0.012000499991700053,0.0062107999983709306,0.014006199999130331,0.04906660001142882,0.012788100008037873,0.04052460000093561,0.004836400010390207,0.0005852999893249944,1.829999382607639e-05,3.12999909510836e-05,1.650000922381878e-05,0.05870680000225548,0.013487999996868894,0.003301899996586144,1.3900003978051245e-05,0.21559520000300836
