percentage,execution,k_s_sup,s_k_sub,t_k_sup,ns_s_sup,s_ns_sub,r_ar_sup,ar_r_sub,ns_sub_r,ks_sf_in,sub_r_r,n_r_t,ns_s_spe,nk_k_sup,s_nsup_k,nrs_ns_r,total_time
50,4,0.011044599930755794,0.007688199984841049,0.01864289992954582,0.0606629999820143,0.017005299916490912,0.040679900092072785,0.015263899927958846,0.0038090000161901116,2.3999949917197227e-05,4.20999713242054e-05,1.5400000847876072e-05,0.05231289996299893,0.00927179993595928,0.003172999946400523,0.0010122000239789486,0.24064819957129657
