percentage,execution,ar_r_sub,k_s_sup,ks_sf_in,n_r_t,nk_k_sup,nrs_ns_r,ns_s_spe,ns_s_sup,ns_sub_r,r_ar_sup,s_k_sub,s_ns_sub,s_nsup_k,sub_r_r,t_k_sup,total_time
10,8,0.010670799762010574,1.180032268166542e-05,1.1599622666835785e-05,7.700175046920776e-06,0.0004904000088572502,8.600298315286636e-06,0.009140199981629848,0.016576299909502268,0.00040479982271790504,1.29002146422863e-05,7.750000804662704e-05,7.729977369308472e-05,0.0004477999173104763,2.0500272512435913e-05,1.4299526810646057e-05,0.03797249961644411
