percentage,execution,k_s_sup,s_k_sub,t_k_sup,ns_s_sup,s_ns_sub,r_ar_sup,ar_r_sub,ns_sub_r,ks_sf_in,sub_r_r,n_r_t,ns_s_spe,nk_k_sup,s_nsup_k,nrs_ns_r,total_time
20,5,1.1399970389902592e-05,1.0299962013959885e-05,3.23000131174922e-05,0.020633500069379807,2.789997961372137e-05,0.009687199955806136,7.599999662488699e-05,0.003038399969227612,1.100008375942707e-05,2.0900159142911434e-05,7.3999399319291115e-06,0.014263699995353818,6.00004568696022e-06,5.300040356814861e-06,7.400056347250938e-06,0.04783870023675263
