percentage,execution,ar_r_sub,k_s_sup,ks_sf_in,n_r_t,nk_k_sup,nrs_ns_r,ns_s_spe,ns_s_sup,ns_sub_r,r_ar_sup,s_k_sub,s_ns_sub,s_nsup_k,sub_r_r,t_k_sup,total_time
60,4,0.007421299998895847,0.009328500000265194,1.1999999514955562e-05,7.499999810534064e-06,0.001354100000753533,7.3999999585794285e-06,0.027533999999832304,0.031010900001092523,0.0003929999993488309,0.0280058000007557,0.004329800000050454,0.010279400000399619,0.0012326000005487003,2.0900000890833326e-05,0.007557699999779288,0.1284949000018969
