percentage,execution,ar_r_sub,k_s_sup,ks_sf_in,n_r_t,nk_k_sup,nrs_ns_r,ns_s_spe,ns_s_sup,ns_sub_r,r_ar_sup,s_k_sub,s_ns_sub,s_nsup_k,sub_r_r,t_k_sup,total_time
70,4,0.00037249992601573467,0.005777500104159117,1.200009137392044e-05,7.999944500625134e-06,0.0018457000842317939,7.300055585801601e-06,0.026855999953113496,0.03478019987232983,0.0003613000735640526,0.023476999951526523,0.004507499979808927,0.007753600017167628,0.001730899908579886,3.160000778734684e-05,0.014180900063365698,0.12170200003311038
