percentage,execution,ar_r_sub,k_s_sup,ks_sf_in,n_r_t,nk_k_sup,nrs_ns_r,ns_s_spe,ns_s_sup,ns_sub_r,r_ar_sup,s_k_sub,s_ns_sub,s_nsup_k,sub_r_r,t_k_sup,total_time
90,10,0.004232899751514196,0.011779900174587965,1.619989052414894e-05,1.0699965059757233e-05,0.002455499954521656,1.2400094419717789e-05,0.04104499984532595,0.04586039995774627,0.003557900432497263,0.04705699998885393,0.007597099989652634,0.006856199819594622,0.002599800005555153,2.659996971487999e-05,0.01728289993479848,0.19039049977436662
