percentage,execution,ar_r_sub,k_s_sup,ks_sf_in,n_r_t,nk_k_sup,nrs_ns_r,ns_s_spe,ns_s_sup,ns_sub_r,r_ar_sup,s_k_sub,s_ns_sub,s_nsup_k,sub_r_r,t_k_sup,total_time
70,5,0.0027654998702928424,0.008614000049419701,1.8399907276034355e-05,1.5699886716902256e-05,0.010220500058494508,1.750001683831215e-05,0.05860650003887713,0.05187510000541806,0.0006409998750314116,0.04829690000042319,0.0051932999631389976,0.008404399966821074,0.0034501999616622925,3.1700124964118004e-05,0.012316199950873852,0.21046689967624843
