percentage,execution,ar_r_sub,k_s_sup,ks_sf_in,n_r_t,nk_k_sup,nrs_ns_r,ns_s_spe,ns_s_sup,ns_sub_r,r_ar_sup,s_k_sub,s_ns_sub,s_nsup_k,sub_r_r,t_k_sup,total_time
80,5,0.008914299999560171,0.0025477999997747247,1.779999911377672e-05,1.5100000382517464e-05,0.003508000000692846,1.1699999959091656e-05,0.07438920000004146,0.052107199999227305,0.0029608999984702677,0.04917339999883552,0.00398010000026261,0.0038943999988987343,0.003175300000293646,3.0500000320898835e-05,0.006130199998551689,0.21085589999438525
