percentage,execution,ar_r_sub,k_s_sup,ks_sf_in,n_r_t,nk_k_sup,nrs_ns_r,ns_s_spe,ns_s_sup,ns_sub_r,r_ar_sup,s_k_sub,s_ns_sub,s_nsup_k,sub_r_r,t_k_sup,total_time
60,9,0.006654100026935339,0.0032260000007227063,1.279998105019331e-05,7.899943739175797e-06,0.0014653000980615616,7.4999406933784485e-06,0.024421699927188456,0.02632499998435378,0.00014460005331784487,0.0197905998211354,0.00372040004003793,0.006795200053602457,0.0013540000654757023,2.0999927073717117e-05,0.007972800056450069,0.10191889991983771
