percentage,execution,ar_r_sub,k_s_sup,ks_sf_in,n_r_t,nk_k_sup,nrs_ns_r,ns_s_spe,ns_s_sup,ns_sub_r,r_ar_sup,s_k_sub,s_ns_sub,s_nsup_k,sub_r_r,t_k_sup,total_time
60,3,0.0017908000008901581,0.0031520000002274173,1.1600001016631722e-05,7.599999662488699e-06,0.0013421000003290828,7.099999493220821e-06,0.024381500000345113,0.027618299999630835,0.0002553000003899797,0.017174200000226847,0.003494699999464501,0.0072808000004442874,0.0012354999998933636,2.0700000277429353e-05,0.007724600000074133,0.09549680000236549
