percentage,execution,ar_r_sub,k_s_sup,ks_sf_in,n_r_t,nk_k_sup,nrs_ns_r,ns_s_spe,ns_s_sup,ns_sub_r,r_ar_sup,s_k_sub,s_ns_sub,s_nsup_k,sub_r_r,t_k_sup,total_time
10,4,0.00014059990644454956,1.2400094419717789e-05,1.1500087566673756e-05,7.900060154497623e-06,0.00048719998449087143,8.599949069321156e-06,0.008995700045488775,0.014199500088579953,0.0003977001179009676,0.005505899898707867,8.28000484034419e-05,7.940002251416445e-05,0.00041089998558163643,2.1000043489038944e-05,1.2399861589074135e-05,0.03037350019440055
