percentage,execution,ar_r_sub,k_s_sup,ks_sf_in,n_r_t,nk_k_sup,nrs_ns_r,ns_s_spe,ns_s_sup,ns_sub_r,r_ar_sup,s_k_sub,s_ns_sub,s_nsup_k,sub_r_r,t_k_sup,total_time
90,5,0.0032130000181496143,0.00850859994534403,1.2500095181167126e-05,7.899943739175797e-06,0.0018535999115556479,6.200047209858894e-06,0.02974470006301999,0.030543800094164908,0.0028693999629467726,0.03201029996853322,0.004867600044235587,0.004889400093816221,0.0016647999873384833,2.2499938495457172e-05,0.012711200164631009,0.13292550027836114
