percentage,execution,ar_r_sub,k_s_sup,ks_sf_in,n_r_t,nk_k_sup,nrs_ns_r,ns_s_spe,ns_s_sup,ns_sub_r,r_ar_sup,s_k_sub,s_ns_sub,s_nsup_k,sub_r_r,t_k_sup,total_time
60,7,0.011324900000545313,0.008193300000129966,1.1799999811046291e-05,7.300000106624793e-06,0.0017496000000392087,6.999999641266186e-06,0.024683799999365874,0.02867210000022169,0.0030426000002989895,0.02282780000132334,0.004334799999924144,0.013765899999270914,0.001576999999997497,2.010000025620684e-05,0.012138400000367255,0.13235640000129933
