percentage,execution,ar_r_sub,k_s_sup,ks_sf_in,n_r_t,nk_k_sup,nrs_ns_r,ns_s_spe,ns_s_sup,ns_sub_r,r_ar_sup,s_k_sub,s_ns_sub,s_nsup_k,sub_r_r,t_k_sup,total_time
30,2,0.01097160018980503,0.008951699826866388,1.1999625712633133e-05,7.899943739175797e-06,0.00044209975749254227,8.400063961744308e-06,0.022125100251287222,0.02822900004684925,0.0007406999357044697,0.019157899543642998,0.0009131003171205521,0.004066899418830872,0.0004133000038564205,2.3200176656246185e-05,0.005840200465172529,0.10190309956669807
