percentage,execution,k_s_sup,s_k_sub,t_k_sup,ns_s_sup,s_ns_sub,r_ar_sup,ar_r_sub,ns_sub_r,ks_sf_in,sub_r_r,n_r_t,ns_s_spe,nk_k_sup,s_nsup_k,nrs_ns_r,total_time
15,4,0.008641800028271973,0.0008796000620350242,0.005319099989719689,0.02272759994957596,0.003948599915020168,0.0163527000695467,8.050003089010715e-05,0.0007360000163316727,1.1699972674250603e-05,2.1400046534836292e-05,7.1999384090304375e-06,0.01579380000475794,0.0004265999887138605,0.00039219995960593224,8.400063961744308e-06,0.07534720003604889
