percentage,execution,k_s_sup,s_k_sub,t_k_sup,ns_s_sup,s_ns_sub,r_ar_sup,ar_r_sub,ns_sub_r,ks_sf_in,sub_r_r,n_r_t,ns_s_spe,nk_k_sup,s_nsup_k,nrs_ns_r,total_time
60,3,0.014980399864725769,0.005431200028397143,0.012994799995794892,0.02520619996357709,0.011527900001965463,0.030413700034841895,0.001722100074402988,0.006008700001984835,1.2199976481497288e-05,2.0700041204690933e-05,7.79994297772646e-06,0.024485800066031516,0.001770899980328977,0.0016361000016331673,7.100054062902927e-06,0.13622560002841055
