percentage,execution,ar_r_sub,k_s_sup,ks_sf_in,n_r_t,nk_k_sup,nrs_ns_r,ns_s_spe,ns_s_sup,ns_sub_r,r_ar_sup,s_k_sub,s_ns_sub,s_nsup_k,sub_r_r,t_k_sup,total_time
40,3,0.00013930000022810418,0.011280300000180432,1.6000000869098585e-05,7.499999810534064e-06,0.001792099999875063,7.900000127847306e-06,0.013642300000356045,0.00992690000020957,0.0002713999992920435,0.017459100000451144,0.004331299999648763,0.014216900000064925,0.001629000000320957,2.1899999410379678e-05,0.01262109999970562,0.08736300000055053
