execution,k_s_sup,s_k_sub,t_k_sup,ns_s_sup,s_ns_sub,r_ar_sup,ar_r_sub,ns_sub_r,ks_sf_in,sub_r_r,n_r_t,ns_s_spe,nk_k_sup,s_nsup_k,nrs_ns_r,total_time
3,8.200004231184721e-06,7.700000423938036e-06,8.600007276982069e-06,7.06000137142837e-05,7.90000194683671e-06,6.749999010935426e-05,8.200004231184721e-06,8.100003469735384e-06,7.800001185387373e-06,9.700015652924776e-06,4.699992132373154e-06,0.00046860000293236226,4.5000051613897085e-06,6.799993570894003e-06,4.6000059228390455e-06,0.0006935000419616699
4,1.3500015484169126e-05,8.399991202168167e-06,9.099996532313526e-06,0.0047260999999707565,9.199997293762863e-06,0.002877000006265007,9.700001101009548e-06,0.0001438999897800386,9.100011084228754e-06,1.1099997209385037e-05,5.099995178170502e-06,0.0009897999989334494,4.9000082071870565e-06,4.0000013541430235e-06,4.8000074457377195e-06,0.008825700017041527
5,9.60000033956021e-06,8.100003469735384e-06,8.699993486516178e-06,0.004308499992475845,9.2999980552122e-06,0.0029593000072054565,9.199982741847634e-06,0.00013840000610798597,9.099996532313526e-06,1.0899995686486363e-05,4.999994416721165e-06,0.0009282999963033944,4.7000066842883825e-06,4.3000036384910345e-06,4.799992893822491e-06,0.008418199970037676
