percentage,execution,ar_r_sub,k_s_sup,ks_sf_in,n_r_t,nk_k_sup,nrs_ns_r,ns_s_spe,ns_s_sup,ns_sub_r,r_ar_sup,s_k_sub,s_ns_sub,s_nsup_k,sub_r_r,t_k_sup,total_time
40,5,1.1099999937869143e-05,8.210000123654027e-05,1.0399999155197293e-05,6.100000064179767e-06,0.002518199999940407,7.999999979801942e-06,4.999999873689376e-06,1.0900000233959872e-05,1.8000009731622413e-06,0.01251259999935428,0.01575290000073437,0.042382399999951303,0.002240900000288093,1.4799999007664155e-05,0.001903800000945921,0.07746100000167644
