percentage,execution,ar_r_sub,k_s_sup,ks_sf_in,n_r_t,nk_k_sup,nrs_ns_r,ns_s_spe,ns_s_sup,ns_sub_r,r_ar_sup,s_k_sub,s_ns_sub,s_nsup_k,sub_r_r,t_k_sup,total_time
50,3,0.00535420048981905,8.459994569420815e-05,1.1300202459096909e-05,7.6000578701496124e-06,0.0012560999020934105,6.6999346017837524e-06,5.300156772136688e-06,1.0600313544273376e-05,1.6996636986732483e-06,0.003131300210952759,0.0034306994639337063,0.009604399558156729,0.000919099897146225,0.001092399936169386,0.0034917001612484455,0.028407699894160032
