percentage,execution,ar_r_sub,k_s_sup,ks_sf_in,n_r_t,nk_k_sup,nrs_ns_r,ns_s_spe,ns_s_sup,ns_sub_r,r_ar_sup,s_k_sub,s_ns_sub,s_nsup_k,sub_r_r,t_k_sup,total_time
30,2,0.006137500051409006,8.539995178580284e-05,1.0999850928783417e-05,7.0999376475811005e-06,0.0006522000767290592,7.200054824352264e-06,0.0009612999856472015,7.750000804662704e-05,1.7997808754444122e-06,8.099991828203201e-05,0.0024627004750072956,0.008667699992656708,0.0005155997350811958,1.4299526810646057e-05,0.003357399720698595,0.02303969906643033
