percentage,execution,ar_r_sub,k_s_sup,ks_sf_in,n_r_t,nk_k_sup,nrs_ns_r,ns_s_spe,ns_s_sup,ns_sub_r,r_ar_sup,s_k_sub,s_ns_sub,s_nsup_k,sub_r_r,t_k_sup,total_time
30,1,8.139992132782936e-05,8.330028504133224e-05,1.0299962013959885e-05,7.300172001123428e-06,0.0009021000005304813,7.299706339836121e-06,5.09992241859436e-06,1.019984483718872e-05,2.00001522898674e-06,0.003210899420082569,0.002619300503283739,0.008970499970018864,0.000723500270396471,1.470046117901802e-05,0.0036634993739426136,0.020311399828642607
