percentage,execution,ar_r_sub,k_s_sup,ks_sf_in,n_r_t,nk_k_sup,nrs_ns_r,ns_s_spe,ns_s_sup,ns_sub_r,r_ar_sup,s_k_sub,s_ns_sub,s_nsup_k,sub_r_r,t_k_sup,total_time
40,8,0.00018490000002202578,1.0300000212737359e-05,0.00049239999952988,6.100000064179767e-06,0.000517299999955867,5.599999894911889e-06,4.699999408330768e-06,8.799999704933725e-06,1.7000002117129043e-06,9.899999895424116e-06,0.00019239999983255984,0.000184100000296894,0.00034049999976559775,1.1600001016631722e-05,9.500000487605575e-06,0.001979800000299292
