percentage,execution,ar_r_sub,k_s_sup,ks_sf_in,n_r_t,nk_k_sup,nrs_ns_r,ns_s_spe,ns_s_sup,ns_sub_r,r_ar_sup,s_k_sub,s_ns_sub,s_nsup_k,sub_r_r,t_k_sup,total_time
40,7,0.00014400016516447067,8.199969306588173e-05,1.109996810555458e-05,7.299706339836121e-06,0.0010742000304162502,7.0999376475811005e-06,5.200039595365524e-06,1.0400079190731049e-05,1.9995495676994324e-06,0.0016723996959626675,0.005584000144153833,0.015281100291758776,0.0008995998650789261,1.4299992471933365e-05,0.006050000432878733,0.03084469959139824
