percentage,execution,ar_r_sub,k_s_sup,ks_sf_in,n_r_t,nk_k_sup,nrs_ns_r,ns_s_spe,ns_s_sup,ns_sub_r,r_ar_sup,s_k_sub,s_ns_sub,s_nsup_k,sub_r_r,t_k_sup,total_time
60,3,0.010746999999355467,0.00013760000092588598,1.0700000530050602e-05,6.600000233447645e-06,0.0015511999999944237,0.0002013000002989429,0.0008754000000408269,7.839999943826115e-05,1.5999994502635673e-06,0.0016898999992918107,0.00798670000040147,0.022919299999557552,0.0015257999993991689,0.00017560000014782418,0.009022400000503694,0.05692949999956909
