percentage,execution,ar_r_sub,k_s_sup,ks_sf_in,n_r_t,nk_k_sup,nrs_ns_r,ns_s_spe,ns_s_sup,ns_sub_r,r_ar_sup,s_k_sub,s_ns_sub,s_nsup_k,sub_r_r,t_k_sup,total_time
30,3,1.0699965059757233e-05,1.0999850928783417e-05,1.00000761449337e-05,6.500165909528732e-06,0.002885200083255768,7.000286132097244e-06,5.09992241859436e-06,1.019984483718872e-05,1.700129359960556e-06,0.010440600104629993,0.010830800049006939,0.03290480002760887,0.0020743999630212784,1.4699995517730713e-05,1.1399853974580765e-05,0.059224100317806005
