percentage,execution,ar_r_sub,k_s_sup,ks_sf_in,n_r_t,nk_k_sup,nrs_ns_r,ns_s_spe,ns_s_sup,ns_sub_r,r_ar_sup,s_k_sub,s_ns_sub,s_nsup_k,sub_r_r,t_k_sup,total_time
20,4,0.005293400026857853,8.729984983801842e-05,1.0600313544273376e-05,7.200054824352264e-06,0.001123600173741579,6.90016895532608e-06,5.200039595365524e-06,1.0299962013959885e-05,1.80024653673172e-06,7.670000195503235e-05,0.003492299932986498,0.016140999272465706,0.0008517997339367867,0.0010935994796454906,0.0035446002148091793,0.03174629947170615
