percentage,execution,ar_r_sub,k_s_sup,ks_sf_in,n_r_t,nk_k_sup,nrs_ns_r,ns_s_spe,ns_s_sup,ns_sub_r,r_ar_sup,s_k_sub,s_ns_sub,s_nsup_k,sub_r_r,t_k_sup,total_time
40,3,0.001016400000480644,7.820000064384658e-05,1.0599999768601265e-05,6.799999937356915e-06,0.0010928000001513283,6.900000698806252e-06,4.900000021734741e-06,1.0300000212737359e-05,1.99999976757681e-06,0.0009153999999398366,0.005919000000176311,0.015578700000332901,0.0008681000008436968,0.00017749999915395165,0.006254500000977714,0.03194210000310704
