percentage,execution,ar_r_sub,k_s_sup,ks_sf_in,n_r_t,nk_k_sup,nrs_ns_r,ns_s_spe,ns_s_sup,ns_sub_r,r_ar_sup,s_k_sub,s_ns_sub,s_nsup_k,sub_r_r,t_k_sup,total_time
50,4,1.0899733752012253e-05,1.0899733752012253e-05,1.0099727660417557e-05,6.4997002482414246e-06,0.002810399979352951,6.9998204708099365e-06,4.999805241823196e-06,9.899958968162537e-06,1.600012183189392e-06,0.01471760030835867,0.01041660038754344,0.02607410028576851,0.0020845001563429832,1.4199875295162201e-05,1.1000316590070724e-05,0.056190299801528454
