percentage,execution,ar_r_sub,k_s_sup,ks_sf_in,n_r_t,nk_k_sup,nrs_ns_r,ns_s_spe,ns_s_sup,ns_sub_r,r_ar_sup,s_k_sub,s_ns_sub,s_nsup_k,sub_r_r,t_k_sup,total_time
80,5,1.0999999176419806e-05,8.04999999672873e-05,1.0400000064691994e-05,6.199999916134402e-06,0.0024788999999145744,5.500000042957254e-06,5.099999725644011e-06,1.0600000678095967e-05,1.9000008251168765e-06,0.021585399999821675,0.015084800000295218,0.025850100000752718,0.002120400000421796,1.4600000213249587e-05,0.0018873000008170493,0.06915270000263263
