percentage,execution,ar_r_sub,k_s_sup,ks_sf_in,n_r_t,nk_k_sup,nrs_ns_r,ns_s_spe,ns_s_sup,ns_sub_r,r_ar_sup,s_k_sub,s_ns_sub,s_nsup_k,sub_r_r,t_k_sup,total_time
60,2,0.0017104000007748255,8.449999950244091e-05,1.120000069931848e-05,7.100000402715523e-06,0.0012329000001045642,6.199999916134402e-06,0.0009401999996043742,7.689999983995222e-05,2.2999993234407157e-06,0.0030454999996436527,0.002605399999083602,0.005538699999306118,0.0009213000003001071,1.4600000213249587e-05,0.0034408999999868684,0.019638099998701364
