execution,ar_r_sub,k_s_sup,ks_sf_in,n_r_t,nk_k_sup,nrs_ns_r,ns_s_spe,ns_s_sup,ns_sub_r,r_ar_sup,s_k_sub,s_ns_sub,s_nsup_k,sub_r_r,t_k_sup,total_time
1,0.00015189964324235916,8.789962157607079e-05,0.000636199489235878,1.0800082236528397e-05,0.010526900179684162,1.1699739843606949e-05,9.100418537855148e-06,1.8600374460220337e-05,2.020038664340973e-05,9.139999747276306e-05,0.002598700113594532,0.009295599535107613,0.0005087000317871571,2.4499837309122086e-05,0.0028194994665682316,0.02681169891729951
2,0.00014659948647022247,8.610030636191368e-05,0.0004920000210404396,1.0100193321704865e-05,0.010193599853664637,1.0999385267496109e-05,9.000301361083984e-06,1.819990575313568e-05,1.8999911844730377e-05,8.809985592961311e-05,0.00245750043541193,0.008757499977946281,0.0005581998266279697,2.349959686398506e-05,0.0027427999302744865,0.02561319898813963
3,9.300187230110168e-06,8.089980110526085e-05,8.90018418431282e-06,5.09992241859436e-06,0.0004332996904850006,5.400273948907852e-06,4.4996850192546844e-06,9.399838745594025e-06,9.600073099136353e-06,8.169980719685555e-05,0.0024616005830466747,0.01194509956985712,0.0003544003702700138,1.3300683349370956e-05,0.002760699950158596,0.018183200620114803
4,0.00014859996736049652,8.510006591677666e-05,0.00048319995403289795,1.0800082236528397e-05,0.010141400154680014,1.0699965059757233e-05,9.300187230110168e-06,1.8099788576364517e-05,1.890026032924652e-05,8.79000872373581e-05,0.002478600014001131,0.008691099938005209,0.00048610009253025055,2.1600164473056793e-05,0.002708999440073967,0.025400400161743164
