percentage,execution,ar_r_sub,k_s_sup,ks_sf_in,n_r_t,nk_k_sup,nrs_ns_r,ns_s_spe,ns_s_sup,ns_sub_r,r_ar_sup,s_k_sub,s_ns_sub,s_nsup_k,sub_r_r,t_k_sup,total_time
60,9,0.0004931000003125519,0.0015827999995963182,1.8799999452312477e-05,1.1299999641778413e-05,1.0600000678095967e-05,8.700000762473792e-06,0.015358399999968242,0.01707229999919946,0.0005176999993636855,0.005235400000856316,8.329999855050119e-05,8.280000020022271e-05,9.100000170292333e-06,2.2200000785232987e-05,9.330000102636404e-05,0.040599800000563846
