percentage,execution,ar_r_sub,k_s_sup,ks_sf_in,n_r_t,nk_k_sup,nrs_ns_r,ns_s_spe,ns_s_sup,ns_sub_r,r_ar_sup,s_k_sub,s_ns_sub,s_nsup_k,sub_r_r,t_k_sup,total_time
40,4,0.011883400000442634,0.0008513000011589611,1.3500000022759195e-05,1.0799999472510535e-05,1.06999996205559e-05,8.999999408842996e-06,0.021339299999453942,0.0036406000008355477,1.609999981155852e-05,0.0008813000004010973,7.379999988188501e-05,7.830000049580121e-05,9.200000022246968e-06,1.6400000276917126e-05,8.969999998953426e-05,0.038923400001294794
