percentage,execution,ar_r_sub,k_s_sup,ks_sf_in,n_r_t,nk_k_sup,nrs_ns_r,ns_s_spe,ns_s_sup,ns_sub_r,r_ar_sup,s_k_sub,s_ns_sub,s_nsup_k,sub_r_r,t_k_sup,total_time
40,6,1.1900000572495628e-05,8.21999992695055e-05,8.800000614428427e-06,5.099999725644011e-06,0.0005566999998336541,5.599999894911889e-06,4.300000000512227e-06,9.20000093174167e-06,9.499999578110874e-06,0.0008910000005926122,0.0030570999997507897,0.012177900001006492,0.0004580000004352769,1.0300000212737359e-05,0.003530200000568584,0.020817800002987497
