percentage,execution,ar_r_sub,k_s_sup,ks_sf_in,n_r_t,nk_k_sup,nrs_ns_r,ns_s_spe,ns_s_sup,ns_sub_r,r_ar_sup,s_k_sub,s_ns_sub,s_nsup_k,sub_r_r,t_k_sup,total_time
60,8,0.011369400000148744,7.699999969190685e-05,9.299999874201603e-06,5.599999894911889e-06,0.0014176000004226808,5.600000804406591e-06,4.699999408330768e-06,9.800000043469481e-06,1.0199999451288022e-05,7.350000032602111e-05,0.010402800000520074,0.022774500000195985,0.0012365000002318993,0.002196600000388571,0.0017939999988811905,0.05138710000028368
