percentage,execution,ar_r_sub,k_s_sup,ks_sf_in,n_r_t,nk_k_sup,nrs_ns_r,ns_s_spe,ns_s_sup,ns_sub_r,r_ar_sup,s_k_sub,s_ns_sub,s_nsup_k,sub_r_r,t_k_sup,total_time
20,4,7.109999933163635e-05,7.730000106676016e-05,8.999999408842996e-06,5.4000001910026185e-06,0.0014229000007617287,5.7999995988211595e-06,4.5000006139162e-06,9.60000033956021e-06,9.79999913397478e-06,7.14999996489496e-05,0.008675899999616377,0.03148109999983717,0.0012292999999772292,1.2100000276404899e-05,0.0018433999994158512,0.044928699999218225
