execution,ar_r_sub,k_s_sup,ks_sf_in,n_r_t,nk_k_sup,nrs_ns_r,ns_s_spe,ns_s_sup,ns_sub_r,r_ar_sup,s_k_sub,s_ns_sub,s_nsup_k,sub_r_r,t_k_sup,total_time
1,8.199946023523808e-06,8.79995059221983e-06,8.200062438845634e-06,5.09992241859436e-06,4.800036549568176e-06,5.00003807246685e-06,0.00041099998634308577,7.349997758865356e-05,8.70006624609232e-06,7.309997454285622e-05,7.899943739175797e-06,8.00006091594696e-06,4.600035026669502e-06,9.600073099136353e-06,8.299946784973145e-06,0.0006448000203818083
2,9.800074622035027e-06,0.0044238000409677625,9.399955160915852e-06,5.299923941493034e-06,5.299923941493034e-06,4.900037311017513e-06,0.00040520005859434605,7.729989010840654e-05,0.00015710003208369017,0.002880199928767979,7.860001642256975e-05,8.1100151874125e-05,4.600035026669502e-06,1.0100076906383038e-05,0.00010110007133334875,0.008253800217062235
3,9.600073099136353e-06,0.004118200042285025,9.399955160915852e-06,5.100038833916187e-06,5.299923941493034e-06,4.799920134246349e-06,0.0003929000813513994,7.499998901039362e-05,0.00014690007083117962,0.0028258999809622765,7.71998893469572e-05,7.38000962883234e-05,4.600035026669502e-06,1.0100076906383038e-05,9.560002945363522e-05,0.00785440020263195
4,9.699957445263863e-06,0.004201400093734264,9.399838745594025e-06,5.100038833916187e-06,5.200039595365524e-06,4.700035788118839e-06,0.00039850000757724047,7.469998672604561e-05,0.00014859996736049652,0.002839699969626963,8.14999220892787e-05,7.619999814778566e-05,4.599918611347675e-06,1.00000761449337e-05,9.909993968904018e-05,0.007968399790115654
