percentage,execution,ar_r_sub,k_s_sup,ks_sf_in,n_r_t,nk_k_sup,nrs_ns_r,ns_s_spe,ns_s_sup,ns_sub_r,r_ar_sup,s_k_sub,s_ns_sub,s_nsup_k,sub_r_r,t_k_sup,total_time
80,1,2.519999998185085e-05,0.0066038999993907055,2.680000034160912e-05,1.6400001186411828e-05,0.011598000000049069,2.7999999474559445e-05,0.0021305000000211294,0.00017129999923781725,2.9599998924823012e-05,0.016924999998991552,0.0019124000000374508,0.0023138999995353515,0.001560800000333984,5.129999954078812e-05,0.00372239999978774,0.04711549999683484
