percentage,execution,ar_r_sub,k_s_sup,ks_sf_in,n_r_t,nk_k_sup,nrs_ns_r,ns_s_spe,ns_s_sup,ns_sub_r,r_ar_sup,s_k_sub,s_ns_sub,s_nsup_k,sub_r_r,t_k_sup,total_time
40,1,2.790000053209951e-05,0.011385300000256393,2.0400000721565448e-05,8.600000001024455e-06,0.0013828999999532243,1.0400000064691994e-05,0.0008225999999922351,0.00012229999992996454,0.0003589000007195864,0.015176500000052329,0.004186299999673793,0.013650400001097296,0.0006652000001849956,4.670000089390669e-05,0.008999899999253103,0.05686430000332621
