percentage,execution,ar_r_sub,k_s_sup,ks_sf_in,n_r_t,nk_k_sup,nrs_ns_r,ns_s_spe,ns_s_sup,ns_sub_r,r_ar_sup,s_k_sub,s_ns_sub,s_nsup_k,sub_r_r,t_k_sup,total_time
60,2,2.5899998945533298e-05,0.0027486000008138944,2.170000061596511e-05,1.7999999727180693e-05,0.011077199999817822,1.8900000213761814e-05,0.0017486000006101676,0.00017359999856125796,3.0299999707494862e-05,0.014043199999832723,0.0015056000002005021,0.0018573000006654183,0.0014043999990462908,2.879999919969123e-05,0.003018299999894225,0.03772039999785193
