percentage,execution,ar_r_sub,k_s_sup,ks_sf_in,n_r_t,nk_k_sup,nrs_ns_r,ns_s_spe,ns_s_sup,ns_sub_r,r_ar_sup,s_k_sub,s_ns_sub,s_nsup_k,sub_r_r,t_k_sup,total_time
60,7,2.0300154574215412e-05,8.489994797855616e-05,1.7999904230237007e-05,1.1199968867003918e-05,0.008426499902270734,1.1999974958598614e-05,9.300070814788342e-06,1.8899794667959213e-05,2.0200037397444248e-05,0.013552199816331267,0.009279899997636676,0.024083500145934522,0.002316000056453049,2.5300076231360435e-05,0.010695400065742433,0.06857359991408885
