percentage,execution,k_s_sup,s_k_sub,t_k_sup,ns_s_sup,s_ns_sub,r_ar_sup,ar_r_sub,ns_sub_r,ks_sf_in,sub_r_r,n_r_t,ns_s_spe,nk_k_sup,s_nsup_k,nrs_ns_r,total_time
50,1,8.370001160074025e-05,0.021146700004464947,0.0018666000105440617,1.0899995686486363e-05,0.04599210000014864,0.019425499995122664,1.2099990271963179e-05,1.1700016329996288e-05,1.0899995686486363e-05,1.959998917300254e-05,6.399990525096655e-06,5.199995939619839e-06,0.0032187000033445656,0.002785100004984997,6.699992809444666e-06,0.09460189999663271
