percentage,execution,ar_r_sub,k_s_sup,ks_sf_in,n_r_t,nk_k_sup,nrs_ns_r,ns_s_spe,ns_s_sup,ns_sub_r,r_ar_sup,s_k_sub,s_ns_sub,s_nsup_k,sub_r_r,t_k_sup,total_time
20,9,2.2300000637187622e-05,0.012688300000263553,1.9799999790848233e-05,1.3699999726668466e-05,0.000957600000219827,1.4799999917158857e-05,0.001502999999502208,0.00016789999972388614,0.00040889999945648015,0.008614899998974579,0.004550799999378796,0.015059700000165321,0.0008189999998649,2.4400000256719068e-05,0.008418299999902956,0.05328339999778109
