percentage,execution,ar_r_sub,k_s_sup,ks_sf_in,n_r_t,nk_k_sup,nrs_ns_r,ns_s_spe,ns_s_sup,ns_sub_r,r_ar_sup,s_k_sub,s_ns_sub,s_nsup_k,sub_r_r,t_k_sup,total_time
90,1,1.1699972674250603e-05,7.810001261532307e-05,1.0300078429281712e-05,5.999929271638393e-06,0.0029212000081315637,5.400041118264198e-06,5.100038833916187e-06,1.3600103557109833e-05,1.1800089851021767e-05,0.026282700011506677,0.020798300043679774,0.030807799892500043,0.0026082999538630247,1.580000389367342e-05,0.0017904998967424035,0.08536660007666796
