percentage,execution,ar_r_sub,k_s_sup,ks_sf_in,n_r_t,nk_k_sup,nrs_ns_r,ns_s_spe,ns_s_sup,ns_sub_r,r_ar_sup,s_k_sub,s_ns_sub,s_nsup_k,sub_r_r,t_k_sup,total_time
40,4,1.0200077667832375e-05,7.660011760890484e-05,9.600073099136353e-06,5.499925464391708e-06,0.0017207999480888247,6.200047209858894e-06,4.800036549568176e-06,1.009996049106121e-05,1.0500079952180386e-05,0.0038298999425023794,0.008803399978205562,0.03248669998720288,0.0014079998945817351,1.2699980288743973e-05,0.010576899978332222,0.05897190002724528
