percentage,execution,k_s_sup,s_k_sub,t_k_sup,ns_s_sup,s_ns_sub,r_ar_sup,ar_r_sub,ns_sub_r,ks_sf_in,sub_r_r,n_r_t,ns_s_spe,nk_k_sup,s_nsup_k,nrs_ns_r,total_time
80,2,9.460000728722662e-05,0.010406600005808286,0.012994600008823909,1.300001167692244e-05,0.021191499996348284,0.00952599999436643,1.379998866468668e-05,1.2400007108226418e-05,1.2500007869675756e-05,1.5700003132224083e-05,7.399998139590025e-06,6.099988240748644e-06,0.002043000000412576,0.0017031999886967242,6.89999433234334e-06,0.05804730000090785
