percentage,execution,k_s_sup,s_k_sub,t_k_sup,ns_s_sup,s_ns_sub,r_ar_sup,ar_r_sub,ns_sub_r,ks_sf_in,sub_r_r,n_r_t,ns_s_spe,nk_k_sup,s_nsup_k,nrs_ns_r,total_time
90,3,9.919999865815043e-05,0.011386199985281564,0.01163730000553187,1.4499993994832039e-05,0.012358999985735863,0.010215899994364008,1.2599994079209864e-05,1.1999989510513842e-05,1.1099997209385037e-05,1.4599994756281376e-05,6.800008122809231e-06,5.49999822396785e-06,0.0019037000020034611,0.001582800003234297,6.000002031214535e-06,0.04926719995273743
