percentage,execution,ar_r_sub,k_s_sup,ks_sf_in,n_r_t,nk_k_sup,nrs_ns_r,ns_s_spe,ns_s_sup,ns_sub_r,r_ar_sup,s_k_sub,s_ns_sub,s_nsup_k,sub_r_r,t_k_sup,total_time
40,10,9.899958968162537e-06,7.670000195503235e-05,9.300070814788342e-06,5.699926987290382e-06,0.001686900039203465,5.999929271638393e-06,4.600035026669502e-06,1.0100076906383038e-05,9.999959729611874e-06,0.0038590000476688147,0.008977700141258538,0.032566500012762845,0.0014088000170886517,1.2899981811642647e-05,0.010759799974039197,0.05940390017349273
