percentage,execution,ar_r_sub,k_s_sup,ks_sf_in,n_r_t,nk_k_sup,nrs_ns_r,ns_s_spe,ns_s_sup,ns_sub_r,r_ar_sup,s_k_sub,s_ns_sub,s_nsup_k,sub_r_r,t_k_sup,total_time
40,4,1.009996049106121e-05,0.00012830004561692476,9.500072337687016e-06,6.00004568696022e-06,0.002950900001451373,9.00006853044033e-06,4.999921657145023e-06,9.999959729611874e-06,1.0399962775409222e-05,0.014271700056269765,0.019224400050006807,0.05333889997564256,0.002662200015038252,1.5399884432554245e-05,0.0017417999915778637,0.09439360001124442
