percentage,execution,k_s_sup,s_k_sub,t_k_sup,ns_s_sup,s_ns_sub,r_ar_sup,ar_r_sub,ns_sub_r,ks_sf_in,sub_r_r,n_r_t,ns_s_spe,nk_k_sup,s_nsup_k,nrs_ns_r,total_time
60,4,8.060001709964126e-05,0.024017000003368594,0.001802799990400672,1.0599993402138352e-05,0.043569599991315044,0.02023820001340937,1.1399999493733048e-05,1.0899995686486363e-05,1.030000566970557e-05,1.6400008462369442e-05,6.400005077011883e-06,5.199995939619839e-06,0.0031771999929333106,0.0027067999908467755,6.799993570894003e-06,0.09567019999667536
