percentage,execution,k_s_sup,s_k_sub,t_k_sup,ns_s_sup,s_ns_sub,r_ar_sup,ar_r_sub,ns_sub_r,ks_sf_in,sub_r_r,n_r_t,ns_s_spe,nk_k_sup,s_nsup_k,nrs_ns_r,total_time
10,8,9.339999814983457e-05,0.010134500000276603,0.011716699998942204,1.990000600926578e-05,0.0504679000005126,0.0034328000037930906,2.130000211764127e-05,2.1100000594742596e-05,1.9899976905435324e-05,2.889998722821474e-05,4.439998883754015e-05,1.0000003385357559e-05,0.008375599994906224,0.0021529999939957634,1.4999997802078724e-05,0.0865543999534566
