percentage,execution,k_s_sup,s_k_sub,t_k_sup,ns_s_sup,s_ns_sub,r_ar_sup,ar_r_sub,ns_sub_r,ks_sf_in,sub_r_r,n_r_t,ns_s_spe,nk_k_sup,s_nsup_k,nrs_ns_r,total_time
70,4,8.110000635497272e-05,0.01977489999262616,0.0017944999999599531,1.1099997209385037e-05,0.037307699996745214,0.029120299994247034,1.2599994079209864e-05,1.3700002455152571e-05,1.0099989594891667e-05,1.6900012269616127e-05,6.400005077011883e-06,5.3000112529844046e-06,0.0030484000017168,0.00269059999845922,6.200003554113209e-06,0.09389980000560172
