percentage,execution,k_s_sup,s_k_sub,t_k_sup,ns_s_sup,s_ns_sub,r_ar_sup,ar_r_sub,ns_sub_r,ks_sf_in,sub_r_r,n_r_t,ns_s_spe,nk_k_sup,s_nsup_k,nrs_ns_r,total_time
80,1,0.00010520000068936497,0.011048800006392412,0.012670200012507848,1.2499993317760527e-05,0.02331180000328459,0.009767600015038624,1.3700002455152571e-05,1.2499993317760527e-05,1.1199997970834374e-05,1.6399993910454214e-05,6.89999433234334e-06,5.699999746866524e-06,0.002174399996874854,0.0016720999992685392,8.400005754083395e-06,0.06083740001486149
