percentage,execution,k_s_sup,s_k_sub,t_k_sup,ns_s_sup,s_ns_sub,r_ar_sup,ar_r_sub,ns_sub_r,ks_sf_in,sub_r_r,n_r_t,ns_s_spe,nk_k_sup,s_nsup_k,nrs_ns_r,total_time
60,9,5.3499999921768904e-05,0.028186499985167757,0.0009638999908929691,1.5999990864656866e-05,0.043402700015576556,0.027601900001172908,1.790000533219427e-05,1.7400016076862812e-05,1.6200006939470768e-05,2.6500012609176338e-05,1.3700002455152571e-05,1.1000010999850929e-05,0.01280840000254102,0.005757100007031113,1.4899997040629387e-05,0.11890760004462209
