percentage,execution,k_s_sup,s_k_sub,t_k_sup,ns_s_sup,s_ns_sub,r_ar_sup,ar_r_sub,ns_sub_r,ks_sf_in,sub_r_r,n_r_t,ns_s_spe,nk_k_sup,s_nsup_k,nrs_ns_r,total_time
20,6,1.2899996363557875e-05,0.004047299997182563,1.3800017768517137e-05,1.170000177808106e-05,0.018418099993141368,0.012141399987740442,1.2599994079209864e-05,1.2200005585327744e-05,1.170000177808106e-05,1.889999839477241e-05,7.800001185387373e-06,5.800000508315861e-06,0.002322600004845299,0.0016515000024810433,1.0000003385357559e-05,0.03869830000621732
