percentage,execution,ar_r_sub,k_s_sup,ks_sf_in,n_r_t,nk_k_sup,nrs_ns_r,ns_s_spe,ns_s_sup,ns_sub_r,r_ar_sup,s_k_sub,s_ns_sub,s_nsup_k,sub_r_r,t_k_sup,total_time
30,6,1.9799917936325073e-05,8.579983841627836e-05,1.7900019884109497e-05,1.4200108125805855e-05,0.0077986998949199915,1.2499978765845299e-05,9.300070814788342e-06,1.8900027498602867e-05,1.9500148482620716e-05,0.007517699967138469,0.009052500012330711,0.03565889992751181,0.0018783999839797616,2.8199865482747555e-05,0.010613400023430586,0.07274569978471845
