percentage,execution,ar_r_sub,k_s_sup,ks_sf_in,n_r_t,nk_k_sup,nrs_ns_r,ns_s_spe,ns_s_sup,ns_sub_r,r_ar_sup,s_k_sub,s_ns_sub,s_nsup_k,sub_r_r,t_k_sup,total_time
60,9,1.0600080713629723e-05,7.599988020956516e-05,9.70007386058569e-06,6.199930794537067e-06,0.0017837999621406198,6.300047971308231e-06,4.900037311017513e-06,1.0100076906383038e-05,1.089985016733408e-05,0.005499899969436228,0.008961700019426644,0.02653120004106313,0.0015577999874949455,1.309998333454132e-05,0.010728599969297647,0.05521079991012812
