percentage,execution,ar_r_sub,k_s_sup,ks_sf_in,n_r_t,nk_k_sup,nrs_ns_r,ns_s_spe,ns_s_sup,ns_sub_r,r_ar_sup,s_k_sub,s_ns_sub,s_nsup_k,sub_r_r,t_k_sup,total_time
80,7,1.0599964298307896e-05,7.670011837035418e-05,9.500072337687016e-06,6.100046448409557e-06,0.0016982000088319182,5.700043402612209e-06,5.00003807246685e-06,1.1600088328123093e-05,1.0399962775409222e-05,0.007931499974802136,0.008530399994924664,0.017578300088644028,0.0014896999346092343,1.2699863873422146e-05,0.01118899998255074,0.048565400182269514
