percentage,execution,ar_r_sub,k_s_sup,ks_sf_in,n_r_t,nk_k_sup,nrs_ns_r,ns_s_spe,ns_s_sup,ns_sub_r,r_ar_sup,s_k_sub,s_ns_sub,s_nsup_k,sub_r_r,t_k_sup,total_time
30,5,2.2499938495457172e-05,8.309993427246809e-05,1.7999904230237007e-05,1.1400086805224419e-05,0.007865800056606531,1.2399978004395962e-05,9.699957445263863e-06,1.850002445280552e-05,1.98000343516469e-05,0.007543100044131279,0.008948100148700178,0.0356712001375854,0.0018527000211179256,2.629996743053198e-05,0.01051149982959032,0.07261410006321967
