percentage,execution,ar_r_sub,k_s_sup,ks_sf_in,n_r_t,nk_k_sup,nrs_ns_r,ns_s_spe,ns_s_sup,ns_sub_r,r_ar_sup,s_k_sub,s_ns_sub,s_nsup_k,sub_r_r,t_k_sup,total_time
50,6,1.079996582120657e-05,8.009991142898798e-05,9.400071576237679e-06,5.999929271638393e-06,0.0029622999718412757,6.500049494206905e-06,4.900037311017513e-06,1.0400079190731049e-05,1.0599964298307896e-05,0.010254899971187115,0.022782400017604232,0.04791019996628165,0.002585600013844669,1.479999627918005e-05,0.001725299982354045,0.0883741999277845
