percentage,execution,ar_r_sub,k_s_sup,ks_sf_in,n_r_t,nk_k_sup,nrs_ns_r,ns_s_spe,ns_s_sup,ns_sub_r,r_ar_sup,s_k_sub,s_ns_sub,s_nsup_k,sub_r_r,t_k_sup,total_time
90,8,0.0016088001430034637,0.03130139969289303,1.1499971151351929e-05,7.3998235166072845e-06,0.001054499763995409,6.299931555986404e-06,0.014417799655348063,0.011324599850922823,1.7997808754444122e-06,0.03601469984278083,0.001389999408274889,0.0013844994828104973,0.0008856998756527901,2.0099803805351257e-05,0.0034864996559917927,0.10291559668257833
