percentage,execution,ar_r_sub,k_s_sup,ks_sf_in,n_r_t,nk_k_sup,nrs_ns_r,ns_s_spe,ns_s_sup,ns_sub_r,r_ar_sup,s_k_sub,s_ns_sub,s_nsup_k,sub_r_r,t_k_sup,total_time
70,8,0.00014089979231357574,0.030640899669378996,1.1799857020378113e-05,7.799826562404633e-06,0.0013914997689425945,7.199589163064957e-06,0.009916800074279308,0.006849500350654125,1.8998980522155762e-06,0.03109239973127842,0.002837100066244602,0.006287400145083666,0.0012701000086963177,2.1199695765972137e-05,0.013617599848657846,0.10409409832209349
