percentage,execution,ar_r_sub,k_s_sup,ks_sf_in,n_r_t,nk_k_sup,nrs_ns_r,ns_s_spe,ns_s_sup,ns_sub_r,r_ar_sup,s_k_sub,s_ns_sub,s_nsup_k,sub_r_r,t_k_sup,total_time
20,9,1.1099999937869143e-05,0.0216325000001234,1.0100000508828089e-05,6.100000064179767e-06,5.99999930273043e-06,6.300000677583739e-06,0.005576800000199,0.004630500000530446,1.5999994502635673e-06,0.0151943000000756,0.00013699999999516876,0.00013589999980467837,5.199999577598646e-06,1.5699999494245276e-05,0.00015609999991283985,0.04752519999965443
