percentage,execution,ar_r_sub,k_s_sup,ks_sf_in,n_r_t,nk_k_sup,nrs_ns_r,ns_s_spe,ns_s_sup,ns_sub_r,r_ar_sup,s_k_sub,s_ns_sub,s_nsup_k,sub_r_r,t_k_sup,total_time
50,3,0.00160910002887249,0.022118999622762203,1.2200325727462769e-05,7.799826562404633e-06,0.0014420999214053154,7.799826562404633e-06,0.013050199951976538,0.009733600076287985,1.8998980522155762e-06,0.02714119991287589,0.0018321000970900059,0.005350899882614613,0.001312199980020523,2.1400395780801773e-05,0.010963700246065855,0.09460519999265671
