percentage,execution,ar_r_sub,k_s_sup,ks_sf_in,n_r_t,nk_k_sup,nrs_ns_r,ns_s_spe,ns_s_sup,ns_sub_r,r_ar_sup,s_k_sub,s_ns_sub,s_nsup_k,sub_r_r,t_k_sup,total_time
90,10,0.001505199819803238,0.03115390008315444,1.5900004655122757e-05,7.799826562404633e-06,0.0013954001478850842,6.899703294038773e-06,0.014411500189453363,0.011444200295954943,2.00001522898674e-06,0.03958080010488629,0.0026806998066604137,0.0027197995223104954,0.001209499780088663,1.9900035113096237e-05,0.013816500082612038,0.11996999941766262
