percentage,execution,ar_r_sub,k_s_sup,ks_sf_in,n_r_t,nk_k_sup,nrs_ns_r,ns_s_spe,ns_s_sup,ns_sub_r,r_ar_sup,s_k_sub,s_ns_sub,s_nsup_k,sub_r_r,t_k_sup,total_time
80,3,0.011632900000222435,0.001613800000086485,1.0599999768601265e-05,5.99999930273043e-06,0.00032049999936134554,5.7999995988211595e-06,0.004047600000376406,0.003961499999604712,3.4000004234258085e-06,0.0031288000000131433,0.0008250000000771252,0.0008038000005399226,0.00029009999980189605,1.2999998943996616e-05,0.0037921000002825167,0.030454899998403562
