percentage,execution,ar_r_sub,k_s_sup,ks_sf_in,n_r_t,nk_k_sup,nrs_ns_r,ns_s_spe,ns_s_sup,ns_sub_r,r_ar_sup,s_k_sub,s_ns_sub,s_nsup_k,sub_r_r,t_k_sup,total_time
50,6,0.007411000318825245,0.037793099880218506,1.3199634850025177e-05,7.899943739175797e-06,0.0012166998349130154,0.0001092003658413887,0.013338800054043531,0.009537799749523401,2.100132405757904e-06,0.030100200325250626,0.0021162000484764576,0.008433700539171696,0.0010639000684022903,2.4100299924612045e-05,0.010969200171530247,0.12213710136711597
