percentage,execution,ar_r_sub,k_s_sup,ks_sf_in,n_r_t,nk_k_sup,nrs_ns_r,ns_s_spe,ns_s_sup,ns_sub_r,r_ar_sup,s_k_sub,s_ns_sub,s_nsup_k,sub_r_r,t_k_sup,total_time
10,3,1.1600088328123093e-05,0.017234299797564745,1.0800547897815704e-05,6.6999346017837524e-06,6.5998174250125885e-06,6.5998174250125885e-06,0.00505110016092658,0.0033871005289256573,1.700129359960556e-06,0.01192079996690154,8.120015263557434e-05,8.090026676654816e-05,5.3998082876205444e-06,1.6499776393175125e-05,9.380001574754715e-05,0.0379151008091867
