percentage,execution,ar_r_sub,k_s_sup,ks_sf_in,n_r_t,nk_k_sup,nrs_ns_r,ns_s_spe,ns_s_sup,ns_sub_r,r_ar_sup,s_k_sub,s_ns_sub,s_nsup_k,sub_r_r,t_k_sup,total_time
40,2,8.459994569420815e-05,0.02885020012035966,1.1799857020378113e-05,7.700175046920776e-06,0.0014682002365589142,7.699709385633469e-06,0.011532700154930353,0.009609300177544355,1.700129359960556e-06,0.029746000189334154,0.0018954002298414707,0.00854360032826662,0.0012342999689280987,2.200016751885414e-05,0.01061189966276288,0.10362710105255246
