percentage,execution,ar_r_sub,k_s_sup,ks_sf_in,n_r_t,nk_k_sup,nrs_ns_r,ns_s_spe,ns_s_sup,ns_sub_r,r_ar_sup,s_k_sub,s_ns_sub,s_nsup_k,sub_r_r,t_k_sup,total_time
20,10,0.01048809988424182,0.023251299746334553,1.1699274182319641e-05,7.4999406933784485e-06,0.0008409000001847744,0.00010830024257302284,0.01138849975541234,0.007786199916154146,2.299901098012924e-06,0.01805069949477911,0.001713200006633997,0.007972499821335077,0.0007802997715771198,2.090074121952057e-05,0.010527099948376417,0.09294949844479561
