percentage,execution,ar_r_sub,k_s_sup,ks_sf_in,n_r_t,nk_k_sup,nrs_ns_r,ns_s_spe,ns_s_sup,ns_sub_r,r_ar_sup,s_k_sub,s_ns_sub,s_nsup_k,sub_r_r,t_k_sup,total_time
40,1,1.0199999451288022e-05,8.130000242090318e-05,8.700000762473792e-06,5.700001565855928e-06,0.0012173000013717683,6.000000212225132e-06,4.5000015234109014e-06,9.699999282020144e-06,9.699999282020144e-06,0.005113200002597296,0.007154099999752361,0.022855900000649854,0.0010180999997828621,1.2399999832268804e-05,0.0044692999981634784,0.041976100006650086
