execution,k_s_sup,s_k_sub,t_k_sup,ns_s_sup,s_ns_sub,r_ar_sup,ar_r_sub,ns_sub_r,ks_sf_in,sub_r_r,n_r_t,ns_s_spe,nk_k_sup,s_nsup_k,nrs_ns_r,total_time
2,8.899995009414852e-06,7.270000060088933e-05,8.400005754083395e-06,7.90000194683671e-06,6.910001684445888e-05,8.600007276982069e-06,6.86999992467463e-05,8.200004231184721e-06,8.000002708286047e-06,9.099981980398297e-06,4.7000066842883825e-06,3.9000005926936865e-06,0.00025040000036824495,0.0001680999994277954,5.099995178170502e-06,0.0007018000178504735
3,8.90000956133008e-06,7.609999738633633e-05,8.699993486516178e-06,8.200004231184721e-06,7.380000897683203e-05,8.899995009414852e-06,7.599999662488699e-05,8.899995009414852e-06,8.400005754083395e-06,9.499999578110874e-06,5.099995178170502e-06,3.9000005926936865e-06,0.000272599994787015,0.00017649999062996358,5.699999746866524e-06,0.0007511999865528196
4,4.7299996367655694e-05,0.0034026000066660345,0.00047900000936351717,1.270000939257443e-05,0.009427700002561323,6.019999273121357e-05,0.010793100009323098,1.4000004739500582e-05,1.270000939257443e-05,0.0020595000096363947,9.700015652924776e-06,1.0800009476952255e-05,0.010450100002344698,0.0008770999993430451,8.899980457499623e-06,0.037665400057449006
