execution,k_s_sup,s_k_sub,t_k_sup,ns_s_sup,s_ns_sub,r_ar_sup,ar_r_sub,ns_sub_r,ks_sf_in,sub_r_r,n_r_t,ns_s_spe,nk_k_sup,s_nsup_k,nrs_ns_r,total_time
1,3.229989670217037e-05,2.350006252527237e-05,8.300063200294971e-06,7.279985584318638e-05,7.70005863159895e-06,6.780005060136318e-05,7.70005863159895e-06,1.600012183189392e-06,7.800059393048286e-06,9.200070053339005e-06,4.799920134246349e-06,0.000367600005120039,4.300032742321491e-06,4.00003045797348e-06,4.599918611347675e-06,0.0006240000948309898
2,0.0037229000590741634,7.379997987300158e-05,8.389994036406279e-05,6.939994636923075e-05,6.669992581009865e-05,0.002633600030094385,8.79995059221983e-06,1.700012944638729e-06,8.299830369651318e-06,9.70007386058569e-06,5.00003807246685e-06,0.0004333000397309661,4.599918611347675e-06,4.200031980872154e-06,4.500034265220165e-06,0.007130399812012911
3,0.004110799985937774,7.170008029788733e-05,0.00010979990474879742,7.11000757291913e-05,8.240004535764456e-05,0.003259100019931793,9.400071576237679e-06,1.600012183189392e-06,8.500064723193645e-06,1.0299962013959885e-05,5.499925464391708e-06,0.0004475000314414501,4.799920134246349e-06,4.300032742321491e-06,4.600035026669502e-06,0.008201400167308748
4,0.0038886999245733023,7.340009324252605e-05,8.579995483160019e-05,6.810005288571119e-05,6.769993342459202e-05,0.0026091000763699412,8.800067007541656e-06,1.9000144675374031e-06,8.09994526207447e-06,9.399955160915852e-06,5.400041118264198e-06,0.0003779999678954482,4.700035788118839e-06,4.09991480410099e-06,4.300032742321491e-06,0.007217500009573996
