percentage,execution,ar_r_sub,k_s_sup,ks_sf_in,n_r_t,nk_k_sup,nrs_ns_r,ns_s_spe,ns_s_sup,ns_sub_r,r_ar_sup,s_k_sub,s_ns_sub,s_nsup_k,sub_r_r,t_k_sup,total_time
60,2,0.006906100001287996,7.76999968365999e-05,1.610000072105322e-05,1.0999998266925104e-05,0.0005879000000277301,9.499999578110874e-06,0.011876399999891873,0.00019530000099621248,1.539999902888667e-05,0.00014459999874816276,0.0007636000009370036,0.0004943999992974568,0.00048580000111542176,1.5999999959603883e-05,0.0008474999995087273,0.022447299996201764
