percentage,execution,ar_r_sub,k_s_sup,ks_sf_in,n_r_t,nk_k_sup,nrs_ns_r,ns_s_spe,ns_s_sup,ns_sub_r,r_ar_sup,s_k_sub,s_ns_sub,s_nsup_k,sub_r_r,t_k_sup,total_time
20,7,7.610000102431513e-05,0.004020399999717483,9.800000043469481e-06,5.699999746866524e-06,0.0007404999996651895,6.000000212225132e-06,0.0006371999988914467,7.589999950141646e-05,0.0001489000005676644,0.0027245000001130393,0.0030095000001892913,0.012226000000737258,0.0006422999995265855,1.1600001016631722e-05,0.0063938000002963236,0.030728200001249206
