percentage,execution,ar_r_sub,k_s_sup,ks_sf_in,n_r_t,nk_k_sup,nrs_ns_r,ns_s_spe,ns_s_sup,ns_sub_r,r_ar_sup,s_k_sub,s_ns_sub,s_nsup_k,sub_r_r,t_k_sup,total_time
40,1,7.440000081260223e-05,9.399999726156238e-06,9.200000022246968e-06,5.099999725644011e-06,4.800000169780105e-06,4.70000031782547e-06,0.0019161000000167405,0.010806500000398955,1.7000002117129043e-06,7.160000041039893e-05,8.200000593205914e-06,9.700000191514846e-06,4.300000000512227e-06,1.1000000085914508e-05,9.200000022246968e-06,0.012945900002705457
