execution,ar_r_sub,k_s_sup,ks_sf_in,n_r_t,nk_k_sup,nrs_ns_r,ns_s_spe,ns_s_sup,ns_sub_r,r_ar_sup,s_k_sub,s_ns_sub,s_nsup_k,sub_r_r,t_k_sup,total_time
1,8.179992437362671e-05,1.0399962775409222e-05,9.899958968162537e-06,5.799927748739719e-06,0.00024419999681413174,6.00004568696022e-06,4.700035788118839e-06,9.500072337687016e-06,1.9000144675374031e-06,1.0100076906383038e-05,8.539995178580284e-05,8.410017471760511e-05,0.00014269992243498564,1.0699965059757233e-05,1.0199961252510548e-05,0.0007173999911174178
2,8.479994721710682e-05,1.009996049106121e-05,9.70007386058569e-06,5.600042641162872e-06,0.00022769998759031296,5.800044164061546e-06,4.900037311017513e-06,9.099836461246014e-06,1.800013706088066e-06,9.699957445263863e-06,8.490006439387798e-05,8.220004383474588e-05,0.00014210003428161144,1.0499963536858559e-05,9.900075383484364e-06,0.0006988000823184848
3,9.699957445263863e-06,8.9599983766675e-05,9.599956683814526e-06,5.600042641162872e-06,0.0003333999775350094,6.00004568696022e-06,4.799920134246349e-06,1.0400079190731049e-05,1.9000144675374031e-06,8.410005830228329e-05,0.0020647001219913363,0.009103099931962788,0.0002739999908953905,1.109996810555458e-05,0.0021442000288516283,0.014152200077660382
