percentage,execution,ar_r_sub,k_s_sup,ks_sf_in,n_r_t,nk_k_sup,nrs_ns_r,ns_s_spe,ns_s_sup,ns_sub_r,r_ar_sup,s_k_sub,s_ns_sub,s_nsup_k,sub_r_r,t_k_sup,total_time
20,5,7.670000013604295e-05,1.0300000212737359e-05,9.60000033956021e-06,5.7999995988211595e-06,0.0006350000003294554,6.100000064179767e-06,4.499999704421498e-06,9.399999726156238e-06,1.8000000636675395e-06,0.002201500000410306,0.0009879999997792765,0.004191400000308931,0.00043730000015784753,1.2399999832268804e-05,1.0600000678095967e-05,0.008600400001341768
