percentage,execution,ar_r_sub,k_s_sup,ks_sf_in,n_r_t,nk_k_sup,nrs_ns_r,ns_s_spe,ns_s_sup,ns_sub_r,r_ar_sup,s_k_sub,s_ns_sub,s_nsup_k,sub_r_r,t_k_sup,total_time
60,7,0.005959599744528532,1.0699965059757233e-05,1.0100193321704865e-05,6.500165909528732e-06,0.0014987001195549965,6.100162863731384e-06,4.800036549568176e-06,9.400304406881332e-06,1.7997808754444122e-06,0.0030890004709362984,0.0032619000412523746,0.006260199937969446,0.0010654004290699959,0.0011310996487736702,1.090019941329956e-05,0.02232620120048523
