percentage,execution,ar_r_sub,k_s_sup,ks_sf_in,n_r_t,nk_k_sup,nrs_ns_r,ns_s_spe,ns_s_sup,ns_sub_r,r_ar_sup,s_k_sub,s_ns_sub,s_nsup_k,sub_r_r,t_k_sup,total_time
30,4,0.0103797004558146,8.400017395615578e-05,1.0600313544273376e-05,6.400048732757568e-06,0.0015726997517049313,6.400048732757568e-06,5.09992241859436e-06,1.0299962013959885e-05,1.8998980522155762e-06,0.0008944999426603317,0.010739899706095457,0.03323749965056777,0.0013411999680101871,0.0020608995109796524,0.0062281000427901745,0.06657919939607382
