percentage,execution,ar_r_sub,k_s_sup,ks_sf_in,n_r_t,nk_k_sup,nrs_ns_r,ns_s_spe,ns_s_sup,ns_sub_r,r_ar_sup,s_k_sub,s_ns_sub,s_nsup_k,sub_r_r,t_k_sup,total_time
20,9,7.310000000870787e-05,9.999999747378752e-06,9.399999726156238e-06,5.500000042957254e-06,0.0005037000000811531,6.100000064179767e-06,4.600000465870835e-06,8.89999955688836e-06,1.5999994502635673e-06,0.002128400000401598,0.0008874000004652771,0.0008036999997784733,0.0003584000005503185,1.2599999536178075e-05,1.06999996205559e-05,0.004824099999495957
