percentage,execution,ar_r_sub,k_s_sup,ks_sf_in,n_r_t,nk_k_sup,nrs_ns_r,ns_s_spe,ns_s_sup,ns_sub_r,r_ar_sup,s_k_sub,s_ns_sub,s_nsup_k,sub_r_r,t_k_sup,total_time
40,9,0.001554999999825668,1.06999996205559e-05,1.0400000064691994e-05,9.000000318337698e-06,0.0010492000001249835,6.200000825629104e-06,4.600000465870835e-06,9.399999726156238e-06,1.5000005078036338e-06,0.0021793000005345675,0.0023404000003210967,0.0022192999995240825,0.0007144000001062523,0.00024479999956383836,1.0599999768601265e-05,0.010364800001298136
