percentage,execution,ar_r_sub,k_s_sup,ks_sf_in,n_r_t,nk_k_sup,nrs_ns_r,ns_s_spe,ns_s_sup,ns_sub_r,r_ar_sup,s_k_sub,s_ns_sub,s_nsup_k,sub_r_r,t_k_sup,total_time
70,7,0.0016816002316772938,1.1000316590070724e-05,1.0299962013959885e-05,6.500165909528732e-06,0.0015360000543296337,6.200280040502548e-06,7.6000578701496124e-06,9.799841791391373e-06,1.700129359960556e-06,0.003014999907463789,0.003192999865859747,0.003124100621789694,0.0011138999834656715,0.00024319952353835106,1.1000316590070724e-05,0.013970901258289814
