percentage,execution,ar_r_sub,k_s_sup,ks_sf_in,n_r_t,nk_k_sup,nrs_ns_r,ns_s_spe,ns_s_sup,ns_sub_r,r_ar_sup,s_k_sub,s_ns_sub,s_nsup_k,sub_r_r,t_k_sup,total_time
20,8,8.200000047509093e-05,1.06999996205559e-05,9.399999726156238e-06,5.899999450775795e-06,0.0010788999998112558,6.399999620043673e-06,4.599999556376133e-06,9.499999578110874e-06,1.99999976757681e-06,0.002690900000743568,0.0031863000003795605,0.01228480000008858,0.0007538999998359941,1.2800000149582047e-05,1.0300000212737359e-05,0.020148399999015965
