percentage,execution,ar_r_sub,k_s_sup,ks_sf_in,n_r_t,nk_k_sup,nrs_ns_r,ns_s_spe,ns_s_sup,ns_sub_r,r_ar_sup,s_k_sub,s_ns_sub,s_nsup_k,sub_r_r,t_k_sup,total_time
60,7,0.00013040000067121582,7.989999994606478e-05,9.40000063565094e-06,5.4000001910026185e-06,0.0011671000002024812,5.800000508315861e-06,4.499999704421498e-06,9.700000191514846e-06,1.8999999156221747e-06,0.0016154999993887031,0.008385299999645213,0.017452699999921606,0.0009773000001587206,1.1599999197642319e-05,0.0018121000002793153,0.03166860000055749
