percentage,execution,ar_r_sub,k_s_sup,ks_sf_in,n_r_t,nk_k_sup,nrs_ns_r,ns_s_spe,ns_s_sup,ns_sub_r,r_ar_sup,s_k_sub,s_ns_sub,s_nsup_k,sub_r_r,t_k_sup,total_time
80,2,0.0018128002993762493,1.0999850928783417e-05,1.0099727660417557e-05,6.400048732757568e-06,0.0016823001205921173,5.600042641162872e-06,4.90015372633934e-06,1.0000541806221008e-05,1.8998980522155762e-06,0.002198099624365568,0.0026362002827227116,0.0024913004599511623,0.0012250002473592758,0.00025010015815496445,1.1400319635868073e-05,0.012357101775705814
