percentage,execution,ar_r_sub,k_s_sup,ks_sf_in,n_r_t,nk_k_sup,nrs_ns_r,ns_s_spe,ns_s_sup,ns_sub_r,r_ar_sup,s_k_sub,s_ns_sub,s_nsup_k,sub_r_r,t_k_sup,total_time
40,6,0.00020480016246438026,1.0599847882986069e-05,9.700190275907516e-06,6.500165909528732e-06,0.0010290001519024372,6.299931555986404e-06,4.800036549568176e-06,8.999835699796677e-06,1.7997808754444122e-06,0.0022388999350368977,0.001191799994558096,0.004639399703592062,0.0007123998366296291,1.3400334864854813e-05,1.090019941329956e-05,0.010089300107210875
