percentage,execution,ar_r_sub,k_s_sup,ks_sf_in,n_r_t,nk_k_sup,nrs_ns_r,ns_s_spe,ns_s_sup,ns_sub_r,r_ar_sup,s_k_sub,s_ns_sub,s_nsup_k,sub_r_r,t_k_sup,total_time
80,7,0.000307200000861485,1.0099999599333387e-05,1.2500000593718141e-05,5.9000003602704965e-06,0.001270499999918684,5.199999577598646e-06,4.70000031782547e-06,1.0000000656873453e-05,1.700001121207606e-06,0.002269499999783875,0.0012059999999110005,0.0011398000006010989,0.0009315999996033497,1.4600000213249587e-05,1.3699999726668466e-05,0.007203000002846238
