percentage,execution,ar_r_sub,k_s_sup,ks_sf_in,n_r_t,nk_k_sup,nrs_ns_r,ns_s_spe,ns_s_sup,ns_sub_r,r_ar_sup,s_k_sub,s_ns_sub,s_nsup_k,sub_r_r,t_k_sup,total_time
20,5,7.360000017797574e-05,7.920000007288763e-05,9.899999895424116e-06,5.800000508315861e-06,0.001509000000623928,6.199999916134402e-06,4.5000006139162e-06,1.0000000656873453e-05,2.0000006770715117e-06,7.749999986117473e-05,0.00980359999994107,0.035712300001250696,0.0012851999999838881,1.4100000043981709e-05,0.006123599999227736,0.054716500003451074
