percentage,execution,ar_r_sub,k_s_sup,ks_sf_in,n_r_t,nk_k_sup,nrs_ns_r,ns_s_spe,ns_s_sup,ns_sub_r,r_ar_sup,s_k_sub,s_ns_sub,s_nsup_k,sub_r_r,t_k_sup,total_time
40,7,0.005831100000250444,1.049999991664663e-05,9.899999895424116e-06,6.099999154685065e-06,0.001123600000028091,5.899999450775795e-06,4.599999556376133e-06,9.200000022246968e-06,1.8000000636675395e-06,0.002117200000611774,0.002408399999694666,0.005382700000154728,0.0008514999999533757,0.001107899999624351,1.049999991664663e-05,0.0188808999982939
