percentage,execution,ar_r_sub,k_s_sup,ks_sf_in,n_r_t,nk_k_sup,nrs_ns_r,ns_s_spe,ns_s_sup,ns_sub_r,r_ar_sup,s_k_sub,s_ns_sub,s_nsup_k,sub_r_r,t_k_sup,total_time
60,8,0.00012859999969805358,7.540000024164328e-05,0.00043110000024171313,5.200000487093348e-06,0.0006432000000131666,5.399999281507917e-06,4.499999704421498e-06,1.0300000212737359e-05,2.200000380980782e-06,7.549999918410322e-05,0.003757499999665015,0.010963400000036927,0.0005469999996421393,1.1299999641778413e-05,0.0021014999992985395,0.01876209999772982
