percentage,execution,ar_r_sub,k_s_sup,ks_sf_in,n_r_t,nk_k_sup,nrs_ns_r,ns_s_spe,ns_s_sup,ns_sub_r,r_ar_sup,s_k_sub,s_ns_sub,s_nsup_k,sub_r_r,t_k_sup,total_time
90,4,0.0018392996862530708,8.190004155039787e-05,1.0599847882986069e-05,6.100162863731384e-06,0.0016409000381827354,5.700159817934036e-06,4.8996880650520325e-06,1.019984483718872e-05,2.299901098012924e-06,0.0008688997477293015,0.01013370044529438,0.013419000431895256,0.001307699829339981,0.0003062998875975609,0.0061933002434670925,0.03583079995587468
