percentage,execution,ar_r_sub,k_s_sup,ks_sf_in,n_r_t,nk_k_sup,nrs_ns_r,ns_s_spe,ns_s_sup,ns_sub_r,r_ar_sup,s_k_sub,s_ns_sub,s_nsup_k,sub_r_r,t_k_sup,total_time
20,10,7.210000057966681e-05,7.750000077066943e-05,9.700000191514846e-06,5.700000656361226e-06,0.0014926999992894707,6.50000038149301e-06,4.5000006139162e-06,9.999999747378752e-06,1.8000009731622413e-06,7.45999996070168e-05,0.009572999999363674,0.03539860000000772,0.0012907000000268454,1.2600000445672777e-05,0.0061088000002200715,0.05413880000287463
