percentage,execution,ar_r_sub,k_s_sup,ks_sf_in,n_r_t,nk_k_sup,nrs_ns_r,ns_s_spe,ns_s_sup,ns_sub_r,r_ar_sup,s_k_sub,s_ns_sub,s_nsup_k,sub_r_r,t_k_sup,total_time
60,7,0.0001314999990427168,7.670000013604295e-05,0.0004154999996899278,5.100000635138713e-06,0.0006418000002668123,5.200000487093348e-06,4.300000000512227e-06,9.100000170292333e-06,1.8999999156221747e-06,7.400000049528899e-05,0.003755700000510842,0.009827599999880476,0.0005503000002136105,1.0900001143454574e-05,0.0018195000011473894,0.01732910000373522
