percentage,execution,ar_r_sub,k_s_sup,ks_sf_in,n_r_t,nk_k_sup,nrs_ns_r,ns_s_spe,ns_s_sup,ns_sub_r,r_ar_sup,s_k_sub,s_ns_sub,s_nsup_k,sub_r_r,t_k_sup,total_time
60,4,0.0002710004337131977,8.88993963599205e-05,1.0499730706214905e-05,6.200280040502548e-06,0.0015505999326705933,6.00004568696022e-06,4.999805241823196e-06,1.019984483718872e-05,1.700129359960556e-06,0.0009016003459692001,0.010002199560403824,0.02370359981432557,0.0013417997397482395,1.309998333454132e-05,0.006238400004804134,0.04415079904720187
