percentage,execution,ar_r_sub,k_s_sup,ks_sf_in,n_r_t,nk_k_sup,nrs_ns_r,ns_s_spe,ns_s_sup,ns_sub_r,r_ar_sup,s_k_sub,s_ns_sub,s_nsup_k,sub_r_r,t_k_sup,total_time
80,6,0.005861599999661848,9.810000028664945e-05,1.0200000360782724e-05,6.200000825629104e-06,0.0014564000002792454,5.4000001910026185e-06,5.099999725644011e-06,1.0100000508828089e-05,1.6999993022182025e-06,0.001628099999834376,0.010882600000513776,0.016126300000905758,0.0012567000003400608,0.0011114999997516861,0.0059728999995058984,0.0444329000019934
