execution,k_s_sup,s_k_sub,t_k_sup,ns_s_sup,s_ns_sub,r_ar_sup,ar_r_sub,ns_sub_r,ks_sf_in,sub_r_r,n_r_t,ns_s_spe,nk_k_sup,s_nsup_k,nrs_ns_r,total_time
1,0.0042069999617524445,7.780001033097506e-05,9.869993664324284e-05,7.43999844416976e-05,7.509998977184296e-05,0.002819900051690638,9.70007386058569e-06,0.0001857000170275569,1.0700023267418146e-05,1.170008908957243e-05,5.900044925510883e-06,0.0005264999927021563,5.499983672052622e-06,4.700035788118839e-06,5.299982149153948e-06,0.008118600177112967
2,0.008784000005107373,8.780002826824784e-05,0.00013539998326450586,0.0001401000190526247,7.499998901039362e-05,0.005753899982664734,2.099998528137803e-05,0.00030559999868273735,1.0100018698722124e-05,1.2899981811642647e-05,5.89998671784997e-06,0.0010509999701753259,5.699985194951296e-06,4.699977580457926e-06,5.299982149153948e-06,0.0163983998936601
3,9.500072337687016e-06,8.500006515532732e-06,8.899951353669167e-06,7.810001261532307e-05,8.699949830770493e-06,7.979996735230088e-05,9.000010322779417e-06,1.00000761449337e-05,9.000010322779417e-06,1.4199933502823114e-05,5.89998671784997e-06,0.0005565999890677631,5.200039595365524e-06,4.700035788118839e-06,5.300040356814861e-06,0.0008134000818245113
4,9.000010322779417e-06,8.499948307871819e-06,9.00006853044033e-06,7.540005026385188e-05,8.499948307871819e-06,7.27999722585082e-05,8.90000956133008e-06,9.300012607127428e-06,8.600007276982069e-06,1.090002479031682e-05,5.499983672052622e-06,0.0005493999924510717,5.099980626255274e-06,4.600035026669502e-06,5.200039595365524e-06,0.0007907000835984945
5,0.004243800009135157,7.970002479851246e-05,9.520002640783787e-05,7.880001794546843e-05,7.189996540546417e-05,0.0028700000257231295,1.0000017937272787e-05,0.0001431000418961048,9.600014891475439e-06,1.1500029359012842e-05,5.799985956400633e-06,0.0005213000113144517,5.399982910603285e-06,4.399975296109915e-06,8.300004992634058e-06,0.008158800133969635
6,0.004116699972655624,8.050003089010715e-05,0.00012099999003112316,7.759995060041547e-05,7.399998139590025e-05,0.0028271000483073294,1.0000017937272787e-05,0.00015020003775134683,9.700015652924776e-06,1.1300027836114168e-05,5.699985194951296e-06,0.0005257000448182225,5.299982149153948e-06,4.999979864805937e-06,5.099980626255274e-06,0.008024900045711547
