percentage,execution,ar_r_sub,k_s_sup,ks_sf_in,n_r_t,nk_k_sup,nrs_ns_r,ns_s_spe,ns_s_sup,ns_sub_r,r_ar_sup,s_k_sub,s_ns_sub,s_nsup_k,sub_r_r,t_k_sup,total_time
60,1,0.00036550000368151814,8.140000318235252e-05,1.739999970595818e-05,1.0200001270277426e-05,0.011103200000434299,1.1500000255182385e-05,2.4599999960628338e-05,1.8300001102034003e-05,3.680000008898787e-05,8.070000330917537e-05,0.0033325000022159657,0.006776099999115104,0.0008196999988285825,1.9799999790848233e-05,0.004193999999188236,0.02689170001212915
