percentage,execution,ar_r_sub,k_s_sup,ks_sf_in,n_r_t,nk_k_sup,nrs_ns_r,ns_s_spe,ns_s_sup,ns_sub_r,r_ar_sup,s_k_sub,s_ns_sub,s_nsup_k,sub_r_r,t_k_sup,total_time
60,10,0.00036809999801334925,8.100000013655517e-05,1.7300000763498247e-05,1.0099998689838685e-05,0.009953200002200902,1.0100000508828089e-05,8.499999239575118e-06,1.7300000763498247e-05,1.8000000636675395e-05,8.720000187167898e-05,0.003105599997070385,0.006086100000175065,0.0007786000005580718,1.9400000383029692e-05,0.003593799998270697,0.024154299999281648
