percentage,execution,ar_r_sub,k_s_sup,ks_sf_in,n_r_t,nk_k_sup,nrs_ns_r,ns_s_spe,ns_s_sup,ns_sub_r,r_ar_sup,s_k_sub,s_ns_sub,s_nsup_k,sub_r_r,t_k_sup,total_time
80,7,0.00027290000070934184,7.959999857121147e-05,9.399998816661537e-06,5.100000635138713e-06,0.0005441000012069708,4.999999873689376e-06,4.200001058052294e-06,8.999997589853592e-06,1.0200001270277426e-05,7.260000165842939e-05,0.0032494999995833496,0.005935299999691779,0.0004451000004337402,1.089999932446517e-05,0.0036266000006435206,0.01427950000106648
