percentage,execution,ar_r_sub,k_s_sup,ks_sf_in,n_r_t,nk_k_sup,nrs_ns_r,ns_s_spe,ns_s_sup,ns_sub_r,r_ar_sup,s_k_sub,s_ns_sub,s_nsup_k,sub_r_r,t_k_sup,total_time
40,6,0.01737630000206991,5.3800002206116915e-05,1.3600001693703234e-05,1.170000177808106e-05,0.011144300000523799,1.2499998774728738e-05,9.100000170292333e-06,1.4099998224992305e-05,1.6499998309882358e-05,5.3600002502207644e-05,0.006364899998516194,0.01562029999695369,0.001531200001409161,0.003271699999459088,0.0009363000026496593,0.05642990000524151
