percentage,execution,ar_r_sub,k_s_sup,ks_sf_in,n_r_t,nk_k_sup,nrs_ns_r,ns_s_spe,ns_s_sup,ns_sub_r,r_ar_sup,s_k_sub,s_ns_sub,s_nsup_k,sub_r_r,t_k_sup,total_time
20,9,9.900000804918818e-06,0.004069099999469472,9.300000783696305e-06,5.4000001910026185e-06,0.0005536000007850816,5.899999450775795e-06,0.0005080000000816653,7.850000110920519e-05,1.899999006127473e-06,0.0027513999993971083,0.002363199999308563,0.011508100000355626,0.0004787999996551662,1.120000069931848e-05,0.005004100000405742,0.02735840000150347
