percentage,execution,ar_r_sub,k_s_sup,ks_sf_in,n_r_t,nk_k_sup,nrs_ns_r,ns_s_spe,ns_s_sup,ns_sub_r,r_ar_sup,s_k_sub,s_ns_sub,s_nsup_k,sub_r_r,t_k_sup,total_time
20,7,1.0199999451288022e-05,0.009441500000320957,9.299999874201603e-06,5.599999894911889e-06,5.2999994295532815e-06,5.200000487093348e-06,0.0012861000004704692,0.0008803000000625616,1.8000000636675395e-06,0.0069708999999420485,0.00013609999950858764,0.0001320000001214794,4.70000031782547e-06,1.1700000868586358e-05,0.00015890000031504314,0.019059600001128274
