percentage,execution,k_s_sup,s_k_sub,t_k_sup,ns_s_sup,s_ns_sub,r_ar_sup,ar_r_sub,ns_sub_r,ks_sf_in,sub_r_r,n_r_t,ns_s_spe,nk_k_sup,s_nsup_k,nrs_ns_r,total_time
65,5,0.013705699937418103,0.012627300107851624,0.011881899903528392,0.004603300243616104,0.021734299836680293,0.10317609994672239,2.350006252527237e-05,2.3599830456078053e-05,2.329994458705187e-05,4.0199956856667995e-05,1.4199875295162201e-05,0.00981000007595867,0.014750599977560341,0.007782100117765367,1.5399884432554245e-05,0.20021149970125407
