percentage,execution,k_s_sup,s_k_sub,t_k_sup,ns_s_sup,s_ns_sub,r_ar_sup,ar_r_sub,ns_sub_r,ks_sf_in,sub_r_r,n_r_t,ns_s_spe,nk_k_sup,s_nsup_k,nrs_ns_r,total_time
70,1,0.02807179989758879,0.016435900004580617,0.03536740003619343,0.006858599954284728,0.02927800000179559,0.09097110014408827,2.3399945348501205e-05,0.002963900100439787,1.7200014553964138e-05,3.269989974796772e-05,1.479999627918005e-05,0.014708800008520484,0.023106700042262673,0.009514500037766993,2.359994687139988e-05,0.2573884000303224
