percentage,execution,ar_r_sub,k_s_sup,ks_sf_in,n_r_t,nk_k_sup,nrs_ns_r,ns_s_spe,ns_s_sup,ns_sub_r,r_ar_sup,s_k_sub,s_ns_sub,s_nsup_k,sub_r_r,t_k_sup,total_time
40,2,6.73000004098867e-05,0.056087099999786005,5.6400000175926834e-05,4.329999956098618e-05,0.04864599999928032,5.1899999562010635e-05,0.03458920000048238,0.0240933999994013,0.0018577000000732369,0.2128818000010142,0.037658299999748124,0.07700799999929586,0.02331560000038735,0.00013020000005781185,0.09681640000144398,0.6133026000006794
