percentage,execution,ar_r_sub,k_s_sup,ks_sf_in,n_r_t,nk_k_sup,nrs_ns_r,ns_s_spe,ns_s_sup,ns_sub_r,r_ar_sup,s_k_sub,s_ns_sub,s_nsup_k,sub_r_r,t_k_sup,total_time
30,2,7.590092718601227e-05,0.06534889992326498,5.540018901228905e-05,3.7599820643663406e-05,0.05384019948542118,3.590015694499016e-05,0.02770749991759658,0.022428599651902914,0.0018752003088593483,0.15117279952391982,0.04862139979377389,0.1321315006352961,0.016727600246667862,0.00011629937216639519,0.11824539955705404,0.6384201995097101
