percentage,execution,ar_r_sub,k_s_sup,ks_sf_in,n_r_t,nk_k_sup,nrs_ns_r,ns_s_spe,ns_s_sup,ns_sub_r,r_ar_sup,s_k_sub,s_ns_sub,s_nsup_k,sub_r_r,t_k_sup,total_time
90,10,1.930026337504387e-05,0.02027900004759431,1.729978248476982e-05,1.4899764209985733e-05,0.021494099870324135,1.200009137392044e-05,0.013911000452935696,0.007090700324624777,1.950003206729889e-05,0.11367950029671192,0.014213900081813335,0.017706400249153376,0.009069900028407574,3.079976886510849e-05,0.03047470049932599,0.24803300155326724
