percentage,execution,k_s_sup,s_k_sub,t_k_sup,ns_s_sup,s_ns_sub,r_ar_sup,ar_r_sub,ns_sub_r,ks_sf_in,sub_r_r,n_r_t,ns_s_spe,nk_k_sup,s_nsup_k,nrs_ns_r,total_time
30,1,0.004249699879437685,0.002704900107346475,0.012516100076027215,0.004921000101603568,0.00876339990645647,0.020119399996474385,1.2400094419717789e-05,1.1599855497479439e-05,1.070008147507906e-05,2.189993392676115e-05,6.9999368861317635e-06,0.007049400010146201,0.001447599963285029,0.0013588001020252705,8.900067768990993e-06,0.06320280011277646
