percentage,execution,k_s_sup,s_k_sub,t_k_sup,ns_s_sup,s_ns_sub,r_ar_sup,ar_r_sub,ns_sub_r,ks_sf_in,sub_r_r,n_r_t,ns_s_spe,nk_k_sup,s_nsup_k,nrs_ns_r,total_time
45,2,0.0226282998919487,0.014307700213976204,0.03247310011647642,0.00734890007879585,0.029551600106060505,0.05852890003006905,1.7499900422990322e-05,0.0004099999787285924,1.6400008462369442e-05,3.070000093430281e-05,1.4599994756281376e-05,0.013943000114522874,0.013199899927712977,0.006708199973218143,1.6200006939470768e-05,0.19919500034302473
