percentage,execution,k_s_sup,s_k_sub,t_k_sup,ns_s_sup,s_ns_sub,r_ar_sup,ar_r_sub,ns_sub_r,ks_sf_in,sub_r_r,n_r_t,ns_s_spe,nk_k_sup,s_nsup_k,nrs_ns_r,total_time
65,2,0.03209150000475347,0.01904619997367263,0.05675959982909262,0.008816900081001222,0.02875199995469302,0.12316970014944673,2.4600070901215076e-05,0.0007896000752225518,2.480007242411375e-05,4.169996827840805e-05,1.7300015315413475e-05,0.013174299849197268,0.01480430003721267,0.00831200007814914,1.3399985618889332e-05,0.30583790014497936
