percentage,execution,k_s_sup,s_k_sub,t_k_sup,ns_s_sup,s_ns_sub,r_ar_sup,ar_r_sub,ns_sub_r,ks_sf_in,sub_r_r,n_r_t,ns_s_spe,nk_k_sup,s_nsup_k,nrs_ns_r,total_time
45,4,0.024207300040870905,0.01999289996456355,0.040654600132256746,0.008747899904847145,0.04237300006207079,0.08887309988494962,2.600019797682762e-05,0.000602500163950026,2.6400084607303143e-05,4.910002462565899e-05,1.4999997802078724e-05,0.014080499880947173,0.02717880019918084,0.008523899829015136,1.7300131730735302e-05,0.27536830049939454
