percentage,execution,k_s_sup,s_k_sub,t_k_sup,ns_s_sup,s_ns_sub,r_ar_sup,ar_r_sub,ns_sub_r,ks_sf_in,sub_r_r,n_r_t,ns_s_spe,nk_k_sup,s_nsup_k,nrs_ns_r,total_time
45,5,0.03366950002964586,0.015219800057820976,0.05851579993031919,0.009296700125560164,0.040765499928966165,0.0833298999350518,2.6899971999228e-05,0.0031246000435203314,2.2600055672228336e-05,4.0599959902465343e-05,1.4299992471933365e-05,0.013572499970905483,0.013344900100491941,0.007372399908490479,1.470011193305254e-05,0.2783307001227513
