percentage,execution,ar_r_sub,k_s_sup,ks_sf_in,n_r_t,nk_k_sup,nrs_ns_r,ns_s_spe,ns_s_sup,ns_sub_r,r_ar_sup,s_k_sub,s_ns_sub,s_nsup_k,sub_r_r,t_k_sup,total_time
80,1,4.2100000428035855e-05,0.038940299999012495,2.609999955893727e-05,2.949999998236308e-05,0.041571200000362296,3.5200000638724305e-05,0.031237899999723595,0.01527319999968313,3.300000025774352e-05,0.20789409999997588,0.034035999999105115,0.05518389999997453,0.021135099999810336,5.1799999710056e-05,0.07937990000118589,0.5248692999994091
