percentage,execution,ar_r_sub,k_s_sup,ks_sf_in,n_r_t,nk_k_sup,nrs_ns_r,ns_s_spe,ns_s_sup,ns_sub_r,r_ar_sup,s_k_sub,s_ns_sub,s_nsup_k,sub_r_r,t_k_sup,total_time
40,3,2.510007470846176e-05,0.017854199977591634,2.2900174371898174e-05,1.479999627918005e-05,0.02368609991390258,1.489988062530756e-05,0.013615299947559834,0.009102000040002167,0.0031614998588338494,0.08337819983717054,0.009385300101712346,0.021497000008821487,0.005753300152719021,4.10998472943902e-05,0.02500800008419901,0.2125596998957917
