percentage,execution,k_s_sup,s_k_sub,t_k_sup,ns_s_sup,s_ns_sub,r_ar_sup,ar_r_sub,ns_sub_r,ks_sf_in,sub_r_r,n_r_t,ns_s_spe,nk_k_sup,s_nsup_k,nrs_ns_r,total_time
75,1,0.016196400043554604,0.01199489994905889,0.03238520002923906,0.004604299901984632,0.03079110011458397,0.054673400009050965,1.1999858543276787e-05,1.2200092896819115e-05,1.0600080713629723e-05,2.0099920220673084e-05,7.100054062902927e-06,0.006557199987582862,0.004747099941596389,0.004359700018540025,6.200047209858894e-06,0.16637750004883856
