percentage,execution,ar_r_sub,k_s_sup,ks_sf_in,n_r_t,nk_k_sup,nrs_ns_r,ns_s_spe,ns_s_sup,ns_sub_r,r_ar_sup,s_k_sub,s_ns_sub,s_nsup_k,sub_r_r,t_k_sup,total_time
50,2,2.3100175894796848e-05,0.023278100066818297,2.2500171326100826e-05,1.770013477653265e-05,0.019446499994955957,1.4299992471933365e-05,0.013531700009480119,0.009101200033910573,0.0002765997778624296,0.08728419989347458,0.020480100065469742,0.03868980007246137,0.007519999984651804,4.359986633062363e-05,0.04393109993543476,0.2636605001753196
