percentage,execution,ar_r_sub,k_s_sup,ks_sf_in,n_r_t,nk_k_sup,nrs_ns_r,ns_s_spe,ns_s_sup,ns_sub_r,r_ar_sup,s_k_sub,s_ns_sub,s_nsup_k,sub_r_r,t_k_sup,total_time
40,3,5.0300732254981995e-05,0.039216600358486176,3.8499943912029266e-05,3.110058605670929e-05,0.022257199976593256,3.170035779476166e-05,0.02533069998025894,0.01056430023163557,0.00497429957613349,0.12108299974352121,0.024472099728882313,0.0655294000171125,0.010165599640458822,7.50003382563591e-05,0.06735810032114387,0.391177901532501
