percentage,execution,ar_r_sub,k_s_sup,ks_sf_in,n_r_t,nk_k_sup,nrs_ns_r,ns_s_spe,ns_s_sup,ns_sub_r,r_ar_sup,s_k_sub,s_ns_sub,s_nsup_k,sub_r_r,t_k_sup,total_time
80,8,1.2899748980998993e-05,0.017699700314551592,1.1900439858436584e-05,7.599592208862305e-06,0.005069400183856487,6.5998174250125885e-06,0.006970500107854605,0.004650000017136335,0.00016279984265565872,0.06901130033656955,0.01250520022585988,0.023350799921900034,0.004487400408834219,2.0699575543403625e-05,0.03409580001607537,0.17806260054931045
