percentage,execution,ar_r_sub,k_s_sup,ks_sf_in,n_r_t,nk_k_sup,nrs_ns_r,ns_s_spe,ns_s_sup,ns_sub_r,r_ar_sup,s_k_sub,s_ns_sub,s_nsup_k,sub_r_r,t_k_sup,total_time
20,1,1.1399970389902592e-05,0.019027300062589347,1.109996810555458e-05,7.00005330145359e-06,0.0018903000745922327,7.79994297772646e-06,0.0066362000070512295,0.004411600064486265,0.0004962000530213118,0.025131699978373945,0.002567499876022339,0.01148359989747405,0.0016477999743074179,2.22999369725585e-05,0.013066899962723255,0.08641869982238859
