percentage,execution,ar_r_sub,k_s_sup,ks_sf_in,n_r_t,nk_k_sup,nrs_ns_r,ns_s_spe,ns_s_sup,ns_sub_r,r_ar_sup,s_k_sub,s_ns_sub,s_nsup_k,sub_r_r,t_k_sup,total_time
20,9,4.090000038559083e-05,0.05238360000112152,4.549999994196696e-05,3.0700000024808105e-05,0.028034599999045895,3.500000002532033e-05,0.024812499999825377,0.01817510000000766,0.002033500000834465,0.09978299999966111,0.013779300000351213,0.02994510000007722,0.006103300000177114,8.920000163925579e-05,0.06060709999928804,0.33589840000240656
