percentage,execution,ar_r_sub,k_s_sup,ks_sf_in,n_r_t,nk_k_sup,nrs_ns_r,ns_s_spe,ns_s_sup,ns_sub_r,r_ar_sup,s_k_sub,s_ns_sub,s_nsup_k,sub_r_r,t_k_sup,total_time
20,7,1.0999967344105244e-05,0.0150722999824211,1.0699965059757233e-05,6.900052540004253e-06,0.001384299946948886,7.999944500625134e-06,0.006743800011463463,0.004469800158403814,0.00037160003557801247,0.0204552001086995,0.0024974000407382846,0.01150439993944019,0.0012325000716373324,1.9999919459223747e-05,0.011700600036419928,0.07548850018065423
