percentage,execution,k_s_sup,s_k_sub,t_k_sup,ns_s_sup,s_ns_sub,r_ar_sup,ar_r_sub,ns_sub_r,ks_sf_in,sub_r_r,n_r_t,ns_s_spe,nk_k_sup,s_nsup_k,nrs_ns_r,total_time
20,2,0.024225199944339693,0.011190299992449582,0.036226400174200535,0.009644800098612905,0.032524799928069115,0.04106439999304712,2.489995677024126e-05,0.0007742999587208033,2.27001728489995e-05,7.98999099060893e-05,3.3499905839562416e-05,0.01403219997882843,0.010923500056378543,0.004528100020252168,2.0600156858563423e-05,0.18531560024712235
