percentage,execution,k_s_sup,s_k_sub,t_k_sup,ns_s_sup,s_ns_sub,r_ar_sup,ar_r_sub,ns_sub_r,ks_sf_in,sub_r_r,n_r_t,ns_s_spe,nk_k_sup,s_nsup_k,nrs_ns_r,total_time
90,2,0.02936450000561308,0.025952600000891834,0.05623770000238437,0.00984670000616461,0.02934560000721831,0.1546171000227332,2.7900008717551827e-05,3.0000010156072676e-05,2.479999966453761e-05,4.439998883754015e-05,1.6000005416572094e-05,0.014935800005332567,0.022643900010734797,0.009484199996222742,1.4499993994832039e-05,0.35258570006408263
