percentage,execution,ar_r_sub,k_s_sup,ks_sf_in,n_r_t,nk_k_sup,nrs_ns_r,ns_s_spe,ns_s_sup,ns_sub_r,r_ar_sup,s_k_sub,s_ns_sub,s_nsup_k,sub_r_r,t_k_sup,total_time
90,8,1.2499978765845299e-05,0.01496419997420162,1.170008908957243e-05,7.5999414548277855e-06,0.00504630000796169,6.5999338403344154e-06,0.006863799993880093,0.004553699982352555,1.2900098226964474e-05,0.06543650000821799,0.013241899898275733,0.019546199939213693,0.0046181000070646405,2.0399922505021095e-05,0.033073100028559566,0.16741549980361015
