percentage,execution,ar_r_sub,k_s_sup,ks_sf_in,n_r_t,nk_k_sup,nrs_ns_r,ns_s_spe,ns_s_sup,ns_sub_r,r_ar_sup,s_k_sub,s_ns_sub,s_nsup_k,sub_r_r,t_k_sup,total_time
90,10,1.309998333454132e-05,0.019190100021660328,1.2299977242946625e-05,7.79994297772646e-06,0.0052467999048531055,6.5999338403344154e-06,0.00728070002514869,0.004731999943032861,0.0030416001100093126,0.08007189992349595,0.013772299978882074,0.016754500102251768,0.004773700027726591,2.8999987989664078e-05,0.03472539992071688,0.18965779978316277
