percentage,execution,ar_r_sub,k_s_sup,ks_sf_in,n_r_t,nk_k_sup,nrs_ns_r,ns_s_spe,ns_s_sup,ns_sub_r,r_ar_sup,s_k_sub,s_ns_sub,s_nsup_k,sub_r_r,t_k_sup,total_time
80,10,0.0010850999997273902,1.0099999599333387e-05,9.399998816661537e-06,5.599999894911889e-06,4.800000169780105e-06,4.399999852466863e-06,0.00292399999943882,0.007051900000078604,1.8000000636675395e-06,9.999999747378752e-06,8.399999387620483e-06,9.699998372525442e-06,4.399999852466863e-06,1.1099999937869143e-05,8.999999408842996e-06,0.011149699994348339
