percentage,execution,ar_r_sub,k_s_sup,ks_sf_in,n_r_t,nk_k_sup,nrs_ns_r,ns_s_spe,ns_s_sup,ns_sub_r,r_ar_sup,s_k_sub,s_ns_sub,s_nsup_k,sub_r_r,t_k_sup,total_time
40,8,0.0052053999997951905,9.900000804918818e-06,1.0199999451288022e-05,5.699999746866524e-06,4.800000169780105e-06,5.4000001910026185e-06,0.0009895999992295401,0.000137400000312482,1.7999991541728377e-06,7.18000010238029e-05,8.399999387620483e-06,8.69999985297909e-06,4.499999704421498e-06,1.1399999493733048e-05,9.299999874201603e-06,0.006484299998192
