percentage,execution,ar_r_sub,k_s_sup,ks_sf_in,n_r_t,nk_k_sup,nrs_ns_r,ns_s_spe,ns_s_sup,ns_sub_r,r_ar_sup,s_k_sub,s_ns_sub,s_nsup_k,sub_r_r,t_k_sup,total_time
40,1,7.259999983943999e-05,9.800000952964183e-06,9.399999726156238e-06,5.500000042957254e-06,5.200000487093348e-06,4.900000021734741e-06,0.0009892999996736762,0.0009587000004103174,1.7000002117129043e-06,7.590000041091116e-05,8.50000014906982e-06,9.200000022246968e-06,4.599999556376133e-06,1.1500000255182385e-05,9.099999260797631e-06,0.0021759000010206364
