percentage,execution,ar_r_sub,k_s_sup,ks_sf_in,n_r_t,nk_k_sup,nrs_ns_r,ns_s_spe,ns_s_sup,ns_sub_r,r_ar_sup,s_k_sub,s_ns_sub,s_nsup_k,sub_r_r,t_k_sup,total_time
60,1,0.019010300000445568,0.0017607000008865725,1.1000000085914508e-05,6.399999620043673e-06,0.001166400000329304,0.00011679999988700729,0.0031844999994063983,0.0079637000008006,1.8000000636675395e-06,0.0017920000009326031,0.0017864999999801512,0.005385500000556931,0.0010317000005670707,1.430000065738568e-05,0.009490899999946123,0.05272250000416534
