percentage,execution,ar_r_sub,k_s_sup,ks_sf_in,n_r_t,nk_k_sup,nrs_ns_r,ns_s_spe,ns_s_sup,ns_sub_r,r_ar_sup,s_k_sub,s_ns_sub,s_nsup_k,sub_r_r,t_k_sup,total_time
30,7,0.011243899818509817,0.004132199566811323,1.0599847882986069e-05,6.400048732757568e-06,0.00038659991696476936,6.1998143792152405e-06,0.003428800031542778,0.009930700063705444,1.7997808754444122e-06,0.0027739997021853924,0.000830299686640501,0.0008271001279354095,0.0003613000735640526,1.4199875295162201e-05,0.004767300095409155,0.03872139845043421
