percentage,execution,ar_r_sub,k_s_sup,ks_sf_in,n_r_t,nk_k_sup,nrs_ns_r,ns_s_spe,ns_s_sup,ns_sub_r,r_ar_sup,s_k_sub,s_ns_sub,s_nsup_k,sub_r_r,t_k_sup,total_time
90,2,0.008681799750775099,0.0008729002438485622,0.0002482999116182327,6.6999346017837524e-06,0.0018560998141765594,7.000286132097244e-06,0.0034746001474559307,0.0046247998252511024,1.7997808754444122e-06,0.0016558999195694923,0.0017494005151093006,0.0017237002030014992,0.001437199767678976,1.4299992471933365e-05,0.004506700672209263,0.030861200764775276
