percentage,execution,ar_r_sub,k_s_sup,ks_sf_in,n_r_t,nk_k_sup,nrs_ns_r,ns_s_spe,ns_s_sup,ns_sub_r,r_ar_sup,s_k_sub,s_ns_sub,s_nsup_k,sub_r_r,t_k_sup,total_time
80,7,0.018983099999786646,0.0017092999996748404,0.00025300000015704427,6.699999175907578e-06,0.00151940000068862,0.00011850000009872019,0.003269900000304915,0.007406400000945723,2.099999619531445e-06,0.0025209999994331156,0.002614500000163389,0.005750599999373662,0.0012784000000465312,1.5400000847876072e-05,0.009337099999356724,0.054785399999673245
