percentage,execution,ar_r_sub,k_s_sup,ks_sf_in,n_r_t,nk_k_sup,nrs_ns_r,ns_s_spe,ns_s_sup,ns_sub_r,r_ar_sup,s_k_sub,s_ns_sub,s_nsup_k,sub_r_r,t_k_sup,total_time
80,3,0.01667300000008254,1.049999991664663e-05,9.899999895424116e-06,6.199999916134402e-06,0.0010707999999794993,4.70000031782547e-06,0.0017426000003979425,0.005191600000216567,1.9000008251168765e-06,1.1799999811046291e-05,0.0017719000006763963,0.0016306999996231752,0.0008257999998022569,0.0003335999999762862,1.1000000085914508e-05,0.02929600000152277
