percentage,execution,ar_r_sub,k_s_sup,ks_sf_in,n_r_t,nk_k_sup,nrs_ns_r,ns_s_spe,ns_s_sup,ns_sub_r,r_ar_sup,s_k_sub,s_ns_sub,s_nsup_k,sub_r_r,t_k_sup,total_time
60,9,0.023542900000393274,1.100000099540921e-05,1.1000000085914508e-05,5.600000804406591e-06,0.0005216999998083338,5.200000487093348e-06,0.0017605999992156285,0.0027096999992863857,2.4000000848900527e-06,1.1699999959091656e-05,0.001043500000378117,0.0039913000000524335,0.00040439999975205865,0.0010498999999981606,1.120000069931848e-05,0.035082100002000516
