percentage,execution,k_s_sup,s_k_sub,t_k_sup,ns_s_sup,s_ns_sub,r_ar_sup,ar_r_sub,ns_sub_r,ks_sf_in,sub_r_r,n_r_t,ns_s_spe,nk_k_sup,s_nsup_k,nrs_ns_r,total_time
50,4,0.0009808999893721193,0.001793599993106909,0.00467449999996461,0.005043199984356761,0.004939899998134933,0.0019211999897379428,0.013384400008362718,1.9999861251562834e-06,1.0300020221620798e-05,1.3600016245618463e-05,6.200003554113209e-06,0.0025640000094426796,0.0013833999983035028,0.0011507000017445534,0.00010639999527484179,0.03797429999394808
