percentage,execution,k_s_sup,s_k_sub,t_k_sup,ns_s_sup,s_ns_sub,r_ar_sup,ar_r_sub,ns_sub_r,ks_sf_in,sub_r_r,n_r_t,ns_s_spe,nk_k_sup,s_nsup_k,nrs_ns_r,total_time
20,9,1.0200004908256233e-05,9.099996532313526e-06,9.500014130026102e-06,0.0009251999872503802,9.899988071992993e-06,7.550002192147076e-05,0.029041900008451194,1.7999991541728377e-06,9.900002623908222e-06,1.3299999409355223e-05,5.89998671784997e-06,0.0016940999921644107,5.199995939619839e-06,4.6000059228390455e-06,5.599998985417187e-06,0.031821700002183206
