percentage,execution,k_s_sup,s_k_sub,t_k_sup,ns_s_sup,s_ns_sub,r_ar_sup,ar_r_sub,ns_sub_r,ks_sf_in,sub_r_r,n_r_t,ns_s_spe,nk_k_sup,s_nsup_k,nrs_ns_r,total_time
70,6,0.001660300011280924,0.002582600005553104,0.009065799997188151,0.002383099985308945,0.00874600000679493,0.002497399997082539,0.02092840000113938,1.8999999156221747e-06,0.0002410000015515834,1.4099990949034691e-05,6.400005077011883e-06,0.0023962999985087663,0.0015054999967105687,0.001261299999896437,0.0002275000006193295,0.053517599997576326
