percentage,execution,k_s_sup,s_k_sub,t_k_sup,ns_s_sup,s_ns_sub,r_ar_sup,ar_r_sub,ns_sub_r,ks_sf_in,sub_r_r,n_r_t,ns_s_spe,nk_k_sup,s_nsup_k,nrs_ns_r,total_time
10,10,1.0399991879239678e-05,1.200000406242907e-05,9.799987310543656e-06,0.013550300005590543,1.0099989594891667e-05,1.0599993402138352e-05,0.016032600004109554,1.9999861251562834e-06,1.0499992640689015e-05,1.4199991710484028e-05,6.300004315562546e-06,0.0034887000074377283,5.299996701069176e-06,4.899993655271828e-06,5.900001269765198e-06,0.033173599949805066
