percentage,execution,ar_r_sub,k_s_sup,ks_sf_in,n_r_t,nk_k_sup,nrs_ns_r,ns_s_spe,ns_s_sup,ns_sub_r,r_ar_sup,s_k_sub,s_ns_sub,s_nsup_k,sub_r_r,t_k_sup,total_time
60,10,0.00662859994918108,0.0008613999234512448,0.000250800047069788,6.400048732757568e-06,0.0015663000522181392,0.0001066999975591898,0.003339500050060451,0.00872949999757111,2.100015990436077e-06,0.0016582999378442764,0.0017978999530896544,0.004961200058460236,0.001259000040590763,1.4999997802078724e-05,0.004648500005714595,0.0358312000753358
