percentage,execution,k_s_sup,s_k_sub,t_k_sup,ns_s_sup,s_ns_sub,r_ar_sup,ar_r_sub,ns_sub_r,ks_sf_in,sub_r_r,n_r_t,ns_s_spe,nk_k_sup,s_nsup_k,nrs_ns_r,total_time
10,3,0.0041366999939782545,0.0008763999940128997,0.004763100005220622,7.599999662488699e-05,0.003920699993614107,0.002743299992289394,9.800016414374113e-06,1.5999976312741637e-06,9.700001101009548e-06,1.340000017080456e-05,5.900001269765198e-06,0.0008652999968035147,0.0003859999997075647,0.00035200000274926424,6.699992809444666e-06,0.01816659998439718
