percentage,execution,ar_r_sub,k_s_sup,ks_sf_in,n_r_t,nk_k_sup,nrs_ns_r,ns_s_spe,ns_s_sup,ns_sub_r,r_ar_sup,s_k_sub,s_ns_sub,s_nsup_k,sub_r_r,t_k_sup,total_time
70,10,0.009407300036400557,0.0008458000374957919,0.00023840006906539202,6.200047209858894e-06,0.0015501000452786684,0.00011799996718764305,0.003339699935168028,0.007250400027260184,1.800013706088066e-06,0.0016480000922456384,0.0018048998899757862,0.004923699889332056,0.0012601999333128333,1.4099990949034691e-05,0.004711400019004941,0.0371199999935925
