percentage,execution,k_s_sup,s_k_sub,t_k_sup,ns_s_sup,s_ns_sub,r_ar_sup,ar_r_sub,ns_sub_r,ks_sf_in,sub_r_r,n_r_t,ns_s_spe,nk_k_sup,s_nsup_k,nrs_ns_r,total_time
10,1,0.012573999993037432,0.0001379000023007393,0.00016310000501107424,0.0009565999935148284,0.00013689999468624592,0.00886220000393223,1.410000550094992e-05,1.8999853637069464e-06,1.0000003385357559e-05,1.7299986211583018e-05,7.299997378140688e-06,0.004210599989164621,6.100002792663872e-06,5.49999822396785e-06,7.000009645707905e-06,0.02711049997014925
