percentage,execution,ar_r_sub,k_s_sup,ks_sf_in,n_r_t,nk_k_sup,nrs_ns_r,ns_s_spe,ns_s_sup,ns_sub_r,r_ar_sup,s_k_sub,s_ns_sub,s_nsup_k,sub_r_r,t_k_sup,total_time
20,4,0.007012200076133013,0.0010948999552056193,2.619996666908264e-05,3.730005118995905e-05,0.027761799981817603,0.0001724000321701169,0.1848265000153333,0.016711399890482426,2.100015990436077e-06,0.03097610000986606,0.07950259989593178,0.25452030019368976,0.023356299963779747,0.00023279991000890732,0.015083400066941977,0.6413163000252098
