percentage,execution,k_s_sup,s_k_sub,t_k_sup,ns_s_sup,s_ns_sub,r_ar_sup,ar_r_sub,ns_sub_r,ks_sf_in,sub_r_r,n_r_t,ns_s_spe,nk_k_sup,s_nsup_k,nrs_ns_r,total_time
20,2,0.008374500015634112,0.005227200002991594,0.009190500000840984,0.0001419000036548823,0.024959299989859574,0.005691899990779348,1.0799994925037026e-05,1.9000144675374031e-06,9.899988071992993e-06,1.3800003216601908e-05,6.600006599910557e-06,0.001772900010109879,0.0012379999971017241,0.0010860000038519502,6.89999433234334e-06,0.05773210001643747
