percentage,execution,ar_r_sub,k_s_sup,ks_sf_in,n_r_t,nk_k_sup,nrs_ns_r,ns_s_spe,ns_s_sup,ns_sub_r,r_ar_sup,s_k_sub,s_ns_sub,s_nsup_k,sub_r_r,t_k_sup,total_time
60,2,7.760000880807638e-05,8.0699915997684e-05,1.070008147507906e-05,6.200047209858894e-06,0.002607900067232549,6.800051778554916e-06,5.199923180043697e-06,1.209997572004795e-05,1.9000144675374031e-06,0.007967400131747127,0.018448400078341365,0.03746810008306056,0.002230199985206127,1.5399884432554245e-05,0.008585999952629209,0.07752460020128638
