percentage,execution,ar_r_sub,k_s_sup,ks_sf_in,n_r_t,nk_k_sup,nrs_ns_r,ns_s_spe,ns_s_sup,ns_sub_r,r_ar_sup,s_k_sub,s_ns_sub,s_nsup_k,sub_r_r,t_k_sup,total_time
20,7,1.1599622666835785e-05,0.01811870001256466,1.0400544852018356e-05,6.9998204708099365e-06,6.100162863731384e-06,6.299931555986404e-06,0.0037694000639021397,0.0027785003185272217,1.80024653673172e-06,0.012037700042128563,0.0001491997390985489,0.00015240022912621498,5.600042641162872e-06,1.4599878340959549e-05,0.0001750006340444088,0.03724430128931999
