percentage,execution,ar_r_sub,k_s_sup,ks_sf_in,n_r_t,nk_k_sup,nrs_ns_r,ns_s_spe,ns_s_sup,ns_sub_r,r_ar_sup,s_k_sub,s_ns_sub,s_nsup_k,sub_r_r,t_k_sup,total_time
60,2,0.00013689999923371943,8.440000055998098e-05,1.2600000445672777e-05,8.099999831756577e-06,0.00511839999944641,7.599999662488699e-06,6.100000064179767e-06,1.359999987471383e-05,1.8000000636675395e-06,0.026911099999779253,0.03208919999906357,0.07028290000016568,0.004368900000372378,4.399999943416333e-05,0.012422000000697153,0.1515075999986948
