percentage,execution,k_s_sup,s_k_sub,t_k_sup,ns_s_sup,s_ns_sub,r_ar_sup,ar_r_sub,ns_sub_r,ks_sf_in,sub_r_r,n_r_t,ns_s_spe,nk_k_sup,s_nsup_k,nrs_ns_r,total_time
40,2,1.139998494181782e-05,0.0019635999924503267,1.1299984180368483e-05,1.0199990356341004e-05,0.004983799997717142,0.0038360999897122383,0.0009322999976575375,1.9000144675374031e-06,0.0005879000091226771,1.5099998563528061e-05,6.50000583846122e-06,5.2000104915350676e-06,0.0013326000043889508,0.0009405999880982563,6.700007361359894e-06,0.014645199975348078
