percentage,execution,ar_r_sub,k_s_sup,ks_sf_in,n_r_t,nk_k_sup,nrs_ns_r,ns_s_spe,ns_s_sup,ns_sub_r,r_ar_sup,s_k_sub,s_ns_sub,s_nsup_k,sub_r_r,t_k_sup,total_time
60,6,0.0010235999943688512,7.98000255599618e-05,0.0005408000433817506,6.4999330788850784e-06,0.002090299967676401,6.299931555986404e-06,5.500041879713535e-06,1.070008147507906e-05,2.00001522898674e-06,0.005926000070758164,0.011723599978722632,0.030226799892261624,0.0017640000442042947,1.4999997802078724e-05,0.011130699887871742,0.06455159990582615
