percentage,execution,ar_r_sub,k_s_sup,ks_sf_in,n_r_t,nk_k_sup,nrs_ns_r,ns_s_spe,ns_s_sup,ns_sub_r,r_ar_sup,s_k_sub,s_ns_sub,s_nsup_k,sub_r_r,t_k_sup,total_time
80,1,0.00020290014799684286,0.001181800034828484,1.0399846360087395e-05,6.400048732757568e-06,0.0010543999960646033,5.599926225841045e-06,0.0007674000225961208,7.830001413822174e-05,2.00001522898674e-06,0.0013799999142065644,0.004919999977573752,0.012516799964942038,0.0009403000585734844,1.3600103557109833e-05,0.00539449998177588,0.028474400052800775
