percentage,execution,k_s_sup,s_k_sub,t_k_sup,ns_s_sup,s_ns_sub,r_ar_sup,ar_r_sub,ns_sub_r,ks_sf_in,sub_r_r,n_r_t,ns_s_spe,nk_k_sup,s_nsup_k,nrs_ns_r,total_time
70,5,0.0017531000776216388,0.07647759991232306,0.015989099978469312,8.189992513507605e-05,0.1301859001396224,0.07845429994631559,0.0007200000109151006,2.09989957511425e-06,1.6700010746717453e-05,4.2899977415800095e-05,1.179997343569994e-05,0.003710300079546869,0.013696199981495738,0.012172600021585822,9.499955922365189e-06,0.3333239998901263
