percentage,execution,ar_r_sub,k_s_sup,ks_sf_in,n_r_t,nk_k_sup,nrs_ns_r,ns_s_spe,ns_s_sup,ns_sub_r,r_ar_sup,s_k_sub,s_ns_sub,s_nsup_k,sub_r_r,t_k_sup,total_time
80,10,1.1899999663000926e-05,8.199999956559623e-05,1.0599999768601265e-05,7.099999493220821e-06,0.002047599999968952,5.7999995988211595e-06,5.4000001910026185e-06,1.0800000382005237e-05,2.0000006770715117e-06,0.01475650000065798,0.014212300000508549,0.020726599999761675,0.001737900000080117,1.4799999917158857e-05,0.0027078000002802582,0.05633910000051401
