percentage,execution,ar_r_sub,k_s_sup,ks_sf_in,n_r_t,nk_k_sup,nrs_ns_r,ns_s_spe,ns_s_sup,ns_sub_r,r_ar_sup,s_k_sub,s_ns_sub,s_nsup_k,sub_r_r,t_k_sup,total_time
60,9,0.00581640000018524,0.00014119999923423165,1.010000141832279e-05,6.599999323952943e-06,0.0010332000001653796,5.699999746866524e-06,0.0007236000001284992,7.499999992433004e-05,1.7000002117129043e-06,0.00019460000021354062,0.004668500000661879,0.010605000000396103,0.0008668000000398024,0.001120699999773933,0.0032100000007631024,0.028479100002186897
