percentage,execution,ar_r_sub,k_s_sup,ks_sf_in,n_r_t,nk_k_sup,nrs_ns_r,ns_s_spe,ns_s_sup,ns_sub_r,r_ar_sup,s_k_sub,s_ns_sub,s_nsup_k,sub_r_r,t_k_sup,total_time
10,3,1.589988823980093e-05,0.012316999956965446,1.5200115740299225e-05,1.3299984857439995e-05,0.0028424999909475446,3.070000093430281e-05,0.02220020000822842,0.003189000068232417,1.9000144675374031e-06,0.03690649999771267,0.004038200015202165,0.013865299988538027,0.0027336999773979187,6.909994408488274e-05,0.006226300029084086,0.10446479998063296
