percentage,execution,k_s_sup,s_k_sub,t_k_sup,ns_s_sup,s_ns_sub,r_ar_sup,ar_r_sub,ns_sub_r,ks_sf_in,sub_r_r,n_r_t,ns_s_spe,nk_k_sup,s_nsup_k,nrs_ns_r,total_time
45,2,0.07888710009865463,0.11804690002463758,0.1319345000665635,0.05240749998483807,0.29723839997313917,0.3398444999475032,0.11431939993053675,2.400018274784088e-06,0.00575920008122921,0.010391199961304665,8.0699915997684e-05,2.10535940004047,0.07302730006631464,0.0556485999841243,0.00035429990384727716,3.3833013999974355
