percentage,execution,ar_r_sub,k_s_sup,ks_sf_in,n_r_t,nk_k_sup,nrs_ns_r,ns_s_spe,ns_s_sup,ns_sub_r,r_ar_sup,s_k_sub,s_ns_sub,s_nsup_k,sub_r_r,t_k_sup,total_time
70,1,0.00043450016528367996,8.350005373358727e-05,0.0005577001720666885,6.6999346017837524e-06,0.002145300153642893,6.299931555986404e-06,5.2996911108493805e-06,1.0999850928783417e-05,1.7997808754444122e-06,0.0025137998163700104,0.011603000108152628,0.028317699674516916,0.001825699582695961,1.4899764209985733e-05,0.0114120002835989,0.0589391989633441
