percentage,execution,k_s_sup,s_k_sub,t_k_sup,ns_s_sup,s_ns_sub,r_ar_sup,ar_r_sub,ns_sub_r,ks_sf_in,sub_r_r,n_r_t,ns_s_spe,nk_k_sup,s_nsup_k,nrs_ns_r,total_time
15,4,1.2600095942616463e-05,0.0027120000449940562,1.2999866157770157e-05,1.179997343569994e-05,0.01198200008366257,0.0059322998858988285,0.00013940001372247934,1.9000144675374031e-06,1.1699972674250603e-05,2.4700071662664413e-05,8.09994526207447e-06,5.700043402612209e-06,0.0018500000005587935,0.0013813999248668551,9.100069291889668e-06,0.024095700006000698
