percentage,execution,ar_r_sub,k_s_sup,ks_sf_in,n_r_t,nk_k_sup,nrs_ns_r,ns_s_spe,ns_s_sup,ns_sub_r,r_ar_sup,s_k_sub,s_ns_sub,s_nsup_k,sub_r_r,t_k_sup,total_time
80,1,0.0010603999253362417,2.1900050342082977e-05,2.0699924789369106e-05,1.750001683831215e-05,0.02047450002282858,1.71000137925148e-05,0.004880600026808679,9.590003173798323e-05,2.600019797682762e-06,0.10858949995599687,0.06073989998549223,0.09173049998935312,0.0155316999880597,5.280005279928446e-05,2.5399960577487946e-05,0.30326099996455014
