percentage,execution,k_s_sup,s_k_sub,t_k_sup,ns_s_sup,s_ns_sub,r_ar_sup,ar_r_sub,ns_sub_r,ks_sf_in,sub_r_r,n_r_t,ns_s_spe,nk_k_sup,s_nsup_k,nrs_ns_r,total_time
30,10,8.359999628737569e-05,0.001055400018231012,0.0016629000019747764,0.0009071000094991177,0.00410849999752827,8.369999704882503e-05,0.033165799992275424,1.8999999156221747e-06,1.1099997209385037e-05,1.5900004655122757e-05,8.499991963617504e-06,0.0024113999970722944,0.000639899997622706,0.0004912000003969297,0.00011850000009872019,0.0447654000017792
