percentage,execution,ar_r_sub,k_s_sup,ks_sf_in,n_r_t,nk_k_sup,nrs_ns_r,ns_s_spe,ns_s_sup,ns_sub_r,r_ar_sup,s_k_sub,s_ns_sub,s_nsup_k,sub_r_r,t_k_sup,total_time
80,2,0.00013870000020688167,8.129999969241908e-05,0.0004281999999875552,8.099999831756577e-06,0.0006425000001399894,5.2999994295532815e-06,7.899999218352605e-06,9.300000783696305e-06,1.99999976757681e-06,0.001035500000398315,0.003904799999872921,0.007685600000513659,0.0005421999994723592,1.1499999345687684e-05,0.0019001000009666313,0.016402999999627355
