percentage,execution,ar_r_sub,k_s_sup,ks_sf_in,n_r_t,nk_k_sup,nrs_ns_r,ns_s_spe,ns_s_sup,ns_sub_r,r_ar_sup,s_k_sub,s_ns_sub,s_nsup_k,sub_r_r,t_k_sup,total_time
10,5,1.3300101272761822e-05,0.02274969988502562,1.2199976481497288e-05,9.699957445263863e-06,0.00025649997405707836,1.0899966582655907e-05,0.016193400020711124,0.0055911000818014145,1.9000144675374031e-06,0.016412299941293895,0.001088900025933981,0.004227199940942228,0.00022469996474683285,3.470003139227629e-05,0.0027716000331565738,0.06959809991531074
