percentage,execution,ar_r_sub,k_s_sup,ks_sf_in,n_r_t,nk_k_sup,nrs_ns_r,ns_s_spe,ns_s_sup,ns_sub_r,r_ar_sup,s_k_sub,s_ns_sub,s_nsup_k,sub_r_r,t_k_sup,total_time
70,4,1.0699965059757233e-05,0.0001349998638033867,2.8199981898069382e-05,6.600283086299896e-06,0.0019705002196133137,6.200280040502548e-06,4.800036549568176e-06,1.0199379175901413e-05,1.700129359960556e-06,0.010584300383925438,0.01367610041052103,0.022484400309622288,0.0016613001935184002,1.380033791065216e-05,0.0026815002784132957,0.053275302052497864
