percentage,execution,ar_r_sub,k_s_sup,ks_sf_in,n_r_t,nk_k_sup,nrs_ns_r,ns_s_spe,ns_s_sup,ns_sub_r,r_ar_sup,s_k_sub,s_ns_sub,s_nsup_k,sub_r_r,t_k_sup,total_time
30,8,0.00016920000780373812,7.970002479851246e-05,9.70007386058569e-06,6.300047971308231e-06,0.000900499988347292,6.3999323174357414e-06,4.500034265220165e-06,1.00000761449337e-05,1.600012183189392e-06,8.290016558021307e-05,0.00313479988835752,0.010201900033280253,0.000785800046287477,1.2800097465515137e-05,0.0019012000411748886,0.017307300469838083
