percentage,execution,ar_r_sub,k_s_sup,ks_sf_in,n_r_t,nk_k_sup,nrs_ns_r,ns_s_spe,ns_s_sup,ns_sub_r,r_ar_sup,s_k_sub,s_ns_sub,s_nsup_k,sub_r_r,t_k_sup,total_time
40,3,0.0005699996836483479,0.004275600425899029,1.6100239008665085e-05,1.1799857020378113e-05,0.009009299799799919,1.200009137392044e-05,0.004022500012069941,8.530030027031898e-05,1.7997808754444122e-06,0.04932679980993271,0.008718700148165226,0.02456689951941371,0.006801999639719725,4.659965634346008e-05,0.00010360032320022583,0.10756899928674102
