percentage,execution,ar_r_sub,k_s_sup,ks_sf_in,n_r_t,nk_k_sup,nrs_ns_r,ns_s_spe,ns_s_sup,ns_sub_r,r_ar_sup,s_k_sub,s_ns_sub,s_nsup_k,sub_r_r,t_k_sup,total_time
40,3,0.00029370000083872583,0.00013690000105270883,1.0200000360782724e-05,7.900000127847306e-06,0.0010273999996570637,6.399999620043673e-06,4.999999873689376e-06,1.0599998859106563e-05,1.7999991541728377e-06,0.00013219999982538866,0.0018970000000990694,0.0018650999991223216,0.000812700000096811,1.52000002344721e-05,0.0032974000005197013,0.009519499999441905
