percentage,execution,ar_r_sub,k_s_sup,ks_sf_in,n_r_t,nk_k_sup,nrs_ns_r,ns_s_spe,ns_s_sup,ns_sub_r,r_ar_sup,s_k_sub,s_ns_sub,s_nsup_k,sub_r_r,t_k_sup,total_time
40,7,0.00025220029056072235,0.00020409980788826942,1.0400079190731049e-05,8.099712431430817e-06,0.001026300247758627,6.9998204708099365e-06,5.200039595365524e-06,1.0899733752012253e-05,1.80024653673172e-06,0.00020060036331415176,0.0028071003034710884,0.005796999670565128,0.0008057998493313789,1.5500467270612717e-05,0.004982899874448776,0.016134900506585836
