percentage,execution,ar_r_sub,k_s_sup,ks_sf_in,n_r_t,nk_k_sup,nrs_ns_r,ns_s_spe,ns_s_sup,ns_sub_r,r_ar_sup,s_k_sub,s_ns_sub,s_nsup_k,sub_r_r,t_k_sup,total_time
80,1,0.0007343003526329994,0.0009437999688088894,1.710047945380211e-05,1.2299977242946625e-05,0.014191700145602226,9.300187230110168e-06,0.003875900059938431,8.789962157607079e-05,1.80024653673172e-06,0.09003750048577785,0.0920937997289002,0.1226995000615716,0.01263809995725751,4.33996319770813e-05,0.016116699669510126,0.35350310057401657
