percentage,execution,ar_r_sub,k_s_sup,ks_sf_in,n_r_t,nk_k_sup,nrs_ns_r,ns_s_spe,ns_s_sup,ns_sub_r,r_ar_sup,s_k_sub,s_ns_sub,s_nsup_k,sub_r_r,t_k_sup,total_time
20,5,0.0001471005380153656,1.1799857020378113e-05,1.0699965059757233e-05,7.000286132097244e-06,0.0005846000276505947,7.799826562404633e-06,5.300156772136688e-06,9.999610483646393e-06,1.6996636986732483e-06,0.002627899870276451,0.00020670006051659584,0.00020499993115663528,0.00037509994581341743,1.6500242054462433e-05,1.0800547897815704e-05,0.004228000529110432
