percentage,execution,ar_r_sub,k_s_sup,ks_sf_in,n_r_t,nk_k_sup,nrs_ns_r,ns_s_spe,ns_s_sup,ns_sub_r,r_ar_sup,s_k_sub,s_ns_sub,s_nsup_k,sub_r_r,t_k_sup,total_time
20,2,9.299999874201603e-06,0.004032000000734115,9.100000170292333e-06,5.099999725644011e-06,0.0003677000004245201,5.500000042957254e-06,0.0005172000001039123,7.260000074893469e-05,1.8000000636675395e-06,0.00278609999895707,0.0016100000002552406,0.007602300000144169,0.00032190000001719454,1.0700000530050602e-05,0.003268499999649066,0.020619800001441035
