percentage,execution,ar_r_sub,k_s_sup,ks_sf_in,n_r_t,nk_k_sup,nrs_ns_r,ns_s_spe,ns_s_sup,ns_sub_r,r_ar_sup,s_k_sub,s_ns_sub,s_nsup_k,sub_r_r,t_k_sup,total_time
20,10,1.2399999832268804e-05,1.2900000001536682e-05,1.1599999197642319e-05,8.099999831756577e-06,0.0021489000000656233,9.399999726156238e-06,6.100000064179767e-06,1.1300000551273115e-05,1.700001121207606e-06,0.011270900000454276,0.006365100000039092,0.01549579999937123,0.0014732999998159357,2.769999991869554e-05,1.320000046689529e-05,0.03686840000045777
