percentage,execution,k_s_sup,s_k_sub,t_k_sup,ns_s_sup,s_ns_sub,r_ar_sup,ar_r_sub,ns_sub_r,ks_sf_in,sub_r_r,n_r_t,ns_s_spe,nk_k_sup,s_nsup_k,nrs_ns_r,total_time
30,3,1.2599994079209864e-05,0.005611899992800318,1.3300013961270452e-05,1.1800002539530396e-05,0.019289000003482215,0.020195700009935535,1.2899981811642647e-05,2.0999868866056204e-06,1.1900003300979733e-05,2.7900008717551827e-05,8.100003469735384e-06,6.300004315562546e-06,0.0030163000046741217,0.002127300002030097,9.199997293762863e-06,0.05035630000929814
