percentage,execution,ar_r_sub,k_s_sup,ks_sf_in,n_r_t,nk_k_sup,nrs_ns_r,ns_s_spe,ns_s_sup,ns_sub_r,r_ar_sup,s_k_sub,s_ns_sub,s_nsup_k,sub_r_r,t_k_sup,total_time
40,7,0.00014859996736049652,0.01313900004606694,1.6699894331395626e-05,1.3599987141788006e-05,0.011210299911908805,1.3499986380338669e-05,0.03233289998024702,0.010437499964609742,1.800013706088066e-06,0.0793672000290826,0.03154959995299578,0.10118230001535267,0.009501000051386654,6.480002775788307e-05,0.05999920004978776,0.34897799987811595
