percentage,execution,ar_r_sub,k_s_sup,ks_sf_in,n_r_t,nk_k_sup,nrs_ns_r,ns_s_spe,ns_s_sup,ns_sub_r,r_ar_sup,s_k_sub,s_ns_sub,s_nsup_k,sub_r_r,t_k_sup,total_time
40,4,7.400000049528899e-05,0.00014450000071519753,1.0300000212737359e-05,6.400000529538374e-06,0.0008339999994859681,6.199999916134402e-06,0.0007495999998354819,7.700000060140155e-05,2.1999994714860804e-06,0.00020899999981338624,0.004192399999737972,0.013364599999476923,0.000727300000107789,1.340000017080456e-05,0.0032774999999674037,0.023688400000537513
