percentage,execution,ar_r_sub,k_s_sup,ks_sf_in,n_r_t,nk_k_sup,nrs_ns_r,ns_s_spe,ns_s_sup,ns_sub_r,r_ar_sup,s_k_sub,s_ns_sub,s_nsup_k,sub_r_r,t_k_sup,total_time
60,3,0.00044039999920642003,9.720000070956303e-05,0.00034410000080242753,7.800000275892671e-06,0.002464299999701325,7.3999999585794285e-06,6.399999620043673e-06,1.3300000318849925e-05,2.099999619531445e-06,0.0038993999996819184,0.014398500000424974,0.0368955999992977,0.0020752999998876476,1.9600000086938962e-05,0.013616600000204926,0.07428799999979674
