percentage,execution,ar_r_sub,k_s_sup,ks_sf_in,n_r_t,nk_k_sup,nrs_ns_r,ns_s_spe,ns_s_sup,ns_sub_r,r_ar_sup,s_k_sub,s_ns_sub,s_nsup_k,sub_r_r,t_k_sup,total_time
10,9,9.700190275907516e-06,1.0800082236528397e-05,9.899958968162537e-06,6.90016895532608e-06,0.0006988001987338066,7.0999376475811005e-06,4.800036549568176e-06,9.499955922365189e-06,1.700129359960556e-06,8.400017395615578e-05,0.0020758998580276966,0.00794219970703125,0.0005165999755263329,1.490022987127304e-05,1.1199619621038437e-05,0.011404000222682953
