percentage,execution,ar_r_sub,k_s_sup,ks_sf_in,n_r_t,nk_k_sup,nrs_ns_r,ns_s_spe,ns_s_sup,ns_sub_r,r_ar_sup,s_k_sub,s_ns_sub,s_nsup_k,sub_r_r,t_k_sup,total_time
80,6,9.060010779649019e-05,0.019757799920625985,1.8799910321831703e-05,1.4899997040629387e-05,0.014488899963907897,1.079996582120657e-05,0.04476509999949485,0.00811769999563694,1.800013706088066e-06,0.13785319996532053,0.03608720004558563,0.06307410006411374,0.01204830000642687,6.430002395063639e-05,0.09244109992869198,0.4288345999084413
