percentage,execution,ar_r_sub,k_s_sup,ks_sf_in,n_r_t,nk_k_sup,nrs_ns_r,ns_s_spe,ns_s_sup,ns_sub_r,r_ar_sup,s_k_sub,s_ns_sub,s_nsup_k,sub_r_r,t_k_sup,total_time
80,5,0.0001400001347064972,7.980037480592728e-05,1.0799616575241089e-05,6.5998174250125885e-06,0.0025736000388860703,6.100162863731384e-06,5.200039595365524e-06,1.1200085282325745e-05,1.600012183189392e-06,0.01255439966917038,0.019127400126308203,0.029515800066292286,0.002235500141978264,1.4599878340959549e-05,0.009170900098979473,0.07545350026339293
