percentage,execution,k_s_sup,s_k_sub,t_k_sup,ns_s_sup,s_ns_sub,r_ar_sup,ar_r_sub,ns_sub_r,ks_sf_in,sub_r_r,n_r_t,ns_s_spe,nk_k_sup,s_nsup_k,nrs_ns_r,total_time
70,2,0.01385330012999475,0.02562699990812689,0.05339579994324595,0.011108199949376285,0.04381020006258041,0.13254779996350408,8.919998072087765e-05,2.100015990436077e-06,1.8600025214254856e-05,6.480002775788307e-05,1.4599994756281376e-05,0.04359450004994869,0.013168799923732877,0.010546399978920817,1.100008375942707e-05,0.3478523000376299
