percentage,execution,ar_r_sub,k_s_sup,ks_sf_in,n_r_t,nk_k_sup,nrs_ns_r,ns_s_spe,ns_s_sup,ns_sub_r,r_ar_sup,s_k_sub,s_ns_sub,s_nsup_k,sub_r_r,t_k_sup,total_time
20,2,1.800013706088066e-05,0.005975500214844942,1.6500242054462433e-05,1.3799872249364853e-05,0.009691799990832806,1.5600118786096573e-05,0.02233609976246953,0.001776800025254488,1.700129359960556e-06,0.043039700016379356,0.028751600068062544,0.1209013001061976,0.00822480022907257,6.600003689527512e-05,0.04958739969879389,0.29041660064831376
