percentage,execution,ar_r_sub,k_s_sup,ks_sf_in,n_r_t,nk_k_sup,nrs_ns_r,ns_s_spe,ns_s_sup,ns_sub_r,r_ar_sup,s_k_sub,s_ns_sub,s_nsup_k,sub_r_r,t_k_sup,total_time
90,1,7.669988553971052e-05,8.279993198812008e-05,1.0100076906383038e-05,6.199930794537067e-06,0.002586500020697713,5.800044164061546e-06,4.900037311017513e-06,1.0599964298307896e-05,2.00001522898674e-06,0.01493190007749945,0.019659899990074337,0.022097200038842857,0.0022039999021217227,1.4699879102408886e-05,0.008311000070534647,0.07000429986510426
