percentage,execution,ar_r_sub,k_s_sup,ks_sf_in,n_r_t,nk_k_sup,nrs_ns_r,ns_s_spe,ns_s_sup,ns_sub_r,r_ar_sup,s_k_sub,s_ns_sub,s_nsup_k,sub_r_r,t_k_sup,total_time
10,9,1.0899966582655907e-05,0.008993600029498339,1.0200077667832375e-05,6.700051017105579e-06,6.00004568696022e-06,6.800051778554916e-06,0.0026546999579295516,0.0009017999982461333,2.00001522898674e-06,0.00640820013359189,0.00014690007083117962,0.00013949989806860685,5.300040356814861e-06,1.6600126400589943e-05,0.00016439997125416994,0.01947360043413937
