percentage,execution,k_s_sup,s_k_sub,t_k_sup,ns_s_sup,s_ns_sub,r_ar_sup,ar_r_sub,ns_sub_r,ks_sf_in,sub_r_r,n_r_t,ns_s_spe,nk_k_sup,s_nsup_k,nrs_ns_r,total_time
20,8,1.2499993317760527e-05,0.00038079998921602964,1.170000177808106e-05,1.0500007192604244e-05,0.00037560000782832503,0.015735100008896552,1.1800002539530396e-05,1.5999976312741637e-06,1.0799994925037026e-05,2.3999993572942913e-05,7.799986633472145e-06,5.49999822396785e-06,0.001330899991444312,0.0009379000111948699,9.099996532313526e-06,0.018865599980927072
