percentage,execution,ar_r_sub,k_s_sup,ks_sf_in,n_r_t,nk_k_sup,nrs_ns_r,ns_s_spe,ns_s_sup,ns_sub_r,r_ar_sup,s_k_sub,s_ns_sub,s_nsup_k,sub_r_r,t_k_sup,total_time
50,9,0.01534270029515028,8.449982851743698e-05,1.29002146422863e-05,8.599832653999329e-06,0.005212099757045507,7.899943739175797e-06,6.200280040502548e-06,1.2999866157770157e-05,1.80024653673172e-06,0.022161100059747696,0.03401520010083914,0.08413510024547577,0.004570200107991695,0.0030918996781110764,0.012532100081443787,0.18119530053809285
