percentage,execution,ar_r_sub,k_s_sup,ks_sf_in,n_r_t,nk_k_sup,nrs_ns_r,ns_s_spe,ns_s_sup,ns_sub_r,r_ar_sup,s_k_sub,s_ns_sub,s_nsup_k,sub_r_r,t_k_sup,total_time
90,6,0.00014320015907287598,8.360017091035843e-05,1.0699499398469925e-05,6.300397217273712e-06,0.002662400249391794,5.600042641162872e-06,5.200039595365524e-06,1.0699499398469925e-05,1.700129359960556e-06,0.014286599587649107,0.02016520034521818,0.02295640017837286,0.0022414997220039368,1.470046117901802e-05,0.008804299868643284,0.07139810035005212
