percentage,execution,ar_r_sub,k_s_sup,ks_sf_in,n_r_t,nk_k_sup,nrs_ns_r,ns_s_spe,ns_s_sup,ns_sub_r,r_ar_sup,s_k_sub,s_ns_sub,s_nsup_k,sub_r_r,t_k_sup,total_time
80,9,0.0008060000836849213,0.005026299972087145,1.6899779438972473e-05,1.2499745935201645e-05,0.014472499955445528,9.499955922365189e-06,0.003999199718236923,8.63000750541687e-05,1.80024653673172e-06,0.09089899994432926,0.09198879962787032,0.12974070012569427,0.012900300323963165,4.4500455260276794e-05,0.017846000380814075,0.36785030039027333
