percentage,execution,k_s_sup,s_k_sub,t_k_sup,ns_s_sup,s_ns_sub,r_ar_sup,ar_r_sub,ns_sub_r,ks_sf_in,sub_r_r,n_r_t,ns_s_spe,nk_k_sup,s_nsup_k,nrs_ns_r,total_time
20,6,0.00015199999324977398,0.0018023000011453405,0.0034090999979525805,1.0899995686486363e-05,0.004890500000328757,0.0001441000058548525,7.850000110920519e-05,1.9000144675374031e-06,1.0199990356341004e-05,1.6099991626106203e-05,8.29999044071883e-06,5.199995939619839e-06,0.0004015000013168901,0.00033290000283159316,6.999995093792677e-06,0.011270499977399595
