percentage,execution,k_s_sup,s_k_sub,t_k_sup,ns_s_sup,s_ns_sub,r_ar_sup,ar_r_sub,ns_sub_r,ks_sf_in,sub_r_r,n_r_t,ns_s_spe,nk_k_sup,s_nsup_k,nrs_ns_r,total_time
10,1,1.9800005247816443e-05,0.0003282999969087541,1.720000000204891e-05,0.00184090000402648,0.00035020001814700663,0.025879499997245148,2.3599990527145565e-05,2.2000021999701858e-06,1.720000000204891e-05,7.690000347793102e-05,1.4899997040629387e-05,0.01735680000274442,0.001462200001697056,0.0010673000069800764,1.5699988580308855e-05,0.04847270001482684
