percentage,execution,k_s_sup,s_k_sub,t_k_sup,ns_s_sup,s_ns_sub,r_ar_sup,ar_r_sub,ns_sub_r,ks_sf_in,sub_r_r,n_r_t,ns_s_spe,nk_k_sup,s_nsup_k,nrs_ns_r,total_time
60,10,0.00098819998675026,0.0024895999958971515,0.0017165000172099099,7.71000050008297e-05,0.005620700016152114,0.0009591999987605959,0.0016145999979926273,2.0000006770715117e-06,1.0500007192604244e-05,0.0002530000056140125,6.400005077011883e-06,0.0007509999995818362,0.000974299997324124,0.0007773000106681138,6.000002031214535e-06,0.016246400045929477
