percentage,execution,ar_r_sub,k_s_sup,ks_sf_in,n_r_t,nk_k_sup,nrs_ns_r,ns_s_spe,ns_s_sup,ns_sub_r,r_ar_sup,s_k_sub,s_ns_sub,s_nsup_k,sub_r_r,t_k_sup,total_time
60,9,0.0004245999989507254,0.003995399999439542,1.6599999980826396e-05,1.1900000572495628e-05,0.015602600000420352,1.300000076298602e-05,0.0038598999999521766,7.929999901534757e-05,1.9000008251168765e-06,0.0824480000001131,0.049381099999664,0.0966839999991862,0.011665300000458956,4.6799999836366624e-05,9.349999982077861e-05,0.26432389999899897
