percentage,execution,ar_r_sub,k_s_sup,ks_sf_in,n_r_t,nk_k_sup,nrs_ns_r,ns_s_spe,ns_s_sup,ns_sub_r,r_ar_sup,s_k_sub,s_ns_sub,s_nsup_k,sub_r_r,t_k_sup,total_time
50,4,1.1399853974580765e-05,8.050003089010715e-05,1.3400102034211159e-05,6.299931555986404e-06,0.002619599923491478,6.500049494206905e-06,5.00003807246685e-06,1.100008375942707e-05,2.100015990436077e-06,0.0070056000258773565,0.019194800057448447,0.04149329999927431,0.0022316999966278672,1.4999997802078724e-05,0.008461200050078332,0.0811574001563713
