percentage,execution,ar_r_sub,k_s_sup,ks_sf_in,n_r_t,nk_k_sup,nrs_ns_r,ns_s_spe,ns_s_sup,ns_sub_r,r_ar_sup,s_k_sub,s_ns_sub,s_nsup_k,sub_r_r,t_k_sup,total_time
80,8,7.399999958579428e-05,7.920000007288763e-05,0.00023679999958403641,5.4000001910026185e-06,0.0005784000004496193,5.099999725644011e-06,4.599999556376133e-06,9.60000033956021e-06,1.7000002117129043e-06,0.0017189000000144006,0.0031214000009640586,0.006276000000980275,0.000461399999949208,1.06999996205559e-05,0.003655100000287348,0.01623830000153248
