percentage,execution,ar_r_sub,k_s_sup,ks_sf_in,n_r_t,nk_k_sup,nrs_ns_r,ns_s_spe,ns_s_sup,ns_sub_r,r_ar_sup,s_k_sub,s_ns_sub,s_nsup_k,sub_r_r,t_k_sup,total_time
20,10,0.07534109987318516,0.00010270019993185997,3.020046278834343e-05,4.169996827840805e-05,0.02326579997316003,2.3099593818187714e-05,0.12149319984018803,0.00958850048482418,1.8998980522155762e-06,0.04688260005787015,0.047631700057536364,0.13072400027886033,0.018349800258874893,0.010093099903315306,0.0018076002597808838,0.48537700111046433
