percentage,execution,ar_r_sub,k_s_sup,ks_sf_in,n_r_t,nk_k_sup,nrs_ns_r,ns_s_spe,ns_s_sup,ns_sub_r,r_ar_sup,s_k_sub,s_ns_sub,s_nsup_k,sub_r_r,t_k_sup,total_time
70,4,0.0016473999712616205,0.004346300032921135,1.0300078429281712e-05,6.09993003308773e-06,0.0010236999951303005,5.700043402612209e-06,0.0008151999209076166,8.19001579657197e-05,1.9000144675374031e-06,0.003091700025834143,0.005527000059373677,0.01194640004541725,0.0009183000074699521,0.000251400051638484,0.0053527000127360225,0.03502600034698844
