percentage,execution,ar_r_sub,k_s_sup,ks_sf_in,n_r_t,nk_k_sup,nrs_ns_r,ns_s_spe,ns_s_sup,ns_sub_r,r_ar_sup,s_k_sub,s_ns_sub,s_nsup_k,sub_r_r,t_k_sup,total_time
10,4,1.0599847882986069e-05,1.0899966582655907e-05,1.0399962775409222e-05,6.900052540004253e-06,0.001446999958716333,7.5999414548277855e-06,5.09992241859436e-06,9.899958968162537e-06,4.400033503770828e-06,0.0031834000255912542,0.0031241000397130847,0.013347500003874302,0.0010969999711960554,1.570011954754591e-05,1.1899974197149277e-05,0.022292399778962135
