percentage,execution,ar_r_sub,k_s_sup,ks_sf_in,n_r_t,nk_k_sup,nrs_ns_r,ns_s_spe,ns_s_sup,ns_sub_r,r_ar_sup,s_k_sub,s_ns_sub,s_nsup_k,sub_r_r,t_k_sup,total_time
20,4,1.0599999768601265e-05,0.004273200000170618,1.049999991664663e-05,6.000000212225132e-06,0.0001843999998527579,6.100000064179767e-06,0.0009083999993890757,7.340000047406647e-05,1.600000359758269e-06,0.003971999999521358,0.0001384999995934777,0.00013649999982590089,0.00012400000014167745,1.5999999959603883e-05,9.099999988393392e-05,0.009952199999133882
