percentage,execution,ar_r_sub,k_s_sup,ks_sf_in,n_r_t,nk_k_sup,nrs_ns_r,ns_s_spe,ns_s_sup,ns_sub_r,r_ar_sup,s_k_sub,s_ns_sub,s_nsup_k,sub_r_r,t_k_sup,total_time
20,5,0.00014399969950318336,0.000948700588196516,1.3799872249364853e-05,1.0800082236528397e-05,0.014090199954807758,1.2400094419717789e-05,0.003847300074994564,8.329981938004494e-05,1.700129359960556e-06,0.02450569998472929,0.07816489972174168,0.23505639983341098,0.012475799769163132,4.5200344175100327e-05,0.01640089973807335,0.38580109970644116
