percentage,execution,ar_r_sub,k_s_sup,ks_sf_in,n_r_t,nk_k_sup,nrs_ns_r,ns_s_spe,ns_s_sup,ns_sub_r,r_ar_sup,s_k_sub,s_ns_sub,s_nsup_k,sub_r_r,t_k_sup,total_time
90,1,0.0012681999942287803,8.17000400274992e-05,0.0005790001014247537,6.600050255656242e-06,0.0022227000445127487,5.699926987290382e-06,5.09992241859436e-06,1.0800082236528397e-05,2.300017513334751e-06,0.0041940000373870134,0.012866399949416518,0.01913179992698133,0.0018482999876141548,1.5199999324977398e-05,0.011676900088787079,0.05391470016911626
