percentage,execution,ar_r_sub,k_s_sup,ks_sf_in,n_r_t,nk_k_sup,nrs_ns_r,ns_s_spe,ns_s_sup,ns_sub_r,r_ar_sup,s_k_sub,s_ns_sub,s_nsup_k,sub_r_r,t_k_sup,total_time
20,10,1.2999999853491317e-05,0.014817599999332742,1.1000000085914508e-05,6.600000233447645e-06,6.400000529538374e-06,6.000000212225132e-06,0.0025316000001112116,0.0026465999999345513,1.7999991541728377e-06,0.01068669999949634,0.0001505999989603879,0.0001443999999537482,5.4000001910026185e-06,1.7300000763498247e-05,0.00016709999908925965,0.031212099997901532
