percentage,execution,ar_r_sub,k_s_sup,ks_sf_in,n_r_t,nk_k_sup,nrs_ns_r,ns_s_spe,ns_s_sup,ns_sub_r,r_ar_sup,s_k_sub,s_ns_sub,s_nsup_k,sub_r_r,t_k_sup,total_time
10,1,0.00022209947928786278,0.0041763996705412865,1.600012183189392e-05,1.1600088328123093e-05,0.01489999983459711,1.3899989426136017e-05,0.004098199773579836,8.600018918514252e-05,2.00001522898674e-06,0.013022099155932665,0.0743597000837326,0.2727101999334991,0.01327349990606308,4.7299545258283615e-05,0.017704100348055363,0.41464309813454747
