percentage,execution,ar_r_sub,k_s_sup,ks_sf_in,n_r_t,nk_k_sup,nrs_ns_r,ns_s_spe,ns_s_sup,ns_sub_r,r_ar_sup,s_k_sub,s_ns_sub,s_nsup_k,sub_r_r,t_k_sup,total_time
20,2,0.010610299999825656,1.320000046689529e-05,1.2100000276404899e-05,8.399999387620483e-06,0.0025347999999212334,9.200000022246968e-06,6.000000212225132e-06,1.1299999641778413e-05,1.7000002117129043e-06,0.012234199999511475,0.004816699999537377,0.01675599999998667,0.0016587000000072294,0.0020453999995879713,1.2900000001536682e-05,0.050730899998598034
