percentage,execution,k_s_sup,s_k_sub,t_k_sup,ns_s_sup,s_ns_sub,r_ar_sup,ar_r_sub,ns_sub_r,ks_sf_in,sub_r_r,n_r_t,ns_s_spe,nk_k_sup,s_nsup_k,nrs_ns_r,total_time
10,6,1.2599994079209864e-05,8.699993486516178e-06,9.199997293762863e-06,7.529999129474163e-05,8.500006515532732e-06,7.2900002123788e-05,8.700008038431406e-06,1.6999983927235007e-06,9.000010322779417e-06,1.239999255631119e-05,6.100002792663872e-06,0.0008897999941837043,4.899993655271828e-06,4.5000051613897085e-06,5.699999746866524e-06,0.001129999989643693
