percentage,execution,ar_r_sub,k_s_sup,ks_sf_in,n_r_t,nk_k_sup,nrs_ns_r,ns_s_spe,ns_s_sup,ns_sub_r,r_ar_sup,s_k_sub,s_ns_sub,s_nsup_k,sub_r_r,t_k_sup,total_time
60,1,7.849989924579859e-05,0.01059380010701716,1.00000761449337e-05,6.200047209858894e-06,0.0008006000425666571,5.799927748739719e-06,0.0016566000413149595,0.0008642999455332756,1.9000144675374031e-06,0.011107000056654215,0.0011452998733147979,0.0011912999907508492,0.0005623999750241637,1.300009898841381e-05,0.0002234000712633133,0.028260100167244673
