percentage,execution,k_s_sup,s_k_sub,t_k_sup,ns_s_sup,s_ns_sub,r_ar_sup,ar_r_sub,ns_sub_r,ks_sf_in,sub_r_r,n_r_t,ns_s_spe,nk_k_sup,s_nsup_k,nrs_ns_r,total_time
60,6,0.022440900007495657,0.04149439999309834,0.08936430000176188,0.011034999988623895,0.10057980001147371,0.1202220999985002,8.880000677891076e-05,2.0000006770715117e-06,1.890001294668764e-05,6.53000024612993e-05,1.4599994756281376e-05,0.039162300003226846,0.013637500000186265,0.011839700004202314,1.2200005585327744e-05,0.4499778000317747
