percentage,execution,ar_r_sub,k_s_sup,ks_sf_in,n_r_t,nk_k_sup,nrs_ns_r,ns_s_spe,ns_s_sup,ns_sub_r,r_ar_sup,s_k_sub,s_ns_sub,s_nsup_k,sub_r_r,t_k_sup,total_time
40,3,0.006644399953074753,1.370010431855917e-05,1.5800120308995247e-05,8.299946784973145e-06,0.0035605001030489802,8.699949830770493e-06,7.4999406933784485e-06,1.1699972674250603e-05,2.00001522898674e-06,0.017657899879850447,0.01035340002272278,0.02275470003951341,0.0025852000107988715,0.0012687001144513488,1.4099990949034691e-05,0.06490660016424954
