percentage,execution,k_s_sup,s_k_sub,t_k_sup,ns_s_sup,s_ns_sub,r_ar_sup,ar_r_sub,ns_sub_r,ks_sf_in,sub_r_r,n_r_t,ns_s_spe,nk_k_sup,s_nsup_k,nrs_ns_r,total_time
10,9,0.009150499987299554,0.0001430999836884439,0.00016369999502785504,0.0009193000005325302,0.0001444000081392005,0.006458599993493408,1.170000177808106e-05,1.7999991541728377e-06,1.0700008715502918e-05,1.930000144056976e-05,7.299997378140688e-06,0.00338769999507349,6.299989763647318e-06,5.599998985417187e-06,7.599999662488699e-06,0.020437599960132502
