percentage,execution,ar_r_sub,k_s_sup,ks_sf_in,n_r_t,nk_k_sup,nrs_ns_r,ns_s_spe,ns_s_sup,ns_sub_r,r_ar_sup,s_k_sub,s_ns_sub,s_nsup_k,sub_r_r,t_k_sup,total_time
50,8,8.169992361217737e-05,0.020029000006616116,1.71000137925148e-05,1.3699987903237343e-05,0.013332600006833673,1.2599979527294636e-05,0.02691050001885742,0.004832900012843311,2.00001522898674e-06,0.09234910004306585,0.040719600045122206,0.12880140007473528,0.011609600041992962,6.2700011767447e-05,0.09016769996378571,0.4289422001456842
