percentage,execution,ar_r_sub,k_s_sup,ks_sf_in,n_r_t,nk_k_sup,nrs_ns_r,ns_s_spe,ns_s_sup,ns_sub_r,r_ar_sup,s_k_sub,s_ns_sub,s_nsup_k,sub_r_r,t_k_sup,total_time
50,10,0.00032190000638365746,8.189992513507605e-05,0.0002946000313386321,6.6999346017837524e-06,0.002217100001871586,6.800051778554916e-06,5.300040356814861e-06,1.109996810555458e-05,2.199900336563587e-06,0.0017556999810039997,0.012915000086650252,0.038455800036899745,0.0018351998878642917,1.580000389367342e-05,0.011928100022487342,0.06985319987870753
