percentage,execution,ar_r_sub,k_s_sup,ks_sf_in,n_r_t,nk_k_sup,nrs_ns_r,ns_s_spe,ns_s_sup,ns_sub_r,r_ar_sup,s_k_sub,s_ns_sub,s_nsup_k,sub_r_r,t_k_sup,total_time
80,2,0.0017757000005076407,0.0009923999996317434,1.0400000064691994e-05,6.8999997893115506e-06,0.0010986000006596441,5.500000042957254e-06,0.0007447999996657018,8.130000060191378e-05,1.8000000636675395e-06,0.000956600000790786,0.003923799999029143,0.003882300000441319,0.0008818999995128252,0.00025319999986095354,0.001724800000374671,0.01634000000103697
