percentage,execution,k_s_sup,s_k_sub,t_k_sup,ns_s_sup,s_ns_sub,r_ar_sup,ar_r_sub,ns_sub_r,ks_sf_in,sub_r_r,n_r_t,ns_s_spe,nk_k_sup,s_nsup_k,nrs_ns_r,total_time
30,5,8.05000017862767e-05,0.0011250999959884211,0.0017035000055329874,0.0034703999845078215,0.00422999999136664,7.619999814778566e-05,0.0002502999996067956,1.7999991541728377e-06,1.0500007192604244e-05,1.610000617802143e-05,8.400005754083395e-06,0.0023647000052733347,0.0008590000070398673,0.0006370999908540398,7.099995855242014e-06,0.014840699994238093
