percentage,execution,ar_r_sub,k_s_sup,ks_sf_in,n_r_t,nk_k_sup,nrs_ns_r,ns_s_spe,ns_s_sup,ns_sub_r,r_ar_sup,s_k_sub,s_ns_sub,s_nsup_k,sub_r_r,t_k_sup,total_time
10,4,1.1400086805224419e-05,0.009447999997064471,1.0699965059757233e-05,7.00005330145359e-06,6.400048732757568e-06,7.00005330145359e-06,0.0027647000970318913,0.000950200017541647,1.7998972907662392e-06,0.006710600107908249,0.0001471000723540783,0.00014400004874914885,5.399924702942371e-06,1.7400016076862812e-05,0.000170299899764359,0.020402000285685062
