percentage,execution,ar_r_sub,k_s_sup,ks_sf_in,n_r_t,nk_k_sup,nrs_ns_r,ns_s_spe,ns_s_sup,ns_sub_r,r_ar_sup,s_k_sub,s_ns_sub,s_nsup_k,sub_r_r,t_k_sup,total_time
20,1,0.04683369991835207,2.680008765310049e-05,2.4499953724443913e-05,4.1199964471161366e-05,0.016307099955156446,3.560003824532032e-05,0.10806949995458126,0.010819199960678816,1.9000144675374031e-06,0.014520499971695244,0.010679100058041513,0.035836600116454065,0.012855099979788065,0.008818099973723292,2.789997961372137e-05,0.26489679992664605
