percentage,execution,ar_r_sub,k_s_sup,ks_sf_in,n_r_t,nk_k_sup,nrs_ns_r,ns_s_spe,ns_s_sup,ns_sub_r,r_ar_sup,s_k_sub,s_ns_sub,s_nsup_k,sub_r_r,t_k_sup,total_time
40,4,7.979990914463997e-05,0.00010000006295740604,1.2200092896819115e-05,7.79994297772646e-06,0.005208600079640746,8.499948307871819e-06,6.09993003308773e-06,1.1899974197149277e-05,2.00001522898674e-06,0.01773620001040399,0.03170390008017421,0.09625229996163398,0.004487600061111152,2.410006709396839e-05,0.012267699930816889,0.16790870006661862
