percentage,execution,k_s_sup,s_k_sub,t_k_sup,ns_s_sup,s_ns_sub,r_ar_sup,ar_r_sub,ns_sub_r,ks_sf_in,sub_r_r,n_r_t,ns_s_spe,nk_k_sup,s_nsup_k,nrs_ns_r,total_time
10,8,0.02861430001212284,0.00020429999858606607,0.0002339999919058755,0.0040619000064907596,0.00020290000247769058,0.019571800003177486,1.2099990271963179e-05,2.0000006770715117e-06,1.1399999493733048e-05,2.2100008209235966e-05,1.1299998732283711e-05,0.011251899995841086,6.600006599910557e-06,6.200003554113209e-06,8.000002708286047e-06,0.0642208000208484
