percentage,execution,k_s_sup,s_k_sub,t_k_sup,ns_s_sup,s_ns_sub,r_ar_sup,ar_r_sub,ns_sub_r,ks_sf_in,sub_r_r,n_r_t,ns_s_spe,nk_k_sup,s_nsup_k,nrs_ns_r,total_time
55,5,0.004904599976725876,0.0702502999920398,0.01616140000987798,8.320005144923925e-05,0.1553824000293389,0.06692000012844801,0.0006014000391587615,2.600019797682762e-06,1.54001172631979e-05,4.4599873945117e-05,1.209997572004795e-05,0.003790699993260205,0.013548100017942488,0.01214790006633848,9.7999582067132e-06,0.3438745002495125
