percentage,execution,ar_r_sub,k_s_sup,ks_sf_in,n_r_t,nk_k_sup,nrs_ns_r,ns_s_spe,ns_s_sup,ns_sub_r,r_ar_sup,s_k_sub,s_ns_sub,s_nsup_k,sub_r_r,t_k_sup,total_time
40,4,0.00031380000018543797,1.609999981155852e-05,1.5100000382517464e-05,1.089999932446517e-05,0.007299500000044645,1.3500000022759195e-05,0.0037682000001950655,7.850000110920519e-05,2.0000006770715117e-06,0.050797099999726925,0.004991800001334923,0.013687399999071204,0.005407399999967311,4.3900000491703395e-05,1.6900000446185004e-05,0.08646210000279098
