percentage,execution,ar_r_sub,k_s_sup,ks_sf_in,n_r_t,nk_k_sup,nrs_ns_r,ns_s_spe,ns_s_sup,ns_sub_r,r_ar_sup,s_k_sub,s_ns_sub,s_nsup_k,sub_r_r,t_k_sup,total_time
40,6,1.0400000064691994e-05,0.003963599999224243,9.499999578110874e-06,6.000000212225132e-06,0.0014092999999775202,6.299999768089037e-06,0.0008210000005419715,7.32000007701572e-05,1.600000359758269e-06,0.005840300001182186,0.00400909999916621,0.016301000000567,0.0009970000000976142,1.3100000614940654e-05,8.909999996831175e-05,0.03355050000209303
