percentage,execution,ar_r_sub,k_s_sup,ks_sf_in,n_r_t,nk_k_sup,nrs_ns_r,ns_s_spe,ns_s_sup,ns_sub_r,r_ar_sup,s_k_sub,s_ns_sub,s_nsup_k,sub_r_r,t_k_sup,total_time
80,7,1.3300000318849925e-05,9.390000013809185e-05,1.2000000424450263e-05,7.999999979801942e-06,0.0023264000001290697,6.70000008540228e-06,6.000000212225132e-06,1.1500000255182385e-05,2.1999985619913787e-06,0.016809200000352575,0.015379500000562984,0.023768699999891396,0.0019824000000880915,1.6900000446185004e-05,0.0030982999996922445,0.06353500000113854
