percentage,execution,ar_r_sub,k_s_sup,ks_sf_in,n_r_t,nk_k_sup,nrs_ns_r,ns_s_spe,ns_s_sup,ns_sub_r,r_ar_sup,s_k_sub,s_ns_sub,s_nsup_k,sub_r_r,t_k_sup,total_time
40,5,0.00568039994686842,1.1199619621038437e-05,0.0006025000475347042,7.0999376475811005e-06,0.001443800050765276,0.00012070033699274063,5.300156772136688e-06,1.0200310498476028e-05,1.8998980522155762e-06,0.006770100444555283,0.0014887996949255466,0.004681000020354986,0.0010434999130666256,1.6100239008665085e-05,1.1500436812639236e-05,0.021894101053476334
