percentage,execution,ar_r_sub,k_s_sup,ks_sf_in,n_r_t,nk_k_sup,nrs_ns_r,ns_s_spe,ns_s_sup,ns_sub_r,r_ar_sup,s_k_sub,s_ns_sub,s_nsup_k,sub_r_r,t_k_sup,total_time
10,7,1.0599964298307896e-05,1.309998333454132e-05,9.900075383484364e-06,6.200047209858894e-06,0.0013490000274032354,7.3999399319291115e-06,7.79994297772646e-06,1.479999627918005e-05,1.8998980522155762e-06,0.002253499929793179,0.003980999928899109,0.01997359993401915,0.0009479000000283122,1.3899989426136017e-05,1.0399962775409222e-05,0.028600999619811773
