percentage,execution,ar_r_sub,k_s_sup,ks_sf_in,n_r_t,nk_k_sup,nrs_ns_r,ns_s_spe,ns_s_sup,ns_sub_r,r_ar_sup,s_k_sub,s_ns_sub,s_nsup_k,sub_r_r,t_k_sup,total_time
80,1,0.006070799999179144,7.920000007288763e-05,0.0006498000002466142,5.4000001910026185e-06,0.0007881999999881373,9.920000047713984e-05,4.499999704421498e-06,9.40000063565094e-06,1.7000002117129043e-06,7.390000064333435e-05,0.005237899999883666,0.008285899999464164,0.0006729000006089336,1.1300000551273115e-05,0.002784399999654852,0.024774500001512934
