percentage,execution,ar_r_sub,k_s_sup,ks_sf_in,n_r_t,nk_k_sup,nrs_ns_r,ns_s_spe,ns_s_sup,ns_sub_r,r_ar_sup,s_k_sub,s_ns_sub,s_nsup_k,sub_r_r,t_k_sup,total_time
80,5,1.2300442904233932e-05,8.58004204928875e-05,1.090019941329956e-05,7.200054824352264e-06,0.002222099807113409,7.200054824352264e-06,5.400273948907852e-06,1.180032268166542e-05,1.80024653673172e-06,0.01265610009431839,0.01540350029245019,0.02187779964879155,0.00199740007519722,1.490022987127304e-05,0.0029514003545045853,0.05726560251787305
