percentage,execution,ar_r_sub,k_s_sup,ks_sf_in,n_r_t,nk_k_sup,nrs_ns_r,ns_s_spe,ns_s_sup,ns_sub_r,r_ar_sup,s_k_sub,s_ns_sub,s_nsup_k,sub_r_r,t_k_sup,total_time
20,8,9.700000191514846e-06,0.004016199999568926,8.799999704933725e-06,5.700000656361226e-06,5.099999725644011e-06,5.100000635138713e-06,0.0005788999997093924,7.159999950090423e-05,1.6000012692529708e-06,0.0027181999994354555,7.350000032602111e-05,7.300000015675323e-05,4.5000006139162e-06,1.1300000551273115e-05,8.789999992586672e-05,0.007671100001971354
