percentage,execution,ar_r_sub,k_s_sup,ks_sf_in,n_r_t,nk_k_sup,nrs_ns_r,ns_s_spe,ns_s_sup,ns_sub_r,r_ar_sup,s_k_sub,s_ns_sub,s_nsup_k,sub_r_r,t_k_sup,total_time
20,7,1.0999967344105244e-05,1.0799849405884743e-05,1.009996049106121e-05,6.100046448409557e-06,0.000940999947488308,7.0999376475811005e-06,5.00003807246685e-06,9.7999582067132e-06,1.9000144675374031e-06,0.006734699942171574,0.001081199967302382,0.004168800078332424,0.0006035000551491976,1.580000389367342e-05,1.0600080713629723e-05,0.013617399847134948
