percentage,execution,ar_r_sub,k_s_sup,ks_sf_in,n_r_t,nk_k_sup,nrs_ns_r,ns_s_spe,ns_s_sup,ns_sub_r,r_ar_sup,s_k_sub,s_ns_sub,s_nsup_k,sub_r_r,t_k_sup,total_time
80,6,1.0000000656873453e-05,0.003463900000497233,9.40000063565094e-06,5.4000001910026185e-06,0.00019419999989622738,5.099999725644011e-06,0.0005474999998114072,7.900000036897836e-05,1.8000000636675395e-06,0.003409300000384974,0.0011522999993758276,0.004259199999978591,0.00016219999997701962,1.1299999641778413e-05,0.0019321999989188043,0.01524280000012368
