percentage,execution,ar_r_sub,k_s_sup,ks_sf_in,n_r_t,nk_k_sup,nrs_ns_r,ns_s_spe,ns_s_sup,ns_sub_r,r_ar_sup,s_k_sub,s_ns_sub,s_nsup_k,sub_r_r,t_k_sup,total_time
50,8,0.0005305996164679527,0.004389600362628698,1.5799887478351593e-05,1.1700205504894257e-05,0.01619029976427555,1.0999850928783417e-05,0.003842600155621767,8.199969306588173e-05,1.80024653673172e-06,0.061322199646383524,0.05726809985935688,0.13260329980403185,0.012158900033682585,4.700012505054474e-05,9.719980880618095e-05,0.2885720990598202
