percentage,execution,k_s_sup,s_k_sub,t_k_sup,ns_s_sup,s_ns_sub,r_ar_sup,ar_r_sub,ns_sub_r,ks_sf_in,sub_r_r,n_r_t,ns_s_spe,nk_k_sup,s_nsup_k,nrs_ns_r,total_time
50,5,8.800000068731606e-05,0.034229700002470054,0.01233670000510756,1.2599979527294636e-05,0.08269809999910649,0.02161459998751525,0.00014170000213198364,2.1000014385208488e-06,1.2299991794861853e-05,2.4199995095841587e-05,1.09999964479357e-05,6.200003554113209e-06,0.005187499991734512,0.0044636999955400825,7.90000194683671e-06,0.16083629995409865
