percentage,execution,ar_r_sub,k_s_sup,ks_sf_in,n_r_t,nk_k_sup,nrs_ns_r,ns_s_spe,ns_s_sup,ns_sub_r,r_ar_sup,s_k_sub,s_ns_sub,s_nsup_k,sub_r_r,t_k_sup,total_time
60,3,0.00013339999986783369,7.829999958630651e-05,1.0300000212737359e-05,6.100000064179767e-06,0.0025142000004052534,6.299999768089037e-06,4.800000169780105e-06,1.0300001122232061e-05,1.7999991541728377e-06,0.007093299999723968,0.018468300000677118,0.037676099999771395,0.002259399999275047,1.4700000065204222e-05,0.008579800000006799,0.07685709999987012
