percentage,execution,k_s_sup,s_k_sub,t_k_sup,ns_s_sup,s_ns_sub,r_ar_sup,ar_r_sub,ns_sub_r,ks_sf_in,sub_r_r,n_r_t,ns_s_spe,nk_k_sup,s_nsup_k,nrs_ns_r,total_time
30,8,8.150000940077007e-05,0.016618800000287592,0.008640500003821217,1.0000017937272787e-05,0.05319219999364577,0.004417799995280802,7.669998740311712e-05,1.9000144675374031e-06,1.0199990356341004e-05,1.4399993233382702e-05,6.100002792663872e-06,7.700000423938036e-06,0.002591600001323968,0.0022675000072922558,6.999995093792677e-06,0.08794390001276042
