percentage,execution,ar_r_sub,k_s_sup,ks_sf_in,n_r_t,nk_k_sup,nrs_ns_r,ns_s_spe,ns_s_sup,ns_sub_r,r_ar_sup,s_k_sub,s_ns_sub,s_nsup_k,sub_r_r,t_k_sup,total_time
10,7,0.00010079995263367891,1.7699901945888996e-05,1.4899997040629387e-05,7.999944500625134e-06,0.0015700999647378922,9.699957445263863e-06,5.500041879713535e-06,1.1100084520876408e-05,2.100015990436077e-06,0.005442999885417521,0.002950299996882677,0.012991200084798038,0.0010810999665409327,2.4900073185563087e-05,1.3299984857439995e-05,0.024243699852377176
