percentage,execution,k_s_sup,s_k_sub,t_k_sup,ns_s_sup,s_ns_sub,r_ar_sup,ar_r_sub,ns_sub_r,ks_sf_in,sub_r_r,n_r_t,ns_s_spe,nk_k_sup,s_nsup_k,nrs_ns_r,total_time
40,4,1.200000406242907e-05,0.007760699983919039,1.2099990271963179e-05,1.069999416358769e-05,0.01860080000187736,0.010188900007051416,8.9599983766675e-05,2.0000006770715117e-06,1.1499985703267157e-05,1.6699996194802225e-05,1.0200004908256233e-05,5.699999746866524e-06,0.0026413000014144927,0.001984299989999272,7.199996616691351e-06,0.04135369994037319
