percentage,execution,ar_r_sub,k_s_sup,ks_sf_in,n_r_t,nk_k_sup,nrs_ns_r,ns_s_spe,ns_s_sup,ns_sub_r,r_ar_sup,s_k_sub,s_ns_sub,s_nsup_k,sub_r_r,t_k_sup,total_time
10,9,0.00013159995432943106,1.0300078429281712e-05,9.500072337687016e-06,6.100046448409557e-06,0.00036700000055134296,6.8999361246824265e-06,4.699919372797012e-06,8.500064723193645e-06,1.600012183189392e-06,1.0299962013959885e-05,0.0001360001042485237,0.00012930005323141813,0.0002367000561207533,1.3699987903237343e-05,1.019984483718872e-05,0.0010824000928550959
