percentage,execution,ar_r_sub,k_s_sup,ks_sf_in,n_r_t,nk_k_sup,nrs_ns_r,ns_s_spe,ns_s_sup,ns_sub_r,r_ar_sup,s_k_sub,s_ns_sub,s_nsup_k,sub_r_r,t_k_sup,total_time
20,1,1.2399999832268804e-05,0.014746099999683793,1.049999991664663e-05,6.399999620043673e-06,0.00031260000014299294,6.50000038149301e-06,0.0025652000003901776,0.0027179999997315463,1.9000008251168765e-06,0.010784100000819308,0.001076900000043679,0.004563700000289828,0.00028170000041427556,1.609999981155852e-05,0.00403450000067096,0.04113660000257369
