percentage,execution,ar_r_sub,k_s_sup,ks_sf_in,n_r_t,nk_k_sup,nrs_ns_r,ns_s_spe,ns_s_sup,ns_sub_r,r_ar_sup,s_k_sub,s_ns_sub,s_nsup_k,sub_r_r,t_k_sup,total_time
40,9,9.369989857077599e-05,0.01676310005132109,1.8999911844730377e-05,1.5700003132224083e-05,0.009605100029148161,1.4299992471933365e-05,0.040919599938206375,0.006779700051993132,2.100015990436077e-06,0.09174099995288998,0.02109660010319203,0.06222139997407794,0.007967300014570355,7.120007649064064e-05,0.0484473000979051,0.3057571001118049
