percentage,execution,ar_r_sub,k_s_sup,ks_sf_in,n_r_t,nk_k_sup,nrs_ns_r,ns_s_spe,ns_s_sup,ns_sub_r,r_ar_sup,s_k_sub,s_ns_sub,s_nsup_k,sub_r_r,t_k_sup,total_time
10,9,0.010875599924474955,1.2599863111972809e-05,1.2100208550691605e-05,8.19982960820198e-06,0.0010527996346354485,9.09995287656784e-06,8.400063961744308e-06,1.1400319635868073e-05,1.8998980522155762e-06,0.002206699922680855,0.002488899976015091,0.008552399929612875,0.0007203998975455761,0.0021216003224253654,1.3200100511312485e-05,0.02809529984369874
