percentage,execution,k_s_sup,s_k_sub,t_k_sup,ns_s_sup,s_ns_sub,r_ar_sup,ar_r_sub,ns_sub_r,ks_sf_in,sub_r_r,n_r_t,ns_s_spe,nk_k_sup,s_nsup_k,nrs_ns_r,total_time
10,9,0.004711700006737374,7.789999654050916e-05,0.00010080001084133983,0.00010359998850617558,0.00012020001304335892,0.0031223000114550814,1.0199990356341004e-05,1.800013706088066e-06,1.2799995602108538e-05,1.720000000204891e-05,6.200003554113209e-06,0.001004100005957298,8.200004231184721e-06,7.90000194683671e-06,9.60000033956021e-06,0.009314500042819418
