percentage,execution,k_s_sup,s_k_sub,t_k_sup,ns_s_sup,s_ns_sub,r_ar_sup,ar_r_sub,ns_sub_r,ks_sf_in,sub_r_r,n_r_t,ns_s_spe,nk_k_sup,s_nsup_k,nrs_ns_r,total_time
50,3,0.00035749998642131686,0.004601999986334704,0.006581200010259636,0.0008809999999357387,0.012982200001715682,0.0002590999938547611,0.0335985999845434,2.500019036233425e-06,1.5700003132224083e-05,2.3499989765696228e-05,8.100003469735384e-06,0.00235719999182038,0.0009653000015532598,0.0008428000001003966,0.0003559000033419579,0.06383259997528512
