percentage,execution,ar_r_sub,k_s_sup,ks_sf_in,n_r_t,nk_k_sup,nrs_ns_r,ns_s_spe,ns_s_sup,ns_sub_r,r_ar_sup,s_k_sub,s_ns_sub,s_nsup_k,sub_r_r,t_k_sup,total_time
40,4,7.639999967068434e-05,9.800000043469481e-06,0.0002443999992465251,5.100000635138713e-06,0.00041000000055646524,5.4000001910026185e-06,4.399999852466863e-06,8.50000014906982e-06,1.8000009731622413e-06,0.0022608999997828505,0.00014000000010128133,0.0001300999992963625,0.000284000000647211,1.1400001312722452e-05,9.399998816661537e-06,0.0036016000012750737
