percentage,execution,ar_r_sub,k_s_sup,ks_sf_in,n_r_t,nk_k_sup,nrs_ns_r,ns_s_spe,ns_s_sup,ns_sub_r,r_ar_sup,s_k_sub,s_ns_sub,s_nsup_k,sub_r_r,t_k_sup,total_time
10,7,1.2199976481497288e-05,0.010927799972705543,1.179997343569994e-05,8.199946023523808e-06,7.100054062902927e-06,8.70006624609232e-06,0.0037443999899551272,0.0009741999674588442,2.200016751885414e-06,0.007835199940018356,0.0001577000366523862,0.00015380000695586205,6.00004568696022e-06,2.2099935449659824e-05,0.00017919996753335,0.02405059989541769
