percentage,execution,ar_r_sub,k_s_sup,ks_sf_in,n_r_t,nk_k_sup,nrs_ns_r,ns_s_spe,ns_s_sup,ns_sub_r,r_ar_sup,s_k_sub,s_ns_sub,s_nsup_k,sub_r_r,t_k_sup,total_time
80,10,0.00020219990983605385,0.0011432003229856491,1.309998333454132e-05,6.4997002482414246e-06,0.0010529998689889908,5.900394171476364e-06,0.0007794001139700413,8.179992437362671e-05,1.80024653673172e-06,0.0010987003333866596,0.005007000174373388,0.011362599674612284,0.0009301998652517796,1.3399869203567505e-05,0.005088899750262499,0.02678770013153553
