percentage,execution,k_s_sup,s_k_sub,t_k_sup,ns_s_sup,s_ns_sub,r_ar_sup,ar_r_sub,ns_sub_r,ks_sf_in,sub_r_r,n_r_t,ns_s_spe,nk_k_sup,s_nsup_k,nrs_ns_r,total_time
85,5,8.380005601793528e-05,0.03531010006554425,0.012158799916505814,1.379998866468668e-05,0.051114800153300166,0.025642900029197335,0.00238690001424402,2.300017513334751e-06,1.3299984857439995e-05,0.00032739993184804916,8.300063200294971e-06,6.6999346017837524e-06,0.005119000095874071,0.0044568000594154,7.3999399319291115e-06,0.1366523002507165
