percentage,execution,ar_r_sub,k_s_sup,ks_sf_in,n_r_t,nk_k_sup,nrs_ns_r,ns_s_spe,ns_s_sup,ns_sub_r,r_ar_sup,s_k_sub,s_ns_sub,s_nsup_k,sub_r_r,t_k_sup,total_time
20,9,7.350000032602111e-05,1.089999932446517e-05,1.0200000360782724e-05,6.199999916134402e-06,0.0010020999998232583,6.799999937356915e-06,4.699999408330768e-06,9.399999726156238e-06,1.5999994502635673e-06,0.0030133000000205357,0.001027799999974377,0.004004000000350061,0.0007260000002133893,1.5099999473022763e-05,1.049999991664663e-05,0.009922099998220801
