percentage,execution,k_s_sup,s_k_sub,t_k_sup,ns_s_sup,s_ns_sub,r_ar_sup,ar_r_sub,ns_sub_r,ks_sf_in,sub_r_r,n_r_t,ns_s_spe,nk_k_sup,s_nsup_k,nrs_ns_r,total_time
10,4,0.012013700004899874,7.770000956952572e-05,9.109999518841505e-05,0.0009503000037511811,7.590001041535288e-05,0.008144999999785796,1.0099989594891667e-05,1.7999846022576094e-06,9.400013368576765e-06,1.3800003216601908e-05,6.300004315562546e-06,0.002723500001593493,5.299996701069176e-06,4.599991370923817e-06,5.599998985417187e-06,0.02413410000735894
