percentage,execution,ar_r_sub,k_s_sup,ks_sf_in,n_r_t,nk_k_sup,nrs_ns_r,ns_s_spe,ns_s_sup,ns_sub_r,r_ar_sup,s_k_sub,s_ns_sub,s_nsup_k,sub_r_r,t_k_sup,total_time
50,2,1.0299962013959885e-05,0.00011619995348155499,1.9300030544400215e-05,6.5999338403344154e-06,0.0021109998924657702,6.3999323174357414e-06,5.00003807246685e-06,1.1499971151351929e-05,1.800013706088066e-06,0.0039793000323697925,0.01424259995110333,0.03332290006801486,0.0018109000520780683,1.3599987141788006e-05,0.002728799940086901,0.0583861997583881
