percentage,execution,ar_r_sub,k_s_sup,ks_sf_in,n_r_t,nk_k_sup,nrs_ns_r,ns_s_spe,ns_s_sup,ns_sub_r,r_ar_sup,s_k_sub,s_ns_sub,s_nsup_k,sub_r_r,t_k_sup,total_time
90,4,0.011109699960798025,0.0003875000402331352,1.1300202459096909e-05,7.700175046920776e-06,0.0013506999239325523,6.299931555986404e-06,0.0023925998248159885,0.0009286999702453613,1.700129359960556e-06,0.0003848997876048088,0.005219900049269199,0.005021899938583374,0.001219400204718113,1.640012487769127e-05,0.009781500324606895,0.03784020058810711
