percentage,execution,ar_r_sub,k_s_sup,ks_sf_in,n_r_t,nk_k_sup,nrs_ns_r,ns_s_spe,ns_s_sup,ns_sub_r,r_ar_sup,s_k_sub,s_ns_sub,s_nsup_k,sub_r_r,t_k_sup,total_time
10,8,1.189985778182745e-05,0.01674360001925379,1.1200085282325745e-05,1.079996582120657e-05,0.00022120005451142788,8.500064723193645e-06,0.007383999996818602,0.0017232999671250582,1.800013706088066e-06,0.011662899982184172,0.0010228999890387058,0.004138899967074394,0.00016950001008808613,2.129992935806513e-05,0.0018529000226408243,0.04498469992540777
