percentage,execution,k_s_sup,s_k_sub,t_k_sup,ns_s_sup,s_ns_sub,r_ar_sup,ar_r_sub,ns_sub_r,ks_sf_in,sub_r_r,n_r_t,ns_s_spe,nk_k_sup,s_nsup_k,nrs_ns_r,total_time
30,4,0.0001455999881727621,0.0019650000031106174,0.0033438999962527305,0.004342700005508959,0.008146700012730435,0.00014229999214876443,0.00020349999249447137,1.8999999156221747e-06,1.0799994925037026e-05,1.6200006939470768e-05,8.29999044071883e-06,0.0035604000004241243,0.0006105999927967787,0.0004951000009896234,7.199996616691351e-06,0.023000199973466806
