percentage,execution,ar_r_sub,k_s_sup,ks_sf_in,n_r_t,nk_k_sup,nrs_ns_r,ns_s_spe,ns_s_sup,ns_sub_r,r_ar_sup,s_k_sub,s_ns_sub,s_nsup_k,sub_r_r,t_k_sup,total_time
20,7,1.4199875295162201e-05,0.019984699902124703,1.2999866157770157e-05,8.399947546422482e-06,7.999944500625134e-06,8.899951353669167e-06,0.005947500001639128,0.0029013000894337893,2.300017513334751e-06,0.01535550004336983,0.00038219999987632036,0.00037940009497106075,6.7999353632330894e-06,2.2699940018355846e-05,0.0004235999658703804,0.045458499575033784
