percentage,execution,ar_r_sub,k_s_sup,ks_sf_in,n_r_t,nk_k_sup,nrs_ns_r,ns_s_spe,ns_s_sup,ns_sub_r,r_ar_sup,s_k_sub,s_ns_sub,s_nsup_k,sub_r_r,t_k_sup,total_time
60,9,7.82000133767724e-05,1.1200085282325745e-05,1.1800089851021767e-05,6.500049494206905e-06,0.0025159999495372176,6.199930794537067e-06,5.200039595365524e-06,1.0200077667832375e-05,1.9000144675374031e-06,0.014995499979704618,0.0036033999640494585,0.0065977000631392,0.0017844000831246376,1.500011421740055e-05,1.1399853974580765e-05,0.029654600308276713
