percentage,execution,ar_r_sub,k_s_sup,ks_sf_in,n_r_t,nk_k_sup,nrs_ns_r,ns_s_spe,ns_s_sup,ns_sub_r,r_ar_sup,s_k_sub,s_ns_sub,s_nsup_k,sub_r_r,t_k_sup,total_time
20,4,0.010315200000150071,1.0100000508828089e-05,0.00025740000000951113,5.4000001910026185e-06,0.0006445999997595209,0.00020010000025649788,7.700000423938036e-06,8.600000001024455e-06,1.8000000636675395e-06,1.010000141832279e-05,0.0017431999995096703,0.007944200000565615,0.0004468000006454531,1.1699999959091656e-05,1.0199999451288022e-05,0.021617100002913503
