percentage,execution,ar_r_sub,k_s_sup,ks_sf_in,n_r_t,nk_k_sup,nrs_ns_r,ns_s_spe,ns_s_sup,ns_sub_r,r_ar_sup,s_k_sub,s_ns_sub,s_nsup_k,sub_r_r,t_k_sup,total_time
10,2,1.3399869203567505e-05,0.018988600000739098,1.219986006617546e-05,8.90018418431282e-06,0.003580200020223856,9.600073099136353e-06,0.008242900017648935,0.0021591000258922577,2.200249582529068e-06,0.012400100007653236,0.01776310009881854,0.07742150034755468,0.0029274998232722282,2.4500302970409393e-05,0.007919299881905317,0.15147310076281428
