percentage,execution,k_s_sup,s_k_sub,t_k_sup,ns_s_sup,s_ns_sub,r_ar_sup,ar_r_sub,ns_sub_r,ks_sf_in,sub_r_r,n_r_t,ns_s_spe,nk_k_sup,s_nsup_k,nrs_ns_r,total_time
90,5,0.00010730000212788582,0.03327929999795742,0.011844000007840805,1.2699994840659201e-05,0.04321549998712726,0.02952019999793265,0.00025829998776316643,1.8999853637069464e-06,1.5199999324977398e-05,2.3300002794712782e-05,8.400005754083395e-06,6.000002031214535e-06,0.005095299988170154,0.004408200009493157,6.700007361359894e-06,0.12780229997588322
