percentage,execution,ar_r_sub,k_s_sup,ks_sf_in,n_r_t,nk_k_sup,nrs_ns_r,ns_s_spe,ns_s_sup,ns_sub_r,r_ar_sup,s_k_sub,s_ns_sub,s_nsup_k,sub_r_r,t_k_sup,total_time
40,9,0.07225359987933189,0.00010050006676465273,3.1100003980100155e-05,3.870006185024977e-05,0.023628200055100024,0.00012910005170851946,0.28213559999130666,0.023968900088220835,2.100015990436077e-06,0.024974899948574603,0.024635300040245056,0.07096020015887916,0.01840279996395111,0.01130930008366704,0.0017471000319346786,0.554317400441505
