percentage,execution,k_s_sup,s_k_sub,t_k_sup,ns_s_sup,s_ns_sub,r_ar_sup,ar_r_sub,ns_sub_r,ks_sf_in,sub_r_r,n_r_t,ns_s_spe,nk_k_sup,s_nsup_k,nrs_ns_r,total_time
10,4,2.819999644998461e-05,0.03198099999281112,2.6699999580159783e-05,0.014130299983662553,0.1006039000058081,0.007364000004599802,0.03108770000108052,2.0000006770715117e-06,2.340000355616212e-05,0.005175799989956431,3.890000516548753e-05,0.10420069999236148,0.017745000004651956,0.014031800004886463,2.4499997380189598e-05,0.3264638999826275
