percentage,execution,ar_r_sub,k_s_sup,ks_sf_in,n_r_t,nk_k_sup,nrs_ns_r,ns_s_spe,ns_s_sup,ns_sub_r,r_ar_sup,s_k_sub,s_ns_sub,s_nsup_k,sub_r_r,t_k_sup,total_time
20,5,1.0999385267496109e-05,9.0000219643116e-05,1.0299962013959885e-05,6.800051778554916e-06,0.001848599873483181,7.000286132097244e-06,7.3998235166072845e-06,1.0400079190731049e-05,1.5003606677055359e-06,0.00569630041718483,0.009218099992722273,0.03660549968481064,0.001622900366783142,1.5099998563528061e-05,0.0027932999655604362,0.057944200467318296
