percentage,execution,ar_r_sub,k_s_sup,ks_sf_in,n_r_t,nk_k_sup,nrs_ns_r,ns_s_spe,ns_s_sup,ns_sub_r,r_ar_sup,s_k_sub,s_ns_sub,s_nsup_k,sub_r_r,t_k_sup,total_time
80,9,1.070008147507906e-05,1.0599964298307896e-05,1.0199961252510548e-05,6.5999338403344154e-06,0.0022672999184578657,5.400041118264198e-06,4.800036549568176e-06,9.699841029942036e-06,1.800013706088066e-06,0.017804300063289702,0.006012000027112663,0.005841900012455881,0.0016386000206694007,1.3699987903237343e-05,1.0600080713629723e-05,0.03364819998387247
