percentage,execution,ar_r_sub,k_s_sup,ks_sf_in,n_r_t,nk_k_sup,nrs_ns_r,ns_s_spe,ns_s_sup,ns_sub_r,r_ar_sup,s_k_sub,s_ns_sub,s_nsup_k,sub_r_r,t_k_sup,total_time
70,6,0.1455554999411106,0.01013349974527955,3.3599790185689926e-05,4.079984501004219e-05,0.03766199992969632,1.4299992471933365e-05,0.40631419979035854,0.02268249960616231,2.200249582529068e-06,0.05601839954033494,0.1435030996799469,0.22882780013605952,0.030852900352329016,0.02246819995343685,0.02565440023317933,1.129763398785144
