percentage,execution,ar_r_sub,k_s_sup,ks_sf_in,n_r_t,nk_k_sup,nrs_ns_r,ns_s_spe,ns_s_sup,ns_sub_r,r_ar_sup,s_k_sub,s_ns_sub,s_nsup_k,sub_r_r,t_k_sup,total_time
10,4,1.4599878340959549e-05,1.4200340956449509e-05,1.0600313544273376e-05,6.600283086299896e-06,0.0023738001473248005,8.800067007541656e-06,5.09992241859436e-06,1.0100193321704865e-05,1.80024653673172e-06,0.003331699874252081,0.006716399919241667,0.030846500303596258,0.001922300085425377,1.670047640800476e-05,1.490022987127304e-05,0.045294102281332016
