percentage,execution,ar_r_sub,k_s_sup,ks_sf_in,n_r_t,nk_k_sup,nrs_ns_r,ns_s_spe,ns_s_sup,ns_sub_r,r_ar_sup,s_k_sub,s_ns_sub,s_nsup_k,sub_r_r,t_k_sup,total_time
30,4,8.559995330870152e-05,0.0195913000497967,1.6900128684937954e-05,1.3599987141788006e-05,0.010084799956530333,1.379998866468668e-05,0.03352759999688715,0.01022449997253716,1.9000144675374031e-06,0.06346829992253333,0.02686770004220307,0.09598590002860874,0.008521800045855343,6.449990905821323e-05,0.05388979986310005,0.32235799985937774
