percentage,execution,ar_r_sub,k_s_sup,ks_sf_in,n_r_t,nk_k_sup,nrs_ns_r,ns_s_spe,ns_s_sup,ns_sub_r,r_ar_sup,s_k_sub,s_ns_sub,s_nsup_k,sub_r_r,t_k_sup,total_time
10,5,1.019984483718872e-05,1.0400079190731049e-05,9.799841791391373e-06,6.600283086299896e-06,0.00031160004436969757,6.6999346017837524e-06,4.800036549568176e-06,8.999835699796677e-06,1.700129359960556e-06,0.0066596996039152145,7.910002022981644e-05,7.740035653114319e-05,0.0002267998643219471,1.4399643987417221e-05,1.0000541806221008e-05,0.007438200060278177
