percentage,execution,ar_r_sub,k_s_sup,ks_sf_in,n_r_t,nk_k_sup,nrs_ns_r,ns_s_spe,ns_s_sup,ns_sub_r,r_ar_sup,s_k_sub,s_ns_sub,s_nsup_k,sub_r_r,t_k_sup,total_time
60,10,1.0699965059757233e-05,8.110003545880318e-05,9.900075383484364e-06,6.700051017105579e-06,0.0021024999441578984,5.999929271638393e-06,4.999921657145023e-06,1.0199961252510548e-05,1.9000144675374031e-06,0.009477800107561052,0.013857899932190776,0.02984209987334907,0.0017343000508844852,1.3699871487915516e-05,0.002695900038816035,0.059855699772015214
