percentage,execution,ar_r_sub,k_s_sup,ks_sf_in,n_r_t,nk_k_sup,nrs_ns_r,ns_s_spe,ns_s_sup,ns_sub_r,r_ar_sup,s_k_sub,s_ns_sub,s_nsup_k,sub_r_r,t_k_sup,total_time
80,6,0.0008683999767526984,0.0021365999709814787,2.2300053387880325e-05,1.4299992471933365e-05,0.01628880004864186,1.2599979527294636e-05,0.004500500042922795,9.709992446005344e-05,2.500019036233425e-06,0.11105559999123216,0.09746160008944571,0.15555200004018843,0.014602500014007092,5.370017606765032e-05,0.019784200005233288,0.42245270032435656
