percentage,execution,k_s_sup,s_k_sub,t_k_sup,ns_s_sup,s_ns_sub,r_ar_sup,ar_r_sub,ns_sub_r,ks_sf_in,sub_r_r,n_r_t,ns_s_spe,nk_k_sup,s_nsup_k,nrs_ns_r,total_time
60,3,1.3499986380338669e-05,0.008671400020830333,1.859990879893303e-05,1.2300093658268452e-05,0.022463100031018257,0.02829669986385852,0.00014020001981407404,2.100015990436077e-06,1.2899981811642647e-05,2.480007242411375e-05,8.599949069321156e-06,6.400048732757568e-06,0.005312700057402253,0.0035095999483019114,8.00006091594696e-06,0.06850090005900711
