percentage,execution,ar_r_sub,k_s_sup,ks_sf_in,n_r_t,nk_k_sup,nrs_ns_r,ns_s_spe,ns_s_sup,ns_sub_r,r_ar_sup,s_k_sub,s_ns_sub,s_nsup_k,sub_r_r,t_k_sup,total_time
10,6,9.600073099136353e-06,8.42004083096981e-05,9.899958968162537e-06,6.70040026307106e-06,0.00021689990535378456,6.5998174250125885e-06,6.6999346017837524e-06,1.0699965059757233e-05,1.7997808754444122e-06,8.29007476568222e-05,0.0011001997627317905,0.004418000113219023,0.00017770007252693176,1.3899989426136017e-05,0.0018522003665566444,0.007998001296073198
