percentage,execution,ar_r_sub,k_s_sup,ks_sf_in,n_r_t,nk_k_sup,nrs_ns_r,ns_s_spe,ns_s_sup,ns_sub_r,r_ar_sup,s_k_sub,s_ns_sub,s_nsup_k,sub_r_r,t_k_sup,total_time
10,5,1.109996810555458e-05,0.004359100013971329,1.0100193321704865e-05,6.6999346017837524e-06,5.899928510189056e-06,6.1998143792152405e-06,0.000994000118225813,7.889978587627411e-05,1.8998980522155762e-06,0.002963399514555931,8.030002936720848e-05,7.909955456852913e-05,5.09992241859436e-06,1.4400575309991837e-05,9.55001451075077e-05,0.008711699396371841
