percentage,execution,k_s_sup,s_k_sub,t_k_sup,ns_s_sup,s_ns_sub,r_ar_sup,ar_r_sub,ns_sub_r,ks_sf_in,sub_r_r,n_r_t,ns_s_spe,nk_k_sup,s_nsup_k,nrs_ns_r,total_time
90,4,8.260000322479755e-05,0.011843400003272109,0.011063999991165474,1.09999964479357e-05,0.017699899995932356,0.0038961000100243837,0.0012748000008286908,1.9999861251562834e-06,0.0007862000056775287,1.479999627918005e-05,6.50000583846122e-06,5.299996701069176e-06,0.002077499986626208,0.0017672999965725467,5.800000508315861e-06,0.05053719997522421
