percentage,execution,ar_r_sub,k_s_sup,ks_sf_in,n_r_t,nk_k_sup,nrs_ns_r,ns_s_spe,ns_s_sup,ns_sub_r,r_ar_sup,s_k_sub,s_ns_sub,s_nsup_k,sub_r_r,t_k_sup,total_time
30,1,0.011166300158947706,1.3399869203567505e-05,1.690024510025978e-05,9.499955922365189e-06,0.0025458000600337982,9.499955922365189e-06,6.299931555986404e-06,1.1599622666835785e-05,6.899703294038773e-06,0.019144699908792973,0.0034799999557435513,0.009069700259715319,0.0019356999546289444,0.0021081999875605106,1.3400334864854813e-05,0.049537899903953075
