percentage,execution,k_s_sup,s_k_sub,t_k_sup,ns_s_sup,s_ns_sub,r_ar_sup,ar_r_sub,ns_sub_r,ks_sf_in,sub_r_r,n_r_t,ns_s_spe,nk_k_sup,s_nsup_k,nrs_ns_r,total_time
80,9,0.014309900012449361,0.028378600007272325,0.05841549999604467,0.008418700017500669,0.050006300007225946,0.13636829999450129,0.00014529998588841408,2.1000014385208488e-06,1.7700003809295595e-05,6.269999721553177e-05,1.4500008546747267e-05,0.042828000005101785,0.013993100001243874,0.011581599988858216,9.60000033956021e-06,0.3645519000274362
