percentage,execution,ar_r_sub,k_s_sup,ks_sf_in,n_r_t,nk_k_sup,nrs_ns_r,ns_s_spe,ns_s_sup,ns_sub_r,r_ar_sup,s_k_sub,s_ns_sub,s_nsup_k,sub_r_r,t_k_sup,total_time
40,8,0.00014569994527846575,0.01724340009968728,1.7300015315413475e-05,1.379998866468668e-05,0.009318399941548705,1.3199984095990658e-05,0.04831069998908788,0.009646499995142221,2.100015990436077e-06,0.07377020001877099,0.016201299848034978,0.058579400065355,0.007712500053457916,6.62999227643013e-05,0.052790299989283085,0.29383109987247735
