percentage,execution,ar_r_sub,k_s_sup,ks_sf_in,n_r_t,nk_k_sup,nrs_ns_r,ns_s_spe,ns_s_sup,ns_sub_r,r_ar_sup,s_k_sub,s_ns_sub,s_nsup_k,sub_r_r,t_k_sup,total_time
60,3,0.001681300000200281,1.0000000656873453e-05,0.0008521999998265528,5.500000042957254e-06,0.0008103000000119209,5.4000001910026185e-06,4.600000465870835e-06,8.69999985297909e-06,1.8000000636675395e-06,1.049999991664663e-05,0.0016482000000905828,0.001597800000126881,0.0005555999996431638,1.160000010713702e-05,9.60000033956021e-06,0.007213100001536077
