percentage,execution,ar_r_sub,k_s_sup,ks_sf_in,n_r_t,nk_k_sup,nrs_ns_r,ns_s_spe,ns_s_sup,ns_sub_r,r_ar_sup,s_k_sub,s_ns_sub,s_nsup_k,sub_r_r,t_k_sup,total_time
70,8,0.020165099995210767,0.0003266000421717763,1.109996810555458e-05,7.6000578701496124e-06,0.0012697000056505203,0.0001354000996798277,0.003199900034815073,0.0009059000294655561,2.00001522898674e-06,0.0003228000132367015,0.004223400028422475,0.007357200025580823,0.001043400028720498,1.650000922381878e-05,0.007995899999514222,0.04698250035289675
