percentage,execution,ar_r_sub,k_s_sup,ks_sf_in,n_r_t,nk_k_sup,nrs_ns_r,ns_s_spe,ns_s_sup,ns_sub_r,r_ar_sup,s_k_sub,s_ns_sub,s_nsup_k,sub_r_r,t_k_sup,total_time
10,7,1.1600088328123093e-05,0.013482499867677689,1.1300202459096909e-05,1.00000761449337e-05,6.200280040502548e-06,7.4999406933784485e-06,0.004527399782091379,0.0010110996663570404,1.8994323909282684e-06,0.00937809981405735,0.00015020044520497322,0.00014670006930828094,5.8002769947052e-06,1.890026032924652e-05,0.00016980012878775597,0.028939000330865383
