percentage,execution,ar_r_sub,k_s_sup,ks_sf_in,n_r_t,nk_k_sup,nrs_ns_r,ns_s_spe,ns_s_sup,ns_sub_r,r_ar_sup,s_k_sub,s_ns_sub,s_nsup_k,sub_r_r,t_k_sup,total_time
20,10,0.00014060000012250384,1.630000042496249e-05,1.4000001101521775e-05,1.0500000826141331e-05,0.0052119000001766835,1.2200000128359534e-05,7.199999345175456e-06,1.3900000340072438e-05,1.8000000636675395e-06,0.03671329999997397,0.004027899999528017,0.0161908999998559,0.003965900000366673,4.529999932856299e-05,1.6600000890321098e-05,0.06638830000247253
