percentage,execution,ar_r_sub,k_s_sup,ks_sf_in,n_r_t,nk_k_sup,nrs_ns_r,ns_s_spe,ns_s_sup,ns_sub_r,r_ar_sup,s_k_sub,s_ns_sub,s_nsup_k,sub_r_r,t_k_sup,total_time
90,10,0.006017699372023344,0.0011023995466530323,1.0499730706214905e-05,6.200280040502548e-06,0.0010249996557831764,5.700159817934036e-06,0.0007450003176927567,8.340040221810341e-05,1.7997808754444122e-06,0.001066600438207388,0.005396599881350994,0.008525699842721224,0.0008951001800596714,0.0011555003002285957,0.0049158004112541676,0.03095300029963255
