percentage,execution,ar_r_sub,k_s_sup,ks_sf_in,n_r_t,nk_k_sup,nrs_ns_r,ns_s_spe,ns_s_sup,ns_sub_r,r_ar_sup,s_k_sub,s_ns_sub,s_nsup_k,sub_r_r,t_k_sup,total_time
30,2,1.1399970389902592e-05,0.01711430004797876,1.0399962775409222e-05,6.600050255656242e-06,6.3999323174357414e-06,6.09993003308773e-06,0.0038409000262618065,0.0017016000347211957,1.800013706088066e-06,0.013138400041498244,0.0003823001170530915,0.0003814001102000475,5.200039595365524e-06,1.6400008462369442e-05,0.0004206998273730278,0.037043900112621486
