percentage,execution,ar_r_sub,k_s_sup,ks_sf_in,n_r_t,nk_k_sup,nrs_ns_r,ns_s_spe,ns_s_sup,ns_sub_r,r_ar_sup,s_k_sub,s_ns_sub,s_nsup_k,sub_r_r,t_k_sup,total_time
70,7,0.015850899973884225,0.0002693000715225935,1.379998866468668e-05,8.09994526207447e-06,0.0009677999187260866,6.299931555986404e-06,0.0034606000408530235,0.0016428999369964004,2.00001522898674e-06,0.0002559999702498317,0.00331880000885576,0.0036376999923959374,0.000800000037997961,1.6300007700920105e-05,0.006215799949131906,0.03646629978902638
