percentage,execution,k_s_sup,s_k_sub,t_k_sup,ns_s_sup,s_ns_sub,r_ar_sup,ar_r_sub,ns_sub_r,ks_sf_in,sub_r_r,n_r_t,ns_s_spe,nk_k_sup,s_nsup_k,nrs_ns_r,total_time
80,9,8.280000474769622e-05,0.01370419999875594,0.0026652999949874356,1.0500007192604244e-05,0.0201736000017263,0.014293000000179745,1.1199997970834374e-05,1.9999861251562834e-06,9.799987310543656e-06,1.4199991710484028e-05,9.700001101009548e-06,5.099995178170502e-06,0.0020472000032896176,0.0017223000031663105,5.699999746866524e-06,0.05475659997318871
