percentage,execution,ar_r_sub,k_s_sup,ks_sf_in,n_r_t,nk_k_sup,nrs_ns_r,ns_s_spe,ns_s_sup,ns_sub_r,r_ar_sup,s_k_sub,s_ns_sub,s_nsup_k,sub_r_r,t_k_sup,total_time
10,4,0.00032750004902482033,1.5200115740299225e-05,1.3499986380338669e-05,1.0299962013959885e-05,0.0018891002982854843,1.2299977242946625e-05,6.5998174250125885e-06,1.2699980288743973e-05,1.7997808754444122e-06,0.006685200147330761,0.00038240011781454086,0.0003691003657877445,0.0013303998857736588,4.33996319770813e-05,1.4500226825475693e-05,0.011114000342786312
