percentage,execution,k_s_sup,s_k_sub,t_k_sup,ns_s_sup,s_ns_sub,r_ar_sup,ar_r_sub,ns_sub_r,ks_sf_in,sub_r_r,n_r_t,ns_s_spe,nk_k_sup,s_nsup_k,nrs_ns_r,total_time
60,6,0.00408479999168776,0.0682018999941647,0.015958700008923188,8.419998630415648e-05,0.13824500000919215,0.07861479998973664,0.0005575999966822565,2.2000021999701858e-06,1.5700003132224083e-05,4.359999729786068e-05,1.170000177808106e-05,0.003890600011800416,0.013861700004781596,0.012422300002072006,2.890000178012997e-05,0.33602370000153314
