percentage,execution,ar_r_sub,k_s_sup,ks_sf_in,n_r_t,nk_k_sup,nrs_ns_r,ns_s_spe,ns_s_sup,ns_sub_r,r_ar_sup,s_k_sub,s_ns_sub,s_nsup_k,sub_r_r,t_k_sup,total_time
20,9,1.1799999811046291e-05,0.010745700000370562,1.0900000233959872e-05,6.8999997893115506e-06,7.300000106624793e-06,7.099999493220821e-06,0.002881399999751011,0.0009559000000081141,1.7999991541728377e-06,0.008700299999873096,0.000262999999904423,0.000268300000243471,5.500000042957254e-06,1.82999992830446e-05,0.0002936999999292311,0.024177899997994245
