percentage,execution,ar_r_sub,k_s_sup,ks_sf_in,n_r_t,nk_k_sup,nrs_ns_r,ns_s_spe,ns_s_sup,ns_sub_r,r_ar_sup,s_k_sub,s_ns_sub,s_nsup_k,sub_r_r,t_k_sup,total_time
10,7,0.000139500480145216,8.689984679222107e-05,1.2400094419717789e-05,8.400063961744308e-06,0.005708400160074234,1.859990879893303e-05,6.299931555986404e-06,1.600012183189392e-05,2.1997839212417603e-06,8.680019527673721e-05,0.031647800002247095,0.13101249979808927,0.004954600241035223,2.4600420147180557e-05,0.013154199812561274,0.18687920086085796
