percentage,execution,ar_r_sub,k_s_sup,ks_sf_in,n_r_t,nk_k_sup,nrs_ns_r,ns_s_spe,ns_s_sup,ns_sub_r,r_ar_sup,s_k_sub,s_ns_sub,s_nsup_k,sub_r_r,t_k_sup,total_time
60,2,8.470000011584489e-05,7.639999967068434e-05,0.00023810000038793078,5.500000042957254e-06,0.0007811999994373764,6.099999154685065e-06,5.199999577598646e-06,9.300000783696305e-06,1.8000009731622413e-06,0.0009587999993527774,0.004995799999960582,0.011579900000469934,0.0005575000004682806,1.959999917744426e-05,0.0019114000006084098,0.021231300000181363
