percentage,execution,ar_r_sub,k_s_sup,ks_sf_in,n_r_t,nk_k_sup,nrs_ns_r,ns_s_spe,ns_s_sup,ns_sub_r,r_ar_sup,s_k_sub,s_ns_sub,s_nsup_k,sub_r_r,t_k_sup,total_time
20,5,7.119999918359099e-05,9.800000952964183e-06,0.00024990000019897707,5.199999577598646e-06,0.0002426999999443069,5.399999281507917e-06,4.399999852466863e-06,8.400000297115184e-06,1.8000000636675395e-06,8.900000466383062e-06,7.569999979750719e-05,7.280000045284396e-05,0.0001712000002953573,1.1599999197642319e-05,9.100000170292333e-06,0.0009480999997322215
