percentage,execution,ar_r_sub,k_s_sup,ks_sf_in,n_r_t,nk_k_sup,nrs_ns_r,ns_s_spe,ns_s_sup,ns_sub_r,r_ar_sup,s_k_sub,s_ns_sub,s_nsup_k,sub_r_r,t_k_sup,total_time
20,6,8.240016177296638e-05,1.309998333454132e-05,1.1899974197149277e-05,8.699949830770493e-06,0.0018493998795747757,9.599607437849045e-06,5.899928510189056e-06,1.1600088328123093e-05,1.700129359960556e-06,0.014552599750459194,0.0020958995446562767,0.008349699899554253,0.0012881001457571983,2.5499612092971802e-05,1.3399869203567505e-05,0.028319498524069786
