percentage,execution,k_s_sup,s_k_sub,t_k_sup,ns_s_sup,s_ns_sub,r_ar_sup,ar_r_sub,ns_sub_r,ks_sf_in,sub_r_r,n_r_t,ns_s_spe,nk_k_sup,s_nsup_k,nrs_ns_r,total_time
20,5,1.2599979527294636e-05,0.004887399962171912,1.3599987141788006e-05,1.7499900422990322e-05,0.01766680006403476,0.010376800084486604,0.006746700033545494,2.100015990436077e-06,1.2399978004395962e-05,0.0012456999393180013,8.299946784973145e-06,5.999929271638393e-06,0.0024039000272750854,0.0017201999435201287,9.500072337687016e-06,0.04512949986383319
