percentage,execution,k_s_sup,s_k_sub,t_k_sup,ns_s_sup,s_ns_sub,r_ar_sup,ar_r_sub,ns_sub_r,ks_sf_in,sub_r_r,n_r_t,ns_s_spe,nk_k_sup,s_nsup_k,nrs_ns_r,total_time
30,5,1.0899995686486363e-05,0.002325199995539151,1.0599993402138352e-05,9.700001101009548e-06,0.008461900011752732,0.004593699995893985,1.0399991879239678e-05,1.7999991541728377e-06,9.99998883344233e-06,1.4999997802078724e-05,6.600006599910557e-06,4.999994416721165e-06,0.0015333000046666712,0.0011378999915905297,6.89999433234334e-06,0.018138899962650612
