percentage,execution,ar_r_sub,k_s_sup,ks_sf_in,n_r_t,nk_k_sup,nrs_ns_r,ns_s_spe,ns_s_sup,ns_sub_r,r_ar_sup,s_k_sub,s_ns_sub,s_nsup_k,sub_r_r,t_k_sup,total_time
20,4,1.009996049106121e-05,1.0100076906383038e-05,9.599956683814526e-06,6.700051017105579e-06,0.0009194000158458948,6.6999346017837524e-06,4.600035026669502e-06,9.300070814788342e-06,2.00001522898674e-06,0.002994099981151521,0.0018350000027567148,0.008077999926172197,0.000645300024189055,1.3899989426136017e-05,1.0699848644435406e-05,0.014555499888956547
