percentage,execution,ar_r_sub,k_s_sup,ks_sf_in,n_r_t,nk_k_sup,nrs_ns_r,ns_s_spe,ns_s_sup,ns_sub_r,r_ar_sup,s_k_sub,s_ns_sub,s_nsup_k,sub_r_r,t_k_sup,total_time
20,2,0.03585899999961839,2.860000040527666e-05,2.5299998924310785e-05,3.780000042752363e-05,0.0124881000001551,2.2700000045006163e-05,0.1492964999997639,0.01594699999986915,2.0000006770715117e-06,0.044776099999580765,0.01007729999946605,0.03687739999986661,0.009430899999642861,0.006987600000684324,2.8899999961140566e-05,0.3218851999990875
