percentage,execution,k_s_sup,s_k_sub,t_k_sup,ns_s_sup,s_ns_sub,r_ar_sup,ar_r_sub,ns_sub_r,ks_sf_in,sub_r_r,n_r_t,ns_s_spe,nk_k_sup,s_nsup_k,nrs_ns_r,total_time
20,6,0.013357799994992092,0.00031319999834522605,0.0003473999968264252,0.0008760000055190176,0.00035400000342633575,0.010801999989780597,1.1500000255182385e-05,1.6999983927235007e-06,1.069999416358769e-05,1.889999839477241e-05,7.399998139590025e-06,0.003278899996075779,6.699992809444666e-06,5.599998985417187e-06,6.999995093792677e-06,0.029398799961199984
