percentage,execution,ar_r_sub,k_s_sup,ks_sf_in,n_r_t,nk_k_sup,nrs_ns_r,ns_s_spe,ns_s_sup,ns_sub_r,r_ar_sup,s_k_sub,s_ns_sub,s_nsup_k,sub_r_r,t_k_sup,total_time
40,10,0.00019720010459423065,0.00026219990104436874,1.0599847882986069e-05,7.899943739175797e-06,0.0011992002837359905,7.0999376475811005e-06,0.0023447000421583652,0.003583600278943777,1.7997808754444122e-06,0.0002627996727824211,0.0038097999058663845,0.0162879996933043,0.0009683999232947826,1.6499776393175125e-05,0.006728499662131071,0.035688298754394054
