percentage,execution,k_s_sup,s_k_sub,t_k_sup,ns_s_sup,s_ns_sub,r_ar_sup,ar_r_sub,ns_sub_r,ks_sf_in,sub_r_r,n_r_t,ns_s_spe,nk_k_sup,s_nsup_k,nrs_ns_r,total_time
55,4,0.013668399886228144,0.03049129992723465,0.07516910007689148,0.010644800029695034,0.08265610004309565,0.10834320005960763,0.00015169987455010414,2.200016751885414e-06,1.9499915651977062e-05,6.720004603266716e-05,1.5199999324977398e-05,0.033788500004448,0.013422899995930493,0.01099199999589473,1.279998105019331e-05,0.3794448998523876
