percentage,execution,ar_r_sub,k_s_sup,ks_sf_in,n_r_t,nk_k_sup,nrs_ns_r,ns_s_spe,ns_s_sup,ns_sub_r,r_ar_sup,s_k_sub,s_ns_sub,s_nsup_k,sub_r_r,t_k_sup,total_time
60,6,1.1499971151351929e-05,1.0999967344105244e-05,1.0500079952180386e-05,6.299931555986404e-06,0.0029568999307230115,6.500049494206905e-06,5.400041118264198e-06,1.0200077667832375e-05,2.300017513334751e-06,0.014454099931754172,0.006250699982047081,0.01884309994056821,0.002168400096707046,1.7799902707338333e-05,1.109996810555458e-05,0.044765799888409674
