percentage,execution,ar_r_sub,k_s_sup,ks_sf_in,n_r_t,nk_k_sup,nrs_ns_r,ns_s_spe,ns_s_sup,ns_sub_r,r_ar_sup,s_k_sub,s_ns_sub,s_nsup_k,sub_r_r,t_k_sup,total_time
40,2,0.0001326000001427019,0.00010060000022349413,9.800000043469481e-06,6.299999768089037e-06,0.0008040999991862918,6.8999997893115506e-06,0.0008499000005031121,7.699999969190685e-05,1.5999994502635673e-06,0.00014259999989008065,0.0012427000001480337,0.004537399999207992,0.0005344999999579159,1.2999999853491317e-05,0.001756000000568747,0.0102149999984249
