percentage,execution,k_s_sup,s_k_sub,t_k_sup,ns_s_sup,s_ns_sub,r_ar_sup,ar_r_sub,ns_sub_r,ks_sf_in,sub_r_r,n_r_t,ns_s_spe,nk_k_sup,s_nsup_k,nrs_ns_r,total_time
40,7,0.021308099996531382,0.000709100000676699,0.0005482999986270443,0.0011384999961592257,0.0004944999964209273,0.017158400019980036,1.1900003300979733e-05,1.8999853637069464e-06,1.0899995686486363e-05,1.7600003047846258e-05,1.0799994925037026e-05,0.004398300006869249,6.89999433234334e-06,5.89998671784997e-06,6.400005077011883e-06,0.045827499983715825
