percentage,execution,ar_r_sub,k_s_sup,ks_sf_in,n_r_t,nk_k_sup,nrs_ns_r,ns_s_spe,ns_s_sup,ns_sub_r,r_ar_sup,s_k_sub,s_ns_sub,s_nsup_k,sub_r_r,t_k_sup,total_time
40,9,0.010059499999442778,7.900000036897836e-05,1.0000000656873453e-05,5.500000042957254e-06,0.0007959999993545352,5.200000487093348e-06,4.399999852466863e-06,9.40000063565094e-06,1.8000000636675395e-06,7.560000085504726e-05,0.005508399999598623,0.014659000000392552,0.0006848000002719346,0.00199849999989965,0.0009712999999464955,0.034868400001869304
