percentage,execution,k_s_sup,s_k_sub,t_k_sup,ns_s_sup,s_ns_sub,r_ar_sup,ar_r_sub,ns_sub_r,ks_sf_in,sub_r_r,n_r_t,ns_s_spe,nk_k_sup,s_nsup_k,nrs_ns_r,total_time
30,9,0.01471470000979025,0.020320499999797903,0.0285843999881763,0.0032983999990392476,0.06373850000090897,0.07028559998434503,1.719998545013368e-05,2.3000029614195228e-06,1.6699996194802225e-05,6.560000474564731e-05,1.3800003216601908e-05,0.022245400003157556,0.008631999997305684,0.006997200005571358,1.3900003978051245e-05,0.23894619998463895
