percentage,execution,k_s_sup,s_k_sub,t_k_sup,ns_s_sup,s_ns_sub,r_ar_sup,ar_r_sub,ns_sub_r,ks_sf_in,sub_r_r,n_r_t,ns_s_spe,nk_k_sup,s_nsup_k,nrs_ns_r,total_time
15,3,0.04555779998190701,0.08834109990857542,0.05936600000131875,0.026240099919959903,0.2571195000782609,0.12492219998966902,0.08317719993647188,2.300017513334751e-06,0.003823400125838816,0.005544999963603914,8.930009789764881e-05,1.1561025000410154,0.03701900003943592,0.028986799996346235,0.0011953000212088227,1.917487500119023
