percentage,execution,ar_r_sub,k_s_sup,ks_sf_in,n_r_t,nk_k_sup,nrs_ns_r,ns_s_spe,ns_s_sup,ns_sub_r,r_ar_sup,s_k_sub,s_ns_sub,s_nsup_k,sub_r_r,t_k_sup,total_time
10,2,1.2299977242946625e-05,1.2199976481497288e-05,1.1500087566673756e-05,1.2600095942616463e-05,0.000771300052292645,9.400071576237679e-06,9.70007386058569e-06,1.5299883671104908e-05,1.8998980522155762e-06,0.009496599901467562,0.00021089997608214617,0.00021540001034736633,0.0005981998983770609,2.4999957531690598e-05,1.2200092896819115e-05,0.011414499953389168
