percentage,execution,k_s_sup,s_k_sub,t_k_sup,ns_s_sup,s_ns_sub,r_ar_sup,ar_r_sub,ns_sub_r,ks_sf_in,sub_r_r,n_r_t,ns_s_spe,nk_k_sup,s_nsup_k,nrs_ns_r,total_time
10,8,1.2199991033412516e-05,0.00020480000239331275,1.170000177808106e-05,1.0200004908256233e-05,0.00019309998606331646,0.0061597000021720305,1.1500000255182385e-05,1.8999999156221747e-06,1.1099997209385037e-05,2.4299995857290924e-05,2.6900001103058457e-05,5.399997462518513e-06,0.0006006000039633363,0.00040049999370239675,9.099996532313526e-06,0.007682999974349514
