percentage,execution,ar_r_sub,k_s_sup,ks_sf_in,n_r_t,nk_k_sup,nrs_ns_r,ns_s_spe,ns_s_sup,ns_sub_r,r_ar_sup,s_k_sub,s_ns_sub,s_nsup_k,sub_r_r,t_k_sup,total_time
20,2,0.00015670002903789282,0.005572799942456186,1.6099889762699604e-05,1.1699972674250603e-05,0.015079600038006902,1.4599994756281376e-05,0.004123799968510866,9.719992522150278e-05,2.200016751885414e-06,0.03158939990680665,0.08639519999269396,0.28414679993875325,0.01358040003105998,4.75000124424696e-05,0.01812030002474785,0.4589542996836826
