percentage,execution,k_s_sup,s_k_sub,t_k_sup,ns_s_sup,s_ns_sub,r_ar_sup,ar_r_sub,ns_sub_r,ks_sf_in,sub_r_r,n_r_t,ns_s_spe,nk_k_sup,s_nsup_k,nrs_ns_r,total_time
50,3,0.006572499987669289,0.11953739996533841,0.01467069995123893,0.017663400038145483,0.24883999989833683,0.041767299990169704,0.09777899994514883,2.900022082030773e-06,2.820009831339121e-05,0.013627900159917772,4.079996142536402e-05,0.28668569994624704,0.03537880000658333,0.02935349999461323,2.150004729628563e-05,0.9119696000125259
