percentage,execution,ar_r_sub,k_s_sup,ks_sf_in,n_r_t,nk_k_sup,nrs_ns_r,ns_s_spe,ns_s_sup,ns_sub_r,r_ar_sup,s_k_sub,s_ns_sub,s_nsup_k,sub_r_r,t_k_sup,total_time
30,1,8.369993884116411e-05,1.279998105019331e-05,1.2199976481497288e-05,8.00006091594696e-06,0.0029143999563530087,1.0399962775409222e-05,5.900044925510883e-06,1.1199968867003918e-05,2.00001522898674e-06,0.020836899988353252,0.002763899974524975,0.009069200023077428,0.002020500018261373,2.550007775425911e-05,1.3100099749863148e-05,0.03778970008715987
