percentage,execution,ar_r_sub,k_s_sup,ks_sf_in,n_r_t,nk_k_sup,nrs_ns_r,ns_s_spe,ns_s_sup,ns_sub_r,r_ar_sup,s_k_sub,s_ns_sub,s_nsup_k,sub_r_r,t_k_sup,total_time
20,2,9.499955922365189e-06,8.070014882832766e-05,9.699957445263863e-06,6.800051778554916e-06,0.0019762000301852822,7.00005330145359e-06,4.700035788118839e-06,1.3800105080008507e-05,1.800013706088066e-06,0.00014340004418045282,0.011497800005599856,0.04389850003644824,0.001699900021776557,1.3900105841457844e-05,0.0026865999680012465,0.062050300533883274
