percentage,execution,ar_r_sub,k_s_sup,ks_sf_in,n_r_t,nk_k_sup,nrs_ns_r,ns_s_spe,ns_s_sup,ns_sub_r,r_ar_sup,s_k_sub,s_ns_sub,s_nsup_k,sub_r_r,t_k_sup,total_time
60,6,0.007075999999869964,1.4400000509340316e-05,1.3500000022759195e-05,8.600000001024455e-06,0.005366000000321947,7.999999979801942e-06,6.499999471998308e-06,1.2399999832268804e-05,1.8999999156221747e-06,0.02558859999953711,0.010493899999346468,0.026804800000718387,0.0038254999999480788,0.0013287000001582783,1.4199998986441642e-05,0.08056299999861949
