percentage,execution,k_s_sup,s_k_sub,t_k_sup,ns_s_sup,s_ns_sub,r_ar_sup,ar_r_sub,ns_sub_r,ks_sf_in,sub_r_r,n_r_t,ns_s_spe,nk_k_sup,s_nsup_k,nrs_ns_r,total_time
5,3,0.004300700034946203,7.880013436079025e-05,0.00010099995415657759,7.559999357908964e-05,7.740000728517771e-05,0.002781099989078939,1.1499971151351929e-05,1.9000144675374031e-06,1.0899966582655907e-05,2.2399937734007835e-05,8.400063961744308e-06,0.0019207000732421875,6.3999323174357414e-06,5.400041118264198e-06,7.999944500625134e-06,0.009410200058482587
