percentage,execution,ar_r_sub,k_s_sup,ks_sf_in,n_r_t,nk_k_sup,nrs_ns_r,ns_s_spe,ns_s_sup,ns_sub_r,r_ar_sup,s_k_sub,s_ns_sub,s_nsup_k,sub_r_r,t_k_sup,total_time
20,10,0.01624150003772229,1.2999982573091984e-05,1.570011954754591e-05,8.499948307871819e-06,0.0035204000305384398,2.8199981898069382e-05,6.199930794537067e-06,1.200009137392044e-05,2.200016751885414e-06,0.0061144999926909804,0.00982020003721118,0.04296360001899302,0.00258969992864877,0.0030805999413132668,1.389987301081419e-05,0.08443019993137568
