percentage,execution,ar_r_sub,k_s_sup,ks_sf_in,n_r_t,nk_k_sup,nrs_ns_r,ns_s_spe,ns_s_sup,ns_sub_r,r_ar_sup,s_k_sub,s_ns_sub,s_nsup_k,sub_r_r,t_k_sup,total_time
90,3,7.81001290306449e-05,8.509994950145483e-05,1.0499847121536732e-05,6.3999323174357414e-06,0.0025782999582588673,5.500041879713535e-06,5.200039595365524e-06,1.0999850928783417e-05,1.6998965293169022e-06,0.015183399897068739,0.019097700132988393,0.022278100019320846,0.0023295999271795154,1.810002140700817e-05,0.008502900134772062,0.07019159977789968
