percentage,execution,ar_r_sub,k_s_sup,ks_sf_in,n_r_t,nk_k_sup,nrs_ns_r,ns_s_spe,ns_s_sup,ns_sub_r,r_ar_sup,s_k_sub,s_ns_sub,s_nsup_k,sub_r_r,t_k_sup,total_time
60,2,0.0001463000662624836,0.013056700001470745,1.8099904991686344e-05,1.4599994756281376e-05,0.012249100022017956,1.3500102795660496e-05,0.040117699885740876,0.006272500031627715,1.9000144675374031e-06,0.10881219990551472,0.024931199965067208,0.052571300067938864,0.010326400049962103,8.300004992634058e-05,0.04729439993388951,0.3159088999964297
