percentage,execution,ar_r_sub,k_s_sup,ks_sf_in,n_r_t,nk_k_sup,nrs_ns_r,ns_s_spe,ns_s_sup,ns_sub_r,r_ar_sup,s_k_sub,s_ns_sub,s_nsup_k,sub_r_r,t_k_sup,total_time
40,6,0.0001922999999806052,0.00026189999971393263,1.0799999472510535e-05,7.999999979801942e-06,0.0007540999995399034,6.999999641266186e-06,5.100000635138713e-06,1.1300000551273115e-05,2.099999619531445e-06,0.0002580999989731936,0.0035659999994095415,0.006550000000061118,0.0006365999997797189,1.6400000276917126e-05,0.006670900000244728,0.01895059999787918
