percentage,execution,ar_r_sub,k_s_sup,ks_sf_in,n_r_t,nk_k_sup,nrs_ns_r,ns_s_spe,ns_s_sup,ns_sub_r,r_ar_sup,s_k_sub,s_ns_sub,s_nsup_k,sub_r_r,t_k_sup,total_time
30,2,8.120015263557434e-05,1.3199634850025177e-05,1.2299977242946625e-05,8.599832653999329e-06,0.002579800318926573,9.000301361083984e-06,6.00004568696022e-06,1.180032268166542e-05,1.7997808754444122e-06,0.020666399970650673,0.005414300132542849,0.011431400198489428,0.0018595997244119644,2.5499612092971802e-05,1.3499520719051361e-05,0.04213439952582121
