percentage,execution,ar_r_sub,k_s_sup,ks_sf_in,n_r_t,nk_k_sup,nrs_ns_r,ns_s_spe,ns_s_sup,ns_sub_r,r_ar_sup,s_k_sub,s_ns_sub,s_nsup_k,sub_r_r,t_k_sup,total_time
10,5,9.899958968162537e-06,8.470006287097931e-05,1.0100193321704865e-05,6.00004568696022e-06,0.0017797998152673244,7.0999376475811005e-06,4.999805241823196e-06,1.0400079190731049e-05,2.00001522898674e-06,7.940037176012993e-05,0.010345099959522486,0.04348980030044913,0.0015040002763271332,1.3399869203567505e-05,0.0038224002346396446,0.06116910092532635
