percentage,execution,k_s_sup,s_k_sub,t_k_sup,ns_s_sup,s_ns_sub,r_ar_sup,ar_r_sub,ns_sub_r,ks_sf_in,sub_r_r,n_r_t,ns_s_spe,nk_k_sup,s_nsup_k,nrs_ns_r,total_time
10,5,0.00898810000217054,0.00014119998377282172,0.0001601999974809587,0.0009036999981617555,0.00013859999307896942,0.006429899993236177,1.0899995686486363e-05,1.7999846022576094e-06,1.0299991117790341e-05,1.7000013031065464e-05,6.999995093792677e-06,0.0026459000073373318,6.099988240748644e-06,5.299996701069176e-06,6.700007361359894e-06,0.019472699947073124
