percentage,execution,ar_r_sub,k_s_sup,ks_sf_in,n_r_t,nk_k_sup,nrs_ns_r,ns_s_spe,ns_s_sup,ns_sub_r,r_ar_sup,s_k_sub,s_ns_sub,s_nsup_k,sub_r_r,t_k_sup,total_time
40,1,0.00020409980788826942,8.659996092319489e-05,1.00000761449337e-05,6.6999346017837524e-06,0.0009492998942732811,6.5998174250125885e-06,4.800036549568176e-06,1.3999640941619873e-05,1.900363713502884e-06,8.249981328845024e-05,0.003358100075274706,0.006562199909240007,0.0007759998552501202,1.3000331819057465e-05,0.0018152003176510334,0.013890999834984541
