percentage,execution,k_s_sup,s_k_sub,t_k_sup,ns_s_sup,s_ns_sub,r_ar_sup,ar_r_sub,ns_sub_r,ks_sf_in,sub_r_r,n_r_t,ns_s_spe,nk_k_sup,s_nsup_k,nrs_ns_r,total_time
20,8,1.1199997970834374e-05,0.004332600001362152,1.1600001016631722e-05,9.60000033956021e-06,0.020694799997727387,0.002358300000196323,8.420000085607171e-05,2.6000052457675338e-06,1.0899995686486363e-05,1.410000550094992e-05,6.599992047995329e-06,5.2000104915350676e-06,0.0016229000029852614,0.0011497999948915094,7.000009645707905e-06,0.030321400015964173
