percentage,execution,ar_r_sub,k_s_sup,ks_sf_in,n_r_t,nk_k_sup,nrs_ns_r,ns_s_spe,ns_s_sup,ns_sub_r,r_ar_sup,s_k_sub,s_ns_sub,s_nsup_k,sub_r_r,t_k_sup,total_time
80,2,1.9099999917671084e-05,0.00011159999939991394,1.2399999832268804e-05,7.999999979801942e-06,0.0022092999997767038,7.699999514443334e-06,5.7999995988211595e-06,1.3099999705445953e-05,2.5000008463393897e-06,0.017305900000792462,0.013963599999442522,0.017201800000293588,0.0020239999994373647,1.7600000319362152e-05,0.003188399999999092,0.0560907999988558
