percentage,execution,k_s_sup,s_k_sub,t_k_sup,ns_s_sup,s_ns_sub,r_ar_sup,ar_r_sub,ns_sub_r,ks_sf_in,sub_r_r,n_r_t,ns_s_spe,nk_k_sup,s_nsup_k,nrs_ns_r,total_time
40,9,3.069998638238758e-05,0.07146259999717586,3.270000161137432e-05,0.010663000008207746,0.17391830000269692,0.024152699988917448,0.16782409998995718,2.1000014385208488e-06,3.069998638238758e-05,0.027672299984260462,3.980001201853156e-05,0.2306246999942232,0.03409339999780059,0.02669860000605695,1.920000067912042e-05,0.7672648999578087
