percentage,execution,k_s_sup,s_k_sub,t_k_sup,ns_s_sup,s_ns_sub,r_ar_sup,ar_r_sub,ns_sub_r,ks_sf_in,sub_r_r,n_r_t,ns_s_spe,nk_k_sup,s_nsup_k,nrs_ns_r,total_time
10,1,0.0038939999940339476,0.006129999994300306,0.003232700008084066,7.37000082153827e-05,0.0260236000031,0.0026811000134330243,9.700015652924776e-06,1.6999838408082724e-06,9.099996532313526e-06,1.270000939257443e-05,5.800000508315861e-06,0.0008282000053441152,0.001305600002524443,0.0011689000093610957,6.50000583846122e-06,0.04538330005016178
