percentage,execution,ar_r_sub,k_s_sup,ks_sf_in,n_r_t,nk_k_sup,nrs_ns_r,ns_s_spe,ns_s_sup,ns_sub_r,r_ar_sup,s_k_sub,s_ns_sub,s_nsup_k,sub_r_r,t_k_sup,total_time
40,6,2.9299999368959107e-05,1.0800000382005237e-05,1.0099999599333387e-05,6.50000038149301e-06,0.0017358000004605856,6.100000064179767e-06,4.70000031782547e-06,9.60000033956021e-06,1.7999991541728377e-06,0.01543379999930039,0.0034157000000050175,0.009701399999357818,0.0012980999999854248,1.5500000699830707e-05,1.1099999937869143e-05,0.031690299999354465
