percentage,execution,ar_r_sub,k_s_sup,ks_sf_in,n_r_t,nk_k_sup,nrs_ns_r,ns_s_spe,ns_s_sup,ns_sub_r,r_ar_sup,s_k_sub,s_ns_sub,s_nsup_k,sub_r_r,t_k_sup,total_time
50,2,0.0005000000819563866,0.0009229000424966216,1.570011954754591e-05,1.179997343569994e-05,0.013250299962237477,1.0899966582655907e-05,0.003980099922046065,7.859990000724792e-05,2.00001522898674e-06,0.05728690011892468,0.03003680007532239,0.07124650001060218,0.009976500063203275,4.360009916126728e-05,9.850005153566599e-05,0.18746110040228814
