percentage,execution,k_s_sup,s_k_sub,t_k_sup,ns_s_sup,s_ns_sub,r_ar_sup,ar_r_sub,ns_sub_r,ks_sf_in,sub_r_r,n_r_t,ns_s_spe,nk_k_sup,s_nsup_k,nrs_ns_r,total_time
20,7,1.0900010238401592e-05,0.00020009999570902437,1.069999416358769e-05,9.499999578110874e-06,0.00020969999604858458,0.00510339999163989,0.00013930001296103,2.0000006770715117e-06,1.270000939257443e-05,1.5099998563528061e-05,6.400005077011883e-06,4.899993655271828e-06,0.0006498000002466142,0.0004440000047907233,6.900008884258568e-06,0.006825400021625683
