percentage,execution,ar_r_sub,k_s_sup,ks_sf_in,n_r_t,nk_k_sup,nrs_ns_r,ns_s_spe,ns_s_sup,ns_sub_r,r_ar_sup,s_k_sub,s_ns_sub,s_nsup_k,sub_r_r,t_k_sup,total_time
60,3,1.06999996205559e-05,7.660000119358301e-05,1.0100000508828089e-05,6.399999620043673e-06,0.0018509999999878346,6.000000212225132e-06,4.800000169780105e-06,9.800000952964183e-06,1.700001121207606e-06,0.009358799999972689,0.011380699999790522,0.023591699999997218,0.0016088000002127956,1.3999999282532372e-05,0.002657099999851198,0.05058820000249398
