percentage,execution,k_s_sup,s_k_sub,t_k_sup,ns_s_sup,s_ns_sub,r_ar_sup,ar_r_sub,ns_sub_r,ks_sf_in,sub_r_r,n_r_t,ns_s_spe,nk_k_sup,s_nsup_k,nrs_ns_r,total_time
40,3,8.189999789465219e-05,0.012645599999814294,0.01139129999501165,1.0500007192604244e-05,0.04362929998023901,0.0008944000001065433,0.005293599984725006,1.8999999156221747e-06,0.00029159999394323677,1.550000160932541e-05,6.700007361359894e-06,5.1000097300857306e-06,0.002214099993580021,0.001812600006815046,0.000115999995614402,0.07841009997355286
