percentage,execution,k_s_sup,s_k_sub,t_k_sup,ns_s_sup,s_ns_sub,r_ar_sup,ar_r_sub,ns_sub_r,ks_sf_in,sub_r_r,n_r_t,ns_s_spe,nk_k_sup,s_nsup_k,nrs_ns_r,total_time
45,4,0.0010334999533370137,0.03242930001579225,9.430001955479383e-05,8.049991447478533e-05,0.0912749000126496,0.05005350010469556,0.000363500090315938,2.09989957511425e-06,1.5799887478351593e-05,4.329998046159744e-05,1.1499971151351929e-05,0.004004599992185831,0.014070600038394332,0.010412000003270805,1.109996810555458e-05,0.20390049985144287
