percentage,execution,ar_r_sub,k_s_sup,ks_sf_in,n_r_t,nk_k_sup,nrs_ns_r,ns_s_spe,ns_s_sup,ns_sub_r,r_ar_sup,s_k_sub,s_ns_sub,s_nsup_k,sub_r_r,t_k_sup,total_time
40,2,7.560000085504726e-05,0.0009378000013384735,1.2799999240087345e-05,6.000000212225132e-06,0.00023590000000695,5.9000003602704965e-06,0.0005907999993723934,7.329999971261714e-05,1.7000002117129043e-06,0.0009202000001096167,0.00013779999972030055,0.00013279999984661117,0.00016760000016802223,1.3699999726668466e-05,9.099999988393392e-05,0.00340290000076493
