percentage,execution,k_s_sup,s_k_sub,t_k_sup,ns_s_sup,s_ns_sub,r_ar_sup,ar_r_sub,ns_sub_r,ks_sf_in,sub_r_r,n_r_t,ns_s_spe,nk_k_sup,s_nsup_k,nrs_ns_r,total_time
90,2,0.018520899990107864,0.044667999987723306,0.10545800000545569,0.012862500007031485,0.05665519999456592,0.15221490000840276,0.00020769999537151307,2.00001522898674e-06,1.930000144056976e-05,6.349998875521123e-05,1.4999997802078724e-05,0.0501049000013154,0.014137199992546812,0.012439600002835505,9.60000033956021e-06,0.46737829998892266
