percentage,execution,k_s_sup,s_k_sub,t_k_sup,ns_s_sup,s_ns_sub,r_ar_sup,ar_r_sub,ns_sub_r,ks_sf_in,sub_r_r,n_r_t,ns_s_spe,nk_k_sup,s_nsup_k,nrs_ns_r,total_time
10,6,2.5000001187436283e-05,0.020524600011412986,2.5999994250014424e-05,0.005709200006094761,0.06146080001781229,0.016551300010178238,0.02086190001864452,1.7999846022576094e-06,2.2899999748915434e-05,0.0031161999941105023,3.6299999919719994e-05,0.05872139999701176,0.014450299990130588,0.011617199997999705,2.4200009647756815e-05,0.21314910003275145
