percentage,execution,ar_r_sub,k_s_sup,ks_sf_in,n_r_t,nk_k_sup,nrs_ns_r,ns_s_spe,ns_s_sup,ns_sub_r,r_ar_sup,s_k_sub,s_ns_sub,s_nsup_k,sub_r_r,t_k_sup,total_time
60,1,0.00013339999986783369,7.520000053773401e-05,0.0004470000003493624,5.199999577598646e-06,0.0005448000001706532,5.199999577598646e-06,4.399999852466863e-06,9.399998816661537e-06,1.8000000636675395e-06,7.279999954334926e-05,0.0030711000008523115,0.00925690000076429,0.00045109999973647064,1.359999987471383e-05,0.0036291000005803653,0.017721000000165077
