percentage,execution,ar_r_sub,k_s_sup,ks_sf_in,n_r_t,nk_k_sup,nrs_ns_r,ns_s_spe,ns_s_sup,ns_sub_r,r_ar_sup,s_k_sub,s_ns_sub,s_nsup_k,sub_r_r,t_k_sup,total_time
10,4,1.4699529856443405e-05,1.5200115740299225e-05,1.3400334864854813e-05,9.600073099136353e-06,0.0008809999562799931,1.0899733752012253e-05,6.6999346017837524e-06,1.3000331819057465e-05,2.100132405757904e-06,0.011051200330257416,0.00025170017033815384,0.00024270033463835716,0.0006055999547243118,3.1099654734134674e-05,1.4000572264194489e-05,0.013162901159375906
