percentage,execution,ar_r_sub,k_s_sup,ks_sf_in,n_r_t,nk_k_sup,nrs_ns_r,ns_s_spe,ns_s_sup,ns_sub_r,r_ar_sup,s_k_sub,s_ns_sub,s_nsup_k,sub_r_r,t_k_sup,total_time
20,6,1.1500000255182385e-05,1.089999932446517e-05,1.0000000656873453e-05,6.299999768089037e-06,0.0007523000003857305,6.799999937356915e-06,4.899999112240039e-06,9.500000487605575e-06,2.100000529026147e-06,0.007139100000131293,0.0009962000003724825,0.004059400000187452,0.0005536999997275416,1.5500000699830707e-05,1.0799999472510535e-05,0.01358900000104768
