percentage,execution,k_s_sup,s_k_sub,t_k_sup,ns_s_sup,s_ns_sub,r_ar_sup,ar_r_sub,ns_sub_r,ks_sf_in,sub_r_r,n_r_t,ns_s_spe,nk_k_sup,s_nsup_k,nrs_ns_r,total_time
60,3,8.110000635497272e-05,0.012024299998302013,0.011424099997384474,1.0799994925037026e-05,0.030600600002799183,0.00444259999494534,0.0011801999935414642,1.8999999156221747e-06,0.0008090999908745289,1.5900004655122757e-05,6.700007361359894e-06,5.299996701069176e-06,0.0021465000027092174,0.0018345999997109175,6.300004315562546e-06,0.06458999999449588
