percentage,execution,k_s_sup,s_k_sub,t_k_sup,ns_s_sup,s_ns_sub,r_ar_sup,ar_r_sub,ns_sub_r,ks_sf_in,sub_r_r,n_r_t,ns_s_spe,nk_k_sup,s_nsup_k,nrs_ns_r,total_time
20,9,0.009603700003935955,0.0001357999863103032,0.00015959999291226268,0.0008745999948587269,0.00013580000086221844,0.006953100019018166,1.0200019460171461e-05,1.6999983927235007e-06,9.60000033956021e-06,1.340000017080456e-05,6.200003554113209e-06,0.0017254999984288588,5.49999822396785e-06,4.6000059228390455e-06,5.699999746866524e-06,0.019645000022137538
