percentage,execution,k_s_sup,s_k_sub,t_k_sup,ns_s_sup,s_ns_sub,r_ar_sup,ar_r_sub,ns_sub_r,ks_sf_in,sub_r_r,n_r_t,ns_s_spe,nk_k_sup,s_nsup_k,nrs_ns_r,total_time
30,7,1.8399994587525725e-05,0.002746600002865307,1.7099999240599573e-05,1.4300007023848593e-05,0.00896209999336861,0.03718279999156948,0.00038949999725446105,1.800013706088066e-06,1.5199999324977398e-05,4.4199987314641476e-05,1.1199997970834374e-05,7.700000423938036e-06,0.005940600007306784,0.004329800009145401,1.1900003300979733e-05,0.05969320000440348
