execution,ar_r_sub,k_s_sup,ks_sf_in,n_r_t,nk_k_sup,nrs_ns_r,ns_s_spe,ns_s_sup,ns_sub_r,r_ar_sup,s_k_sub,s_ns_sub,s_nsup_k,sub_r_r,t_k_sup,total_time
1,9.499955922365189e-06,8.869986049830914e-05,1.1399970389902592e-05,5.100038833916187e-06,0.0001745999325066805,6.09993003308773e-06,4.600035026669502e-06,1.0100076906383038e-05,2.00001522898674e-06,8.79999715834856e-05,0.001083299983292818,0.004601599997840822,0.00013950001448392868,1.0799849405884743e-05,0.0011396000627428293,0.007374899694696069
2,1.0800082236528397e-05,9.600073099136353e-06,9.7999582067132e-06,5.100038833916187e-06,0.00021319999359548092,8.199946023523808e-06,4.399917088449001e-06,9.00006853044033e-06,1.700012944638729e-06,0.0025749000487849116,8.52999510243535e-05,8.220004383474588e-05,0.00016600009985268116,1.1100084520876408e-05,9.599956683814526e-06,0.00320090027526021
