percentage,execution,ar_r_sub,k_s_sup,ks_sf_in,n_r_t,nk_k_sup,nrs_ns_r,ns_s_spe,ns_s_sup,ns_sub_r,r_ar_sup,s_k_sub,s_ns_sub,s_nsup_k,sub_r_r,t_k_sup,total_time
20,8,0.00023020000026008347,1.1399998584238347e-05,0.0005111999998916872,6.50000038149301e-06,0.000650599999971746,6.70000008540228e-06,4.999999873689376e-06,9.499999578110874e-06,1.99999976757681e-06,1.049999991664663e-05,0.00020110000059503363,0.00019240000074205454,0.00044269999943935545,1.4199999895936344e-05,1.0499999007151928e-05,0.002304499997990206
