percentage,execution,k_s_sup,s_k_sub,t_k_sup,ns_s_sup,s_ns_sub,r_ar_sup,ar_r_sub,ns_sub_r,ks_sf_in,sub_r_r,n_r_t,ns_s_spe,nk_k_sup,s_nsup_k,nrs_ns_r,total_time
30,1,7.939999341033399e-05,0.011739299996406771,0.0018919999856734648,9.500014130026102e-06,0.03377990001172293,0.0016495000018039718,1.0200019460171461e-05,1.8999999156221747e-06,9.099996532313526e-06,1.2400007108226418e-05,5.49999822396785e-06,4.3000036384910345e-06,0.0016558999923290685,0.0014389999996637926,6.400005077011883e-06,0.05229430002509616
