percentage,execution,ar_r_sub,k_s_sup,ks_sf_in,n_r_t,nk_k_sup,nrs_ns_r,ns_s_spe,ns_s_sup,ns_sub_r,r_ar_sup,s_k_sub,s_ns_sub,s_nsup_k,sub_r_r,t_k_sup,total_time
80,3,0.0016757999546825886,8.120003622025251e-05,0.0012303999392315745,6.100046448409557e-06,0.0016852000262588263,5.600042641162872e-06,5.00003807246685e-06,1.0399962775409222e-05,1.9000144675374031e-06,0.001657599932514131,0.01215789990965277,0.01838949997909367,0.0014543000143021345,1.309998333454132e-05,0.0018062000162899494,0.040180199895985425
