percentage,execution,k_s_sup,s_k_sub,t_k_sup,ns_s_sup,s_ns_sub,r_ar_sup,ar_r_sub,ns_sub_r,ks_sf_in,sub_r_r,n_r_t,ns_s_spe,nk_k_sup,s_nsup_k,nrs_ns_r,total_time
90,2,8.000001253094524e-05,0.011899299992364831,0.0018430000054650009,1.0099989594891667e-05,0.01490650000050664,0.0008572999940952286,0.0017783999937819317,2.0000006770715117e-06,0.0015032000083010644,1.3100012438371778e-05,6.000002031214535e-06,5.0000089686363935e-06,0.001640399990719743,0.0014356000028783455,5.5000127758830786e-06,0.0359854000271298
