percentage,execution,ar_r_sub,k_s_sup,ks_sf_in,n_r_t,nk_k_sup,nrs_ns_r,ns_s_spe,ns_s_sup,ns_sub_r,r_ar_sup,s_k_sub,s_ns_sub,s_nsup_k,sub_r_r,t_k_sup,total_time
40,5,0.00020009977743029594,1.0599847882986069e-05,0.000702899880707264,6.00004568696022e-06,0.0009276000782847404,6.0996972024440765e-06,4.699919372797012e-06,9.300187230110168e-06,1.80024653673172e-06,0.002356399782001972,0.0002618003636598587,0.00026200059801340103,0.000661100260913372,1.3600103557109833e-05,1.2400560081005096e-05,0.0054364013485610485
