percentage,execution,ar_r_sub,k_s_sup,ks_sf_in,n_r_t,nk_k_sup,nrs_ns_r,ns_s_spe,ns_s_sup,ns_sub_r,r_ar_sup,s_k_sub,s_ns_sub,s_nsup_k,sub_r_r,t_k_sup,total_time
20,3,0.00020030001178383827,1.1700205504894257e-05,0.00031190039590001106,6.899703294038773e-06,0.0006261002272367477,7.200054824352264e-06,4.90015372633934e-06,9.600073099136353e-06,1.7997808754444122e-06,1.1000316590070724e-05,0.00021569989621639252,0.00020079966634511948,0.0004238998517394066,1.490022987127304e-05,1.0899733752012253e-05,0.002057600300759077
