percentage,execution,ar_r_sub,k_s_sup,ks_sf_in,n_r_t,nk_k_sup,nrs_ns_r,ns_s_spe,ns_s_sup,ns_sub_r,r_ar_sup,s_k_sub,s_ns_sub,s_nsup_k,sub_r_r,t_k_sup,total_time
20,3,0.00018960000124934595,1.160000010713702e-05,0.0005248999996183557,6.8999997893115506e-06,0.0006458999996539205,7.099999493220821e-06,4.900000021734741e-06,9.500000487605575e-06,1.7999991541728377e-06,1.06999996205559e-05,0.00019519999932526844,0.00019470000006549526,0.0004472999999052263,1.4700000065204222e-05,1.06999996205559e-05,0.0022754999981771107
