percentage,execution,ar_r_sub,k_s_sup,ks_sf_in,n_r_t,nk_k_sup,nrs_ns_r,ns_s_spe,ns_s_sup,ns_sub_r,r_ar_sup,s_k_sub,s_ns_sub,s_nsup_k,sub_r_r,t_k_sup,total_time
80,8,0.005876600000192411,8.150000030582305e-05,0.0010521000003791414,5.500000042957254e-06,0.0015778000006321236,9.450000015931437e-05,4.800000169780105e-06,9.899999895424116e-06,1.899999006127473e-06,0.0016299000008075382,0.0120889999989231,0.01789420000022801,0.0013903999997637584,1.2799999240087345e-05,0.001795799998944858,0.043516699998690456
