percentage,execution,ar_r_sub,k_s_sup,ks_sf_in,n_r_t,nk_k_sup,nrs_ns_r,ns_s_spe,ns_s_sup,ns_sub_r,r_ar_sup,s_k_sub,s_ns_sub,s_nsup_k,sub_r_r,t_k_sup,total_time
60,7,0.0004838998429477215,1.1500436812639236e-05,0.0011462001129984856,6.90016895532608e-06,0.001783600077033043,6.00004568696022e-06,5.09992241859436e-06,1.0299962013959885e-05,1.6004778444766998e-06,1.1499971151351929e-05,0.0004887999966740608,0.0004858998581767082,0.0011506997980177402,1.4199875295162201e-05,1.109996810555458e-05,0.0056173005141317844
