percentage,execution,k_s_sup,s_k_sub,t_k_sup,ns_s_sup,s_ns_sub,r_ar_sup,ar_r_sub,ns_sub_r,ks_sf_in,sub_r_r,n_r_t,ns_s_spe,nk_k_sup,s_nsup_k,nrs_ns_r,total_time
80,2,0.00011490000179037452,0.012065599992638454,0.0018412999925203621,1.0000003385357559e-05,0.018261799996253103,0.0016505000094184652,0.001667400007136166,1.8999853637069464e-06,0.00105640001129359,1.3299999409355223e-05,5.89998671784997e-06,4.799992893822491e-06,0.0016357000131392851,0.0014310000115074217,5.2000104915350676e-06,0.03976570001395885
