percentage,execution,ar_r_sub,k_s_sup,ks_sf_in,n_r_t,nk_k_sup,nrs_ns_r,ns_s_spe,ns_s_sup,ns_sub_r,r_ar_sup,s_k_sub,s_ns_sub,s_nsup_k,sub_r_r,t_k_sup,total_time
50,10,0.0002634999109432101,1.0599964298307896e-05,0.0009035000111907721,7.79994297772646e-06,0.001917000045068562,6.300047971308231e-06,7.70005863159895e-06,9.500072337687016e-06,1.9000144675374031e-06,0.002254100050777197,0.005983200040645897,0.01603830000385642,0.0013673999346792698,1.3499986380338669e-05,1.089985016733408e-05,0.028795199934393167
