percentage,execution,ar_r_sub,k_s_sup,ks_sf_in,n_r_t,nk_k_sup,nrs_ns_r,ns_s_spe,ns_s_sup,ns_sub_r,r_ar_sup,s_k_sub,s_ns_sub,s_nsup_k,sub_r_r,t_k_sup,total_time
60,8,0.006021499983035028,7.920002099126577e-05,0.0008743999060243368,5.400041118264198e-06,0.001644900068640709,9.870005305856466e-05,4.499917849898338e-06,1.0100076906383038e-05,1.800013706088066e-06,0.0008608999196439981,0.012237500050105155,0.024456399958580732,0.0014405999099835753,1.279998105019331e-05,0.0018068000208586454,0.04955549992155284
