percentage,execution,ar_r_sub,k_s_sup,ks_sf_in,n_r_t,nk_k_sup,nrs_ns_r,ns_s_spe,ns_s_sup,ns_sub_r,r_ar_sup,s_k_sub,s_ns_sub,s_nsup_k,sub_r_r,t_k_sup,total_time
50,10,0.00036289996933192015,1.109996810555458e-05,0.0005012999754399061,6.5999338403344154e-06,0.0011680999305099249,6.400048732757568e-06,4.700035788118839e-06,9.600073099136353e-06,1.700012944638729e-06,1.1300086043775082e-05,0.0003806998720392585,0.0003734998172149062,0.0007887000683695078,1.309998333454132e-05,1.0800082236528397e-05,0.003650499857030809
