percentage,execution,k_s_sup,s_k_sub,t_k_sup,ns_s_sup,s_ns_sub,r_ar_sup,ar_r_sub,ns_sub_r,ks_sf_in,sub_r_r,n_r_t,ns_s_spe,nk_k_sup,s_nsup_k,nrs_ns_r,total_time
50,10,7.88000033935532e-05,0.011040599987609312,0.0018334999767830595,1.0100018698722124e-05,0.025941599989891984,0.0008938999962992966,0.005941000010352582,2.2000021999701858e-06,0.0006667000125162303,1.340000017080456e-05,6.099988240748644e-06,4.699992132373154e-06,0.0016639000095892698,0.0014526000013574958,9.869999485090375e-05,0.049647799984086305
