percentage,execution,ar_r_sub,k_s_sup,ks_sf_in,n_r_t,nk_k_sup,nrs_ns_r,ns_s_spe,ns_s_sup,ns_sub_r,r_ar_sup,s_k_sub,s_ns_sub,s_nsup_k,sub_r_r,t_k_sup,total_time
30,5,0.005974299740046263,1.0799616575241089e-05,0.0004606996662914753,6.500165909528732e-06,0.0019029001705348492,0.00010310020297765732,4.999805241823196e-06,9.80030745267868e-06,1.900363713502884e-06,0.0022591999731957912,0.006790800020098686,0.022543199826031923,0.0013925996609032154,1.4299992471933365e-05,1.109996810555458e-05,0.04148619947955012
