percentage,execution,k_s_sup,s_k_sub,t_k_sup,ns_s_sup,s_ns_sub,r_ar_sup,ar_r_sub,ns_sub_r,ks_sf_in,sub_r_r,n_r_t,ns_s_spe,nk_k_sup,s_nsup_k,nrs_ns_r,total_time
10,7,1.0899995686486363e-05,8.009998418856412e-05,1.0000017937272787e-05,9.2999980552122e-06,7.409999670926481e-05,9.900002623908222e-06,7.329999061767012e-05,1.7999846022576094e-06,9.700001101009548e-06,1.340000017080456e-05,6.000002031214535e-06,4.599991370923817e-06,0.0002018999948631972,0.0001269999920623377,6.50000583846122e-06,0.0006384999578585848
