percentage,execution,ar_r_sub,k_s_sup,ks_sf_in,n_r_t,nk_k_sup,nrs_ns_r,ns_s_spe,ns_s_sup,ns_sub_r,r_ar_sup,s_k_sub,s_ns_sub,s_nsup_k,sub_r_r,t_k_sup,total_time
50,5,0.010304399998858571,9.600014891475439e-05,0.000721900025382638,5.599926225841045e-06,0.0016917999600991607,0.00019479996990412474,4.700035788118839e-06,9.800074622035027e-06,1.9000144675374031e-06,0.0008690999820828438,0.012266699923202395,0.02778750006109476,0.0014368999982252717,1.300009898841381e-05,0.0018370000179857016,0.05724110023584217
