percentage,execution,ar_r_sub,k_s_sup,ks_sf_in,n_r_t,nk_k_sup,nrs_ns_r,ns_s_spe,ns_s_sup,ns_sub_r,r_ar_sup,s_k_sub,s_ns_sub,s_nsup_k,sub_r_r,t_k_sup,total_time
40,7,0.007444499999110121,0.00014849999934085645,2.019999737967737e-05,1.1300000551273115e-05,0.000552500001504086,0.00010299999848939478,0.01908229999935429,0.00014490000103251077,2.0000001313746907e-05,0.00014700000065204222,0.0016664999984641327,0.006336299999020412,0.0004819000005227281,2.119999953720253e-05,0.0031340999994426966,0.03931419999571517
