percentage,execution,ar_r_sub,k_s_sup,ks_sf_in,n_r_t,nk_k_sup,nrs_ns_r,ns_s_spe,ns_s_sup,ns_sub_r,r_ar_sup,s_k_sub,s_ns_sub,s_nsup_k,sub_r_r,t_k_sup,total_time
20,1,8.499999239575118e-06,7.439999899361283e-05,8.499999239575118e-06,5.099998816149309e-06,0.00019439999960013665,5.300000339047983e-06,4.100000296602957e-06,8.800001523923129e-06,8.799999704933725e-06,7.219999861263204e-05,0.0009117999979935121,0.0038478999995277263,0.00016040000082284678,1.0600000678095967e-05,0.0016651999994792277,0.006985999994867598
