percentage,execution,ar_r_sub,k_s_sup,ks_sf_in,n_r_t,nk_k_sup,nrs_ns_r,ns_s_spe,ns_s_sup,ns_sub_r,r_ar_sup,s_k_sub,s_ns_sub,s_nsup_k,sub_r_r,t_k_sup,total_time
60,6,9.60000033956021e-06,0.010346099999878788,9.399998816661537e-06,5.199999577598646e-06,5.600000804406591e-06,4.400000761961564e-06,0.0008385999990423443,0.000881299998582108,0.005733900001359871,0.008242600000812672,0.0001979000007850118,0.00019410000095376745,4.800000169780105e-06,1.06999996205559e-05,0.00022079999871493783,0.026705000000220025
