percentage,execution,ar_r_sub,k_s_sup,ks_sf_in,n_r_t,nk_k_sup,nrs_ns_r,ns_s_spe,ns_s_sup,ns_sub_r,r_ar_sup,s_k_sub,s_ns_sub,s_nsup_k,sub_r_r,t_k_sup,total_time
60,2,1.049999991664663e-05,0.007645100000445382,9.800001862458885e-06,5.600000804406591e-06,6.199999916134402e-06,4.900000931229442e-06,0.0005154999998921994,7.890000051702373e-05,0.00018810000074154232,0.0055929999998625135,0.0002820999980031047,0.0002688000004127389,4.900000931229442e-06,1.1399999493733048e-05,0.0003006999995704973,0.01492550000330084
