percentage,execution,ar_r_sub,k_s_sup,ks_sf_in,n_r_t,nk_k_sup,nrs_ns_r,ns_s_spe,ns_s_sup,ns_sub_r,r_ar_sup,s_k_sub,s_ns_sub,s_nsup_k,sub_r_r,t_k_sup,total_time
80,4,0.00013209999815444462,0.00013789999866276048,9.40000063565094e-06,5.40000110049732e-06,0.0004044999986945186,5.100000635138713e-06,4.600000465870835e-06,9.199999112752266e-06,9.699999282020144e-06,0.00014339999870571773,0.0017898000005516224,0.0016811000004963716,0.0003256999989389442,1.1199999789823778e-05,0.0033209999983228045,0.007990099993548938
