percentage,execution,ar_r_sub,k_s_sup,ks_sf_in,n_r_t,nk_k_sup,nrs_ns_r,ns_s_spe,ns_s_sup,ns_sub_r,r_ar_sup,s_k_sub,s_ns_sub,s_nsup_k,sub_r_r,t_k_sup,total_time
60,1,1.0100000508828089e-05,0.006545600001118146,9.300001693191007e-06,5.100000635138713e-06,5.800000508315861e-06,4.600000465870835e-06,0.0004895000001852168,7.670000013604295e-05,0.00016599999980826396,0.005230499999015592,0.00025749999986146577,0.00024699999994481914,4.700001227320172e-06,1.1000000085914508e-05,0.0002829999993991805,0.013346400004593306
