percentage,execution,ar_r_sub,k_s_sup,ks_sf_in,n_r_t,nk_k_sup,nrs_ns_r,ns_s_spe,ns_s_sup,ns_sub_r,r_ar_sup,s_k_sub,s_ns_sub,s_nsup_k,sub_r_r,t_k_sup,total_time
20,4,9.999999747378752e-06,0.008168600001226878,9.699999282020144e-06,5.199999577598646e-06,5.199999577598646e-06,4.900000931229442e-06,0.0009284000007028226,0.0009079000010387972,0.000262999999904423,0.005584999998973217,7.890000051702373e-05,8.099999831756577e-05,4.700001227320172e-06,1.1400001312722452e-05,9.15000000532018e-05,0.016155400002389797
