execution,k_s_sup,s_k_sub,t_k_sup,ns_s_sup,s_ns_sub,r_ar_sup,ar_r_sub,ns_sub_r,ks_sf_in,sub_r_r,n_r_t,ns_s_spe,nk_k_sup,s_nsup_k,nrs_ns_r,total_time
1,8.28000484034419e-05,0.0010473000584170222,0.0010868998942896724,9.7999582067132e-06,0.004445200087502599,8.220004383474588e-05,9.299954399466515e-06,9.599956683814526e-06,9.200070053339005e-06,1.0500079952180386e-05,5.00003807246685e-06,4.500034265220165e-06,0.00016469997353851795,0.0001379000023007393,5.199923180043697e-06,0.007110100123099983
2,0.004534100065939128,8.690007962286472e-05,9.900005534291267e-05,8.09000339359045e-05,7.889990229159594e-05,0.003092800034210086,1.0100076906383038e-05,0.003178199869580567,1.0499963536858559e-05,1.0100076906383038e-05,4.900037311017513e-06,0.0002880999818444252,5.500041879713535e-06,4.800036549568176e-06,4.400033503770828e-06,0.011489200289361179
