percentage,execution,ar_r_sub,k_s_sup,ks_sf_in,n_r_t,nk_k_sup,nrs_ns_r,ns_s_spe,ns_s_sup,ns_sub_r,r_ar_sup,s_k_sub,s_ns_sub,s_nsup_k,sub_r_r,t_k_sup,total_time
80,9,0.038653799798339605,8.430005982518196e-05,1.1499971151351929e-05,7.400289177894592e-06,0.003945400007069111,5.600042641162872e-06,5.400273948907852e-06,1.1400319635868073e-05,1.7997808754444122e-06,7.96997919678688e-05,0.035065900068730116,0.04411640018224716,0.0034952000714838505,0.005776700098067522,0.0009658997878432274,0.13222640054300427
