percentage,execution,ar_r_sub,k_s_sup,ks_sf_in,n_r_t,nk_k_sup,nrs_ns_r,ns_s_spe,ns_s_sup,ns_sub_r,r_ar_sup,s_k_sub,s_ns_sub,s_nsup_k,sub_r_r,t_k_sup,total_time
90,7,0.03441999992355704,9.240000508725643e-05,1.2899981811642647e-05,8.200062438845634e-06,0.004393900046125054,6.100046448409557e-06,6.100046448409557e-06,1.2399978004395962e-05,2.200016751885414e-06,9.42000187933445e-05,0.03480239992495626,0.04191729985177517,0.003926299978047609,0.0048470000037923455,0.0011011000024154782,0.12564249988645315
