percentage,execution,ar_r_sub,k_s_sup,ks_sf_in,n_r_t,nk_k_sup,nrs_ns_r,ns_s_spe,ns_s_sup,ns_sub_r,r_ar_sup,s_k_sub,s_ns_sub,s_nsup_k,sub_r_r,t_k_sup,total_time
80,4,0.04323640000075102,9.200000204145908e-05,1.3199984095990658e-05,8.399947546422482e-06,0.004418299999088049,6.100046448409557e-06,6.100046448409557e-06,1.2200092896819115e-05,2.100015990436077e-06,9.099999442696571e-05,0.038777300040237606,0.04911649995483458,0.003915500012226403,0.006310699856840074,0.001105800154618919,0.14711160014849156
