percentage,execution,ar_r_sub,k_s_sup,ks_sf_in,n_r_t,nk_k_sup,nrs_ns_r,ns_s_spe,ns_s_sup,ns_sub_r,r_ar_sup,s_k_sub,s_ns_sub,s_nsup_k,sub_r_r,t_k_sup,total_time
90,4,0.03374930005520582,1.3699987903237343e-05,1.309998333454132e-05,8.600065484642982e-06,0.005260600009933114,6.800051778554916e-06,6.100046448409557e-06,1.2100092135369778e-05,2.100015990436077e-06,1.5700003132224083e-05,0.027186500024981797,0.03070299990940839,0.0038988000014796853,0.00435620010830462,1.4400109648704529e-05,0.10524700046516955
