percentage,execution,ar_r_sub,k_s_sup,ks_sf_in,n_r_t,nk_k_sup,nrs_ns_r,ns_s_spe,ns_s_sup,ns_sub_r,r_ar_sup,s_k_sub,s_ns_sub,s_nsup_k,sub_r_r,t_k_sup,total_time
10,1,0.00013610022142529488,1.070043072104454e-05,9.899493306875229e-06,6.800051778554916e-06,0.0006967000663280487,7.0999376475811005e-06,4.699919372797012e-06,9.29972156882286e-06,1.4998950064182281e-06,1.0600313544273376e-05,0.00013669999316334724,0.00013189995661377907,0.0005248002707958221,1.530023291707039e-05,1.0400079190731049e-05,0.0017125005833804607
