percentage,execution,ar_r_sub,k_s_sup,ks_sf_in,n_r_t,nk_k_sup,nrs_ns_r,ns_s_spe,ns_s_sup,ns_sub_r,r_ar_sup,s_k_sub,s_ns_sub,s_nsup_k,sub_r_r,t_k_sup,total_time
40,7,0.06246900000041933,8.489999891025946e-05,1.140000040322775e-05,7.100000402715523e-06,0.0037572999999611056,5.2999994295532815e-06,5.399999281507917e-06,1.1000000085914508e-05,2.100000529026147e-06,7.710000045335619e-05,0.02898879999975179,0.062182900000152586,0.003509999999550928,0.011063500000091153,0.0009608000009393436,0.1731366000003618
