percentage,execution,k_s_sup,s_k_sub,t_k_sup,ns_s_sup,s_ns_sub,r_ar_sup,ar_r_sub,ns_sub_r,ks_sf_in,sub_r_r,n_r_t,ns_s_spe,nk_k_sup,s_nsup_k,nrs_ns_r,total_time
60,3,1.2199991033412516e-05,0.019165300007443875,1.2500007869675756e-05,1.0499992640689015e-05,0.0389551999833202,1.379998866468668e-05,0.0465692999860039,2.2000021999701858e-06,1.1900017852894962e-05,0.007587100000819191,7.700000423938036e-06,5.399997462518513e-06,0.004636500001652166,0.003519400008372031,5.599998985417187e-06,0.12051459998474456
