percentage,execution,k_s_sup,s_k_sub,t_k_sup,ns_s_sup,s_ns_sub,r_ar_sup,ar_r_sub,ns_sub_r,ks_sf_in,sub_r_r,n_r_t,ns_s_spe,nk_k_sup,s_nsup_k,nrs_ns_r,total_time
40,1,1.200000406242907e-05,0.01952109999547247,1.2999997125007212e-05,9.99998883344233e-06,0.047571999981300905,1.3499986380338669e-05,0.06106909998925403,2.00001522898674e-06,1.1600001016631722e-05,0.010204799997154623,7.800001185387373e-06,5.399997462518513e-06,0.004714199996669777,0.003573299996787682,5.999987479299307e-06,0.14673579993541352
