percentage,execution,ar_r_sub,k_s_sup,ks_sf_in,n_r_t,nk_k_sup,nrs_ns_r,ns_s_spe,ns_s_sup,ns_sub_r,r_ar_sup,s_k_sub,s_ns_sub,s_nsup_k,sub_r_r,t_k_sup,total_time
10,2,0.012747000087983906,1.3200100511312485e-05,1.2499978765845299e-05,8.199946023523808e-06,0.001581599935889244,8.399947546422482e-06,6.00004568696022e-06,1.179997343569994e-05,2.400018274784088e-06,1.4499993994832039e-05,0.00252320000436157,0.009882799931801856,0.001273099915124476,0.0025160000659525394,1.3899989426136017e-05,0.030614599934779108
