percentage,execution,k_s_sup,s_k_sub,t_k_sup,ns_s_sup,s_ns_sub,r_ar_sup,ar_r_sub,ns_sub_r,ks_sf_in,sub_r_r,n_r_t,ns_s_spe,nk_k_sup,s_nsup_k,nrs_ns_r,total_time
30,10,1.200000406242907e-05,0.01994929999636952,1.2299991794861853e-05,1.0199990356341004e-05,0.054842099983943626,1.2499978765845299e-05,0.0697292999830097,2.1000014385208488e-06,1.2599994079209864e-05,0.012179900004412048,7.499998901039362e-06,5.099995178170502e-06,0.004644699991331436,0.003522200000588782,5.699999746866524e-06,0.1649474999139784
