percentage,execution,ar_r_sub,k_s_sup,ks_sf_in,n_r_t,nk_k_sup,nrs_ns_r,ns_s_spe,ns_s_sup,ns_sub_r,r_ar_sup,s_k_sub,s_ns_sub,s_nsup_k,sub_r_r,t_k_sup,total_time
20,7,0.05775909998919815,1.279998105019331e-05,1.2600095942616463e-05,8.199946023523808e-06,0.004030099953524768,6.9999368861317635e-06,6.09993003308773e-06,1.4699995517730713e-05,2.300017513334751e-06,1.4500110410153866e-05,0.011190299992449582,0.04600510001182556,0.003117099986411631,0.01053560001309961,1.3399985618889332e-05,0.13272889994550496
