percentage,execution,ar_r_sub,k_s_sup,ks_sf_in,n_r_t,nk_k_sup,nrs_ns_r,ns_s_spe,ns_s_sup,ns_sub_r,r_ar_sup,s_k_sub,s_ns_sub,s_nsup_k,sub_r_r,t_k_sup,total_time
20,6,0.01620940025895834,1.1499971151351929e-05,1.0799616575241089e-05,7.200054824352264e-06,0.001766599714756012,7.200054824352264e-06,5.09992241859436e-06,9.80030745267868e-06,1.8998980522155762e-06,1.250067725777626e-05,0.0029751998372375965,0.012608400080353022,0.0013325000181794167,0.003118800465017557,1.1900439858436584e-05,0.03808880131691694
