execution,k_s_sup,s_k_sub,t_k_sup,ns_s_sup,s_ns_sub,r_ar_sup,ar_r_sub,ns_sub_r,ks_sf_in,sub_r_r,n_r_t,ns_s_spe,nk_k_sup,s_nsup_k,nrs_ns_r,total_time
1,0.004213399835862219,8.579995483160019e-05,9.590003173798323e-05,7.479998748749495e-05,7.309997454285622e-05,0.002826099982485175,9.600073099136353e-06,1.800013706088066e-06,8.999952115118504e-06,1.0100076906383038e-05,4.700035788118839e-06,0.0002731999848037958,5.00003807246685e-06,4.500034265220165e-06,4.400033503770828e-06,0.0076914000092074275
2,7.939990609884262e-05,0.0009772999910637736,0.0010192999616265297,9.100069291889668e-06,0.0040652998723089695,7.92001374065876e-05,8.699949830770493e-06,1.800013706088066e-06,8.900067768990993e-06,1.0099844075739384e-05,4.600035026669502e-06,4.400033503770828e-06,0.00015570002142339945,0.0001235000090673566,5.199923180043697e-06,0.006552499835379422
