percentage,execution,ar_r_sub,k_s_sup,ks_sf_in,n_r_t,nk_k_sup,nrs_ns_r,ns_s_spe,ns_s_sup,ns_sub_r,r_ar_sup,s_k_sub,s_ns_sub,s_nsup_k,sub_r_r,t_k_sup,total_time
40,3,0.044784700000491284,0.02485900000010588,2.499999936844688e-05,1.7600000319362152e-05,0.004726799999843934,1.120000069931848e-05,0.10714289999941684,0.06899149999935617,0.009585500000866887,0.06135809999977937,0.015918099998998514,0.028790300000764546,0.00424979999934294,0.002476599999681639,0.023674799999753304,0.39661189999878843
