percentage,execution,ar_r_sub,k_s_sup,ks_sf_in,n_r_t,nk_k_sup,nrs_ns_r,ns_s_spe,ns_s_sup,ns_sub_r,r_ar_sup,s_k_sub,s_ns_sub,s_nsup_k,sub_r_r,t_k_sup,total_time
30,8,0.015413300134241581,0.04206020024139434,4.169996827840805e-05,3.47999157384038e-05,0.01889070007018745,2.310005947947502e-05,0.24192030006088316,0.10929780011065304,0.020215699798427522,0.09692589996848255,0.029365899856202304,0.059522900031879544,0.00870579993352294,0.0001132000470533967,0.04855529998894781,0.6910866001853719
