percentage,execution,k_s_sup,s_k_sub,t_k_sup,ns_s_sup,s_ns_sub,r_ar_sup,ar_r_sub,ns_sub_r,ks_sf_in,sub_r_r,n_r_t,ns_s_spe,nk_k_sup,s_nsup_k,nrs_ns_r,total_time
90,7,0.019723800010979176,0.019120400014799088,0.028485700022429228,0.09833680001611356,0.018876699992688373,0.09603929999866523,0.022097799985203892,0.006245600001420826,2.750000567175448e-05,0.0013088999839965254,3.7600009818561375e-05,0.343241599999601,0.018370000005234033,0.011326100007863715,1.5700003132224083e-05,0.6832535000576172
