percentage,execution,k_s_sup,s_k_sub,t_k_sup,ns_s_sup,s_ns_sub,r_ar_sup,ar_r_sub,ns_sub_r,ks_sf_in,sub_r_r,n_r_t,ns_s_spe,nk_k_sup,s_nsup_k,nrs_ns_r,total_time
20,10,0.03502650000154972,0.00025899997854139656,0.00028900000324938446,0.006299600005149841,0.0002604000037536025,0.027699400001438335,1.1999989510513842e-05,0.006302199995843694,1.1399999493733048e-05,1.6799982404336333e-05,7.099995855242014e-06,0.008034200000111014,6.50000583846122e-06,5.299996701069176e-06,6.299989763647318e-06,0.08423569994920399
