percentage,execution,k_s_sup,s_k_sub,t_k_sup,ns_s_sup,s_ns_sub,r_ar_sup,ar_r_sub,ns_sub_r,ks_sf_in,sub_r_r,n_r_t,ns_s_spe,nk_k_sup,s_nsup_k,nrs_ns_r,total_time
65,2,0.03353879996575415,0.027722100028768182,0.049764700001105666,0.1130931000225246,0.03996199986431748,0.10504079982638359,0.036636700155213475,0.017833099816925824,3.439991269260645e-05,0.0026222000597044826,3.520003519952297e-05,0.29483469983097166,0.02071280009113252,0.010344899957999587,0.00040570006240159273,0.7525811996310949
