percentage,execution,ar_r_sub,k_s_sup,ks_sf_in,n_r_t,nk_k_sup,nrs_ns_r,ns_s_spe,ns_s_sup,ns_sub_r,r_ar_sup,s_k_sub,s_ns_sub,s_nsup_k,sub_r_r,t_k_sup,total_time
90,3,0.03307029977440834,0.010489600244909525,1.7900019884109497e-05,1.8499791622161865e-05,0.00641250004991889,0.00013109995052218437,0.17161899991333485,0.058647800236940384,2.7199741452932358e-05,0.06511419964954257,0.014998999889940023,0.021279499866068363,0.005860799923539162,0.0019842004403471947,0.026131799910217524,0.4158033994026482
