percentage,execution,k_s_sup,s_k_sub,t_k_sup,ns_s_sup,s_ns_sub,r_ar_sup,ar_r_sub,ns_sub_r,ks_sf_in,sub_r_r,n_r_t,ns_s_spe,nk_k_sup,s_nsup_k,nrs_ns_r,total_time
70,2,0.02269029978197068,0.030326000065542758,0.057854500017128885,0.10233200015500188,0.050406299880705774,0.10718629998154938,0.05076440016273409,0.006302899913862348,3.4299795515835285e-05,0.003569600055925548,3.870006185024977e-05,0.2878350999671966,0.02090080000925809,0.010745899984613061,0.00032840005587786436,0.751315499888733
