percentage,execution,ar_r_sub,k_s_sup,ks_sf_in,n_r_t,nk_k_sup,nrs_ns_r,ns_s_spe,ns_s_sup,ns_sub_r,r_ar_sup,s_k_sub,s_ns_sub,s_nsup_k,sub_r_r,t_k_sup,total_time
20,7,1.1999974958598614e-05,0.02965610008686781,1.179997343569994e-05,6.9999368861317635e-06,0.00042799999937415123,7.100054062902927e-06,0.00628199998755008,0.00582269998267293,0.003712699981406331,0.021682800026610494,0.0011489999014884233,0.0043515999568626285,0.00039359997026622295,1.780001912266016e-05,0.005651700077578425,0.07918589992914349
