percentage,execution,k_s_sup,s_k_sub,t_k_sup,ns_s_sup,s_ns_sub,r_ar_sup,ar_r_sub,ns_sub_r,ks_sf_in,sub_r_r,n_r_t,ns_s_spe,nk_k_sup,s_nsup_k,nrs_ns_r,total_time
10,8,0.008062399996560998,0.0024124000046867877,0.008011600002646446,0.02451769998879172,0.01253500000166241,0.014825299978838302,0.005476399994222447,0.000927500004763715,1.510001311544329e-05,4.650000482797623e-05,1.679999695625156e-05,0.05367639999894891,0.0007764000038150698,0.0006747999868821353,1.3299999409355223e-05,0.13198759997612797
