percentage,execution,k_s_sup,s_k_sub,t_k_sup,ns_s_sup,s_ns_sub,r_ar_sup,ar_r_sub,ns_sub_r,ks_sf_in,sub_r_r,n_r_t,ns_s_spe,nk_k_sup,s_nsup_k,nrs_ns_r,total_time
70,4,0.030548400012776256,0.03277489998436067,0.06266109998978209,0.16437249998853076,0.04076199998962693,0.16093469999032095,0.03767159998824354,0.015811700010090135,4.3599982745945454e-05,0.0006993999995756894,3.689998993650079e-05,0.30964370000583585,0.020521200000075623,0.01015130001178477,1.8699996871873736e-05,0.8866516999405576
