percentage,execution,ar_r_sub,k_s_sup,ks_sf_in,n_r_t,nk_k_sup,nrs_ns_r,ns_s_spe,ns_s_sup,ns_sub_r,r_ar_sup,s_k_sub,s_ns_sub,s_nsup_k,sub_r_r,t_k_sup,total_time
10,8,1.4200340956449509e-05,0.018908800557255745,1.1499971151351929e-05,7.4999406933784485e-06,6.800051778554916e-06,7.3998235166072845e-06,0.0056672003120183945,0.005089799873530865,0.0005763997323811054,0.01495870016515255,0.00018669990822672844,0.0001460001803934574,5.1995739340782166e-06,1.9099563360214233e-05,0.00017269980162382126,0.0457779997959733
