percentage,execution,ar_r_sub,k_s_sup,ks_sf_in,n_r_t,nk_k_sup,nrs_ns_r,ns_s_spe,ns_s_sup,ns_sub_r,r_ar_sup,s_k_sub,s_ns_sub,s_nsup_k,sub_r_r,t_k_sup,total_time
20,3,0.006829699999798322,2.6699999580159783e-05,4.529999841906829e-05,1.720000000204891e-05,0.0036107999994783313,1.4700000065204222e-05,0.050796100000297884,0.04358409999986179,0.009198499999001797,0.03914170000007289,0.002906900001107715,0.005790899999738031,0.0029397999996945146,0.0013238000010460382,2.4899999516492244e-05,0.16625109999768029
