percentage,execution,ar_r_sub,k_s_sup,ks_sf_in,n_r_t,nk_k_sup,nrs_ns_r,ns_s_spe,ns_s_sup,ns_sub_r,r_ar_sup,s_k_sub,s_ns_sub,s_nsup_k,sub_r_r,t_k_sup,total_time
80,10,0.0010724000003392575,0.0032395999996879254,0.0009466000001339125,8.299999535665847e-06,0.002219400000285532,6.799999937356915e-06,0.011179899999660847,0.007895999999163905,1.8000000636675395e-06,0.01398940000035509,0.002859499998521642,0.00579230000039388,0.00166940000053728,2.049999966402538e-05,0.005091900000479654,0.05599379999875964
