percentage,execution,ar_r_sub,k_s_sup,ks_sf_in,n_r_t,nk_k_sup,nrs_ns_r,ns_s_spe,ns_s_sup,ns_sub_r,r_ar_sup,s_k_sub,s_ns_sub,s_nsup_k,sub_r_r,t_k_sup,total_time
60,5,0.017568000000210304,1.0200000360782724e-05,9.899999895424116e-06,5.599999894911889e-06,0.0005094999996799743,5.399999281507917e-06,0.0005642999994961428,7.300000015675323e-05,2.3000011424301192e-06,1.0299999303242657e-05,0.00019780000002356246,0.00018769999951473437,0.0003420000002734014,1.06999996205559e-05,1.2400000741763506e-05,0.01950909999959549
