percentage,execution,ar_r_sub,k_s_sup,ks_sf_in,n_r_t,nk_k_sup,nrs_ns_r,ns_s_spe,ns_s_sup,ns_sub_r,r_ar_sup,s_k_sub,s_ns_sub,s_nsup_k,sub_r_r,t_k_sup,total_time
70,5,0.0011622007004916668,0.0033296002075076103,0.0011398997157812119,8.599832653999329e-06,0.002804399933665991,7.80029222369194e-06,0.008473100140690804,0.006426400039345026,1.8998980522155762e-06,0.009882399812340736,0.01275759981945157,0.028145600575953722,0.0024700998328626156,2.090027555823326e-05,0.010321200359612703,0.0869517014361918
