percentage,execution,ar_r_sub,k_s_sup,ks_sf_in,n_r_t,nk_k_sup,nrs_ns_r,ns_s_spe,ns_s_sup,ns_sub_r,r_ar_sup,s_k_sub,s_ns_sub,s_nsup_k,sub_r_r,t_k_sup,total_time
80,7,0.001058700000612589,0.0033344000003125984,0.0009221999998771935,8.499999239575118e-06,0.0028335999995761085,6.8999997893115506e-06,0.011004299999513023,0.007876900000155729,1.8999999156221747e-06,0.013957500000287837,0.009462300000450341,0.02649920000021666,0.002364300000408548,2.0400000721565448e-05,0.006612600000153179,0.08596370000122988
