percentage,execution,ar_r_sub,k_s_sup,ks_sf_in,n_r_t,nk_k_sup,nrs_ns_r,ns_s_spe,ns_s_sup,ns_sub_r,r_ar_sup,s_k_sub,s_ns_sub,s_nsup_k,sub_r_r,t_k_sup,total_time
50,7,0.0003805002197623253,0.0019776001572608948,0.0011425004340708256,8.299946784973145e-06,0.002579200081527233,7.700175046920776e-06,0.006756000220775604,0.00518219918012619,1.700129359960556e-06,0.008467600215226412,0.006533599924296141,0.01554129971191287,0.001973299775272608,2.180039882659912e-05,0.003390899859368801,0.05396420042961836
