percentage,execution,ar_r_sub,k_s_sup,ks_sf_in,n_r_t,nk_k_sup,nrs_ns_r,ns_s_spe,ns_s_sup,ns_sub_r,r_ar_sup,s_k_sub,s_ns_sub,s_nsup_k,sub_r_r,t_k_sup,total_time
40,7,0.0001655002124607563,0.004941700026392937,0.0006249998696148396,8.00006091594696e-06,0.0008370997384190559,2.9600225389003754e-05,0.010389000177383423,0.006485000252723694,1.700129359960556e-06,0.011744000017642975,0.0003197002224624157,0.00037109991535544395,0.0006949999369680882,2.059945836663246e-05,0.00019800011068582535,0.036831000354141
