percentage,execution,ar_r_sub,k_s_sup,ks_sf_in,n_r_t,nk_k_sup,nrs_ns_r,ns_s_spe,ns_s_sup,ns_sub_r,r_ar_sup,s_k_sub,s_ns_sub,s_nsup_k,sub_r_r,t_k_sup,total_time
30,6,0.00020239967852830887,0.004092400427907705,0.0007376000285148621,8.300412446260452e-06,0.0018714000470936298,8.599832653999329e-06,0.006908599752932787,0.004986600484699011,1.700129359960556e-06,0.009329400025308132,0.004512900020927191,0.013697399757802486,0.0014772997237741947,2.149958163499832e-05,9.560026228427887e-05,0.047951700165867805
