percentage,execution,ar_r_sub,k_s_sup,ks_sf_in,n_r_t,nk_k_sup,nrs_ns_r,ns_s_spe,ns_s_sup,ns_sub_r,r_ar_sup,s_k_sub,s_ns_sub,s_nsup_k,sub_r_r,t_k_sup,total_time
20,1,0.03903099987655878,0.020627200603485107,1.8600840121507645e-05,1.6800127923488617e-05,0.01174259977415204,0.0017438000068068504,0.033084800001233816,0.02061739983037114,0.006503900047391653,0.019840100314468145,0.025803500320762396,0.06612890027463436,0.010908300057053566,0.001195200253278017,0.06794899981468916,0.32521110214293003
