percentage,execution,ar_r_sub,k_s_sup,ks_sf_in,n_r_t,nk_k_sup,nrs_ns_r,ns_s_spe,ns_s_sup,ns_sub_r,r_ar_sup,s_k_sub,s_ns_sub,s_nsup_k,sub_r_r,t_k_sup,total_time
80,8,0.011643100000583217,0.002498800000466872,2.200000199081842e-05,1.5200001143966801e-05,0.018164600000091013,1.650000012887176e-05,0.006375699998898199,0.0016954000002442626,2.5299999833805487e-05,0.002488599997377605,0.029473200002030353,0.07552059999943594,0.007570800002213218,3.849999848171137e-05,0.014438500000323984,0.16998680000324384
