percentage,execution,ar_r_sub,k_s_sup,ks_sf_in,n_r_t,nk_k_sup,nrs_ns_r,ns_s_spe,ns_s_sup,ns_sub_r,r_ar_sup,s_k_sub,s_ns_sub,s_nsup_k,sub_r_r,t_k_sup,total_time
30,6,0.00035060010850429535,0.004866899456828833,1.7399434000253677e-05,1.4599878340959549e-05,0.012256699614226818,1.71000137925148e-05,0.012742099817842245,0.00011940021067857742,0.00023719994351267815,0.004079599864780903,0.05093269981443882,0.11441670032218099,0.01116930041462183,3.0499882996082306e-05,0.012799900025129318,0.22405069880187511
