percentage,execution,ar_r_sub,k_s_sup,ks_sf_in,n_r_t,nk_k_sup,nrs_ns_r,ns_s_spe,ns_s_sup,ns_sub_r,r_ar_sup,s_k_sub,s_ns_sub,s_nsup_k,sub_r_r,t_k_sup,total_time
80,3,0.020843099802732468,0.012679099570959806,0.0012388997711241245,8.599832653999329e-06,0.006955400109291077,6.9998204708099365e-06,0.01606169994920492,0.011098899878561497,0.00026190048083662987,0.014837299939244986,0.0192374000325799,0.028440899681299925,0.006405299995094538,0.0012024003081023693,0.05453670024871826,0.1938145994208753
