percentage,execution,ar_r_sub,k_s_sup,ks_sf_in,n_r_t,nk_k_sup,nrs_ns_r,ns_s_spe,ns_s_sup,ns_sub_r,r_ar_sup,s_k_sub,s_ns_sub,s_nsup_k,sub_r_r,t_k_sup,total_time
20,10,0.00013780000153928995,0.004214699998556171,1.1800000720540993e-05,7.3999999585794285e-06,0.00555990000066231,1.2000000424450263e-05,0.0016768999994383194,7.90999984019436e-05,0.00015040000107546803,0.002760199999102042,0.028267900001083035,0.08762920000117447,0.005070299999715644,1.9699999029398896e-05,0.007313599999179132,0.1429109000000608
