percentage,execution,ar_r_sub,k_s_sup,ks_sf_in,n_r_t,nk_k_sup,nrs_ns_r,ns_s_spe,ns_s_sup,ns_sub_r,r_ar_sup,s_k_sub,s_ns_sub,s_nsup_k,sub_r_r,t_k_sup,total_time
40,5,0.008082600310444832,0.0008558002300560474,2.2600404918193817e-05,1.550000160932541e-05,0.01642120024189353,1.6699545085430145e-05,0.009942200034856796,0.011954099871218204,0.0005953996442258358,0.0027762996032834053,0.02798460004851222,0.08630040055140853,0.006676499731838703,3.969995304942131e-05,0.0070211999118328094,0.17870480008423328
