percentage,execution,ar_r_sub,k_s_sup,ks_sf_in,n_r_t,nk_k_sup,nrs_ns_r,ns_s_spe,ns_s_sup,ns_sub_r,r_ar_sup,s_k_sub,s_ns_sub,s_nsup_k,sub_r_r,t_k_sup,total_time
50,9,0.0035439003258943558,0.0016830004751682281,2.259993925690651e-05,1.490022987127304e-05,0.028522500302642584,3.639981150627136e-05,0.009717500302940607,0.010703199543058872,0.0004975995980203152,0.0035485001280903816,0.02821000013500452,0.087066899985075,0.00695070018991828,3.970041871070862e-05,0.011152500286698341,0.19170990167185664
