percentage,execution,ar_r_sub,k_s_sup,ks_sf_in,n_r_t,nk_k_sup,nrs_ns_r,ns_s_spe,ns_s_sup,ns_sub_r,r_ar_sup,s_k_sub,s_ns_sub,s_nsup_k,sub_r_r,t_k_sup,total_time
80,4,0.012072100002114894,0.0016770000001997687,1.1399999493733048e-05,7.499998901039362e-06,0.005665700000463403,0.00010449999899719842,0.0032011000002967194,0.000842400000692578,1.3300001228344627e-05,0.001640800001041498,0.027752399999371846,0.07796430000234977,0.005228099998930702,2.209999911428895e-05,0.010681300000214833,0.14688400000341062
