percentage,execution,ar_r_sub,k_s_sup,ks_sf_in,n_r_t,nk_k_sup,nrs_ns_r,ns_s_spe,ns_s_sup,ns_sub_r,r_ar_sup,s_k_sub,s_ns_sub,s_nsup_k,sub_r_r,t_k_sup,total_time
60,3,0.00708439999834809,0.0045921000000817,1.720000000204891e-05,1.5100000382517464e-05,0.011377499999071006,0.00020170000061625615,0.018488499999875785,0.005524999998669955,0.00037540000084845815,0.0034974000009242445,0.046849600001223735,0.0974036999996315,0.010372900000220397,2.9700002414756455e-05,0.012035899997499655,0.2178660999998101
