percentage,execution,ar_r_sub,k_s_sup,ks_sf_in,n_r_t,nk_k_sup,nrs_ns_r,ns_s_spe,ns_s_sup,ns_sub_r,r_ar_sup,s_k_sub,s_ns_sub,s_nsup_k,sub_r_r,t_k_sup,total_time
80,2,0.028397500049322844,0.017953699454665184,0.0021568001247942448,1.7600134015083313e-05,0.01385139999911189,0.0012874999083578587,0.037154000252485275,0.0214454997330904,0.0031523997895419598,0.022089499980211258,0.02988309971988201,0.042056099977344275,0.012896600179374218,0.0002787001430988312,0.08344579953700304,0.3160661989822984
