percentage,execution,ar_r_sub,k_s_sup,ks_sf_in,n_r_t,nk_k_sup,nrs_ns_r,ns_s_spe,ns_s_sup,ns_sub_r,r_ar_sup,s_k_sub,s_ns_sub,s_nsup_k,sub_r_r,t_k_sup,total_time
40,4,0.026718700000856188,0.013461099999403814,0.002280099997733487,1.6699999832781032e-05,0.01898040000014589,0.00013029999900027178,0.027699699998265714,0.022141799998280476,0.001008499999443302,0.014961600001697661,0.02184529999976803,0.04130970000005618,0.009238800001185155,0.0012186999992991332,0.04955099999824597,0.25056239999321406
