percentage,execution,ar_r_sub,k_s_sup,ks_sf_in,n_r_t,nk_k_sup,nrs_ns_r,ns_s_spe,ns_s_sup,ns_sub_r,r_ar_sup,s_k_sub,s_ns_sub,s_nsup_k,sub_r_r,t_k_sup,total_time
40,7,0.06681569991633296,0.006790399085730314,0.0015279995277523994,1.7399434000253677e-05,0.039694299921393394,0.0010412000119686127,0.025053800083696842,0.014450099784880877,0.0029340004548430443,0.017771000508219004,0.02086290018633008,0.04436870105564594,0.010496300179511309,0.0014168997295200825,0.05165950022637844,0.30490020010620356
