percentage,execution,ar_r_sub,k_s_sup,ks_sf_in,n_r_t,nk_k_sup,nrs_ns_r,ns_s_spe,ns_s_sup,ns_sub_r,r_ar_sup,s_k_sub,s_ns_sub,s_nsup_k,sub_r_r,t_k_sup,total_time
10,2,7.619988173246384e-05,1.1899974197149277e-05,1.019984483718872e-05,8.499715477228165e-06,0.0005486998707056046,1.0100193321704865e-05,5.5995769798755646e-06,1.0000541806221008e-05,1.0699965059757233e-05,1.4299992471933365e-05,7.990002632141113e-05,7.659988477826118e-05,0.0003708996810019016,1.8999911844730377e-05,1.1100433766841888e-05,0.0012636994943022728
