percentage,execution,ar_r_sub,k_s_sup,ks_sf_in,n_r_t,nk_k_sup,nrs_ns_r,ns_s_spe,ns_s_sup,ns_sub_r,r_ar_sup,s_k_sub,s_ns_sub,s_nsup_k,sub_r_r,t_k_sup,total_time
40,9,0.009932899847626686,0.0017610997892916203,1.6999896615743637e-05,1.5299301594495773e-05,0.011743600014597178,0.0002133999951183796,0.019152899738401175,0.003576899878680706,1.9900035113096237e-05,0.00169859966263175,0.04815259948372841,0.11843170039355755,0.010789699852466583,2.9799528419971466e-05,0.01225150004029274,0.23778689745813608
