percentage,execution,ar_r_sub,k_s_sup,ks_sf_in,n_r_t,nk_k_sup,nrs_ns_r,ns_s_spe,ns_s_sup,ns_sub_r,r_ar_sup,s_k_sub,s_ns_sub,s_nsup_k,sub_r_r,t_k_sup,total_time
10,2,0.012932199519127607,1.949956640601158e-05,0.0004515000618994236,1.690024510025978e-05,0.0052906000055372715,0.00217990018427372,0.013086399994790554,0.010591700207442045,0.0004290998913347721,0.0065970998257398605,0.003611600026488304,0.010399299673736095,0.0046515995636582375,0.00011999998241662979,2.0300503820180893e-05,0.07039769925177097
