execution,ar_r_sub,k_s_sup,ks_sf_in,n_r_t,nk_k_sup,nrs_ns_r,ns_s_spe,ns_s_sup,ns_sub_r,r_ar_sup,s_k_sub,s_ns_sub,s_nsup_k,sub_r_r,t_k_sup,total_time
1,2.0699575543403625e-05,1.4999881386756897e-05,1.9200146198272705e-05,6.6999346017837524e-06,6.5998174250125885e-06,6.00004568696022e-06,0.000622099731117487,0.00026690028607845306,5.2996911108493805e-06,0.00013950001448392868,1.380033791065216e-05,1.670047640800476e-05,5.499925464391708e-06,2.459995448589325e-05,1.2400094419717789e-05,0.0011809999123215675
2,1.1799857020378113e-05,1.530023291707039e-05,1.109996810555458e-05,6.600283086299896e-06,0.00025620032101869583,6.899703294038773e-06,5.3998082876205444e-06,1.0400079190731049e-05,2.299901098012924e-06,0.0029608001932501793,9.96999442577362e-05,9.100046008825302e-05,0.00015689991414546967,1.2800097465515137e-05,1.1000316590070724e-05,0.003658201079815626
3,1.470046117901802e-05,1.1799857020378113e-05,1.1799391359090805e-05,6.500165909528732e-06,0.00024330010637640953,6.899703294038773e-06,5.300156772136688e-06,1.0500196367502213e-05,2.5997869670391083e-06,0.003016900271177292,9.869970381259918e-05,9.809993207454681e-05,0.0001551997847855091,1.7900019884109497e-05,1.1200085282325745e-05,0.003711399622261524
4,1.2600328773260117e-05,1.1600088328123093e-05,1.12997367978096e-05,6.799586117267609e-06,0.0002466002479195595,7.300172001123428e-06,5.7998113334178925e-06,1.0699965059757233e-05,2.299901098012924e-06,0.0029898001812398434,9.42000187933445e-05,9.25995409488678e-05,0.00015350012108683586,1.3700220733880997e-05,1.109996810555458e-05,0.0036698998883366585
5,1.219986006617546e-05,1.1900439858436584e-05,1.1100433766841888e-05,6.70040026307106e-06,0.00024410011246800423,7.0999376475811005e-06,5.300156772136688e-06,1.0800082236528397e-05,2.200249582529068e-06,0.0029736002907156944,9.639980271458626e-05,9.189965203404427e-05,0.00015380000695586205,1.4499761164188385e-05,1.1399853974580765e-05,0.0036530010402202606
