percentage,execution,k_s_sup,s_k_sub,t_k_sup,ns_s_sup,s_ns_sub,r_ar_sup,ar_r_sub,ns_sub_r,ks_sf_in,sub_r_r,n_r_t,ns_s_spe,nk_k_sup,s_nsup_k,nrs_ns_r,total_time
30,1,0.017544400063343346,0.01578350004274398,0.04971669986844063,0.003600000054575503,0.04476209997665137,0.05673209996894002,0.00017450004816055298,0.00034490018151700497,2.8999987989664078e-05,7.369986269623041e-05,2.170016523450613e-05,0.025544000091031194,0.024780800100415945,0.006142799975350499,2.3300061002373695e-05,0.24527350044809282
