percentage,execution,k_s_sup,s_k_sub,t_k_sup,ns_s_sup,s_ns_sub,r_ar_sup,ar_r_sub,ns_sub_r,ks_sf_in,sub_r_r,n_r_t,ns_s_spe,nk_k_sup,s_nsup_k,nrs_ns_r,total_time
45,4,0.03630560007877648,0.022633199929259717,0.06926390004809946,0.007143300026655197,0.056771299918182194,0.08086700015701354,0.0001702000154182315,0.0006760999094694853,3.0099996365606785e-05,7.440010085701942e-05,2.1799933165311813e-05,0.03263319993857294,0.026055699912831187,0.007568600005470216,2.6799971237778664e-05,0.34024119994137436
