percentage,execution,k_s_sup,s_k_sub,t_k_sup,ns_s_sup,s_ns_sub,r_ar_sup,ar_r_sub,ns_sub_r,ks_sf_in,sub_r_r,n_r_t,ns_s_spe,nk_k_sup,s_nsup_k,nrs_ns_r,total_time
70,6,0.002532299971790053,0.005400300011388026,0.01155150002159644,0.0017674000118859112,0.01164630001585465,0.02116679998289328,2.1499989088624716e-05,2.1500003640539944e-05,1.9000013708136976e-05,2.4800014216452837e-05,1.2499993317760527e-05,0.0031341999856522307,0.008093300013570115,0.0019248999888077378,1.1099997209385037e-05,0.06732740001461934
