percentage,execution,k_s_sup,s_k_sub,t_k_sup,ns_s_sup,s_ns_sub,r_ar_sup,ar_r_sub,ns_sub_r,ks_sf_in,sub_r_r,n_r_t,ns_s_spe,nk_k_sup,s_nsup_k,nrs_ns_r,total_time
80,4,0.0371856999990996,0.035574699999415316,0.10161820000212174,0.006342900014715269,0.04853879997972399,0.11644410000008065,0.004526200005784631,0.00033519999124109745,2.9699993319809437e-05,0.0006621999928029254,2.19999928958714e-05,0.029953699980978854,0.02648349999799393,0.010746799991466105,1.5900004655122757e-05,0.4184795999462949
