percentage,execution,k_s_sup,s_k_sub,t_k_sup,ns_s_sup,s_ns_sub,r_ar_sup,ar_r_sub,ns_sub_r,ks_sf_in,sub_r_r,n_r_t,ns_s_spe,nk_k_sup,s_nsup_k,nrs_ns_r,total_time
10,7,0.004205000004731119,7.940000796224922e-05,0.00010080001084133983,7.539999205619097e-05,7.429999823216349e-05,0.002814599996781908,1.0499992640689015e-05,0.00014859999646432698,1.0199990356341004e-05,1.3100012438371778e-05,6.100002792663872e-06,0.0008347000111825764,5.299996701069176e-06,5.1000097300857306e-06,6.099988240748644e-06,0.008389200011151843
