percentage,execution,ar_r_sub,k_s_sup,ks_sf_in,n_r_t,nk_k_sup,nrs_ns_r,ns_s_spe,ns_s_sup,ns_sub_r,r_ar_sup,s_k_sub,s_ns_sub,s_nsup_k,sub_r_r,t_k_sup,total_time
10,1,2.9200222343206406e-05,0.021802800241857767,2.8199981898069382e-05,2.8199981898069382e-05,0.009102800395339727,2.9399991035461426e-05,0.027469700202345848,0.0038824002258479595,0.0010130000300705433,0.026609800290316343,0.0080765001475811,0.029462100006639957,0.002200199756771326,9.139999747276306e-05,0.024043699726462364,0.1538694011978805
