percentage,execution,ar_r_sub,k_s_sup,ks_sf_in,n_r_t,nk_k_sup,nrs_ns_r,ns_s_spe,ns_s_sup,ns_sub_r,r_ar_sup,s_k_sub,s_ns_sub,s_nsup_k,sub_r_r,t_k_sup,total_time
80,9,0.0045746006071567535,0.042420399840921164,2.9599759727716446e-05,2.1399930119514465e-05,0.01833319989964366,1.639965921640396e-05,0.024334900081157684,0.0033752997405827045,0.003015900030732155,0.11012149974703789,0.04228329984471202,0.05769159970805049,0.011208999902009964,0.0006630998104810715,0.11941970000043511,0.4375098985619843
