percentage,execution,k_s_sup,s_k_sub,t_k_sup,ns_s_sup,s_ns_sub,r_ar_sup,ar_r_sub,ns_sub_r,ks_sf_in,sub_r_r,n_r_t,ns_s_spe,nk_k_sup,s_nsup_k,nrs_ns_r,total_time
50,9,0.028670400017290376,0.03855679999105632,0.1102822999964701,0.003464599998551421,0.07466790000034962,0.07543199999781791,0.0001635000080568716,0.00032130001636687666,2.7700007194653153e-05,6.780002149753273e-05,2.1000014385208488e-05,0.024175099984859116,0.01705999999830965,0.010094700002809986,1.8999999156221747e-05,0.38302410005417187
