percentage,execution,ar_r_sub,k_s_sup,ks_sf_in,n_r_t,nk_k_sup,nrs_ns_r,ns_s_spe,ns_s_sup,ns_sub_r,r_ar_sup,s_k_sub,s_ns_sub,s_nsup_k,sub_r_r,t_k_sup,total_time
20,2,2.799986395984888e-05,0.018579600262455642,2.6899739168584347e-05,2.0499923266470432e-05,0.02255190012510866,2.159993164241314e-05,0.030460699927061796,0.01119390013627708,0.0008557001128792763,0.04241880006156862,0.014742399915121496,0.054920499911531806,0.004867999930866063,6.890005897730589e-05,0.04619479982648045,0.2469521997263655
