percentage,execution,ar_r_sub,k_s_sup,ks_sf_in,n_r_t,nk_k_sup,nrs_ns_r,ns_s_spe,ns_s_sup,ns_sub_r,r_ar_sup,s_k_sub,s_ns_sub,s_nsup_k,sub_r_r,t_k_sup,total_time
80,4,0.010240400210022926,0.03728359937667847,2.8700102120637894e-05,2.2600404918193817e-05,0.018440000247210264,1.6300007700920105e-05,0.030612400267273188,0.006350900512188673,3.290083259344101e-05,0.10623229946941137,0.04339869972318411,0.06090829987078905,0.011139499954879284,0.0019065998494625092,0.11971130035817623,0.44632450118660927
