percentage,execution,ar_r_sub,k_s_sup,ks_sf_in,n_r_t,nk_k_sup,nrs_ns_r,ns_s_spe,ns_s_sup,ns_sub_r,r_ar_sup,s_k_sub,s_ns_sub,s_nsup_k,sub_r_r,t_k_sup,total_time
80,7,1.0400079190731049e-05,0.0016563000390306115,9.300070814788342e-06,5.800044164061546e-06,0.001278200070373714,5.600042641162872e-06,0.001580999931320548,0.0008591000223532319,1.100008375942707e-05,0.0100273999851197,0.00495149998459965,0.01119350001681596,0.0011088999453932047,1.27000967040658e-05,0.011281299986876547,0.043992000399157405
