percentage,execution,k_s_sup,s_k_sub,t_k_sup,ns_s_sup,s_ns_sub,r_ar_sup,ar_r_sub,ns_sub_r,ks_sf_in,sub_r_r,n_r_t,ns_s_spe,nk_k_sup,s_nsup_k,nrs_ns_r,total_time
40,10,0.0008629999792901799,0.005310299995471723,0.011379000003216788,7.790001109242439e-05,0.02066259999992326,0.004035600009956397,1.0299991117790341e-05,1.0400020983070135e-05,9.800001862458885e-06,1.2599994079209864e-05,6.200003554113209e-06,0.0008065000001806766,0.0012887999910162762,0.0011177999986102805,6.400005077011883e-06,0.04559720000543166
