percentage,execution,k_s_sup,s_k_sub,t_k_sup,ns_s_sup,s_ns_sub,r_ar_sup,ar_r_sub,ns_sub_r,ks_sf_in,sub_r_r,n_r_t,ns_s_spe,nk_k_sup,s_nsup_k,nrs_ns_r,total_time
60,6,0.0331270000024233,0.034131600012187846,0.10111289999622386,0.0033665999944787472,0.06417359999613836,0.08787230000598356,0.005965199990896508,0.00037560000782832503,2.9300004825927317e-05,0.0012594999861903489,2.1799991372972727e-05,0.02435969999351073,0.026453599988599308,0.010494100002688356,1.790000533219427e-05,0.39276069997868035
