percentage,execution,k_s_sup,s_k_sub,t_k_sup,ns_s_sup,s_ns_sub,r_ar_sup,ar_r_sub,ns_sub_r,ks_sf_in,sub_r_r,n_r_t,ns_s_spe,nk_k_sup,s_nsup_k,nrs_ns_r,total_time
20,5,0.026252200012095273,0.02733240000088699,0.07040990001405589,0.003727699993760325,0.08487450001121033,0.054993300000205636,0.017551600016304292,0.0011676999856717885,2.8799986466765404e-05,0.0033201000042026863,2.2400010493583977e-05,0.02538430001004599,0.04269530001329258,0.008879100001649931,2.160000440198928e-05,0.36666090006474406
