percentage,execution,k_s_sup,s_k_sub,t_k_sup,ns_s_sup,s_ns_sub,r_ar_sup,ar_r_sub,ns_sub_r,ks_sf_in,sub_r_r,n_r_t,ns_s_spe,nk_k_sup,s_nsup_k,nrs_ns_r,total_time
50,3,0.03642999997828156,0.0430330999661237,0.14678729989100248,0.0035935998894274235,0.07778779999352992,0.09419579990208149,0.017890900024212897,0.0009256000630557537,3.0899886041879654e-05,0.0033449999755248427,2.2999942302703857e-05,0.025873599923215806,0.02467469999101013,0.011667400016449392,2.4399952962994576e-05,0.48628309939522296
