percentage,execution,ar_r_sub,k_s_sup,ks_sf_in,n_r_t,nk_k_sup,nrs_ns_r,ns_s_spe,ns_s_sup,ns_sub_r,r_ar_sup,s_k_sub,s_ns_sub,s_nsup_k,sub_r_r,t_k_sup,total_time
30,6,0.00019430089741945267,0.027867200318723917,2.6999972760677338e-05,2.0700041204690933e-05,0.010988799389451742,2.090027555823326e-05,0.030836499761790037,0.006525200325995684,0.0008673993870615959,0.05144089972600341,0.013089300133287907,0.031293999403715134,0.004657800309360027,6.880005821585655e-05,0.04027719935402274,0.2181759993545711
