percentage,execution,k_s_sup,s_k_sub,t_k_sup,ns_s_sup,s_ns_sub,r_ar_sup,ar_r_sub,ns_sub_r,ks_sf_in,sub_r_r,n_r_t,ns_s_spe,nk_k_sup,s_nsup_k,nrs_ns_r,total_time
30,7,0.0009089000086532906,0.005271200017887168,0.011569899987080134,0.005338600021786988,0.020994899998186156,0.012075400009052828,2.0899984519928694e-05,0.00029840001661796123,1.959998917300254e-05,2.549997589085251e-05,1.4899997040629387e-05,0.0031766000029165298,0.007515200006309897,0.0014841000083833933,1.270000939257443e-05,0.06872680003289133
