percentage,execution,ar_r_sub,k_s_sup,ks_sf_in,n_r_t,nk_k_sup,nrs_ns_r,ns_s_spe,ns_s_sup,ns_sub_r,r_ar_sup,s_k_sub,s_ns_sub,s_nsup_k,sub_r_r,t_k_sup,total_time
10,8,1.0400079190731049e-05,0.004364199470728636,1.0400079190731049e-05,6.200280040502548e-06,5.899928510189056e-06,8.999835699796677e-06,0.0008641998283565044,7.800059393048286e-05,0.00015380047261714935,0.002956199925392866,8.070003241300583e-05,7.650023326277733e-05,5.09992241859436e-06,1.3199634850025177e-05,0.00010070018470287323,0.008734500501304865
