percentage,execution,ar_r_sub,k_s_sup,ks_sf_in,n_r_t,nk_k_sup,nrs_ns_r,ns_s_spe,ns_s_sup,ns_sub_r,r_ar_sup,s_k_sub,s_ns_sub,s_nsup_k,sub_r_r,t_k_sup,total_time
70,10,0.004678199882619083,0.04034050030168146,3.20998951792717e-05,2.1200045011937618e-05,0.023798099951818585,1.8600025214254856e-05,0.030388600076548755,0.006473800051026046,0.0030081000877544284,0.09272150008473545,0.04066010005772114,0.07229360018391162,0.01065269997343421,0.000682300073094666,0.11218300007749349,0.4379524007672444
