percentage,execution,ar_r_sub,k_s_sup,ks_sf_in,n_r_t,nk_k_sup,nrs_ns_r,ns_s_spe,ns_s_sup,ns_sub_r,r_ar_sup,s_k_sub,s_ns_sub,s_nsup_k,sub_r_r,t_k_sup,total_time
10,7,8.90018418431282e-06,1.0500196367502213e-05,1.270044595003128e-05,5.899928510189056e-06,5.300156772136688e-06,6.00004568696022e-06,0.000861399807035923,7.6299998909235e-05,9.500421583652496e-06,7.639965042471886e-05,9.000301361083984e-06,8.899718523025513e-06,4.699919372797012e-06,1.2200325727462769e-05,9.29972156882286e-06,0.0011170008219778538
