percentage,execution,k_s_sup,s_k_sub,t_k_sup,ns_s_sup,s_ns_sub,r_ar_sup,ar_r_sub,ns_sub_r,ks_sf_in,sub_r_r,n_r_t,ns_s_spe,nk_k_sup,s_nsup_k,nrs_ns_r,total_time
40,2,0.02888299997721333,0.017922300001373515,0.05526650001411326,0.0033417999948142096,0.0481965999933891,0.059628600007272325,0.00016149999282788485,0.0006373999931383878,3.190001007169485e-05,7.029999687802047e-05,2.139998832717538e-05,0.02445379999699071,0.018603399992571212,0.006203400014783256,2.3100001271814108e-05,0.2634449999750359
