percentage,execution,ar_r_sub,k_s_sup,ks_sf_in,n_r_t,nk_k_sup,nrs_ns_r,ns_s_spe,ns_s_sup,ns_sub_r,r_ar_sup,s_k_sub,s_ns_sub,s_nsup_k,sub_r_r,t_k_sup,total_time
90,10,1.0500079952180386e-05,0.0017901001265272498,9.800074622035027e-06,5.999929271638393e-06,0.001652300008572638,6.7999353632330894e-06,0.0016598999500274658,0.0008600000292062759,1.1199968867003918e-05,0.011720099952071905,0.005035000038333237,0.008165800129063427,0.001181500032544136,1.219986006617546e-05,0.011465199990198016,0.04358640010468662
