percentage,execution,ar_r_sub,k_s_sup,ks_sf_in,n_r_t,nk_k_sup,nrs_ns_r,ns_s_spe,ns_s_sup,ns_sub_r,r_ar_sup,s_k_sub,s_ns_sub,s_nsup_k,sub_r_r,t_k_sup,total_time
80,2,1.0599847882986069e-05,0.0016984003596007824,9.899958968162537e-06,5.899928510189056e-06,0.0012754998169839382,5.7998113334178925e-06,0.001610499806702137,0.0009400998242199421,1.090019941329956e-05,0.010265199933201075,0.005067999940365553,0.011276900302618742,0.001110999844968319,1.200009137392044e-05,0.011372399982064962,0.044673099648207426
