percentage,execution,ar_r_sub,k_s_sup,ks_sf_in,n_r_t,nk_k_sup,nrs_ns_r,ns_s_spe,ns_s_sup,ns_sub_r,r_ar_sup,s_k_sub,s_ns_sub,s_nsup_k,sub_r_r,t_k_sup,total_time
20,10,0.0002761001233011484,0.015251399716362357,2.6099965907633305e-05,2.0200037397444248e-05,0.015986799960955977,2.389994915574789e-05,0.017874699900858104,0.001843599951826036,0.0005727000534534454,0.03137439989950508,0.00721840001642704,0.028139200061559677,0.0040521001210436225,7.099984213709831e-05,0.020561500103212893,0.1432920997031033
