percentage,execution,ar_r_sub,k_s_sup,ks_sf_in,n_r_t,nk_k_sup,nrs_ns_r,ns_s_spe,ns_s_sup,ns_sub_r,r_ar_sup,s_k_sub,s_ns_sub,s_nsup_k,sub_r_r,t_k_sup,total_time
60,5,0.0001647999742999673,0.03590369992889464,2.850010059773922e-05,2.1200161427259445e-05,0.0235972999362275,3.730005118995905e-05,0.029762000078335404,0.006575699895620346,0.00034279993269592524,0.09514080011285841,0.038608500035479665,0.0766258001094684,0.01088509988039732,6.81999372318387e-05,0.10911710001528263,0.426878800150007
