percentage,execution,ar_r_sub,k_s_sup,ks_sf_in,n_r_t,nk_k_sup,nrs_ns_r,ns_s_spe,ns_s_sup,ns_sub_r,r_ar_sup,s_k_sub,s_ns_sub,s_nsup_k,sub_r_r,t_k_sup,total_time
80,8,1.9799999790848233e-05,0.0016214999996009283,1.4300001566880383e-05,1.2200000128359534e-05,0.008127399998556939,1.049999991664663e-05,0.0015323000006901566,0.00010800000018207356,1.5699999494245276e-05,0.018399000000499655,0.002804699999614968,0.002811700000165729,0.0021539999997912673,1.8900002032751217e-05,0.005483199998707278,0.043133200000738725
