percentage,execution,k_s_sup,s_k_sub,t_k_sup,ns_s_sup,s_ns_sub,r_ar_sup,ar_r_sub,ns_sub_r,ks_sf_in,sub_r_r,n_r_t,ns_s_spe,nk_k_sup,s_nsup_k,nrs_ns_r,total_time
90,3,0.04667670000344515,0.04693890002090484,0.12730580009520054,0.0069633000530302525,0.05422960000578314,0.14753000007476658,0.011394999921321869,0.004796899855136871,3.759993705898523e-05,0.0020230000372976065,2.729997504502535e-05,0.03422609996050596,0.029675600118935108,0.013462599948979914,2.4999957531690598e-05,0.5253133999649435
