percentage,execution,k_s_sup,s_k_sub,t_k_sup,ns_s_sup,s_ns_sub,r_ar_sup,ar_r_sub,ns_sub_r,ks_sf_in,sub_r_r,n_r_t,ns_s_spe,nk_k_sup,s_nsup_k,nrs_ns_r,total_time
90,5,0.0018053999956464395,0.0029789000109303743,0.005722300003981218,0.0012915999977849424,0.002866599985281937,0.020531599991954863,1.6999983927235007e-05,1.650000922381878e-05,1.4800010831095278e-05,1.9800005247816443e-05,1.2299991794861853e-05,0.00914589999592863,0.00254690001020208,0.0022342999873217195,1.0400006431154907e-05,0.049214299986488186
