percentage,execution,k_s_sup,s_k_sub,t_k_sup,ns_s_sup,s_ns_sub,r_ar_sup,ar_r_sub,ns_sub_r,ks_sf_in,sub_r_r,n_r_t,ns_s_spe,nk_k_sup,s_nsup_k,nrs_ns_r,total_time
85,3,0.044566400116309524,0.044567300006747246,0.12676509993616492,0.006654699915088713,0.051978600095026195,0.13241440011188388,0.010688000009395182,0.0034876998979598284,3.1299889087677e-05,0.0018875000532716513,2.280005719512701e-05,0.0317522999830544,0.01910530007444322,0.011675199843011796,1.780001912266016e-05,0.485614400007762
