percentage,execution,ar_r_sub,k_s_sup,ks_sf_in,n_r_t,nk_k_sup,nrs_ns_r,ns_s_spe,ns_s_sup,ns_sub_r,r_ar_sup,s_k_sub,s_ns_sub,s_nsup_k,sub_r_r,t_k_sup,total_time
40,1,2.099946141242981e-05,0.006412200164049864,1.9999686628580093e-05,3.3400487154722214e-05,0.00262410007417202,1.2299977242946625e-05,0.012789200060069561,0.0018201996572315693,0.0031507001258432865,0.012361799832433462,0.010335900820791721,0.026056000031530857,0.0022677998058497906,2.7300789952278137e-05,0.022753099910914898,0.10068500088527799
