percentage,execution,ar_r_sub,k_s_sup,ks_sf_in,n_r_t,nk_k_sup,nrs_ns_r,ns_s_spe,ns_s_sup,ns_sub_r,r_ar_sup,s_k_sub,s_ns_sub,s_nsup_k,sub_r_r,t_k_sup,total_time
70,7,0.008483600104227662,0.033899800037033856,2.8600217774510384e-05,2.3099943064153194e-05,0.034184399992227554,1.6100122593343258e-05,0.023730299901217222,0.003359600086696446,0.002814999781548977,0.11105669988319278,0.03355649986770004,0.05149749992415309,0.01072509994264692,0.0015331999165937304,0.08986219996586442,0.4047716996865347
