percentage,execution,ar_r_sub,k_s_sup,ks_sf_in,n_r_t,nk_k_sup,nrs_ns_r,ns_s_spe,ns_s_sup,ns_sub_r,r_ar_sup,s_k_sub,s_ns_sub,s_nsup_k,sub_r_r,t_k_sup,total_time
50,1,2.470053732395172e-05,0.005852700211107731,2.090074121952057e-05,1.2699980288743973e-05,0.002623999956995249,1.200009137392044e-05,0.012757300399243832,0.0018007000908255577,0.0031166006810963154,0.01889130100607872,0.010037899482995272,0.019528699573129416,0.0022945995442569256,2.5500543415546417e-05,0.022976200096309185,0.09997580293565989
