percentage,execution,ar_r_sub,k_s_sup,ks_sf_in,n_r_t,nk_k_sup,nrs_ns_r,ns_s_spe,ns_s_sup,ns_sub_r,r_ar_sup,s_k_sub,s_ns_sub,s_nsup_k,sub_r_r,t_k_sup,total_time
10,2,1.3600103557109833e-05,0.004141299985349178,1.309998333454132e-05,1.0599847882986069e-05,0.0011805999092757702,1.2699980288743973e-05,0.003341000061482191,8.069956675171852e-05,0.00016169948503375053,0.019444100093096495,0.0003292001783847809,0.00031880009919404984,0.0008652000688016415,3.569992259144783e-05,0.00010009994730353355,0.030048399232327938
