percentage,execution,ar_r_sub,k_s_sup,ks_sf_in,n_r_t,nk_k_sup,nrs_ns_r,ns_s_spe,ns_s_sup,ns_sub_r,r_ar_sup,s_k_sub,s_ns_sub,s_nsup_k,sub_r_r,t_k_sup,total_time
10,1,1.0099727660417557e-05,0.003895099740475416,9.29972156882286e-06,5.499925464391708e-06,0.0013529998250305653,6.500165909528732e-06,0.0007985997945070267,7.790001109242439e-05,0.00013669999316334724,0.0026116003282368183,0.005006400402635336,0.02569240005686879,0.001078799832612276,1.1699739843606949e-05,0.010835099965333939,0.05152869923040271
