percentage,execution,k_s_sup,s_k_sub,t_k_sup,ns_s_sup,s_ns_sub,r_ar_sup,ar_r_sub,ns_sub_r,ks_sf_in,sub_r_r,n_r_t,ns_s_spe,nk_k_sup,s_nsup_k,nrs_ns_r,total_time
75,1,0.033507500076666474,0.03127060015685856,0.08459820004645735,0.005112999933771789,0.05705950001720339,0.08923860010690987,0.01804030011408031,0.0030227998504415154,2.359994687139988e-05,0.003528199973516166,2.27001728489995e-05,0.03454989998135716,0.024621000047773123,0.012424200074747205,3.0099996365606785e-05,0.3970502004958689
