percentage,execution,ar_r_sub,k_s_sup,ks_sf_in,n_r_t,nk_k_sup,nrs_ns_r,ns_s_spe,ns_s_sup,ns_sub_r,r_ar_sup,s_k_sub,s_ns_sub,s_nsup_k,sub_r_r,t_k_sup,total_time
30,1,2.0099920220673084e-05,0.005732699995860457,1.9300030544400215e-05,1.189985778182745e-05,0.007935000001452863,1.2399978004395962e-05,0.0015887999907135963,0.00015130010433495045,0.00028639996889978647,0.011935800081118941,0.005309100029990077,0.020840600016526878,0.0014572000363841653,2.5199842639267445e-05,0.01130360015667975,0.06662940001115203
