percentage,execution,ar_r_sub,k_s_sup,ks_sf_in,n_r_t,nk_k_sup,nrs_ns_r,ns_s_spe,ns_s_sup,ns_sub_r,r_ar_sup,s_k_sub,s_ns_sub,s_nsup_k,sub_r_r,t_k_sup,total_time
20,5,9.900000804918818e-06,0.0041278999979113,9.800000043469481e-06,5.800000508315861e-06,0.0013813000005029608,9.900000804918818e-06,0.000785300000643474,7.579999873996712e-05,0.0001554000009491574,0.002736399997957051,0.0059834999992745,0.021522600000025705,0.0013013000007049413,1.3500000932253897e-05,0.01271930000075372,0.05083770000055665
