execution,k_s_sup,s_k_sub,t_k_sup,ns_s_sup,s_ns_sub,r_ar_sup,ar_r_sub,ns_sub_r,ks_sf_in,sub_r_r,n_r_t,ns_s_spe,nk_k_sup,s_nsup_k,nrs_ns_r,total_time
1,9.620003402233124e-05,0.002037299971561879,0.0021010999917052686,9.900075383484364e-06,0.0087817000458017,7.840001489967108e-05,8.999952115118504e-06,1.0300020221620798e-05,9.200011845678091e-06,1.0300020221620798e-05,4.8999791033566e-06,4.599976819008589e-06,0.0003086999640800059,0.00024449999909847975,5.500041879713535e-06,0.013711600098758936
2,8.490000618621707e-05,0.0018000999698415399,0.001939099922310561,1.8099904991686344e-05,0.00492039998061955,8.919998072087765e-05,0.00014819996431469917,1.820008037611842e-05,2.2499996703118086e-05,1.9899976905435324e-05,1.0300020221620798e-05,8.900067768990993e-06,0.010202200035564601,0.00038520002271980047,1.0900082997977734e-05,0.019678100012242794
3,9.269994916394353e-05,0.0019815998966805637,0.002412299974821508,1.9799976143985987e-05,0.007152199978008866,9.270000737160444e-05,0.00015979999443516135,1.9499973859637976e-05,1.8200022168457508e-05,2.0200037397444248e-05,1.0700023267418146e-05,9.100069291889668e-06,0.011153300059959292,0.0004208000027574599,1.1500087566673756e-05,0.023574400052893907
