execution,ar_r_sub,k_s_sup,ks_sf_in,n_r_t,nk_k_sup,nrs_ns_r,ns_s_spe,ns_s_sup,ns_sub_r,r_ar_sup,s_k_sub,s_ns_sub,s_nsup_k,sub_r_r,t_k_sup,total_time
1,0.00011250004172325134,7.27000879123807e-05,1.2300093658268452e-05,1.209997572004795e-05,0.010499299969524145,9.70007386058569e-06,8.400063961744308e-06,1.2899981811642647e-05,1.289986539632082e-05,4.9299909733235836e-05,0.0005904998397454619,0.0004949000431224704,0.00027570012025535107,1.3499986380338669e-05,0.0005505001172423363,0.012727200170047581
2,8.899951353669167e-06,8.969998452812433e-05,8.699833415448666e-06,4.500034265220165e-06,0.00019019993487745523,8.09994526207447e-06,4.399917088449001e-06,9.399955160915852e-06,9.300070814788342e-06,8.379993960261345e-05,0.0011184999020770192,0.0047218999825417995,0.00013239996042102575,9.70007386058569e-06,0.0011511000338941813,0.00755059951916337
