percentage,execution,ar_r_sub,k_s_sup,ks_sf_in,n_r_t,nk_k_sup,nrs_ns_r,ns_s_spe,ns_s_sup,ns_sub_r,r_ar_sup,s_k_sub,s_ns_sub,s_nsup_k,sub_r_r,t_k_sup,total_time
40,4,1.0400000064691994e-05,1.0400000974186696e-05,9.899999895424116e-06,6.100000064179767e-06,0.0011633000003712368,5.899999450775795e-06,4.900000021734741e-06,9.500000487605575e-06,1.8000000636675395e-06,0.008213899999645946,0.002377699999669858,0.005397199999606528,0.0007656999996470404,1.340000017080456e-05,1.089999932446517e-05,0.018000999999458145
