percentage,execution,ar_r_sub,k_s_sup,ks_sf_in,n_r_t,nk_k_sup,nrs_ns_r,ns_s_spe,ns_s_sup,ns_sub_r,r_ar_sup,s_k_sub,s_ns_sub,s_nsup_k,sub_r_r,t_k_sup,total_time
80,5,0.00019980000070063397,9.999999747378752e-06,0.0006616000000576605,5.699999746866524e-06,0.0008739000004425179,5.100000635138713e-06,4.800000169780105e-06,9.300000783696305e-06,1.8000000636675395e-06,0.0022654999993392266,0.0023823999999876833,0.0022484999999505817,0.0006094000000302913,1.2100000276404899e-05,1.06999996205559e-05,0.009300600001552084
