percentage,execution,ar_r_sub,k_s_sup,ks_sf_in,n_r_t,nk_k_sup,nrs_ns_r,ns_s_spe,ns_s_sup,ns_sub_r,r_ar_sup,s_k_sub,s_ns_sub,s_nsup_k,sub_r_r,t_k_sup,total_time
60,8,9.299999874201603e-06,7.730000015726546e-05,9.60000033956021e-06,5.100000635138713e-06,0.0005597999997917213,4.999999873689376e-06,4.499999704421498e-06,9.499999578110874e-06,1.9000008251168765e-06,0.0016927999995459686,0.003054300000258081,0.009122499999648426,0.0004558000000542961,1.049999991664663e-05,0.003596599999582395,0.01861449999978504
