percentage,execution,ar_r_sub,k_s_sup,ks_sf_in,n_r_t,nk_k_sup,nrs_ns_r,ns_s_spe,ns_s_sup,ns_sub_r,r_ar_sup,s_k_sub,s_ns_sub,s_nsup_k,sub_r_r,t_k_sup,total_time
20,10,1.279998105019331e-05,1.2699863873422146e-05,1.1900090612471104e-05,7.70005863159895e-06,0.002248200005851686,8.999952115118504e-06,5.700043402612209e-06,1.1300086043775082e-05,2.00001522898674e-06,0.018048000056296587,0.0028560999780893326,0.013240300002507865,0.0016821000026538968,2.0600040443241596e-05,1.3200100511312485e-05,0.0381816002773121
