percentage,execution,ar_r_sub,k_s_sup,ks_sf_in,n_r_t,nk_k_sup,nrs_ns_r,ns_s_spe,ns_s_sup,ns_sub_r,r_ar_sup,s_k_sub,s_ns_sub,s_nsup_k,sub_r_r,t_k_sup,total_time
80,4,1.0000000656873453e-05,9.899998985929415e-06,9.200000022246968e-06,5.200000487093348e-06,0.0006956999995963997,4.800000169780105e-06,4.599999556376133e-06,8.800000614428427e-06,1.6999993022182025e-06,0.00466710000000603,0.0002500000000509317,0.00024389999998675194,0.0004498999996940256,1.1000000085914508e-05,9.500000487605575e-06,0.006381299999702605
