percentage,execution,ar_r_sub,k_s_sup,ks_sf_in,n_r_t,nk_k_sup,nrs_ns_r,ns_s_spe,ns_s_sup,ns_sub_r,r_ar_sup,s_k_sub,s_ns_sub,s_nsup_k,sub_r_r,t_k_sup,total_time
40,9,9.800000043469481e-06,1.0100000508828089e-05,9.200000022246968e-06,5.300000339047983e-06,0.00035969999953522347,5.4000001910026185e-06,4.599999556376133e-06,8.600000001024455e-06,1.8000000636675395e-06,0.003051400000003923,0.0001390999996147002,0.00013390000003710156,0.00023569999939354602,1.0599998859106563e-05,9.299999874201603e-06,0.003994499998043466
