percentage,execution,ar_r_sub,k_s_sup,ks_sf_in,n_r_t,nk_k_sup,nrs_ns_r,ns_s_spe,ns_s_sup,ns_sub_r,r_ar_sup,s_k_sub,s_ns_sub,s_nsup_k,sub_r_r,t_k_sup,total_time
20,10,9.899999895424116e-06,0.0043539000007513096,9.299999874201603e-06,5.300000339047983e-06,0.0002432000001135748,5.599999894911889e-06,0.00047759999961272115,7.959999948070617e-05,1.6999993022182025e-06,0.0028405999992173747,0.0009946000000127242,0.004077099999449274,0.00021100000049045775,1.1499999345687684e-05,0.002502000000276894,0.015822899998056528
