percentage,execution,ar_r_sub,k_s_sup,ks_sf_in,n_r_t,nk_k_sup,nrs_ns_r,ns_s_spe,ns_s_sup,ns_sub_r,r_ar_sup,s_k_sub,s_ns_sub,s_nsup_k,sub_r_r,t_k_sup,total_time
60,4,1.1899974197149277e-05,0.0018020998686552048,1.109996810555458e-05,7.299706339836121e-06,0.0036133998073637486,7.100403308868408e-06,0.0015022000297904015,8.41999426484108e-05,1.600012183189392e-06,0.024886800441890955,0.014544500038027763,0.03024150012061,0.0029659001156687737,2.0800158381462097e-05,0.010216000489890575,0.08991640107706189
