percentage,execution,ar_r_sub,k_s_sup,ks_sf_in,n_r_t,nk_k_sup,nrs_ns_r,ns_s_spe,ns_s_sup,ns_sub_r,r_ar_sup,s_k_sub,s_ns_sub,s_nsup_k,sub_r_r,t_k_sup,total_time
80,6,7.519999962823931e-05,7.860000005166512e-05,9.500000487605575e-06,5.2999994295532815e-06,0.0005564000002777902,5.200000487093348e-06,4.599999556376133e-06,9.700000191514846e-06,1.700001121207606e-06,0.001691700000264973,0.0029937999997855513,0.006010799999785377,0.0004546000000118511,1.0099999599333387e-05,0.0035877999998774612,0.015495000000555592
