percentage,execution,ar_r_sub,k_s_sup,ks_sf_in,n_r_t,nk_k_sup,nrs_ns_r,ns_s_spe,ns_s_sup,ns_sub_r,r_ar_sup,s_k_sub,s_ns_sub,s_nsup_k,sub_r_r,t_k_sup,total_time
20,3,9.60000033956021e-06,9.800000043469481e-06,9.100000170292333e-06,5.500000042957254e-06,0.00019109999993816018,5.4000001910026185e-06,4.100000296602957e-06,8.400000297115184e-06,1.7000002117129043e-06,0.0023484000003008987,7.479999931092607e-05,7.159999950090423e-05,0.00011929999982385198,1.140000040322775e-05,9.40000063565094e-06,0.0028796000015063328
