percentage,execution,ar_r_sub,k_s_sup,ks_sf_in,n_r_t,nk_k_sup,nrs_ns_r,ns_s_spe,ns_s_sup,ns_sub_r,r_ar_sup,s_k_sub,s_ns_sub,s_nsup_k,sub_r_r,t_k_sup,total_time
80,10,9.899999895424116e-06,9.500000487605575e-06,9.500001397100277e-06,5.300000339047983e-06,0.0006938999995327322,5.100000635138713e-06,4.399999852466863e-06,8.600000001024455e-06,1.7999991541728377e-06,0.004589000001033128,0.0002505999991626595,0.0002449999992677476,0.00044920000073034316,1.1099999937869143e-05,9.300000783696305e-06,0.0063022000022101565
