percentage,execution,ar_r_sub,k_s_sup,ks_sf_in,n_r_t,nk_k_sup,nrs_ns_r,ns_s_spe,ns_s_sup,ns_sub_r,r_ar_sup,s_k_sub,s_ns_sub,s_nsup_k,sub_r_r,t_k_sup,total_time
80,1,1.0099999599333387e-05,7.580000055895653e-05,9.299999874201603e-06,5.2999994295532815e-06,0.0008829999997033156,2.1099999685247894e-05,4.5000006139162e-06,9.499999578110874e-06,1.7000002117129043e-06,0.007259400000293681,0.004987700000128825,0.008631099999547587,0.0007712999995419523,1.0999999176419806e-05,0.0035177999998268206,0.026198599997769634
