percentage,execution,ar_r_sub,k_s_sup,ks_sf_in,n_r_t,nk_k_sup,nrs_ns_r,ns_s_spe,ns_s_sup,ns_sub_r,r_ar_sup,s_k_sub,s_ns_sub,s_nsup_k,sub_r_r,t_k_sup,total_time
40,7,9.800000043469481e-06,7.960000039020088e-05,9.299999874201603e-06,4.999999873689376e-06,0.0006658000002062181,5.599999894911889e-06,4.600000465870835e-06,9.300000783696305e-06,1.7000002117129043e-06,0.0009037999989232048,0.00407800000084535,0.014179099998727906,0.0005627999998978339,1.0799999472510535e-05,0.001912100000481587,0.022437300000092364
