percentage,execution,ar_r_sub,k_s_sup,ks_sf_in,n_r_t,nk_k_sup,nrs_ns_r,ns_s_spe,ns_s_sup,ns_sub_r,r_ar_sup,s_k_sub,s_ns_sub,s_nsup_k,sub_r_r,t_k_sup,total_time
20,5,1.4400109648704529e-05,0.004505900200456381,1.9400380551815033e-05,7.199589163064957e-06,0.0022558998316526413,7.799826562404633e-06,0.0015520998276770115,8.150003850460052e-05,2.00001522898674e-06,0.018257700372487307,0.009669000282883644,0.029692600015550852,0.0020596999675035477,1.8999911844730377e-05,0.0050938003696501255,0.07323800073936582
