percentage,execution,ar_r_sub,k_s_sup,ks_sf_in,n_r_t,nk_k_sup,nrs_ns_r,ns_s_spe,ns_s_sup,ns_sub_r,r_ar_sup,s_k_sub,s_ns_sub,s_nsup_k,sub_r_r,t_k_sup,total_time
60,4,9.79999913397478e-06,8.110000089800451e-05,9.200000022246968e-06,5.500000042957254e-06,0.0005552000002353452,5.500000042957254e-06,4.600000465870835e-06,9.700000191514846e-06,1.7000002117129043e-06,0.0016939999995884136,0.0031360000002678134,0.009240399999725923,0.0004546000000118511,1.0300000212737359e-05,0.0036211999995430233,0.018838800000594347
