percentage,execution,ar_r_sub,k_s_sup,ks_sf_in,n_r_t,nk_k_sup,nrs_ns_r,ns_s_spe,ns_s_sup,ns_sub_r,r_ar_sup,s_k_sub,s_ns_sub,s_nsup_k,sub_r_r,t_k_sup,total_time
80,10,9.899999895424116e-06,7.979999918461544e-05,9.099999260797631e-06,5.100000635138713e-06,0.0005581000004895031,4.900000021734741e-06,4.300000000512227e-06,1.0000000656873453e-05,1.8999999156221747e-06,0.0025968999998440268,0.0031036000000312924,0.006677100000160863,0.0004569000002447865,1.0700000530050602e-05,0.003652999999758322,0.017181300000629562
