percentage,execution,ar_r_sub,k_s_sup,ks_sf_in,n_r_t,nk_k_sup,nrs_ns_r,ns_s_spe,ns_s_sup,ns_sub_r,r_ar_sup,s_k_sub,s_ns_sub,s_nsup_k,sub_r_r,t_k_sup,total_time
60,5,7.409999943774892e-05,7.950000053824624e-05,9.399999726156238e-06,5.2999994295532815e-06,0.0006908000004841597,5.2999994295532815e-06,4.399999852466863e-06,9.800000043469481e-06,1.899999006127473e-06,0.0016855999992912984,0.003721199999745295,0.009806099999877915,0.0005740000005971524,1.0800000382005237e-05,0.004396399999677669,0.021074599997518817
