percentage,execution,k_s_sup,s_k_sub,t_k_sup,ns_s_sup,s_ns_sub,r_ar_sup,ar_r_sub,ns_sub_r,ks_sf_in,sub_r_r,n_r_t,ns_s_spe,nk_k_sup,s_nsup_k,nrs_ns_r,total_time
90,2,0.0033971999946516007,0.025429100001929328,0.019596000012825243,0.0001047999830916524,0.035213900002418086,0.044376999998348765,1.5599987818859518e-05,2.5999906938523054e-06,1.8600010662339628e-05,2.890000178012997e-05,9.499999578110874e-06,0.0019608000002335757,0.005180400010431185,0.004552500002318993,1.1699987226165831e-05,0.1398985999840079
