percentage,execution,ar_r_sub,k_s_sup,ks_sf_in,n_r_t,nk_k_sup,nrs_ns_r,ns_s_spe,ns_s_sup,ns_sub_r,r_ar_sup,s_k_sub,s_ns_sub,s_nsup_k,sub_r_r,t_k_sup,total_time
60,5,9.499998668616172e-06,0.0055888999995659105,9.299999874201603e-06,5.099999725644011e-06,0.00023630000032426324,4.999999873689376e-06,0.00042550000034680124,7.469999945897143e-05,1.7000002117129043e-06,0.004301199999645178,0.0009993999992730096,0.004059400000187452,0.00020909999966534087,1.089999932446517e-05,0.0024609999991298537,0.01839699999527511
