percentage,execution,ar_r_sub,k_s_sup,ks_sf_in,n_r_t,nk_k_sup,nrs_ns_r,ns_s_spe,ns_s_sup,ns_sub_r,r_ar_sup,s_k_sub,s_ns_sub,s_nsup_k,sub_r_r,t_k_sup,total_time
50,8,1.3000797480344772e-05,0.0041253999806940556,1.1499971151351929e-05,7.599592208862305e-06,0.002681800164282322,7.799826562404633e-06,0.001499599777162075,8.25994648039341e-05,1.7997808754444122e-06,0.027050599921494722,0.010868200100958347,0.017038200050592422,0.002226300071924925,1.910002902150154e-05,0.005905999802052975,0.07153949933126569
