percentage,execution,k_s_sup,s_k_sub,t_k_sup,ns_s_sup,s_ns_sub,r_ar_sup,ar_r_sub,ns_sub_r,ks_sf_in,sub_r_r,n_r_t,ns_s_spe,nk_k_sup,s_nsup_k,nrs_ns_r,total_time
20,2,0.004100700025446713,0.006460800068452954,0.006449800101108849,7.850001566112041e-05,0.02898609999101609,0.014353199978359044,1.1400086805224419e-05,1.9000144675374031e-06,1.0699965059757233e-05,1.850002445280552e-05,7.300055585801601e-06,0.001442900043912232,0.002196999965235591,0.001805800013244152,7.999944500625134e-06,0.0659326002933085
