percentage,execution,k_s_sup,s_k_sub,t_k_sup,ns_s_sup,s_ns_sub,r_ar_sup,ar_r_sub,ns_sub_r,ks_sf_in,sub_r_r,n_r_t,ns_s_spe,nk_k_sup,s_nsup_k,nrs_ns_r,total_time
5,2,1.070008147507906e-05,7.800001185387373e-05,1.0699965059757233e-05,9.500072337687016e-06,7.229996845126152e-05,0.005087700090371072,1.1100084520876408e-05,2.700020559132099e-06,1.0300078429281712e-05,2.0299921743571758e-05,7.699942216277122e-06,4.999921657145023e-06,0.00032780005130916834,0.00019149994477629662,9.200070053339005e-06,0.005854500224813819
