percentage,execution,ar_r_sub,k_s_sup,ks_sf_in,n_r_t,nk_k_sup,nrs_ns_r,ns_s_spe,ns_s_sup,ns_sub_r,r_ar_sup,s_k_sub,s_ns_sub,s_nsup_k,sub_r_r,t_k_sup,total_time
40,4,9.999999747378752e-06,1.049999991664663e-05,9.20000093174167e-06,5.599999894911889e-06,0.0008781000005910755,6.100000064179767e-06,4.600000465870835e-06,8.900000466383062e-06,1.8000000636675395e-06,0.0038661999997202656,0.0023658000009163516,0.008556000000680797,0.0005998000006002258,1.1800000720540993e-05,1.0000000656873453e-05,0.01634440000543691
