percentage,execution,ar_r_sub,k_s_sup,ks_sf_in,n_r_t,nk_k_sup,nrs_ns_r,ns_s_spe,ns_s_sup,ns_sub_r,r_ar_sup,s_k_sub,s_ns_sub,s_nsup_k,sub_r_r,t_k_sup,total_time
40,6,9.900000804918818e-06,7.849999929021578e-05,9.60000033956021e-06,5.200000487093348e-06,0.0005578999998760992,5.599999894911889e-06,4.399999852466863e-06,9.40000063565094e-06,1.700001121207606e-06,0.0008928999995987397,0.0031834000001254026,0.012378200000057404,0.0004558000000542961,1.0499999007151928e-05,0.003645200000391924,0.021248200001537043
