percentage,execution,ar_r_sub,k_s_sup,ks_sf_in,n_r_t,nk_k_sup,nrs_ns_r,ns_s_spe,ns_s_sup,ns_sub_r,r_ar_sup,s_k_sub,s_ns_sub,s_nsup_k,sub_r_r,t_k_sup,total_time
80,2,0.0001328999996985658,8.140000045386842e-05,9.299999874201603e-06,5.4000001910026185e-06,0.0006824000001870445,5.099999725644011e-06,4.599999556376133e-06,1.0000000656873453e-05,1.8000000636675395e-06,0.0016632999995636055,0.003643200000624347,0.006624700000429584,0.000566199999411765,1.06999996205559e-05,0.004494400000112364,0.017935400000169466
