percentage,execution,ar_r_sub,k_s_sup,ks_sf_in,n_r_t,nk_k_sup,nrs_ns_r,ns_s_spe,ns_s_sup,ns_sub_r,r_ar_sup,s_k_sub,s_ns_sub,s_nsup_k,sub_r_r,t_k_sup,total_time
40,3,1.2100000276404899e-05,0.00390019999940705,1.1099999937869143e-05,2.8299999939918052e-05,0.002684600000065984,7.699999514443334e-06,0.0014897999999448075,7.519999962823931e-05,1.999998858082108e-06,0.021861699999135453,0.009368399999402754,0.02422110000043176,0.002236100000118313,1.9400001292524394e-05,0.005034999999224965,0.07095269999717857
