percentage,execution,ar_r_sub,k_s_sup,ks_sf_in,n_r_t,nk_k_sup,nrs_ns_r,ns_s_spe,ns_s_sup,ns_sub_r,r_ar_sup,s_k_sub,s_ns_sub,s_nsup_k,sub_r_r,t_k_sup,total_time
40,10,9.299999874201603e-06,7.719999939581612e-05,9.000000318337698e-06,5.199999577598646e-06,0.0005503000002136105,5.399999281507917e-06,4.600000465870835e-06,9.500000487605575e-06,1.7000002117129043e-06,0.0008856000004016096,0.0030764000002818648,0.01218790000075387,0.0004656000000977656,1.0099999599333387e-05,0.0035580000003392342,0.02085580000129994
