percentage,execution,ar_r_sub,k_s_sup,ks_sf_in,n_r_t,nk_k_sup,nrs_ns_r,ns_s_spe,ns_s_sup,ns_sub_r,r_ar_sup,s_k_sub,s_ns_sub,s_nsup_k,sub_r_r,t_k_sup,total_time
80,1,7.619999996677507e-05,0.00012159999914729269,1.0099999599333387e-05,5.199999577598646e-06,0.0006852999995317077,4.999999873689376e-06,4.600000465870835e-06,1.0300000212737359e-05,2.1999994714860804e-06,0.0025381999994351645,0.00411430000076507,0.006865999999718042,0.0005672999996022554,1.120000069931848e-05,0.004531699999461125,0.019549199997527467
