percentage,execution,ar_r_sub,k_s_sup,ks_sf_in,n_r_t,nk_k_sup,nrs_ns_r,ns_s_spe,ns_s_sup,ns_sub_r,r_ar_sup,s_k_sub,s_ns_sub,s_nsup_k,sub_r_r,t_k_sup,total_time
60,7,1.3399985618889332e-05,0.00639770005363971,1.2499978765845299e-05,7.899943739175797e-06,0.004076700075529516,8.00006091594696e-06,0.0015920000150799751,9.240000508725643e-05,2.200016751885414e-06,0.029966400121338665,0.020497900084592402,0.04618489998392761,0.0036516000982373953,2.310005947947502e-05,0.01636729994788766,0.1288940004305914
