percentage,execution,ar_r_sub,k_s_sup,ks_sf_in,n_r_t,nk_k_sup,nrs_ns_r,ns_s_spe,ns_s_sup,ns_sub_r,r_ar_sup,s_k_sub,s_ns_sub,s_nsup_k,sub_r_r,t_k_sup,total_time
80,7,1.0900000233959872e-05,7.77000004745787e-05,9.499999578110874e-06,5.199999577598646e-06,0.0005458999994516489,4.999999873689376e-06,4.5000006139162e-06,9.899999895424116e-06,1.6999993022182025e-06,0.0025306999996246304,0.0030745000003662426,0.006020199999511533,0.00045450000015989644,1.0299999303242657e-05,0.003591900000174064,0.016352399998140754
