percentage,execution,ar_r_sub,k_s_sup,ks_sf_in,n_r_t,nk_k_sup,nrs_ns_r,ns_s_spe,ns_s_sup,ns_sub_r,r_ar_sup,s_k_sub,s_ns_sub,s_nsup_k,sub_r_r,t_k_sup,total_time
60,1,9.599999430065509e-06,7.689999983995222e-05,9.200000022246968e-06,5.199999577598646e-06,0.0006529000002046814,5.4000001910026185e-06,4.499999704421498e-06,9.299999874201603e-06,1.7999991541728377e-06,0.004351799999312789,0.003758900000320864,0.010544799999479437,0.0005477000004248112,1.0599998859106563e-05,0.0018353999994360493,0.0218239999958314
