percentage,execution,k_s_sup,s_k_sub,t_k_sup,ns_s_sup,s_ns_sub,r_ar_sup,ar_r_sub,ns_sub_r,ks_sf_in,sub_r_r,n_r_t,ns_s_spe,nk_k_sup,s_nsup_k,nrs_ns_r,total_time
70,5,0.0022998000058578327,0.014608900004532188,0.013189599994802848,0.00010630000906530768,0.027205899998079985,0.03897889998916071,2.0799998310394585e-05,2.4999899324029684e-06,1.5300000086426735e-05,2.4599998141638935e-05,9.900002623908222e-06,0.0019204999989597127,0.004755499991006218,0.0038881000073160976,9.399998816661537e-06,0.10703599998669233
