percentage,execution,ar_r_sub,k_s_sup,ks_sf_in,n_r_t,nk_k_sup,nrs_ns_r,ns_s_spe,ns_s_sup,ns_sub_r,r_ar_sup,s_k_sub,s_ns_sub,s_nsup_k,sub_r_r,t_k_sup,total_time
60,7,1.0000000656873453e-05,8.030000026337802e-05,9.199999112752266e-06,5.099999725644011e-06,0.0005471999993460486,5.399999281507917e-06,4.600000465870835e-06,1.1099999937869143e-05,1.8999999156221747e-06,0.001677400000517082,0.0029862999999750173,0.009166599999844038,0.0004528999998001382,1.0799999472510535e-05,0.003681700000015553,0.018650499998329906
