percentage,execution,ar_r_sub,k_s_sup,ks_sf_in,n_r_t,nk_k_sup,nrs_ns_r,ns_s_spe,ns_s_sup,ns_sub_r,r_ar_sup,s_k_sub,s_ns_sub,s_nsup_k,sub_r_r,t_k_sup,total_time
40,3,0.0001311999994868529,9.79999913397478e-06,9.100000170292333e-06,5.2999994295532815e-06,0.00047730000005685724,5.4000001910026185e-06,4.099999387108255e-06,8.300000445160549e-06,1.600000359758269e-06,9.500000487605575e-06,0.00013860000035492703,0.00013100000069243833,0.0003309999992779922,1.0399999155197293e-05,9.500000487605575e-06,0.0012820999991163262
