percentage,execution,ar_r_sub,k_s_sup,ks_sf_in,n_r_t,nk_k_sup,nrs_ns_r,ns_s_spe,ns_s_sup,ns_sub_r,r_ar_sup,s_k_sub,s_ns_sub,s_nsup_k,sub_r_r,t_k_sup,total_time
20,5,1.049999991664663e-05,1.0200000360782724e-05,9.599999430065509e-06,5.7999995988211595e-06,0.0002524999999877764,6.399999620043673e-06,4.600000465870835e-06,8.900000466383062e-06,2.0000006770715117e-06,0.004971300000761403,8.319999960804125e-05,7.790000017848797e-05,0.0001781999999366235,1.2500000593718141e-05,9.800000043469481e-06,0.005643400001645205
