percentage,execution,ar_r_sub,k_s_sup,ks_sf_in,n_r_t,nk_k_sup,nrs_ns_r,ns_s_spe,ns_s_sup,ns_sub_r,r_ar_sup,s_k_sub,s_ns_sub,s_nsup_k,sub_r_r,t_k_sup,total_time
60,4,1.3199999557400588e-05,7.94000006862916e-05,9.299998964706901e-06,5.500000042957254e-06,0.0013376999995671213,5.7999995988211595e-06,4.900000021734741e-06,9.700000191514846e-06,1.5999994502635673e-06,0.007314599998608173,0.008867800000189163,0.021912500000325963,0.0011457000000518747,1.2399999832268804e-05,0.001839099999415339,0.042559199996503594
