percentage,execution,ar_r_sub,k_s_sup,ks_sf_in,n_r_t,nk_k_sup,nrs_ns_r,ns_s_spe,ns_s_sup,ns_sub_r,r_ar_sup,s_k_sub,s_ns_sub,s_nsup_k,sub_r_r,t_k_sup,total_time
60,6,9.999999747378752e-06,7.989999994606478e-05,9.100000170292333e-06,4.999999873689376e-06,0.0005568000005951035,5.2999994295532815e-06,4.399999852466863e-06,2.27999998969608e-05,1.7000002117129043e-06,0.0016776999991634511,0.003049200000532437,0.009132099999987986,0.00045480000062525505,9.999999747378752e-06,0.0035920999989684788,0.01861089999874821
