percentage,execution,ar_r_sub,k_s_sup,ks_sf_in,n_r_t,nk_k_sup,nrs_ns_r,ns_s_spe,ns_s_sup,ns_sub_r,r_ar_sup,s_k_sub,s_ns_sub,s_nsup_k,sub_r_r,t_k_sup,total_time
20,4,9.60000033956021e-06,8.470000011584489e-05,9.399999726156238e-06,5.4000001910026185e-06,0.0007105999993655132,6.299999768089037e-06,4.70000031782547e-06,9.999999747378752e-06,1.9000008251168765e-06,8.209999941755086e-05,0.004262700000253972,0.017690000000584405,0.0006035999995219754,1.160000010713702e-05,0.00201420000030339,0.025506800000584917
