percentage,execution,ar_r_sub,k_s_sup,ks_sf_in,n_r_t,nk_k_sup,nrs_ns_r,ns_s_spe,ns_s_sup,ns_sub_r,r_ar_sup,s_k_sub,s_ns_sub,s_nsup_k,sub_r_r,t_k_sup,total_time
40,8,9.899999895424116e-06,7.920000007288763e-05,9.20000093174167e-06,4.999999873689376e-06,0.000559899999643676,5.2999994295532815e-06,4.800000169780105e-06,9.0000012278324e-06,1.8000000636675395e-06,0.0008977000006780145,0.003143100000670529,0.012298399999963294,0.0004558000000542961,1.0700000530050602e-05,0.003617399999711779,0.021107200002916215
