percentage,execution,k_s_sup,s_k_sub,t_k_sup,ns_s_sup,s_ns_sub,r_ar_sup,ar_r_sub,ns_sub_r,ks_sf_in,sub_r_r,n_r_t,ns_s_spe,nk_k_sup,s_nsup_k,nrs_ns_r,total_time
10,8,1.4299992471933365e-05,0.00018139999883715063,1.3899989426136017e-05,1.2699994840659201e-05,0.00018260000797454268,0.014607799996156245,1.4000004739500582e-05,2.800006768666208e-06,1.340000017080456e-05,2.3500004317611456e-05,8.799994247965515e-06,6.200003554113209e-06,0.0007821999897714704,0.0006702999962726608,1.0000003385357559e-05,0.016543899982934818
