percentage,execution,ar_r_sub,k_s_sup,ks_sf_in,n_r_t,nk_k_sup,nrs_ns_r,ns_s_spe,ns_s_sup,ns_sub_r,r_ar_sup,s_k_sub,s_ns_sub,s_nsup_k,sub_r_r,t_k_sup,total_time
70,6,1.2099742889404297e-05,0.0009968001395463943,1.1400319635868073e-05,7.700175046920776e-06,0.0036766002885997295,7.0999376475811005e-06,0.0014854995533823967,8.109956979751587e-05,1.7997808754444122e-06,0.03079639980569482,0.013410700019448996,0.019635700155049562,0.002987399697303772,1.8700025975704193e-05,0.0050039999186992645,0.07813299912959337
