percentage,execution,ar_r_sub,k_s_sup,ks_sf_in,n_r_t,nk_k_sup,nrs_ns_r,ns_s_spe,ns_s_sup,ns_sub_r,r_ar_sup,s_k_sub,s_ns_sub,s_nsup_k,sub_r_r,t_k_sup,total_time
20,10,9.0000012278324e-06,7.790000017848797e-05,9.000000318337698e-06,5.300000339047983e-06,0.0009765000004335889,6.399999620043673e-06,4.399999852466863e-06,9.099999260797631e-06,1.8999999156221747e-06,8.020000041142339e-05,0.005743400000028487,0.022811900000306196,0.0008002999993550475,1.2500000593718141e-05,0.00186660000053962,0.03241440000238072
