percentage,execution,ar_r_sub,k_s_sup,ks_sf_in,n_r_t,nk_k_sup,nrs_ns_r,ns_s_spe,ns_s_sup,ns_sub_r,r_ar_sup,s_k_sub,s_ns_sub,s_nsup_k,sub_r_r,t_k_sup,total_time
40,9,9.399999726156238e-06,7.900000036897836e-05,9.299999874201603e-06,4.900000021734741e-06,0.0005455000000438304,5.4000001910026185e-06,4.300000000512227e-06,9.299999874201603e-06,1.9000008251168765e-06,0.0009008999995785416,0.003176000000166823,0.012229199999637785,0.0004496000001381617,1.0400000064691994e-05,0.003646899999694142,0.02108200000020588
