percentage,execution,k_s_sup,s_k_sub,t_k_sup,ns_s_sup,s_ns_sub,r_ar_sup,ar_r_sub,ns_sub_r,ks_sf_in,sub_r_r,n_r_t,ns_s_spe,nk_k_sup,s_nsup_k,nrs_ns_r,total_time
70,7,0.0033756000048015267,0.024062100012088194,0.019563499998184852,0.00010640000982675701,0.049151899991557,0.03789079998387024,1.68999977177009e-05,2.6000052457675338e-06,1.4500008546747267e-05,2.36999912885949e-05,9.60000033956021e-06,0.0018421999993734062,0.00470929998846259,0.004185800004051998,8.600007276982069e-06,0.14496350000263192
