percentage,execution,k_s_sup,s_k_sub,t_k_sup,ns_s_sup,s_ns_sub,r_ar_sup,ar_r_sub,ns_sub_r,ks_sf_in,sub_r_r,n_r_t,ns_s_spe,nk_k_sup,s_nsup_k,nrs_ns_r,total_time
15,2,1.179997343569994e-05,0.0027623000787571073,1.2399978004395962e-05,1.1299969628453255e-05,0.01234909996856004,0.014535099966451526,1.1899974197149277e-05,2.100015990436077e-06,1.1499971151351929e-05,1.9600032828748226e-05,7.300055585801601e-06,5.900044925510883e-06,0.0019376999698579311,0.0014748999383300543,8.500064723193645e-06,0.0331614000024274
