percentage,execution,ar_r_sub,k_s_sup,ks_sf_in,n_r_t,nk_k_sup,nrs_ns_r,ns_s_spe,ns_s_sup,ns_sub_r,r_ar_sup,s_k_sub,s_ns_sub,s_nsup_k,sub_r_r,t_k_sup,total_time
40,4,7.49000000723754e-05,8.04999999672873e-05,0.00022879999960423447,5.200000487093348e-06,0.0006579999999303254,5.800000508315861e-06,4.400000761961564e-06,9.800000043469481e-06,1.999998858082108e-06,7.920000007288763e-05,0.003956399999879068,0.01330479999887757,0.000562299999728566,1.1799999811046291e-05,0.0018921000000773347,0.020875999998679617
