percentage,execution,ar_r_sub,k_s_sup,ks_sf_in,n_r_t,nk_k_sup,nrs_ns_r,ns_s_spe,ns_s_sup,ns_sub_r,r_ar_sup,s_k_sub,s_ns_sub,s_nsup_k,sub_r_r,t_k_sup,total_time
60,7,9.79999913397478e-06,1.0200000360782724e-05,1.249999968422344e-05,5.4000001910026185e-06,0.0008531000003131339,5.199999577598646e-06,4.599999556376133e-06,8.799999704933725e-06,1.5999994502635673e-06,0.00852989999930287,0.00025860000096145086,0.00025160000041068997,0.0005911999996897066,1.1399999493733048e-05,9.800000043469481e-06,0.01056369999787421
