percentage,execution,ar_r_sub,k_s_sup,ks_sf_in,n_r_t,nk_k_sup,nrs_ns_r,ns_s_spe,ns_s_sup,ns_sub_r,r_ar_sup,s_k_sub,s_ns_sub,s_nsup_k,sub_r_r,t_k_sup,total_time
90,1,1.1900439858436584e-05,0.0025007999502122402,1.0899733752012253e-05,7.400289177894592e-06,0.0036594001576304436,6.1998143792152405e-06,0.0014494000934064388,7.899990305304527e-05,1.7997808754444122e-06,0.031672799959778786,0.019439599942415953,0.02524049999192357,0.003253099974244833,1.679966226220131e-05,0.01507049985229969,0.1024200995452702
