execution,ar_r_sub,k_s_sup,ks_sf_in,n_r_t,nk_k_sup,nrs_ns_r,ns_s_spe,ns_s_sup,ns_sub_r,r_ar_sup,s_k_sub,s_ns_sub,s_nsup_k,sub_r_r,t_k_sup,total_time
1,0.00017769995611160994,6.519991438835859e-05,1.6100122593343258e-05,1.2300093658268452e-05,0.015343900071457028,1.170008908957243e-05,1.0200077667832375e-05,1.6500125639140606e-05,1.8100137822329998e-05,6.029987707734108e-05,0.000753900152631104,0.0006328998133540154,0.00036910001654177904,2.950010821223259e-05,0.0006580001208931208,0.018175400677137077
2,1.0600080713629723e-05,0.00010109995491802692,1.0400079190731049e-05,5.599926225841045e-06,0.0001946999691426754,6.199930794537067e-06,5.09992241859436e-06,1.0799849405884743e-05,1.1200085282325745e-05,9.470002260059118e-05,0.0012733000330626965,0.005062100011855364,0.00015799992252141237,1.1500087566673756e-05,0.0012665999820455909,0.008221899857744575
