percentage,execution,k_s_sup,s_k_sub,t_k_sup,ns_s_sup,s_ns_sub,r_ar_sup,ar_r_sub,ns_sub_r,ks_sf_in,sub_r_r,n_r_t,ns_s_spe,nk_k_sup,s_nsup_k,nrs_ns_r,total_time
20,5,0.007584500010125339,0.029239200055599213,0.021959500038065016,0.00016629986930638552,0.06351499992888421,0.017520399880595505,0.012323599890805781,0.00040220015216618776,0.0006140000186860561,0.002351399976760149,4.9400026910007e-05,0.005053799948655069,0.014142800006084144,0.006834500003606081,2.589996438473463e-05,0.18178249977063388
