percentage,execution,k_s_sup,s_k_sub,t_k_sup,ns_s_sup,s_ns_sub,r_ar_sup,ar_r_sub,ns_sub_r,ks_sf_in,sub_r_r,n_r_t,ns_s_spe,nk_k_sup,s_nsup_k,nrs_ns_r,total_time
10,2,0.0009028000058606267,0.0038662999868392944,0.004091700000572018,8.440000237897038e-05,0.014027600002009422,0.009636599992518313,1.2699980288743973e-05,1.2500007869675756e-05,1.1500000255182385e-05,2.7400004910305142e-05,9.60000033956021e-06,0.002588500006822869,0.0012601999915204942,0.001069399993866682,1.0500007192604244e-05,0.03761169998324476
