percentage,execution,ar_r_sub,k_s_sup,ks_sf_in,n_r_t,nk_k_sup,nrs_ns_r,ns_s_spe,ns_s_sup,ns_sub_r,r_ar_sup,s_k_sub,s_ns_sub,s_nsup_k,sub_r_r,t_k_sup,total_time
60,9,0.015121000004000962,0.005285599967464805,0.0013810999225825071,1.9900151528418064e-05,0.04220490006264299,1.54001172631979e-05,0.004859600099734962,0.0001243998995050788,2.2999942302703857e-05,0.043709600111469626,0.029816800029948354,0.048902399954386055,0.010492400033399463,0.002694500144571066,0.025023900088854134,0.22967450052965432
