percentage,execution,ar_r_sub,k_s_sup,ks_sf_in,n_r_t,nk_k_sup,nrs_ns_r,ns_s_spe,ns_s_sup,ns_sub_r,r_ar_sup,s_k_sub,s_ns_sub,s_nsup_k,sub_r_r,t_k_sup,total_time
70,10,0.0009817001409828663,0.013601500540971756,0.001175799872726202,1.9799452275037766e-05,0.019799200352281332,1.679966226220131e-05,0.005543799605220556,0.00013369973748922348,0.0003717998042702675,0.05520439986139536,0.048953600227832794,0.0733145005069673,0.012129599694162607,4.6199653297662735e-05,0.03180920006707311,0.2631015991792083
