percentage,execution,k_s_sup,s_k_sub,t_k_sup,ns_s_sup,s_ns_sub,r_ar_sup,ar_r_sub,ns_sub_r,ks_sf_in,sub_r_r,n_r_t,ns_s_spe,nk_k_sup,s_nsup_k,nrs_ns_r,total_time
60,6,0.005200200001127087,0.0351712999981828,0.01819140001316555,0.0002130000211764127,0.05742430001555476,0.0386772999772802,0.004060899998876266,2.300001506228e-05,0.0010033000144176185,0.0006509000086225569,1.9799990695901215e-05,0.009549399997922592,0.0412886999984039,0.010227600010694005,1.6099991626106203e-05,0.22171720005280804
