percentage,execution,k_s_sup,s_k_sub,t_k_sup,ns_s_sup,s_ns_sub,r_ar_sup,ar_r_sub,ns_sub_r,ks_sf_in,sub_r_r,n_r_t,ns_s_spe,nk_k_sup,s_nsup_k,nrs_ns_r,total_time
30,8,0.005036200018366799,0.027983199994196184,0.009472900012042373,0.00017080000543501228,0.05149059998802841,0.03267060000507627,0.018589400016935542,3.199999628122896e-05,0.0006143000064184889,0.003606400001444854,1.999999221879989e-05,0.0058532999973976985,0.01989880001929123,0.0067347000003792346,1.889999839477241e-05,0.1821921000519069
