percentage,execution,ar_r_sub,k_s_sup,ks_sf_in,n_r_t,nk_k_sup,nrs_ns_r,ns_s_spe,ns_s_sup,ns_sub_r,r_ar_sup,s_k_sub,s_ns_sub,s_nsup_k,sub_r_r,t_k_sup,total_time
40,3,0.01671979995444417,0.01361030014231801,0.0009966995567083359,2.3099593818187714e-05,0.026704699732363224,2.0899809896945953e-05,0.005690999794751406,0.00020040012896060944,0.00044689932838082314,0.05075949989259243,0.05589789990335703,0.12388110067695379,0.010980700142681599,0.0030823000706732273,0.02453610021620989,0.3335513989441097
