percentage,execution,k_s_sup,s_k_sub,t_k_sup,ns_s_sup,s_ns_sub,r_ar_sup,ar_r_sub,ns_sub_r,ks_sf_in,sub_r_r,n_r_t,ns_s_spe,nk_k_sup,s_nsup_k,nrs_ns_r,total_time
90,2,0.013028599991230294,0.06465280000702478,0.04295500001171604,0.00029409999842755497,0.07153080000716727,0.0730401999753667,0.005875500020920299,3.3199990866705775e-05,0.0014167000044835731,0.0008566000033169985,2.069998299703002e-05,0.009912099994835444,0.027494299996760674,0.010823299991898239,1.4599994756281376e-05,0.3219484999717679
