percentage,execution,k_s_sup,s_k_sub,t_k_sup,ns_s_sup,s_ns_sub,r_ar_sup,ar_r_sub,ns_sub_r,ks_sf_in,sub_r_r,n_r_t,ns_s_spe,nk_k_sup,s_nsup_k,nrs_ns_r,total_time
90,2,0.007280500023625791,0.033457100042141974,0.024817800032906234,7.95999076217413e-05,0.042868300108239055,0.031568799866363406,0.002848600037395954,1.5999889001250267e-05,0.0009073001565411687,0.0005636001005768776,9.999959729611874e-06,0.0024963999167084694,0.005923699936829507,0.00539180007763207,6.8999361246824265e-06,0.1582363999914378
