percentage,execution,k_s_sup,s_k_sub,t_k_sup,ns_s_sup,s_ns_sub,r_ar_sup,ar_r_sub,ns_sub_r,ks_sf_in,sub_r_r,n_r_t,ns_s_spe,nk_k_sup,s_nsup_k,nrs_ns_r,total_time
20,7,0.006518199996207841,0.026538899997831322,0.03117289999499917,0.00028419999580364674,0.07505400000081863,0.017479500005720183,2.820001100189984e-05,2.6500012609176338e-05,2.379999205004424e-05,6.0000005760230124e-05,1.8999999156221747e-05,0.01022170000942424,0.0187135999876773,0.006091500006732531,2.0799998310394585e-05,0.19225280001410283
