percentage,execution,ar_r_sub,k_s_sup,ks_sf_in,n_r_t,nk_k_sup,nrs_ns_r,ns_s_spe,ns_s_sup,ns_sub_r,r_ar_sup,s_k_sub,s_ns_sub,s_nsup_k,sub_r_r,t_k_sup,total_time
10,8,8.499994874000549e-05,1.4299992471933365e-05,0.00026739994063973427,9.700190275907516e-06,0.0032444000244140625,1.0299962013959885e-05,6.299931555986404e-06,1.2499745935201645e-05,1.340080052614212e-05,0.015332500450313091,0.007179999724030495,0.026953000109642744,0.002447100356221199,3.0199997127056122e-05,1.7399899661540985e-05,0.05562350107356906
