percentage,execution,ar_r_sub,k_s_sup,ks_sf_in,n_r_t,nk_k_sup,nrs_ns_r,ns_s_spe,ns_s_sup,ns_sub_r,r_ar_sup,s_k_sub,s_ns_sub,s_nsup_k,sub_r_r,t_k_sup,total_time
80,5,0.004163699923083186,0.009933600085787475,0.0013687999453395605,1.9500148482620716e-05,0.021233199979178607,4.509999416768551e-05,0.009587899898178875,0.00021379999816417694,2.3000058718025684e-05,0.04712070000823587,0.04923070012591779,0.06759150000289083,0.010772199952043593,0.0006102999905124307,0.03493730002082884,0.25685130013152957
