percentage,execution,k_s_sup,s_k_sub,t_k_sup,ns_s_sup,s_ns_sub,r_ar_sup,ar_r_sub,ns_sub_r,ks_sf_in,sub_r_r,n_r_t,ns_s_spe,nk_k_sup,s_nsup_k,nrs_ns_r,total_time
40,2,0.0111785999906715,0.05743909999728203,0.03798639999877196,0.00028219999512657523,0.10479709999344777,0.03830279999237973,0.012016699998639524,0.0003718999942066148,0.0004468999832170084,0.002271099991048686,1.9699989934451878e-05,0.009748600001330487,0.026663299999199808,0.010459599987370893,2.340000355616212e-05,0.3120073999161832
