percentage,execution,ar_r_sub,k_s_sup,ks_sf_in,n_r_t,nk_k_sup,nrs_ns_r,ns_s_spe,ns_s_sup,ns_sub_r,r_ar_sup,s_k_sub,s_ns_sub,s_nsup_k,sub_r_r,t_k_sup,total_time
20,4,0.00030159996822476387,0.003642499912530184,2.5200191885232925e-05,1.9000377506017685e-05,0.023717299569398165,3.480026498436928e-05,0.005543899722397327,0.00016879988834261894,2.8300099074840546e-05,0.026097800582647324,0.01918889954686165,0.046440799720585346,0.005573599599301815,5.920045077800751e-05,0.017130999825894833,0.1479726997204125
