percentage,execution,k_s_sup,s_k_sub,t_k_sup,ns_s_sup,s_ns_sub,r_ar_sup,ar_r_sub,ns_sub_r,ks_sf_in,sub_r_r,n_r_t,ns_s_spe,nk_k_sup,s_nsup_k,nrs_ns_r,total_time
20,2,0.005897399969398975,0.007822800078429282,0.0058908999199047685,0.0001599000534042716,0.023401300073601305,0.029284300049766898,0.018394900020211935,0.00043809995986521244,0.0009220999199897051,0.0035989999305456877,1.9299914129078388e-05,0.005006299936212599,0.015875900047831237,0.005174699937924743,2.1100160665810108e-05,0.12190799997188151
