percentage,execution,k_s_sup,s_k_sub,t_k_sup,ns_s_sup,s_ns_sub,r_ar_sup,ar_r_sub,ns_sub_r,ks_sf_in,sub_r_r,n_r_t,ns_s_spe,nk_k_sup,s_nsup_k,nrs_ns_r,total_time
80,1,0.0105801000026986,0.04719020001357421,0.035319000002346,0.00021549999655690044,0.06615349999628961,0.04205509999883361,0.0040569999982835725,2.2999985958449543e-05,0.0010787000210257247,0.0006128999957581982,1.999999221879989e-05,0.009630300002754666,0.021190200001001358,0.011239199986448511,1.479999627918005e-05,0.2493794999900274
