percentage,execution,ar_r_sub,k_s_sup,ks_sf_in,n_r_t,nk_k_sup,nrs_ns_r,ns_s_spe,ns_s_sup,ns_sub_r,r_ar_sup,s_k_sub,s_ns_sub,s_nsup_k,sub_r_r,t_k_sup,total_time
50,10,0.018963700043968856,0.014729000045917928,0.0009480000007897615,2.3799948394298553e-05,0.025292999926023185,1.850002445280552e-05,0.005357899935916066,0.00018100009765475988,0.00041030021384358406,0.05155259999446571,0.0634997000452131,0.10196930007077754,0.01074459997471422,0.0034178000641986728,0.04032499995082617,0.33743420033715665
