percentage,execution,ar_r_sub,k_s_sup,ks_sf_in,n_r_t,nk_k_sup,nrs_ns_r,ns_s_spe,ns_s_sup,ns_sub_r,r_ar_sup,s_k_sub,s_ns_sub,s_nsup_k,sub_r_r,t_k_sup,total_time
80,3,0.0080857000011747,0.00969959999929415,0.0010436000002300716,1.9499999325489625e-05,0.020926700000018172,1.4399999599845614e-05,0.009343700000499666,0.00020940000104019418,2.5299999833805487e-05,0.03796319999946718,0.04474020000088785,0.06235629999991943,0.010310300000128336,0.001470799999879091,0.027554399999644374,0.23376310000094236
