percentage,execution,k_s_sup,s_k_sub,t_k_sup,ns_s_sup,s_ns_sub,r_ar_sup,ar_r_sub,ns_sub_r,ks_sf_in,sub_r_r,n_r_t,ns_s_spe,nk_k_sup,s_nsup_k,nrs_ns_r,total_time
90,7,0.008494900015648454,0.04723300000478048,0.0342701999907149,0.0002094000083161518,0.05415029999858234,0.05007679999107495,0.0041944999975385144,2.3100001271814108e-05,0.001077300010365434,0.000640500002191402,1.999997766688466e-05,0.00963340001180768,0.02128909999737516,0.010650999989593402,1.4299992471933365e-05,0.2419777999893995
