percentage,execution,ar_r_sub,k_s_sup,ks_sf_in,n_r_t,nk_k_sup,nrs_ns_r,ns_s_spe,ns_s_sup,ns_sub_r,r_ar_sup,s_k_sub,s_ns_sub,s_nsup_k,sub_r_r,t_k_sup,total_time
20,5,0.0002987994812428951,0.008673700969666243,0.0004964997060596943,1.9900035113096237e-05,0.0419624000787735,2.259993925690651e-05,0.010400599800050259,0.00029930006712675095,0.0004029003903269768,0.029247200582176447,0.04245429998263717,0.09309169976040721,0.008656699676066637,6.230035796761513e-05,0.017702399753034115,0.2537913005799055
