percentage,execution,ar_r_sub,k_s_sup,ks_sf_in,n_r_t,nk_k_sup,nrs_ns_r,ns_s_spe,ns_s_sup,ns_sub_r,r_ar_sup,s_k_sub,s_ns_sub,s_nsup_k,sub_r_r,t_k_sup,total_time
10,9,1.3499986380338669e-05,0.004922199994325638,1.2699863873422146e-05,9.300070814788342e-06,0.0026424999814480543,1.109996810555458e-05,0.002646300010383129,8.160003926604986e-05,0.00019420008175075054,0.011086899903602898,0.010155699914321303,0.03575730009470135,0.0023401000071316957,3.029999788850546e-05,0.003437599982134998,0.07334129989612848
