percentage,execution,k_s_sup,s_k_sub,t_k_sup,ns_s_sup,s_ns_sub,r_ar_sup,ar_r_sub,ns_sub_r,ks_sf_in,sub_r_r,n_r_t,ns_s_spe,nk_k_sup,s_nsup_k,nrs_ns_r,total_time
20,2,9.069997759070247e-05,0.008433600014541298,0.007146399962948635,1.829999382607639e-05,0.03406469999754336,8.760001219343394e-05,0.0002629999798955396,1.9800005247816443e-05,0.0005455000064102933,2.5399989681318402e-05,1.2099990271963179e-05,9.199997293762863e-06,0.011251200005062856,0.001460699990275316,1.2599994079209864e-05,0.06344079991686158
