percentage,execution,k_s_sup,s_k_sub,t_k_sup,ns_s_sup,s_ns_sub,r_ar_sup,ar_r_sub,ns_sub_r,ks_sf_in,sub_r_r,n_r_t,ns_s_spe,nk_k_sup,s_nsup_k,nrs_ns_r,total_time
60,3,0.00245800000266172,0.00841909997689072,0.00492780000786297,0.00015580000763293356,0.014554999987012707,0.002534099985496141,0.008877700005541556,2.120001590810716e-05,0.0008627000061096624,2.609999501146376e-05,1.2300006346777081e-05,0.001436999998986721,0.011725600008503534,0.0020130000048084185,0.00020209999638609588,0.05822750000515953
