percentage,execution,ar_r_sub,k_s_sup,ks_sf_in,n_r_t,nk_k_sup,nrs_ns_r,ns_s_spe,ns_s_sup,ns_sub_r,r_ar_sup,s_k_sub,s_ns_sub,s_nsup_k,sub_r_r,t_k_sup,total_time
10,3,0.0001423998037353158,8.719996549189091e-05,0.0006182000506669283,1.1399970389902592e-05,0.011075499933212996,1.2499978765845299e-05,8.999952115118504e-06,1.8899678252637386e-05,1.9300146959722042e-05,8.370005525648594e-05,0.008273100131191313,0.03740120003931224,0.0014186000917106867,2.5699962861835957e-05,0.007166100083850324,0.06636279984377325
