percentage,execution,ar_r_sub,k_s_sup,ks_sf_in,n_r_t,nk_k_sup,nrs_ns_r,ns_s_spe,ns_s_sup,ns_sub_r,r_ar_sup,s_k_sub,s_ns_sub,s_nsup_k,sub_r_r,t_k_sup,total_time
80,8,0.006133100017905235,8.050026372075081e-05,0.0009327996522188187,6.00004568696022e-06,0.00173879973590374,0.00012129964306950569,5.09992241859436e-06,1.019984483718872e-05,1.090019941329956e-05,0.002512000035494566,0.008766800165176392,0.015329299960285425,0.0013321000151336193,1.3100448995828629e-05,0.007206799928098917,0.04419879987835884
