percentage,execution,ar_r_sub,k_s_sup,ks_sf_in,n_r_t,nk_k_sup,nrs_ns_r,ns_s_spe,ns_s_sup,ns_sub_r,r_ar_sup,s_k_sub,s_ns_sub,s_nsup_k,sub_r_r,t_k_sup,total_time
20,2,0.00014869961887598038,0.0009185997769236565,0.00048079993575811386,1.2299511581659317e-05,0.011080499738454819,1.2800097465515137e-05,0.0015100999735295773,0.00015299953520298004,2.040015533566475e-05,0.000985800288617611,0.00582500034943223,0.02267399989068508,0.0013072998262941837,2.9599759727716446e-05,0.005082900170236826,0.050241798628121614
