percentage,execution,ar_r_sub,k_s_sup,ks_sf_in,n_r_t,nk_k_sup,nrs_ns_r,ns_s_spe,ns_s_sup,ns_sub_r,r_ar_sup,s_k_sub,s_ns_sub,s_nsup_k,sub_r_r,t_k_sup,total_time
90,5,0.006458199582993984,8.030002936720848e-05,0.0010052998550236225,6.6999346017837524e-06,0.001486700028181076,0.00010199984535574913,5.200039595365524e-06,1.0299496352672577e-05,1.2599863111972809e-05,0.002606600057333708,0.008496700320392847,0.011982600204646587,0.0012579001486301422,1.3399869203567505e-05,0.007035999558866024,0.04056049883365631
