percentage,execution,k_s_sup,s_k_sub,t_k_sup,ns_s_sup,s_ns_sub,r_ar_sup,ar_r_sub,ns_sub_r,ks_sf_in,sub_r_r,n_r_t,ns_s_spe,nk_k_sup,s_nsup_k,nrs_ns_r,total_time
10,10,8.779999916441739e-05,0.008178200005204417,0.006797200010623783,1.8399980035610497e-05,0.03734099998837337,8.350001007784158e-05,0.0001438000035705045,1.9499988411553204e-05,0.0005597999988822266,2.659996971487999e-05,1.1399999493733048e-05,9.100011084228754e-06,0.010974500022712164,0.0013605999993160367,1.3599987141788006e-05,0.06562499997380655
