percentage,execution,k_s_sup,s_k_sub,t_k_sup,ns_s_sup,s_ns_sub,r_ar_sup,ar_r_sub,ns_sub_r,ks_sf_in,sub_r_r,n_r_t,ns_s_spe,nk_k_sup,s_nsup_k,nrs_ns_r,total_time
60,7,8.240000170189887e-05,0.00796950000221841,0.007076000008964911,1.0800009476952255e-05,0.021310500014806166,0.0016898000030778348,0.00026139999681618065,1.1199997970834374e-05,0.00042410001333337277,1.3200013199821115e-05,6.300004315562546e-06,5.199995939619839e-06,0.0014924999995855615,0.0012553999986266717,6.100002792663872e-06,0.04161440006282646
