percentage,execution,k_s_sup,s_k_sub,t_k_sup,ns_s_sup,s_ns_sub,r_ar_sup,ar_r_sub,ns_sub_r,ks_sf_in,sub_r_r,n_r_t,ns_s_spe,nk_k_sup,s_nsup_k,nrs_ns_r,total_time
30,4,8.840000373311341e-05,0.00826589998905547,0.007039299976895563,1.9099985365755856e-05,0.03138660002150573,0.003189900002325885,0.00027699998463504016,2.020000829361379e-05,0.0009481000015512109,2.6400011847727e-05,1.1800002539530396e-05,9.500014130026102e-06,0.00805469999613706,0.0016243999998550862,1.270000939257443e-05,0.060974000007263385
