percentage,execution,ar_r_sub,k_s_sup,ks_sf_in,n_r_t,nk_k_sup,nrs_ns_r,ns_s_spe,ns_s_sup,ns_sub_r,r_ar_sup,s_k_sub,s_ns_sub,s_nsup_k,sub_r_r,t_k_sup,total_time
70,10,0.0046397000551223755,0.004221099428832531,0.0004640999250113964,1.219986006617546e-05,0.011655799578875303,1.1000782251358032e-05,0.0014267000369727612,0.00015999982133507729,2.1900516003370285e-05,0.004245399497449398,0.00891759991645813,0.015037499833852053,0.0018664998933672905,2.6599504053592682e-05,0.005300499498844147,0.05800659814849496
