percentage,execution,ar_r_sub,k_s_sup,ks_sf_in,n_r_t,nk_k_sup,nrs_ns_r,ns_s_spe,ns_s_sup,ns_sub_r,r_ar_sup,s_k_sub,s_ns_sub,s_nsup_k,sub_r_r,t_k_sup,total_time
90,3,0.002302900073118508,0.0024141999892890453,0.00043299992103129625,6.00004568696022e-06,0.0012385998852550983,5.700043402612209e-06,0.0007181999972090125,7.569999434053898e-05,1.1500087566673756e-05,0.002562599955126643,0.006192200002260506,0.009594500064849854,0.001091000041924417,1.3199984095990658e-05,0.004922300111502409,0.031581600196659565
