percentage,execution,ar_r_sub,k_s_sup,ks_sf_in,n_r_t,nk_k_sup,nrs_ns_r,ns_s_spe,ns_s_sup,ns_sub_r,r_ar_sup,s_k_sub,s_ns_sub,s_nsup_k,sub_r_r,t_k_sup,total_time
20,4,7.930000174383167e-05,0.003973400000177207,9.800000043469481e-06,5.899999450775795e-06,0.0002843999991455348,6.099999154685065e-06,0.0007513999989896547,7.640000148967374e-05,0.00015270000039890874,0.0027145000003656605,0.00013489999946614262,0.00012889999925391749,0.00022150000040710438,1.320000046689529e-05,8.899999920686241e-05,0.008641399999760324
