percentage,execution,ar_r_sub,k_s_sup,ks_sf_in,n_r_t,nk_k_sup,nrs_ns_r,ns_s_spe,ns_s_sup,ns_sub_r,r_ar_sup,s_k_sub,s_ns_sub,s_nsup_k,sub_r_r,t_k_sup,total_time
20,4,0.00015110010281205177,8.720008190721273e-05,1.809967216104269e-05,1.1399970389902592e-05,0.007703200099058449,1.2499978765845299e-05,9.199953638017178e-06,1.8400023691356182e-05,1.9900151528418064e-05,0.0030788000440225005,0.00814330019056797,0.03374029998667538,0.0014731999253854156,2.410018350929022e-05,0.006957099889405072,0.061447800253517926
