percentage,execution,k_s_sup,s_k_sub,t_k_sup,ns_s_sup,s_ns_sub,r_ar_sup,ar_r_sub,ns_sub_r,ks_sf_in,sub_r_r,n_r_t,ns_s_spe,nk_k_sup,s_nsup_k,nrs_ns_r,total_time
60,10,0.005016200026147999,0.006501599986222573,0.005082200004835613,7.730000652372837e-05,0.012793400004738942,0.0037501000188058242,0.006667299996479414,0.00015639999764971435,0.0005104000010760501,1.379998866468668e-05,6.399990525096655e-06,0.0007142999966163188,0.0012439000129234046,0.0010968999995384365,0.00010029999248217791,0.04373050002322998
