percentage,execution,k_s_sup,s_k_sub,t_k_sup,ns_s_sup,s_ns_sub,r_ar_sup,ar_r_sub,ns_sub_r,ks_sf_in,sub_r_r,n_r_t,ns_s_spe,nk_k_sup,s_nsup_k,nrs_ns_r,total_time
70,4,0.003964400006225333,0.005654799999319948,0.005229200003668666,0.00014869999722577631,0.011825499997939914,0.0041314000118291005,0.0004917999904137105,2.0899999071843922e-05,0.0008505000150762498,2.5399989681318402e-05,1.1900003300979733e-05,0.0013916000025346875,0.01125060000049416,0.001811399997677654,1.309999788645655e-05,0.0468212000123458
