percentage,execution,ar_r_sub,k_s_sup,ks_sf_in,n_r_t,nk_k_sup,nrs_ns_r,ns_s_spe,ns_s_sup,ns_sub_r,r_ar_sup,s_k_sub,s_ns_sub,s_nsup_k,sub_r_r,t_k_sup,total_time
80,8,0.007772500001010485,0.002868900000976282,0.0009326000017608749,1.21000011858996e-05,0.011585700001887744,0.00020399999993969686,0.001402800000505522,0.00011249999988649506,1.5699999494245276e-05,0.002854799999113311,0.005605400001513772,0.008631100001366576,0.0021601999997074017,1.9699999029398896e-05,0.002676000001883949,0.046854000009261654
