percentage,execution,k_s_sup,s_k_sub,t_k_sup,ns_s_sup,s_ns_sub,r_ar_sup,ar_r_sub,ns_sub_r,ks_sf_in,sub_r_r,n_r_t,ns_s_spe,nk_k_sup,s_nsup_k,nrs_ns_r,total_time
20,3,8.800001523923129e-05,0.010134599986486137,0.006892299992614426,1.9000013708136976e-05,0.03525820000504609,8.689999231137335e-05,0.007610899992869236,2.0699997548945248e-05,0.0009756000072229654,2.5899993488565087e-05,1.200000406242907e-05,9.300012607127428e-06,0.01149200000509154,0.0016594999906374142,0.00022399998852051795,0.07450889999745414
