percentage,execution,ar_r_sub,k_s_sup,ks_sf_in,n_r_t,nk_k_sup,nrs_ns_r,ns_s_spe,ns_s_sup,ns_sub_r,r_ar_sup,s_k_sub,s_ns_sub,s_nsup_k,sub_r_r,t_k_sup,total_time
20,3,0.015497800428420305,0.0042420001700520515,0.00023459969088435173,6.0996972024440765e-06,0.0012742998078465462,0.000300500076264143,0.0007752999663352966,8.090026676654816e-05,0.0001509999856352806,0.0028396002016961575,0.007000099867582321,0.02295519970357418,0.0011184997856616974,1.4099758118391037e-05,0.005162199959158897,0.06165219936519861
