percentage,execution,ar_r_sub,k_s_sup,ks_sf_in,n_r_t,nk_k_sup,nrs_ns_r,ns_s_spe,ns_s_sup,ns_sub_r,r_ar_sup,s_k_sub,s_ns_sub,s_nsup_k,sub_r_r,t_k_sup,total_time
70,3,0.0006190999411046505,8.819997310638428e-05,0.001352699939161539,1.2299977242946625e-05,0.008558099623769522,1.1200085282325745e-05,9.700190275907516e-06,2.020038664340973e-05,2.3900531232357025e-05,0.0062696002423763275,0.008062200155109167,0.014210000168532133,0.0021703997626900673,2.589961513876915e-05,0.006961499806493521,0.04839500039815903
