percentage,execution,ar_r_sub,k_s_sup,ks_sf_in,n_r_t,nk_k_sup,nrs_ns_r,ns_s_spe,ns_s_sup,ns_sub_r,r_ar_sup,s_k_sub,s_ns_sub,s_nsup_k,sub_r_r,t_k_sup,total_time
10,3,7.489975541830063e-05,1.0200776159763336e-05,9.09995287656784e-06,5.6996941566467285e-06,0.00030960002914071083,6.299931555986404e-06,4.599802196025848e-06,8.90018418431282e-06,9.499955922365189e-06,9.700190275907516e-06,7.739989086985588e-05,7.659988477826118e-05,0.000228899996727705,1.200009137392044e-05,9.700190275907516e-06,0.0008531003259122372
