percentage,execution,ar_r_sub,k_s_sup,ks_sf_in,n_r_t,nk_k_sup,nrs_ns_r,ns_s_spe,ns_s_sup,ns_sub_r,r_ar_sup,s_k_sub,s_ns_sub,s_nsup_k,sub_r_r,t_k_sup,total_time
20,2,0.0074983000522479415,8.899997919797897e-05,0.0009625999955460429,1.2100092135369778e-05,0.011997700086794794,0.00020309991668909788,9.399955160915852e-06,1.9499915651977062e-05,2.210005186498165e-05,8.710019756108522e-05,0.010511299944482744,0.035675100050866604,0.0017023999243974686,2.6600086130201817e-05,0.0070772001054137945,0.075893500354141
