percentage,execution,ar_r_sub,k_s_sup,ks_sf_in,n_r_t,nk_k_sup,nrs_ns_r,ns_s_spe,ns_s_sup,ns_sub_r,r_ar_sup,s_k_sub,s_ns_sub,s_nsup_k,sub_r_r,t_k_sup,total_time
10,8,7.079995702952147e-05,9.900075383484364e-06,8.900067768990993e-06,9.399955160915852e-06,0.00030209997203201056,6.199930794537067e-06,4.600035026669502e-06,1.1500087566673756e-05,9.299837984144688e-06,9.900075383484364e-06,7.429986726492643e-05,7.25998543202877e-05,0.00021299999207258224,1.1500087566673756e-05,9.300070814788342e-06,0.0008232998661696911
