percentage,execution,ar_r_sub,k_s_sup,ks_sf_in,n_r_t,nk_k_sup,nrs_ns_r,ns_s_spe,ns_s_sup,ns_sub_r,r_ar_sup,s_k_sub,s_ns_sub,s_nsup_k,sub_r_r,t_k_sup,total_time
50,7,0.010982099920511246,0.0017261002212762833,0.000269399955868721,6.1998143792152405e-06,0.0012372001074254513,0.00019699987024068832,0.0007227999158203602,8.429959416389465e-05,1.1100433766841888e-05,0.001698399893939495,0.006729600019752979,0.019304499495774508,0.0010871998965740204,1.3799872249364853e-05,0.005117300432175398,0.04918699944391847
