percentage,execution,ar_r_sub,k_s_sup,ks_sf_in,n_r_t,nk_k_sup,nrs_ns_r,ns_s_spe,ns_s_sup,ns_sub_r,r_ar_sup,s_k_sub,s_ns_sub,s_nsup_k,sub_r_r,t_k_sup,total_time
20,2,0.01196100004017353,9.649991989135742e-05,0.0005576005205512047,1.219986006617546e-05,0.008139699697494507,0.0003948998637497425,9.499955922365189e-06,1.9799917936325073e-05,2.110050991177559e-05,0.0031516999006271362,0.010526699479669333,0.035948601085692644,0.0018354002386331558,2.6399269700050354e-05,0.007110200822353363,0.07981130108237267
