percentage,execution,k_s_sup,s_k_sub,t_k_sup,ns_s_sup,s_ns_sub,r_ar_sup,ar_r_sub,ns_sub_r,ks_sf_in,sub_r_r,n_r_t,ns_s_spe,nk_k_sup,s_nsup_k,nrs_ns_r,total_time
60,5,8.850000449456275e-05,0.009991699989768676,0.0067149999958928674,1.9400002202019095e-05,0.01896969998779241,0.003017600000021048,0.007840700025553815,2.160000440198928e-05,0.0017989000043598935,2.5299988919869065e-05,1.2400007108226418e-05,9.60000033956021e-06,0.008239499977207743,0.0022021999902790412,0.00024179999309126288,0.059193899971432984
