percentage,execution,ar_r_sub,k_s_sup,ks_sf_in,n_r_t,nk_k_sup,nrs_ns_r,ns_s_spe,ns_s_sup,ns_sub_r,r_ar_sup,s_k_sub,s_ns_sub,s_nsup_k,sub_r_r,t_k_sup,total_time
40,6,0.01103499997407198,0.004956800024956465,0.0002356999320909381,5.999929271638393e-06,0.0012478999560698867,0.00019920000340789557,0.0007689000340178609,7.860013283789158e-05,0.00014919997192919254,0.0035649000201374292,0.006644399953074753,0.019160799914970994,0.0010989999864250422,1.309998333454132e-05,0.00503010000102222,0.05418959981761873
