percentage,execution,ar_r_sub,k_s_sup,ks_sf_in,n_r_t,nk_k_sup,nrs_ns_r,ns_s_spe,ns_s_sup,ns_sub_r,r_ar_sup,s_k_sub,s_ns_sub,s_nsup_k,sub_r_r,t_k_sup,total_time
90,9,0.0017852999735623598,8.050003089010715e-05,0.0011093999492004514,6.100046448409557e-06,0.001715000020340085,5.899928510189056e-06,5.00003807246685e-06,1.0299845598638058e-05,1.1499971151351929e-05,0.0024498000275343657,0.008324300055392087,0.01151769992429763,0.001421299995854497,1.279998105019331e-05,0.007029800093732774,0.035484699881635606
