percentage,execution,ar_r_sub,k_s_sup,ks_sf_in,n_r_t,nk_k_sup,nrs_ns_r,ns_s_spe,ns_s_sup,ns_sub_r,r_ar_sup,s_k_sub,s_ns_sub,s_nsup_k,sub_r_r,t_k_sup,total_time
30,10,0.00014199968427419662,0.004321700427681208,1.0499730706214905e-05,6.299931555986404e-06,0.0005718995817005634,2.110004425048828e-05,0.0007687998004257679,7.660035043954849e-05,0.00015199976041913033,0.0028030998073518276,0.00020289979875087738,0.00019840057939291,0.000426699873059988,1.309998333454132e-05,0.00010150019079446793,0.009816599544137716
