percentage,execution,k_s_sup,s_k_sub,t_k_sup,ns_s_sup,s_ns_sub,r_ar_sup,ar_r_sub,ns_sub_r,ks_sf_in,sub_r_r,n_r_t,ns_s_spe,nk_k_sup,s_nsup_k,nrs_ns_r,total_time
50,1,9.029998909682035e-05,0.008057899991399609,0.006890199991175905,1.9500002963468432e-05,0.021264699986204505,0.004749199986690655,0.0005133000086061656,2.050002512987703e-05,0.001277300005313009,2.5999994250014424e-05,1.2300006346777081e-05,9.2999980552122e-06,0.00815340000553988,0.0019693000067491084,1.1500000255182385e-05,0.05306469999777619
