execution,k_s_sup,s_k_sub,t_k_sup,ns_s_sup,s_ns_sub,r_ar_sup,ar_r_sub,ns_sub_r,ks_sf_in,sub_r_r,n_r_t,ns_s_spe,nk_k_sup,s_nsup_k,nrs_ns_r,total_time
1,0.008536499983165413,8.070003241300583e-05,9.570003021508455e-05,0.0009487000061199069,7.730000652372837e-05,0.0057354000164195895,1.5400000847876072e-05,0.0003141000051982701,1.109996810555458e-05,1.4199991710484028e-05,7.00005330145359e-06,0.0010904999799095094,5.799985956400633e-06,4.699977580457926e-06,6.199989002197981e-06,0.016943300026468933
2,1.8199963960796595e-05,1.179997343569994e-05,1.2599979527294636e-05,8.599995635449886e-05,1.0000017937272787e-05,8.000002708286047e-05,9.299954399466515e-06,1.009996049106121e-05,9.000010322779417e-06,2.1200045011937618e-05,6.099988240748644e-06,0.0006478999857790768,5.500041879713535e-06,4.999979864805937e-06,5.599984433501959e-06,0.0009382998687215149
3,0.004456400056369603,0.0018495999393053353,0.0037859000149182975,8.300004992634058e-05,0.009555199998430908,0.003601500007789582,1.1300086043775082e-05,0.0001669999910518527,1.0599964298307896e-05,1.3300043065100908e-05,5.999987479299307e-06,0.0006183000514283776,0.0008095999946817756,0.00046529999235644937,7.199996616691351e-06,0.025440200173761696
4,0.008769100008066744,8.329999400302768e-05,0.00011040002573281527,0.0001422999775968492,7.700000423938036e-05,0.00582119997125119,1.0500079952180386e-05,0.00408190005691722,1.0399962775409222e-05,1.3000040780752897e-05,2.3100001271814108e-05,0.001106100040487945,5.999987479299307e-06,5.199981387704611e-06,5.599984433501959e-06,0.020265100116375834
5,9.500014130026102e-06,8.90000956133008e-06,9.500014130026102e-06,7.909996202215552e-05,9.300012607127428e-06,7.730000652372837e-05,9.400013368576765e-06,9.800074622035027e-06,9.100011084228754e-06,1.1699972674250603e-05,5.89998671784997e-06,0.0005719000473618507,5.299982149153948e-06,4.699977580457926e-06,5.399982910603285e-06,0.0008268000674434006
6,0.009166200004983693,0.00010320002911612391,0.00011510000331327319,0.0010020000045187771,8.750002598389983e-05,0.0062482000212185085,1.0399962775409222e-05,0.00027849996695294976,1.2999982573091984e-05,1.5099998563528061e-05,8.500006515532732e-06,0.0011690999963320792,5.600042641162872e-06,5.00003807246685e-06,5.599984433501959e-06,0.018233000067994
