percentage,execution,k_s_sup,s_k_sub,t_k_sup,ns_s_sup,s_ns_sub,r_ar_sup,ar_r_sub,ns_sub_r,ks_sf_in,sub_r_r,n_r_t,ns_s_spe,nk_k_sup,s_nsup_k,nrs_ns_r,total_time
90,9,0.003021500015165657,0.009152200014796108,0.02145649999147281,0.00011820001236628741,0.009159099994576536,0.026786600006744266,1.680001150816679e-05,1.6599995433352888e-05,1.820000761654228e-05,4.8999994760379195e-05,1.2999997125007212e-05,0.0019183000113116577,0.009693600019090809,0.0032278000144287944,1.0599993402138352e-05,0.08465800007979851
