percentage,execution,ar_r_sub,k_s_sup,ks_sf_in,n_r_t,nk_k_sup,nrs_ns_r,ns_s_spe,ns_s_sup,ns_sub_r,r_ar_sup,s_k_sub,s_ns_sub,s_nsup_k,sub_r_r,t_k_sup,total_time
90,4,1.6999896615743637e-05,0.0029772999696433544,1.5199882909655571e-05,1.2999982573091984e-05,0.009574700030498207,1.0499963536858559e-05,0.0019606000278145075,0.00011950009502470493,1.7700018361210823e-05,0.027413800009526312,0.008261300041340292,0.00828219996765256,0.003187500056810677,2.150004729628563e-05,0.01812330004759133,0.07999510003719479
