percentage,execution,k_s_sup,s_k_sub,t_k_sup,ns_s_sup,s_ns_sub,r_ar_sup,ar_r_sub,ns_sub_r,ks_sf_in,sub_r_r,n_r_t,ns_s_spe,nk_k_sup,s_nsup_k,nrs_ns_r,total_time
90,5,0.0027719999925466254,0.007781099979183637,0.017109899999923073,0.00011729999096132815,0.0077984000236028805,0.027788799998234026,1.9500002963468432e-05,1.5700003132224083e-05,1.4499993994832039e-05,2.130000211764127e-05,1.2599994079209864e-05,0.0018810000037774444,0.009288599991123192,0.003078499998082407,1.0400006431154907e-05,0.07770959998015314
