percentage,execution,ar_r_sub,k_s_sup,ks_sf_in,n_r_t,nk_k_sup,nrs_ns_r,ns_s_spe,ns_s_sup,ns_sub_r,r_ar_sup,s_k_sub,s_ns_sub,s_nsup_k,sub_r_r,t_k_sup,total_time
10,2,1.0300427675247192e-05,1.1200085282325745e-05,1.00000761449337e-05,6.299931555986404e-06,0.0002469997853040695,6.9998204708099365e-06,4.699919372797012e-06,9.499955922365189e-06,1.0299962013959885e-05,0.004873399622738361,8.560018613934517e-05,7.589953020215034e-05,0.0002260003238916397,1.530023291707039e-05,1.0300427675247192e-05,0.005602800287306309
