percentage,execution,k_s_sup,s_k_sub,t_k_sup,ns_s_sup,s_ns_sub,r_ar_sup,ar_r_sub,ns_sub_r,ks_sf_in,sub_r_r,n_r_t,ns_s_spe,nk_k_sup,s_nsup_k,nrs_ns_r,total_time
40,4,0.005099699992570095,0.006132299997261725,0.0135662999964552,7.739999273326248e-05,0.019672399997944012,0.010189299995545298,1.0900010238401592e-05,0.0001438000035705045,1.0199990356341004e-05,1.4499993994832039e-05,6.599992047995329e-06,0.0009834999946178868,0.0015551999968010932,0.0013266000023577362,9.199997293762863e-06,0.058797899953788146
