percentage,execution,k_s_sup,s_k_sub,t_k_sup,ns_s_sup,s_ns_sub,r_ar_sup,ar_r_sub,ns_sub_r,ks_sf_in,sub_r_r,n_r_t,ns_s_spe,nk_k_sup,s_nsup_k,nrs_ns_r,total_time
40,3,0.0075087000004714355,0.012292400002479553,0.026917900002445094,0.00019049998081754893,0.03266279997478705,0.020218799996655434,2.370000584051013e-05,0.0032479000074090436,2.0499996026046574e-05,2.9300004825927317e-05,1.3199998647905886e-05,0.0019709000043803826,0.009644200021284632,0.003044300014153123,1.2600008631125093e-05,0.11779770001885481
