percentage,execution,k_s_sup,s_k_sub,t_k_sup,ns_s_sup,s_ns_sub,r_ar_sup,ar_r_sub,ns_sub_r,ks_sf_in,sub_r_r,n_r_t,ns_s_spe,nk_k_sup,s_nsup_k,nrs_ns_r,total_time
60,8,0.004035399979329668,0.012123799999244511,0.026328500011004508,0.00017240000306628644,0.02772959999856539,0.02073359998757951,2.1500003640539944e-05,2.1400002879090607e-05,2.02999945031479e-05,2.8700000257231295e-05,1.2999997125007212e-05,0.0019166999991284683,0.009222199994837865,0.003033300003153272,1.279998105019331e-05,0.10541319995536469
