percentage,execution,ar_r_sub,k_s_sup,ks_sf_in,n_r_t,nk_k_sup,nrs_ns_r,ns_s_spe,ns_s_sup,ns_sub_r,r_ar_sup,s_k_sub,s_ns_sub,s_nsup_k,sub_r_r,t_k_sup,total_time
40,8,2.22999369725585e-05,0.003221099963411689,1.9999919459223747e-05,1.2600095942616463e-05,0.014797400101087987,1.3099866919219494e-05,0.001978799933567643,0.0001563001424074173,2.2499938495457172e-05,0.01830939995124936,0.01036959991324693,0.03017599997110665,0.0028250999748706818,2.9199989512562752e-05,0.02297120017465204,0.10492459987290204
