percentage,execution,ar_r_sub,k_s_sup,ks_sf_in,n_r_t,nk_k_sup,nrs_ns_r,ns_s_spe,ns_s_sup,ns_sub_r,r_ar_sup,s_k_sub,s_ns_sub,s_nsup_k,sub_r_r,t_k_sup,total_time
80,7,2.319994382560253e-05,0.0041464000241830945,2.0099920220673084e-05,1.309998333454132e-05,0.009384699980728328,1.200009137392044e-05,0.0019479000475257635,0.0001583998091518879,2.2500171326100826e-05,0.03143560001626611,0.01175800000783056,0.018388399970717728,0.0031060000183060765,2.8499984182417393e-05,0.026476699975319207,0.10692149994429201
