percentage,execution,k_s_sup,s_k_sub,t_k_sup,ns_s_sup,s_ns_sub,r_ar_sup,ar_r_sub,ns_sub_r,ks_sf_in,sub_r_r,n_r_t,ns_s_spe,nk_k_sup,s_nsup_k,nrs_ns_r,total_time
50,1,0.004048199989483692,0.012221400014823303,0.025968800007831305,0.00016089998825918883,0.031008799982373603,0.018019600029219873,2.2299995180219412e-05,2.1500003640539944e-05,1.9699989934451878e-05,2.920000406447798e-05,1.3299999409355223e-05,0.001916099980007857,0.009010199995827861,0.002827199990861118,1.2900010915473104e-05,0.10530009998183232
