percentage,execution,ar_r_sub,k_s_sup,ks_sf_in,n_r_t,nk_k_sup,nrs_ns_r,ns_s_spe,ns_s_sup,ns_sub_r,r_ar_sup,s_k_sub,s_ns_sub,s_nsup_k,sub_r_r,t_k_sup,total_time
60,2,2.3600179702043533e-05,0.0033013001084327698,2.0199455320835114e-05,1.3000331819057465e-05,0.014930100180208683,1.2599863111972809e-05,0.0020423000678420067,0.00016490044072270393,2.4700071662664413e-05,0.02574190031737089,0.010533299762755632,0.024398999754339457,0.002731800079345703,2.8499402105808258e-05,0.02330639958381653,0.10727359959855676
