percentage,execution,ar_r_sub,k_s_sup,ks_sf_in,n_r_t,nk_k_sup,nrs_ns_r,ns_s_spe,ns_s_sup,ns_sub_r,r_ar_sup,s_k_sub,s_ns_sub,s_nsup_k,sub_r_r,t_k_sup,total_time
80,5,1.1000000085914508e-05,0.0024057999999058666,9.700001101009548e-06,6.099999154685065e-06,0.0018607000001793494,5.900001269765198e-06,0.0010734999996202532,7.569999979750719e-05,1.0800000382005237e-05,0.013082699999358738,0.007094299999153009,0.016477899998790235,0.0015531000008195406,1.4100000043981709e-05,0.016390599999795086,0.060071899999456946
