percentage,execution,ar_r_sub,k_s_sup,ks_sf_in,n_r_t,nk_k_sup,nrs_ns_r,ns_s_spe,ns_s_sup,ns_sub_r,r_ar_sup,s_k_sub,s_ns_sub,s_nsup_k,sub_r_r,t_k_sup,total_time
10,4,1.1899974197149277e-05,0.004173099878244102,1.0900082997977734e-05,6.6999346017837524e-06,0.0007616000948473811,7.500057108700275e-06,0.0010459000477567315,7.890013512223959e-05,0.00016499997582286596,0.003058600123040378,0.00316620001103729,0.016153000062331557,0.0007009999826550484,1.5900004655122757e-05,0.0067179001634940505,0.03607410052791238
