percentage,execution,ar_r_sub,k_s_sup,ks_sf_in,n_r_t,nk_k_sup,nrs_ns_r,ns_s_spe,ns_s_sup,ns_sub_r,r_ar_sup,s_k_sub,s_ns_sub,s_nsup_k,sub_r_r,t_k_sup,total_time
80,5,9.500001397100277e-06,0.00011679999988700729,8.699998943484388e-06,5.199999577598646e-06,0.0005677999997715233,5.100000635138713e-06,4.300000000512227e-06,9.399998816661537e-06,9.20000093174167e-06,0.002401000001555076,0.0031202999998640735,0.00641399999949499,0.0004425000006449409,1.0200001270277426e-05,0.0035938999990321463,0.016717900001822272
