percentage,execution,k_s_sup,s_k_sub,t_k_sup,ns_s_sup,s_ns_sub,r_ar_sup,ar_r_sub,ns_sub_r,ks_sf_in,sub_r_r,n_r_t,ns_s_spe,nk_k_sup,s_nsup_k,nrs_ns_r,total_time
20,7,0.006478399984189309,0.00918520001869183,0.01938830001745373,0.00015319997328333557,0.03422410000348464,0.01403520000167191,2.1200001356191933e-05,0.0030605000065406784,2.3800006601959467e-05,2.8299997211433947e-05,1.2800010154023767e-05,0.0019598999933805317,0.014365500013809651,0.0023305000067921355,1.4300007023848593e-05,0.1052812000416452
