percentage,execution,ar_r_sub,k_s_sup,ks_sf_in,n_r_t,nk_k_sup,nrs_ns_r,ns_s_spe,ns_s_sup,ns_sub_r,r_ar_sup,s_k_sub,s_ns_sub,s_nsup_k,sub_r_r,t_k_sup,total_time
10,7,1.090019941329956e-05,1.070043072104454e-05,9.80030745267868e-06,6.400048732757568e-06,0.00024690013378858566,6.90016895532608e-06,4.90015372633934e-06,9.399838745594025e-06,9.80030745267868e-06,0.004431799985468388,8.040014654397964e-05,7.409974932670593e-05,0.00017559994012117386,1.5200581401586533e-05,9.899493306875229e-06,0.005102701485157013
