percentage,execution,k_s_sup,s_k_sub,t_k_sup,ns_s_sup,s_ns_sub,r_ar_sup,ar_r_sub,ns_sub_r,ks_sf_in,sub_r_r,n_r_t,ns_s_spe,nk_k_sup,s_nsup_k,nrs_ns_r,total_time
10,9,1.0099989594891667e-05,7.459998596459627e-05,9.700015652924776e-06,8.800008799880743e-06,7.470000127796084e-05,0.004411199988680892,1.0199990356341004e-05,9.700015652924776e-06,9.100011084228754e-06,1.4699995517730713e-05,6.099988240748644e-06,4.49999060947448e-06,0.0002460000105202198,0.00017220000154338777,6.89999433234334e-06,0.005068499987828545
