percentage,execution,ar_r_sub,k_s_sup,ks_sf_in,n_r_t,nk_k_sup,nrs_ns_r,ns_s_spe,ns_s_sup,ns_sub_r,r_ar_sup,s_k_sub,s_ns_sub,s_nsup_k,sub_r_r,t_k_sup,total_time
60,7,2.190000122936908e-05,0.006333099996481906,2.1100000594742596e-05,1.2800001059076749e-05,0.014324699999633594,1.190000148199033e-05,0.0019018000002688495,0.0001539999993838137,0.0029357999992498662,0.028755799999999,0.010191200000917888,0.020252999998774612,0.002681400001165457,2.8700000257231295e-05,0.022092600001997198,0.1097198000024946
