percentage,execution,ar_r_sub,k_s_sup,ks_sf_in,n_r_t,nk_k_sup,nrs_ns_r,ns_s_spe,ns_s_sup,ns_sub_r,r_ar_sup,s_k_sub,s_ns_sub,s_nsup_k,sub_r_r,t_k_sup,total_time
30,9,2.529984340071678e-05,0.006400600075721741,2.479972317814827e-05,1.600012183189392e-05,0.014296699780970812,2.9799994081258774e-05,0.001960400026291609,0.00017610052600502968,0.0030547999776899815,0.017300200182944536,0.009147800039499998,0.030944200232625008,0.0023507997393608093,3.38992103934288e-05,0.020347599871456623,0.1061089993454516
