percentage,execution,ar_r_sub,k_s_sup,ks_sf_in,n_r_t,nk_k_sup,nrs_ns_r,ns_s_spe,ns_s_sup,ns_sub_r,r_ar_sup,s_k_sub,s_ns_sub,s_nsup_k,sub_r_r,t_k_sup,total_time
60,4,2.2300053387880325e-05,0.004481900483369827,2.0499806851148605e-05,1.29002146422863e-05,0.010174999944865704,3.240024670958519e-05,0.00196749996393919,0.00017900066450238228,2.259993925690651e-05,0.02104839961975813,0.013478300999850035,0.028881999664008617,0.0032780999317765236,2.7999747544527054e-05,0.02953829988837242,0.11316720116883516
