percentage,execution,ar_r_sub,k_s_sup,ks_sf_in,n_r_t,nk_k_sup,nrs_ns_r,ns_s_spe,ns_s_sup,ns_sub_r,r_ar_sup,s_k_sub,s_ns_sub,s_nsup_k,sub_r_r,t_k_sup,total_time
10,10,1.0400079190731049e-05,1.0699965059757233e-05,9.399838745594025e-06,6.6999346017837524e-06,0.00024899980053305626,7.200054824352264e-06,4.90015372633934e-06,9.200070053339005e-06,9.80030745267868e-06,0.004466000013053417,7.690023630857468e-05,7.950002327561378e-05,0.00017490005120635033,1.4799647033214569e-05,9.80030745267868e-06,0.005139200482517481
