percentage,execution,k_s_sup,s_k_sub,t_k_sup,ns_s_sup,s_ns_sub,r_ar_sup,ar_r_sub,ns_sub_r,ks_sf_in,sub_r_r,n_r_t,ns_s_spe,nk_k_sup,s_nsup_k,nrs_ns_r,total_time
50,3,1.0299991117790341e-05,0.000414399997680448,1.0200004908256233e-05,9.800001862458885e-06,0.0004078000201843679,0.01577900000847876,1.0599993402138352e-05,1.0200004908256233e-05,9.2999980552122e-06,1.410000550094992e-05,6.700007361359894e-06,4.8000074457377195e-06,0.001546200001030229,0.001087199998437427,6.200003554113209e-06,0.019326800043927506
