percentage,execution,k_s_sup,s_k_sub,t_k_sup,ns_s_sup,s_ns_sub,r_ar_sup,ar_r_sub,ns_sub_r,ks_sf_in,sub_r_r,n_r_t,ns_s_spe,nk_k_sup,s_nsup_k,nrs_ns_r,total_time
40,7,0.007548500027041882,0.011810100011643954,0.02583020000020042,0.00015389997861348093,0.03076320000400301,0.0195918000099482,2.1500003640539944e-05,0.003043700009584427,2.0500010577961802e-05,2.840002707671374e-05,1.2999982573091984e-05,0.0019432999833952636,0.010101999985636212,0.002864499998395331,1.4299992471933365e-05,0.11374890002480242
