percentage,execution,ar_r_sub,k_s_sup,ks_sf_in,n_r_t,nk_k_sup,nrs_ns_r,ns_s_spe,ns_s_sup,ns_sub_r,r_ar_sup,s_k_sub,s_ns_sub,s_nsup_k,sub_r_r,t_k_sup,total_time
40,2,0.0001329000006080605,7.990000085555948e-05,9.60000033956021e-06,5.300000339047983e-06,0.0013165999998818734,5.599999894911889e-06,4.499999704421498e-06,9.60000033956021e-06,1.8000000636675395e-06,7.850000019971048e-05,0.00829150000026857,0.023531100000582228,0.001143400000728434,1.2399999832268804e-05,0.0026698000001488253,0.0372925000037867
