percentage,execution,ar_r_sub,k_s_sup,ks_sf_in,n_r_t,nk_k_sup,nrs_ns_r,ns_s_spe,ns_s_sup,ns_sub_r,r_ar_sup,s_k_sub,s_ns_sub,s_nsup_k,sub_r_r,t_k_sup,total_time
80,10,0.0010076000007757102,7.610000011482043e-05,9.599999430065509e-06,5.500000042957254e-06,0.0013379000001805252,5.500000042957254e-06,4.699999408330768e-06,1.010000141832279e-05,1.7999991541728377e-06,7.540000024164328e-05,0.008408499999859487,0.014248099999349506,0.0011109000006399583,0.0001700000002529123,0.0026787000006152084,0.029150400001526577
