percentage,execution,ar_r_sub,k_s_sup,ks_sf_in,n_r_t,nk_k_sup,nrs_ns_r,ns_s_spe,ns_s_sup,ns_sub_r,r_ar_sup,s_k_sub,s_ns_sub,s_nsup_k,sub_r_r,t_k_sup,total_time
30,4,1.1399853974580765e-05,0.005063400138169527,1.0699965059757233e-05,6.6999346017837524e-06,0.0009495001286268234,7.300172001123428e-06,0.001133199781179428,8.00001434981823e-05,1.600012183189392e-06,0.008298800326883793,0.0038592000491917133,0.01030289987102151,0.0008219997398555279,1.5900004655122757e-05,0.008345000445842743,0.038907600566744804
