percentage,execution,ar_r_sub,k_s_sup,ks_sf_in,n_r_t,nk_k_sup,nrs_ns_r,ns_s_spe,ns_s_sup,ns_sub_r,r_ar_sup,s_k_sub,s_ns_sub,s_nsup_k,sub_r_r,t_k_sup,total_time
60,8,1.8699999600357842e-05,0.007706400000643043,1.0599999768601265e-05,6.50000038149301e-06,0.0014774999999644933,6.199999916134402e-06,0.0021926999997958774,0.0008552999988751253,2.499999936844688e-06,0.013790400000289083,0.00704669999959151,0.01953869999942981,0.0013284999995448743,1.7999999727180693e-05,0.011440100000072562,0.06543879999753699
