percentage,execution,ar_r_sub,k_s_sup,ks_sf_in,n_r_t,nk_k_sup,nrs_ns_r,ns_s_spe,ns_s_sup,ns_sub_r,r_ar_sup,s_k_sub,s_ns_sub,s_nsup_k,sub_r_r,t_k_sup,total_time
80,9,1.1600088328123093e-05,0.004244800191372633,1.12997367978096e-05,6.6999346017837524e-06,0.0015449998900294304,6.5998174250125885e-06,0.0022943001240491867,0.0009035998955368996,1.8998980522155762e-06,0.01490660011768341,0.007143399678170681,0.013627600390464067,0.0013586999848484993,1.5099998563528061e-05,0.012413399759680033,0.05849059950560331
