execution,ar_r_sub,k_s_sup,ks_sf_in,n_r_t,nk_k_sup,nrs_ns_r,ns_s_spe,ns_s_sup,ns_sub_r,r_ar_sup,s_k_sub,s_ns_sub,s_nsup_k,sub_r_r,t_k_sup,total_time
1,1.16005539894104e-05,0.00016639987006783485,1.200009137392044e-05,6.0996972024440765e-06,0.00021500000730156898,6.5998174250125885e-06,9.29972156882286e-06,1.380033791065216e-05,2.6999041438102722e-06,0.00010470021516084671,0.0014798999764025211,0.005911500193178654,0.00017029978334903717,1.9900035113096237e-05,0.0014732000418007374,0.009603000245988369
2,1.9799917936325073e-05,1.2999866157770157e-05,1.929979771375656e-05,1.3000331819057465e-05,0.0005258996970951557,1.3200100511312485e-05,1.2499745935201645e-05,1.180032268166542e-05,2.9001384973526e-06,0.003942199982702732,0.00011830031871795654,0.00011209957301616669,0.00034670019522309303,2.110004425048828e-05,1.3399869203567505e-05,0.005185199901461601
