percentage,execution,ar_r_sub,k_s_sup,ks_sf_in,n_r_t,nk_k_sup,nrs_ns_r,ns_s_spe,ns_s_sup,ns_sub_r,r_ar_sup,s_k_sub,s_ns_sub,s_nsup_k,sub_r_r,t_k_sup,total_time
20,4,1.1800000720540993e-05,0.00956529999984923,1.1299999641778413e-05,6.600000233447645e-06,0.0007120000000213622,6.799999937356915e-06,0.0018834000002243556,0.0010284999998475541,1.9000008251168765e-06,0.007226299999274488,0.0019512999997459701,0.008913900000152353,0.000500099999953818,1.4799999917158857e-05,0.00010750000001280569,0.03194150000035734
