percentage,execution,ar_r_sub,k_s_sup,ks_sf_in,n_r_t,nk_k_sup,nrs_ns_r,ns_s_spe,ns_s_sup,ns_sub_r,r_ar_sup,s_k_sub,s_ns_sub,s_nsup_k,sub_r_r,t_k_sup,total_time
70,6,0.008530199993401766,0.0018049003556370735,1.1699739843606949e-05,7.799826562404633e-06,0.0020580999553203583,6.299931555986404e-06,0.0024394001811742783,0.00093850027769804,1.8998980522155762e-06,0.002569899894297123,0.007980100344866514,0.012122100219130516,0.0016912003047764301,0.0015541999600827694,0.002698299940675497,0.04441460082307458
