percentage,execution,ar_r_sub,k_s_sup,ks_sf_in,n_r_t,nk_k_sup,nrs_ns_r,ns_s_spe,ns_s_sup,ns_sub_r,r_ar_sup,s_k_sub,s_ns_sub,s_nsup_k,sub_r_r,t_k_sup,total_time
20,10,0.011370999999599007,1.1900000572495628e-05,1.3499999113264494e-05,7.800000275892671e-06,0.00158350000037899,6.8999997893115506e-06,5.099999725644011e-06,1.0099999599333387e-05,1.99999976757681e-06,1.2100000276404899e-05,0.00202999999964959,0.008468999999422522,0.0011389000001145178,0.0022292000003290013,1.1700000868586358e-05,0.026902699999482138
