percentage,execution,ar_r_sub,k_s_sup,ks_sf_in,n_r_t,nk_k_sup,nrs_ns_r,ns_s_spe,ns_s_sup,ns_sub_r,r_ar_sup,s_k_sub,s_ns_sub,s_nsup_k,sub_r_r,t_k_sup,total_time
60,4,0.0008956999990914483,1.0800000382005237e-05,1.2299999980314169e-05,5.500000042957254e-06,0.0007647000002179993,5.500000042957254e-06,4.599999556376133e-06,8.900000466383062e-06,2.0000006770715117e-06,0.0031153999998423387,0.0012388000004648347,0.0009894000004351255,0.000514600000315113,0.000182699999641045,1.0300000212737359e-05,0.007761200001368707
