percentage,execution,ar_r_sub,k_s_sup,ks_sf_in,n_r_t,nk_k_sup,nrs_ns_r,ns_s_spe,ns_s_sup,ns_sub_r,r_ar_sup,s_k_sub,s_ns_sub,s_nsup_k,sub_r_r,t_k_sup,total_time
20,1,0.010391300001174386,1.4899999769113492e-05,1.089999932446517e-05,8.200000593205914e-06,0.0014688000001115142,7.499999810534064e-06,5.2999994295532815e-06,9.79999913397478e-06,2.099999619531445e-06,1.2200000128359534e-05,0.001907500000015716,0.008087899999736692,0.0010847000003195717,0.0020336000006864197,1.1499999345687684e-05,0.025056199999198725
