percentage,execution,ar_r_sub,k_s_sup,ks_sf_in,n_r_t,nk_k_sup,nrs_ns_r,ns_s_spe,ns_s_sup,ns_sub_r,r_ar_sup,s_k_sub,s_ns_sub,s_nsup_k,sub_r_r,t_k_sup,total_time
80,4,0.0008925000001909211,7.889999960752903e-05,9.800000952964183e-06,5.500000042957254e-06,0.0007415999998556799,5.199999577598646e-06,4.800000169780105e-06,1.0200000360782724e-05,2.1999994714860804e-06,0.001734299999952782,0.004653699999835226,0.007605599999806145,0.0006233000003703637,0.000176199999259552,0.0037897000001976267,0.020333499999651394
