percentage,execution,ar_r_sub,k_s_sup,ks_sf_in,n_r_t,nk_k_sup,nrs_ns_r,ns_s_spe,ns_s_sup,ns_sub_r,r_ar_sup,s_k_sub,s_ns_sub,s_nsup_k,sub_r_r,t_k_sup,total_time
20,8,0.0008741999999983818,8.130000151140848e-05,1.089999932446517e-05,7.200000254670158e-06,0.001863400000729598,7.700000423938036e-06,5.100000635138713e-06,1.0800000382005237e-05,1.9000008251168765e-06,7.60000002628658e-05,0.008143099999870174,0.03025900000011461,0.001544599999760976,0.00018429999909130856,0.0027122999999846797,0.04578180000316934
