percentage,execution,ar_r_sub,k_s_sup,ks_sf_in,n_r_t,nk_k_sup,nrs_ns_r,ns_s_spe,ns_s_sup,ns_sub_r,r_ar_sup,s_k_sub,s_ns_sub,s_nsup_k,sub_r_r,t_k_sup,total_time
80,2,0.0092134000005899,0.006435899999814865,1.1299999641778413e-05,7.3999999585794285e-06,0.002144600000065111,5.699999746866524e-06,0.002288100000441773,0.0008669999997437117,1.9000008251168765e-06,0.005162499998732528,0.013399400000707828,0.019870600000103877,0.0018417999999655876,0.0016451999999844702,0.005387799999880372,0.06828260000020236
