percentage,execution,k_s_sup,s_k_sub,t_k_sup,ns_s_sup,s_ns_sub,r_ar_sup,ar_r_sub,ns_sub_r,ks_sf_in,sub_r_r,n_r_t,ns_s_spe,nk_k_sup,s_nsup_k,nrs_ns_r,total_time
40,6,1.0100004146806896e-05,0.0038619999832008034,1.2999997125007212e-05,9.2999980552122e-06,0.012532500011730008,0.018196299992268905,1.1799987987615168e-05,1.7999991541728377e-06,9.600014891475439e-06,1.550000160932541e-05,5.900001269765198e-06,4.699992132373154e-06,0.0023022999957902357,0.0017367999971611425,6.50000583846122e-06,0.03871809998236131
