percentage,execution,ar_r_sub,k_s_sup,ks_sf_in,n_r_t,nk_k_sup,nrs_ns_r,ns_s_spe,ns_s_sup,ns_sub_r,r_ar_sup,s_k_sub,s_ns_sub,s_nsup_k,sub_r_r,t_k_sup,total_time
80,8,2.479999966453761e-05,0.011027699999431206,2.7499999305291567e-05,1.5300000086426735e-05,1.5700000403739978e-05,1.3199999557400588e-05,0.0012993999998798245,0.0002461000003677327,3.6000010368297808e-06,0.008563200000025972,0.0010936999997284147,0.0008426999993389472,1.3199999557400588e-05,3.079999987676274e-05,0.001064099999894097,0.024280999998154584
