percentage,execution,ar_r_sub,k_s_sup,ks_sf_in,n_r_t,nk_k_sup,nrs_ns_r,ns_s_spe,ns_s_sup,ns_sub_r,r_ar_sup,s_k_sub,s_ns_sub,s_nsup_k,sub_r_r,t_k_sup,total_time
40,4,3.51999997292296e-05,0.008445700000265788,2.429999949526973e-05,1.2700000297627412e-05,9.100000170292333e-06,8.199999683711212e-06,0.0012593000001288601,0.00018629999976838008,4.600000465870835e-06,0.0074695000002975576,0.00020599999970727367,0.00029770000037387945,6.999999641266186e-06,2.6699999580159783e-05,0.0002527999995436403,0.018245099999148806
