percentage,execution,k_s_sup,s_k_sub,t_k_sup,ns_s_sup,s_ns_sub,r_ar_sup,ar_r_sub,ns_sub_r,ks_sf_in,sub_r_r,n_r_t,ns_s_spe,nk_k_sup,s_nsup_k,nrs_ns_r,total_time
90,4,7.68999889260158e-05,0.01993600001151208,0.0018761999963317066,3.480000304989517e-05,0.02976529998704791,0.025583199996617623,1.0799994925037026e-05,1.8999999156221747e-06,1.0000003385357559e-05,1.5099998563528061e-05,6.100002792663872e-06,7.800001185387373e-06,0.0028815999976359308,0.0026185000024270266,5.600013537332416e-06,0.08282979999785312
