percentage,execution,k_s_sup,s_k_sub,t_k_sup,ns_s_sup,s_ns_sub,r_ar_sup,ar_r_sub,ns_sub_r,ks_sf_in,sub_r_r,n_r_t,ns_s_spe,nk_k_sup,s_nsup_k,nrs_ns_r,total_time
90,1,0.00011120001727249473,0.009075800015125424,0.011486500021419488,1.0700008715502918e-05,0.0113742999965325,0.00968670001020655,1.2300006346777081e-05,2.1999876480549574e-06,1.09999964479357e-05,1.3800017768517137e-05,5.900001269765198e-06,5.199995939619839e-06,0.0017807999975048006,0.0013866999943275005,5.999987479299307e-06,0.04496910005400423
