percentage,execution,k_s_sup,s_k_sub,t_k_sup,ns_s_sup,s_ns_sub,r_ar_sup,ar_r_sub,ns_sub_r,ks_sf_in,sub_r_r,n_r_t,ns_s_spe,nk_k_sup,s_nsup_k,nrs_ns_r,total_time
90,4,8.189999789465219e-05,0.008501199990860187,0.010821399991982616,1.0399991879239678e-05,0.011609599998337217,0.009511299998848699,1.1099997209385037e-05,2.0000006770715117e-06,9.499999578110874e-06,1.2899996363557875e-05,5.800000508315861e-06,4.699992132373154e-06,0.0016612000035820529,0.0021779000089736655,2.1200001356191933e-05,0.044442099970183335
