percentage,execution,k_s_sup,s_k_sub,t_k_sup,ns_s_sup,s_ns_sub,r_ar_sup,ar_r_sub,ns_sub_r,ks_sf_in,sub_r_r,n_r_t,ns_s_spe,nk_k_sup,s_nsup_k,nrs_ns_r,total_time
80,3,7.729999197181314e-05,0.023560899993753992,0.0017047000001184642,1.3199998647905886e-05,0.033507299987832084,0.02299029999994673,1.1299998732283711e-05,1.8999853637069464e-06,1.0000017937272787e-05,1.4900011592544615e-05,6.100002792663872e-06,4.8000074457377195e-06,0.0029144000000087544,0.0026191999932052568,5.600013537332416e-06,0.08744190000288654
