percentage,execution,ar_r_sub,k_s_sup,ks_sf_in,n_r_t,nk_k_sup,nrs_ns_r,ns_s_spe,ns_s_sup,ns_sub_r,r_ar_sup,s_k_sub,s_ns_sub,s_nsup_k,sub_r_r,t_k_sup,total_time
20,3,1.9699917174875736e-05,1.4800112694501877e-05,1.3599870726466179e-05,8.79995059221983e-06,0.002251700032502413,1.2599979527294636e-05,6.700051017105579e-06,2.210005186498165e-05,2.700020559132099e-06,0.019851100048981607,0.004600200103595853,0.018095799954608083,0.0017927000299096107,2.829998265951872e-05,2.5300076231360435e-05,0.04674610018264502
