percentage,execution,k_s_sup,s_k_sub,t_k_sup,ns_s_sup,s_ns_sub,r_ar_sup,ar_r_sub,ns_sub_r,ks_sf_in,sub_r_r,n_r_t,ns_s_spe,nk_k_sup,s_nsup_k,nrs_ns_r,total_time
10,5,1.0000003385357559e-05,0.00013380001473706216,1.0000003385357559e-05,8.899980457499623e-06,0.00012499999138526618,0.00904140000056941,1.0299991117790341e-05,2.0000006770715117e-06,9.099996532313526e-06,1.5600002370774746e-05,6.100002792663872e-06,7.800001185387373e-06,0.0005419999943114817,0.00042460000258870423,2.0399995264597237e-05,0.010366999980760738
