percentage,execution,ar_r_sub,k_s_sup,ks_sf_in,n_r_t,nk_k_sup,nrs_ns_r,ns_s_spe,ns_s_sup,ns_sub_r,r_ar_sup,s_k_sub,s_ns_sub,s_nsup_k,sub_r_r,t_k_sup,total_time
20,1,1.5399884432554245e-05,1.1499971151351929e-05,1.100008375942707e-05,6.299931555986404e-06,0.0005633000982925296,7.400056347250938e-06,4.900037311017513e-06,1.0299845598638058e-05,2.500019036233425e-06,0.005072499858215451,0.00027550000231713057,0.0002196000423282385,0.0003651999868452549,1.7099897377192974e-05,1.1899974197149277e-05,0.006594399688765407
