percentage,execution,ar_r_sub,k_s_sup,ks_sf_in,n_r_t,nk_k_sup,nrs_ns_r,ns_s_spe,ns_s_sup,ns_sub_r,r_ar_sup,s_k_sub,s_ns_sub,s_nsup_k,sub_r_r,t_k_sup,total_time
70,8,1.4399993233382702e-05,9.809993207454681e-05,1.1699972674250603e-05,7.100054062902927e-06,0.002102700062096119,7.400056347250938e-06,5.900044925510883e-06,1.3499986380338669e-05,2.00001522898674e-06,0.00932830001693219,0.011477499967440963,0.027122800122015178,0.0017365000676363707,1.5999889001250267e-05,0.01461600000038743,0.06655990018043667
