percentage,execution,k_s_sup,s_k_sub,t_k_sup,ns_s_sup,s_ns_sub,r_ar_sup,ar_r_sub,ns_sub_r,ks_sf_in,sub_r_r,n_r_t,ns_s_spe,nk_k_sup,s_nsup_k,nrs_ns_r,total_time
60,6,7.619998359587044e-05,0.008745500002987683,0.010674800010747276,9.900002623908222e-06,0.026387500009150244,0.005313400004524738,1.0199990356341004e-05,2.0999868866056204e-06,9.500014130026102e-06,1.2699994840659201e-05,6.000002031214535e-06,4.8000074457377195e-06,0.001672300000791438,0.0013959000061731786,5.900001269765198e-06,0.054326700017554685
