percentage,execution,ar_r_sub,k_s_sup,ks_sf_in,n_r_t,nk_k_sup,nrs_ns_r,ns_s_spe,ns_s_sup,ns_sub_r,r_ar_sup,s_k_sub,s_ns_sub,s_nsup_k,sub_r_r,t_k_sup,total_time
10,9,1.3299984857439995e-05,1.0499963536858559e-05,1.0399846360087395e-05,6.300047971308231e-06,0.00020800007041543722,6.7999353632330894e-06,4.899920895695686e-06,9.299954399466515e-06,1.800013706088066e-06,0.0030501000583171844,8.140003774315119e-05,0.00013049994595348835,0.000130099942907691,1.5099998563528061e-05,1.0500079952180386e-05,0.003688999800942838
