percentage,execution,ar_r_sub,k_s_sup,ks_sf_in,n_r_t,nk_k_sup,nrs_ns_r,ns_s_spe,ns_s_sup,ns_sub_r,r_ar_sup,s_k_sub,s_ns_sub,s_nsup_k,sub_r_r,t_k_sup,total_time
20,4,1.7600000319362152e-05,0.009179799999401439,1.3299999409355223e-05,8.199999683711212e-06,7.900000127847306e-06,7.499999810534064e-06,0.0009323000003860216,0.0001615999990463024,2.499999936844688e-06,0.00647449999996752,0.00025069999992410885,0.00020229999972798396,6.70000008540228e-06,1.539999902888667e-05,0.00024049999956332613,0.017520799996418646
