percentage,execution,ar_r_sub,k_s_sup,ks_sf_in,n_r_t,nk_k_sup,nrs_ns_r,ns_s_spe,ns_s_sup,ns_sub_r,r_ar_sup,s_k_sub,s_ns_sub,s_nsup_k,sub_r_r,t_k_sup,total_time
50,3,1.0199961252510548e-05,1.0599847882986069e-05,9.7999582067132e-06,6.00004568696022e-06,0.0011918999953195453,5.999929271638393e-06,4.699919372797012e-06,1.1999974958598614e-05,1.800013706088066e-06,0.0075516999932006,0.0005553000373765826,0.00041280000004917383,0.0008382000960409641,1.2800097465515137e-05,1.2899981811642647e-05,0.010636699851602316
