percentage,execution,k_s_sup,s_k_sub,t_k_sup,ns_s_sup,s_ns_sub,r_ar_sup,ar_r_sub,ns_sub_r,ks_sf_in,sub_r_r,n_r_t,ns_s_spe,nk_k_sup,s_nsup_k,nrs_ns_r,total_time
50,4,1.0200019460171461e-05,0.00041799998143687844,9.800001862458885e-06,8.999995770864189e-06,0.00040550000267103314,0.0067783000122290105,1.0199990356341004e-05,1.6999838408082724e-06,9.799987310543656e-06,1.2500007869675756e-05,6.100002792663872e-06,4.7000066842883825e-06,0.001261600002180785,0.0007579999946756288,6.099988240748644e-06,0.0097014999773819
