percentage,execution,k_s_sup,s_k_sub,t_k_sup,ns_s_sup,s_ns_sub,r_ar_sup,ar_r_sub,ns_sub_r,ks_sf_in,sub_r_r,n_r_t,ns_s_spe,nk_k_sup,s_nsup_k,nrs_ns_r,total_time
10,1,1.1199997970834374e-05,0.00015279999934136868,1.2400007108226418e-05,1.0000003385357559e-05,0.0001320000010309741,0.00912139999854844,1.1500000255182385e-05,2.7999922167509794e-06,1.1199997970834374e-05,1.8800012185238302e-05,8.699993486516178e-06,6.100002792663872e-06,0.0006377999961841851,0.0004064000095240772,2.8099995688535273e-05,0.010571200007689185
