percentage,execution,ar_r_sub,k_s_sup,ks_sf_in,n_r_t,nk_k_sup,nrs_ns_r,ns_s_spe,ns_s_sup,ns_sub_r,r_ar_sup,s_k_sub,s_ns_sub,s_nsup_k,sub_r_r,t_k_sup,total_time
30,8,1.0399962775409222e-05,9.900075383484364e-06,9.7999582067132e-06,5.999929271638393e-06,0.0007313999813050032,6.199930794537067e-06,4.800036549568176e-06,8.600065484642982e-06,2.100015990436077e-06,0.004732699948363006,0.0002522999420762062,0.00024229998234659433,0.0004461000207811594,1.3199984095990658e-05,9.600073099136353e-06,0.006485399906523526
