percentage,execution,ar_r_sub,k_s_sup,ks_sf_in,n_r_t,nk_k_sup,nrs_ns_r,ns_s_spe,ns_s_sup,ns_sub_r,r_ar_sup,s_k_sub,s_ns_sub,s_nsup_k,sub_r_r,t_k_sup,total_time
80,2,1.2300093658268452e-05,8.429994340986013e-05,1.0599964298307896e-05,6.600050255656242e-06,0.0019154000328853726,6.299931555986404e-06,5.500041879713535e-06,1.1900090612471104e-05,2.200016751885414e-06,0.009704299969598651,0.01041859993711114,0.019110499997623265,0.0015662000514566898,1.4500110410153866e-05,0.013701499905437231,0.05657070013694465
