execution,k_s_sup,s_k_sub,t_k_sup,ns_s_sup,s_ns_sub,r_ar_sup,ar_r_sub,ns_sub_r,ks_sf_in,sub_r_r,n_r_t,ns_s_spe,nk_k_sup,s_nsup_k,nrs_ns_r,total_time
1,7.68000609241426e-05,0.0010020999470725656,0.0010297999833710492,8.90000956133008e-06,0.004150099994149059,7.430010009557009e-05,8.700008038431406e-06,9.100011084228754e-06,8.200004231184721e-06,9.400013368576765e-06,4.400033503770828e-06,4.200031980872154e-06,0.00015279999934136868,0.0001251999638043344,5.199981387704611e-06,0.006669200141914189
2,4.659994738176465e-05,0.0005238000303506851,0.0005259999306872487,1.2299977242946625e-05,0.0005115000531077385,0.0027915999526157975,1.4299992471933365e-05,1.3200042303651571e-05,1.2599921319633722e-05,1.4499935787171125e-05,9.199953638017178e-06,8.300004992634058e-06,0.006437700008973479,0.00027020007837563753,9.400013368576765e-06,0.011201199842616916
