execution,k_s_sup,s_k_sub,t_k_sup,ns_s_sup,s_ns_sub,r_ar_sup,ar_r_sub,ns_sub_r,ks_sf_in,sub_r_r,n_r_t,ns_s_spe,nk_k_sup,s_nsup_k,nrs_ns_r,total_time
1,7.989996811375022e-05,0.0031855999841354787,0.003602100012358278,9.00006853044033e-06,0.015534000005573034,7.680000271648169e-05,8.699949830770493e-06,9.100011084228754e-06,8.700008038431406e-06,1.0000017937272787e-05,4.999979864805937e-06,4.100031219422817e-06,0.0005605000187642872,0.000457499991171062,5.599984433501959e-06,0.023556600033771247
2,8.929998148232698e-05,0.003470499999821186,0.0036016000085510314,1.7699901945888996e-05,0.012418399972375482,0.003187099937349558,1.9400031305849552e-05,1.8799968529492617e-05,1.7499958630651236e-05,2.0500097889453173e-05,1.0000017937272787e-05,8.79995059221983e-06,0.006612600001972169,0.0005940000410191715,1.1199968867003918e-05,0.030097399838268757
3,8.690007962286472e-05,0.0032550000469200313,0.003707899886649102,2.440001117065549e-05,0.012849599996116012,0.0033955000108107924,1.9999919459223747e-05,1.9399914890527725e-05,1.789990346878767e-05,2.089992631226778e-05,1.0500021744519472e-05,8.800008799880743e-06,0.006698700017295778,0.0006058000144548714,1.1300086043775082e-05,0.03073259984375909
4,8.630001684650779e-05,0.0035456999903544784,0.003767999936826527,1.780001912266016e-05,0.013280200015287846,0.003369100100826472,1.939997309818864e-05,1.9599974621087313e-05,1.7999904230237007e-05,2.099998528137803e-05,1.009996049106121e-05,8.599949069321156e-06,0.006682099949102849,0.000609499984420836,1.0899966582655907e-05,0.031466299726162106
5,8.779997006058693e-05,0.0031982000218704343,0.003648800018709153,1.8000078853219748e-05,0.012672700046095997,0.0032290000235661864,1.920008799061179e-05,1.8900143913924694e-05,1.7500133253633976e-05,2.0799925550818443e-05,1.0399962775409222e-05,8.70006624609232e-06,0.006715799972880632,0.0006023000460118055,1.1399970389902592e-05,0.030279500468168408
