percentage,execution,ar_r_sub,k_s_sup,ks_sf_in,n_r_t,nk_k_sup,nrs_ns_r,ns_s_spe,ns_s_sup,ns_sub_r,r_ar_sup,s_k_sub,s_ns_sub,s_nsup_k,sub_r_r,t_k_sup,total_time
40,6,0.006087700001444318,9.699999282020144e-06,9.09999835130293e-06,5.599998985417187e-06,5.199999577598646e-06,4.999999873689376e-06,0.0010153000002901535,0.001156899998022709,1.089999932446517e-05,7.429999823216349e-05,8.400000297115184e-06,2.5400000595254824e-05,4.400000761961564e-06,1.2499998774728738e-05,9.100000170292333e-06,0.00843949999398319
