percentage,execution,ar_r_sub,k_s_sup,ks_sf_in,n_r_t,nk_k_sup,nrs_ns_r,ns_s_spe,ns_s_sup,ns_sub_r,r_ar_sup,s_k_sub,s_ns_sub,s_nsup_k,sub_r_r,t_k_sup,total_time
20,8,9.299999874201603e-06,0.003987500000221189,1.2299999070819467e-05,5.199999577598646e-06,5.199999577598646e-06,5.20000139658805e-06,0.0004983999988326104,7.639999967068434e-05,0.0001560000000608852,0.0027465999992273282,7.48999991628807e-05,7.15000005584443e-05,4.800000169780105e-06,1.049999991664663e-05,8.970000089902896e-05,0.0077534999982162844
