percentage,execution,ar_r_sub,k_s_sup,ks_sf_in,n_r_t,nk_k_sup,nrs_ns_r,ns_s_spe,ns_s_sup,ns_sub_r,r_ar_sup,s_k_sub,s_ns_sub,s_nsup_k,sub_r_r,t_k_sup,total_time
20,9,6.98000003467314e-05,9.800000043469481e-06,8.700000762473792e-06,6.099999154685065e-06,0.0003373000017745653,8.700000762473792e-06,4.400000761961564e-06,8.39999847812578e-06,8.900000466383062e-06,8.799997885944322e-06,7.63000007282244e-05,7.430000005115289e-05,0.00024959999973361846,1.1199999789823778e-05,8.900000466383062e-06,0.0008912000012060162
