percentage,execution,ar_r_sub,k_s_sup,ks_sf_in,n_r_t,nk_k_sup,nrs_ns_r,ns_s_spe,ns_s_sup,ns_sub_r,r_ar_sup,s_k_sub,s_ns_sub,s_nsup_k,sub_r_r,t_k_sup,total_time
40,3,0.005219700000452576,9.800000043469481e-06,9.20000093174167e-06,5.399999281507917e-06,5.100000635138713e-06,6.000000212225132e-06,0.0010062000001198612,0.000957800000833231,1.06999996205559e-05,7.599999844387639e-05,8.300001354655251e-06,9.199999112752266e-06,4.499999704421498e-06,1.1800000720540993e-05,9.40000063565094e-06,0.007349100002102205
