percentage,execution,ar_r_sub,k_s_sup,ks_sf_in,n_r_t,nk_k_sup,nrs_ns_r,ns_s_spe,ns_s_sup,ns_sub_r,r_ar_sup,s_k_sub,s_ns_sub,s_nsup_k,sub_r_r,t_k_sup,total_time
40,10,7.230000028357608e-05,8.270000034826808e-05,0.00029069999982311856,5.500000042957254e-06,0.0007310999999390333,6.100000064179767e-06,4.499999704421498e-06,9.60000033956021e-06,9.399999726156238e-06,7.390000064333435e-05,0.003081200000451645,0.012302800000725256,0.0006356000003506779,1.4999998711573426e-05,0.006225000000085856,0.023545400001239614
