percentage,execution,ar_r_sub,k_s_sup,ks_sf_in,n_r_t,nk_k_sup,nrs_ns_r,ns_s_spe,ns_s_sup,ns_sub_r,r_ar_sup,s_k_sub,s_ns_sub,s_nsup_k,sub_r_r,t_k_sup,total_time
30,9,0.00023709982633590698,1.1699739843606949e-05,0.0003599002957344055,6.6999346017837524e-06,0.0007384000346064568,7.0999376475811005e-06,4.800036549568176e-06,9.80030745267868e-06,1.1699739843606949e-05,1.2300442904233932e-05,0.00021430011838674545,0.00022779963910579681,0.000519199762493372,1.569977030158043e-05,1.4899764209985733e-05,0.002391399350017309
