percentage,execution,ar_r_sub,k_s_sup,ks_sf_in,n_r_t,nk_k_sup,nrs_ns_r,ns_s_spe,ns_s_sup,ns_sub_r,r_ar_sup,s_k_sub,s_ns_sub,s_nsup_k,sub_r_r,t_k_sup,total_time
60,3,0.00031100003980100155,8.400017395615578e-05,0.0006523000774905086,5.799927748739719e-06,0.0015675999457016587,5.900044925510883e-06,4.800036549568176e-06,1.0100076906383038e-05,1.109996810555458e-05,7.669988553971052e-05,0.008839800022542477,0.02225370006635785,0.0014501999830827117,1.2699980288743973e-05,0.001829999964684248,0.03711570019368082
