percentage,execution,ar_r_sub,k_s_sup,ks_sf_in,n_r_t,nk_k_sup,nrs_ns_r,ns_s_spe,ns_s_sup,ns_sub_r,r_ar_sup,s_k_sub,s_ns_sub,s_nsup_k,sub_r_r,t_k_sup,total_time
20,3,7.440010085701942e-05,8.450006134808064e-05,0.00023220002185553312,5.699926987290382e-06,0.001588699989952147,6.299931555986404e-06,4.600035026669502e-06,9.699957445263863e-06,1.019984483718872e-05,7.899990305304527e-05,0.009281499893404543,0.035543300095014274,0.001334400032646954,1.3299984857439995e-05,0.001890100073069334,0.05015789985191077
