percentage,execution,ar_r_sub,k_s_sup,ks_sf_in,n_r_t,nk_k_sup,nrs_ns_r,ns_s_spe,ns_s_sup,ns_sub_r,r_ar_sup,s_k_sub,s_ns_sub,s_nsup_k,sub_r_r,t_k_sup,total_time
20,10,0.0001260999997612089,9.800001862458885e-06,0.0005017000003135763,5.800000508315861e-06,0.0004470000003493624,6.199999916134402e-06,4.499999704421498e-06,8.700000762473792e-06,9.40000063565094e-06,9.60000033956021e-06,0.0001315000008617062,0.00012660000174946617,0.0003187000002071727,1.2700000297627412e-05,1.190000148199033e-05,0.001730200008751126
