percentage,execution,k_s_sup,s_k_sub,t_k_sup,ns_s_sup,s_ns_sub,r_ar_sup,ar_r_sub,ns_sub_r,ks_sf_in,sub_r_r,n_r_t,ns_s_spe,nk_k_sup,s_nsup_k,nrs_ns_r,total_time
20,8,7.829999958630651e-05,0.009097299989662133,0.0019896999874617904,1.0099989594891667e-05,0.037888099992414936,7.6299998909235e-05,7.249999907799065e-05,1.0299991117790341e-05,0.0002432999899610877,1.300001167692244e-05,5.4000120144337416e-06,4.5000051613897085e-06,0.0015571000112686306,0.00133790000109002,6.200003554113209e-06,0.05238999998255167
