percentage,execution,ar_r_sub,k_s_sup,ks_sf_in,n_r_t,nk_k_sup,nrs_ns_r,ns_s_spe,ns_s_sup,ns_sub_r,r_ar_sup,s_k_sub,s_ns_sub,s_nsup_k,sub_r_r,t_k_sup,total_time
70,2,0.00039270007982850075,8.519971743226051e-05,0.0009032995440065861,6.299931555986404e-06,0.0016513997688889503,6.00004568696022e-06,5.09992241859436e-06,1.0699499398469925e-05,1.1199619621038437e-05,8.38995911180973e-05,0.009202999994158745,0.021314799785614014,0.0014249999076128006,1.3399869203567505e-05,0.0019367998465895653,0.037048797123134136
