percentage,execution,ar_r_sub,k_s_sup,ks_sf_in,n_r_t,nk_k_sup,nrs_ns_r,ns_s_spe,ns_s_sup,ns_sub_r,r_ar_sup,s_k_sub,s_ns_sub,s_nsup_k,sub_r_r,t_k_sup,total_time
20,4,0.00013570021837949753,1.29002146422863e-05,0.00027219997718930244,9.500421583652496e-06,0.0005176002159714699,9.199604392051697e-06,7.6000578701496124e-06,8.699949830770493e-06,9.699258953332901e-06,1.00000761449337e-05,0.00014139991253614426,0.00013480009511113167,0.000359400175511837,1.659989356994629e-05,9.799841791391373e-06,0.0016550999134778976
