percentage,execution,ar_r_sub,k_s_sup,ks_sf_in,n_r_t,nk_k_sup,nrs_ns_r,ns_s_spe,ns_s_sup,ns_sub_r,r_ar_sup,s_k_sub,s_ns_sub,s_nsup_k,sub_r_r,t_k_sup,total_time
20,4,0.0001353999996354105,1.0100000508828089e-05,0.00027740000041376334,5.899999450775795e-06,0.00047480000102950726,6.400001439033076e-06,4.400000761961564e-06,8.39999847812578e-06,9.60000033956021e-06,1.0199999451288022e-05,0.0001419000000169035,0.00013699999908567406,0.0003316999991511693,1.3300001228344627e-05,9.800000043469481e-06,0.0015763000010338146
