percentage,execution,ar_r_sub,k_s_sup,ks_sf_in,n_r_t,nk_k_sup,nrs_ns_r,ns_s_spe,ns_s_sup,ns_sub_r,r_ar_sup,s_k_sub,s_ns_sub,s_nsup_k,sub_r_r,t_k_sup,total_time
80,8,0.017022100000758655,0.0010716000015236204,1.06999996205559e-05,7.3999999585794285e-06,0.0026739999993878882,8.099999831756577e-06,0.001012099999570637,7.720000030531082e-05,1.2499998774728738e-05,0.00452459999905841,0.018474000000423985,0.027718600000298466,0.002333500000531785,0.00277020000066841,0.00633919999745558,0.08405579999816837
