percentage,execution,ar_r_sub,k_s_sup,ks_sf_in,n_r_t,nk_k_sup,nrs_ns_r,ns_s_spe,ns_s_sup,ns_sub_r,r_ar_sup,s_k_sub,s_ns_sub,s_nsup_k,sub_r_r,t_k_sup,total_time
60,1,1.0100000508828089e-05,8.039999920583796e-05,9.40000063565094e-06,5.300000339047983e-06,0.0015182999995886348,5.600000804406591e-06,4.400000761961564e-06,1.21000011858996e-05,9.40000063565094e-06,0.00853839999945194,0.009826999999859254,0.023854299999584327,0.001320700001087971,1.2700002116616815e-05,0.0009335000013379613,0.04614160000710399
