percentage,execution,ar_r_sub,k_s_sup,ks_sf_in,n_r_t,nk_k_sup,nrs_ns_r,ns_s_spe,ns_s_sup,ns_sub_r,r_ar_sup,s_k_sub,s_ns_sub,s_nsup_k,sub_r_r,t_k_sup,total_time
20,4,0.005286000669002533,1.1400319635868073e-05,1.0099727660417557e-05,7.400289177894592e-06,0.0018597999587655067,7.3998235166072845e-06,5.09992241859436e-06,1.019984483718872e-05,1.1899974197149277e-05,0.0065119001083076,0.003415199927985668,0.00960520002990961,0.001477300189435482,0.0011058994568884373,1.2100208550691605e-05,0.02933690045028925
