percentage,execution,ar_r_sub,k_s_sup,ks_sf_in,n_r_t,nk_k_sup,nrs_ns_r,ns_s_spe,ns_s_sup,ns_sub_r,r_ar_sup,s_k_sub,s_ns_sub,s_nsup_k,sub_r_r,t_k_sup,total_time
40,6,0.0008513000011589611,8.309999975608662e-05,0.00022960000023886096,5.800000508315861e-06,0.0014240000000427244,8.600000001024455e-06,4.499999704421498e-06,9.800001862458885e-06,1.0600000678095967e-05,0.0008636000002297806,0.008522400001311325,0.02363810000133526,0.0012248999992152676,1.2800001059076749e-05,0.0019045000008190982,0.03879360000792076
