percentage,execution,ar_r_sub,k_s_sup,ks_sf_in,n_r_t,nk_k_sup,nrs_ns_r,ns_s_spe,ns_s_sup,ns_sub_r,r_ar_sup,s_k_sub,s_ns_sub,s_nsup_k,sub_r_r,t_k_sup,total_time
20,8,9.800000043469481e-06,7.610000102431513e-05,9.100000170292333e-06,5.399999281507917e-06,0.0015994000004866393,6.000000212225132e-06,4.399998942972161e-06,9.299999874201603e-06,1.0300000212737359e-05,0.006060900001102709,0.009245599998394027,0.03623669999979029,0.0014260999996622559,1.2900000001536682e-05,0.000983500000074855,0.055695499999274034
