percentage,execution,ar_r_sub,k_s_sup,ks_sf_in,n_r_t,nk_k_sup,nrs_ns_r,ns_s_spe,ns_s_sup,ns_sub_r,r_ar_sup,s_k_sub,s_ns_sub,s_nsup_k,sub_r_r,t_k_sup,total_time
60,9,0.018752300180494785,0.0010027997195720673,1.0999385267496109e-05,7.700175046920776e-06,0.002608200069516897,6.00004568696022e-06,0.0011289999820291996,7.859990000724792e-05,1.2999866157770157e-05,0.009464900474995375,0.013831000309437513,0.028830499853938818,0.0022293999791145325,0.003847499843686819,0.004984099883586168,0.08679599966853857
