percentage,execution,ar_r_sub,k_s_sup,ks_sf_in,n_r_t,nk_k_sup,nrs_ns_r,ns_s_spe,ns_s_sup,ns_sub_r,r_ar_sup,s_k_sub,s_ns_sub,s_nsup_k,sub_r_r,t_k_sup,total_time
80,9,0.017595899989828467,0.0014335998566821218,1.550000160932541e-05,3.650004509836435e-05,0.014424500172026455,1.0899966582655907e-05,0.0020812000147998333,0.00011409993749111891,2.180004958063364e-05,0.010619900072924793,0.021044300054199994,0.0285992999561131,0.004567399970255792,0.0025496999733150005,0.004742800025269389,0.10785740008577704
