percentage,execution,ar_r_sub,k_s_sup,ks_sf_in,n_r_t,nk_k_sup,nrs_ns_r,ns_s_spe,ns_s_sup,ns_sub_r,r_ar_sup,s_k_sub,s_ns_sub,s_nsup_k,sub_r_r,t_k_sup,total_time
30,8,0.016571399988606572,0.004202499985694885,1.0399846360087395e-05,6.9999368861317635e-06,0.0021695999894291162,6.3999323174357414e-06,0.0010537999914959073,9.190000128000975e-05,0.0001583000412210822,0.007797199999913573,0.012752900016494095,0.03218349989037961,0.0018704000394791365,0.0031152000883594155,0.004827499971725047,0.0868179997196421
