percentage,execution,k_s_sup,s_k_sub,t_k_sup,ns_s_sup,s_ns_sub,r_ar_sup,ar_r_sub,ns_sub_r,ks_sf_in,sub_r_r,n_r_t,ns_s_spe,nk_k_sup,s_nsup_k,nrs_ns_r,total_time
80,3,0.0006623999943258241,0.026671699990401976,0.01034079999953974,0.00012120000610593706,0.03027529999963008,0.010110700008226559,0.01645100001769606,1.8199978512711823e-05,1.6099991626106203e-05,0.0024631999840494245,1.5000012353993952e-05,0.0020902999967802316,0.014057599997613579,0.0043101000192109495,1.09999964479357e-05,0.11761459999252111
