percentage,execution,ar_r_sub,k_s_sup,ks_sf_in,n_r_t,nk_k_sup,nrs_ns_r,ns_s_spe,ns_s_sup,ns_sub_r,r_ar_sup,s_k_sub,s_ns_sub,s_nsup_k,sub_r_r,t_k_sup,total_time
10,7,1.0400079190731049e-05,8.039991371333599e-05,9.300070814788342e-06,6.600050255656242e-06,0.000714799971319735,6.900052540004253e-06,5.00003807246685e-06,1.0300078429281712e-05,1.0099844075739384e-05,0.008368199924007058,0.0035355001455172896,0.010339100030250847,0.000623399973846972,1.6699894331395626e-05,0.0017186000477522612,0.025455300114117563
