percentage,execution,ar_r_sub,k_s_sup,ks_sf_in,n_r_t,nk_k_sup,nrs_ns_r,ns_s_spe,ns_s_sup,ns_sub_r,r_ar_sup,s_k_sub,s_ns_sub,s_nsup_k,sub_r_r,t_k_sup,total_time
20,3,0.006641100160777569,1.1599622666835785e-05,1.0099727660417557e-05,7.299706339836121e-06,0.0016466001980006695,7.200054824352264e-06,8.300412446260452e-06,1.0699965059757233e-05,1.2299977242946625e-05,0.008657500147819519,0.002254200167953968,0.0054348004050552845,0.0013044998049736023,0.0013133995234966278,1.7199665307998657e-05,0.027336799539625645
