percentage,execution,ar_r_sub,k_s_sup,ks_sf_in,n_r_t,nk_k_sup,nrs_ns_r,ns_s_spe,ns_s_sup,ns_sub_r,r_ar_sup,s_k_sub,s_ns_sub,s_nsup_k,sub_r_r,t_k_sup,total_time
50,7,0.036780199967324734,0.00022689998149871826,2.589961513876915e-05,1.5000347048044205e-05,0.014830600004643202,1.200009137392044e-05,0.0021896003745496273,0.00015649991109967232,5.009956657886505e-05,0.013501799665391445,0.03202790068462491,0.04838650021702051,0.004577200394123793,0.0067317006178200245,0.008148299530148506,0.16766020096838474
