execution,k_s_sup,s_k_sub,t_k_sup,ns_s_sup,s_ns_sub,r_ar_sup,ar_r_sub,ns_sub_r,ks_sf_in,sub_r_r,n_r_t,ns_s_spe,nk_k_sup,s_nsup_k,nrs_ns_r,total_time
1,5.0999922677874565e-05,0.000574299949221313,0.0005549999186769128,1.3399985618889332e-05,0.0005277000600472093,4.950002767145634e-05,0.00011579983402043581,1.3999990187585354e-05,1.3499869965016842e-05,1.470011193305254e-05,1.0200077667832375e-05,8.699949830770493e-06,0.010698899975977838,0.0002780999056994915,9.7999582067132e-06,0.012934599537402391
2,8.460006210952997e-05,0.0010715000098571181,0.001137999934144318,9.7999582067132e-06,0.004444299964234233,8.209992665797472e-05,9.09995287656784e-06,9.500072337687016e-06,9.399955160915852e-06,1.0199961252510548e-05,4.900037311017513e-06,4.399917088449001e-06,0.00017140002455562353,0.00013679999392479658,5.400041118264198e-06,0.007191399810835719
