percentage,execution,ar_r_sub,k_s_sup,ks_sf_in,n_r_t,nk_k_sup,nrs_ns_r,ns_s_spe,ns_s_sup,ns_sub_r,r_ar_sup,s_k_sub,s_ns_sub,s_nsup_k,sub_r_r,t_k_sup,total_time
40,10,9.79999913397478e-06,9.999999747378752e-06,1.1999999514955562e-05,5.200000487093348e-06,0.00035630000002129236,5.399999281507917e-06,4.499999704421498e-06,8.299999535665847e-06,1.5999994502635673e-06,0.003036900000552123,0.00013239999952929793,0.00012729999980365392,0.00023119999968912452,1.0599998859106563e-05,8.800000614428427e-06,0.003960299995924288
