percentage,execution,ar_r_sub,k_s_sup,ks_sf_in,n_r_t,nk_k_sup,nrs_ns_r,ns_s_spe,ns_s_sup,ns_sub_r,r_ar_sup,s_k_sub,s_ns_sub,s_nsup_k,sub_r_r,t_k_sup,total_time
80,8,1.0299999303242657e-05,1.2800000149582047e-05,9.299999874201603e-06,5.899999450775795e-06,0.0005095999995319289,5.199999577598646e-06,0.00045760000011796365,7.060000007186318e-05,2.200000380980782e-06,0.0025347000000692788,0.00019149999934597872,0.00018619999991642544,0.0003416999998080428,1.0599999768601265e-05,9.499999578110874e-06,0.004357699996944575
