execution,k_s_sup,s_k_sub,t_k_sup,ns_s_sup,s_ns_sub,r_ar_sup,ar_r_sub,ns_sub_r,ks_sf_in,sub_r_r,n_r_t,ns_s_spe,nk_k_sup,s_nsup_k,nrs_ns_r,total_time
1,7.899990305304527e-05,0.0010622000554576516,0.0010513999732211232,9.499955922365189e-06,0.0042400999227538705,8.399994112551212e-05,9.100069291889668e-06,9.599956683814526e-06,8.79995059221983e-06,9.999959729611874e-06,4.500034265220165e-06,4.399917088449001e-06,0.00016160006634891033,0.00018660002388060093,5.399924702942371e-06,0.006926199654117227
2,0.004596700076945126,8.619995787739754e-05,0.0001482999650761485,8.449994493275881e-05,8.019991219043732e-05,0.00344030000269413,1.0899966582655907e-05,0.0033891998464241624,1.0899966582655907e-05,1.1299969628453255e-05,5.200039595365524e-06,0.000296299927867949,5.599926225841045e-06,4.900037311017513e-06,4.499917849898338e-06,0.012174999457783997
