percentage,execution,k_s_sup,s_k_sub,t_k_sup,ns_s_sup,s_ns_sub,r_ar_sup,ar_r_sub,ns_sub_r,ks_sf_in,sub_r_r,n_r_t,ns_s_spe,nk_k_sup,s_nsup_k,nrs_ns_r,total_time
90,8,4.999998782295734e-05,0.0036837999941781163,0.0038871999859111384,1.6299993149004877e-05,0.003640900002210401,0.00010109999857377261,0.000826300005428493,1.5399986295960844e-05,1.41999771585688e-05,1.7099999240599573e-05,1.2600008631125093e-05,1.0000017937272787e-05,0.012159499994595535,0.0020705999922938645,1.2500007869675756e-05,0.026517499951296486
