percentage,execution,ar_r_sub,k_s_sup,ks_sf_in,n_r_t,nk_k_sup,nrs_ns_r,ns_s_spe,ns_s_sup,ns_sub_r,r_ar_sup,s_k_sub,s_ns_sub,s_nsup_k,sub_r_r,t_k_sup,total_time
10,3,0.00015189999248832464,9.549991227686405e-05,1.8900143913924694e-05,1.170008908957243e-05,0.011409399914555252,1.4200108125805855e-05,9.600073099136353e-06,1.899979542940855e-05,2.0999927073717117e-05,9.350001346319914e-05,0.0070032000076025724,0.0329079000512138,0.0012125000357627869,2.4600070901215076e-05,0.008223199984058738,0.06121610011905432
