percentage,execution,ar_r_sub,k_s_sup,ks_sf_in,n_r_t,nk_k_sup,nrs_ns_r,ns_s_spe,ns_s_sup,ns_sub_r,r_ar_sup,s_k_sub,s_ns_sub,s_nsup_k,sub_r_r,t_k_sup,total_time
50,2,0.0005493001081049442,8.560018613934517e-05,0.0006443001329898834,6.800051778554916e-06,0.0024351999163627625,6.9998204708099365e-06,5.3998082876205444e-06,1.1699739843606949e-05,1.1399853974580765e-05,8.359970524907112e-05,0.013045100029557943,0.04302480025216937,0.0021015997044742107,1.619989052414894e-05,0.015820800326764584,0.07784879952669144
