percentage,execution,k_s_sup,s_k_sub,t_k_sup,ns_s_sup,s_ns_sub,r_ar_sup,ar_r_sub,ns_sub_r,ks_sf_in,sub_r_r,n_r_t,ns_s_spe,nk_k_sup,s_nsup_k,nrs_ns_r,total_time
90,6,8.129999332595617e-05,0.006291999990935437,0.007877999989432283,1.0199990356341004e-05,0.009271400005673058,7.500001811422408e-05,0.0004791000101249665,1.0599993402138352e-05,1.2299991794861853e-05,1.1200012522749603e-05,6.000002031214535e-06,4.8000074457377195e-06,0.0012339999957475811,0.0010302000009687617,5.49999822396785e-06,0.02640160000009928
