percentage,execution,k_s_sup,s_k_sub,t_k_sup,ns_s_sup,s_ns_sub,r_ar_sup,ar_r_sub,ns_sub_r,ks_sf_in,sub_r_r,n_r_t,ns_s_spe,nk_k_sup,s_nsup_k,nrs_ns_r,total_time
10,7,8.81000014487654e-05,0.006779099989216775,0.008195799993700348,1.829999382607639e-05,0.03191260002495255,8.359998173546046e-05,0.00017269999079871923,1.8800012185238302e-05,2.059999678749591e-05,2.2700012777931988e-05,1.1500000255182385e-05,8.999995770864189e-06,0.01083499999367632,0.0012011000071652234,1.2200005585327744e-05,0.05938109999988228
