percentage,execution,ar_r_sub,k_s_sup,ks_sf_in,n_r_t,nk_k_sup,nrs_ns_r,ns_s_spe,ns_s_sup,ns_sub_r,r_ar_sup,s_k_sub,s_ns_sub,s_nsup_k,sub_r_r,t_k_sup,total_time
30,4,0.0007292004302144051,8.980045095086098e-05,0.001309200655668974,1.3799872249364853e-05,0.012777900323271751,1.4599878340959549e-05,1.019984483718872e-05,2.150004729628563e-05,2.2099819034337997e-05,9.210081771016121e-05,0.013315799180418253,0.051666699815541506,0.0027597001753747463,3.280024975538254e-05,0.016077399719506502,0.09893280128017068
