percentage,execution,ar_r_sub,k_s_sup,ks_sf_in,n_r_t,nk_k_sup,nrs_ns_r,ns_s_spe,ns_s_sup,ns_sub_r,r_ar_sup,s_k_sub,s_ns_sub,s_nsup_k,sub_r_r,t_k_sup,total_time
30,5,0.0003880998119711876,8.980045095086098e-05,1.890026032924652e-05,1.2299977242946625e-05,0.011470700148493052,1.2800097465515137e-05,9.300187230110168e-06,1.9399914890527725e-05,2.0100269466638565e-05,8.899997919797897e-05,0.007078399881720543,0.02605079999193549,0.0014200001023709774,2.409936860203743e-05,0.008054699748754501,0.054758400190621614
