percentage,execution,ar_r_sub,k_s_sup,ks_sf_in,n_r_t,nk_k_sup,nrs_ns_r,ns_s_spe,ns_s_sup,ns_sub_r,r_ar_sup,s_k_sub,s_ns_sub,s_nsup_k,sub_r_r,t_k_sup,total_time
40,7,0.0002628999991429737,8.539999998902204e-05,3.5600000046542846e-05,9.899999895424116e-06,0.00990180000098917,1.010000141832279e-05,8.299999535665847e-06,1.720000091154361e-05,2.1100001504237298e-05,7.980000009411015e-05,0.0031142999996518483,0.009024900000440539,0.0006774999992558151,1.9500000234984327e-05,0.003549199999724806,0.026817500002835004
