percentage,execution,k_s_sup,s_k_sub,t_k_sup,ns_s_sup,s_ns_sub,r_ar_sup,ar_r_sub,ns_sub_r,ks_sf_in,sub_r_r,n_r_t,ns_s_spe,nk_k_sup,s_nsup_k,nrs_ns_r,total_time
50,5,8.02999857114628e-05,0.006443999998737127,0.007784599991282448,9.800016414374113e-06,0.021936999997706152,7.360000745393336e-05,0.0002459999959683046,1.0299991117790341e-05,1.1900003300979733e-05,1.1899988749064505e-05,6.300004315562546e-06,4.8000074457377195e-06,0.0012304999982006848,0.0010099000064656138,8.400005754083395e-06,0.03886929999862332
