percentage,execution,ar_r_sub,k_s_sup,ks_sf_in,n_r_t,nk_k_sup,nrs_ns_r,ns_s_spe,ns_s_sup,ns_sub_r,r_ar_sup,s_k_sub,s_ns_sub,s_nsup_k,sub_r_r,t_k_sup,total_time
70,7,0.0007163002155721188,0.00010240031406283379,0.0009413002990186214,6.9998204708099365e-06,0.0024619996547698975,6.400048732757568e-06,5.1995739340782166e-06,1.1500436812639236e-05,1.1799857020378113e-05,8.069956675171852e-05,0.012932099867612123,0.03129599988460541,0.0020743999630212784,1.640012487769127e-05,0.015575299970805645,0.066238799598068
