percentage,execution,ar_r_sub,k_s_sup,ks_sf_in,n_r_t,nk_k_sup,nrs_ns_r,ns_s_spe,ns_s_sup,ns_sub_r,r_ar_sup,s_k_sub,s_ns_sub,s_nsup_k,sub_r_r,t_k_sup,total_time
20,6,0.00025379999988217605,8.710000111022964e-05,1.799999881768599e-05,1.089999932446517e-05,0.010710599999583792,1.4199999895936344e-05,8.600000001024455e-06,1.810000048863003e-05,1.8599999748403206e-05,8.190000062313629e-05,0.006687000000056287,0.028355000000374275,0.0012321000003794325,2.2500000341096893e-05,0.007825500000762986,0.05534390000138956
