percentage,execution,ar_r_sub,k_s_sup,ks_sf_in,n_r_t,nk_k_sup,nrs_ns_r,ns_s_spe,ns_s_sup,ns_sub_r,r_ar_sup,s_k_sub,s_ns_sub,s_nsup_k,sub_r_r,t_k_sup,total_time
40,6,0.0004154999996899278,7.809999988239724e-05,0.0008708999994269107,9.499999578110874e-06,0.0023544999994555837,7.099999493220821e-06,5.300000339047983e-06,1.1300000551273115e-05,1.1699999959091656e-05,7.399999958579428e-05,0.012528600000223378,0.04609139999956824,0.0019555999997464824,1.6400000276917126e-05,0.015319699999963632,0.07974959999774
