percentage,execution,ar_r_sub,k_s_sup,ks_sf_in,n_r_t,nk_k_sup,nrs_ns_r,ns_s_spe,ns_s_sup,ns_sub_r,r_ar_sup,s_k_sub,s_ns_sub,s_nsup_k,sub_r_r,t_k_sup,total_time
80,9,0.0004241999704390764,8.33999365568161e-05,9.899958968162537e-06,6.00004568696022e-06,0.0012208999833092093,5.899928510189056e-06,4.799920134246349e-06,1.0200077667832375e-05,1.0900082997977734e-05,7.46001023799181e-05,0.006298099993728101,0.01260509982239455,0.001017100061289966,1.1999974958598614e-05,0.007832699920982122,0.029615799780003726
