percentage,execution,ar_r_sub,k_s_sup,ks_sf_in,n_r_t,nk_k_sup,nrs_ns_r,ns_s_spe,ns_s_sup,ns_sub_r,r_ar_sup,s_k_sub,s_ns_sub,s_nsup_k,sub_r_r,t_k_sup,total_time
80,9,0.0008456000005025999,7.989999903657008e-05,0.0014696999996886007,6.70000008540228e-06,0.0023390999995172024,6.299999768089037e-06,5.200000487093348e-06,1.0900000233959872e-05,1.1500000255182385e-05,7.689999983995222e-05,0.01214110000000801,0.023992100000214123,0.0019565000002330635,1.579999934619991e-05,0.01506830000107584,0.05802560000029189
