percentage,execution,ar_r_sub,k_s_sup,ks_sf_in,n_r_t,nk_k_sup,nrs_ns_r,ns_s_spe,ns_s_sup,ns_sub_r,r_ar_sup,s_k_sub,s_ns_sub,s_nsup_k,sub_r_r,t_k_sup,total_time
80,2,0.001735200000439363,8.969999998953426e-05,0.002813100000821578,1.4899999769113492e-05,0.014195400000062364,1.2200000128359534e-05,1.0700000530050602e-05,2.1400000150606502e-05,2.300000051036477e-05,8.779999916441739e-05,0.012998000001061882,0.021768800000245392,0.0035782000004473957,3.420000030018855e-05,0.015044400000078895,0.0724270000036995
