percentage,execution,ar_r_sub,k_s_sup,ks_sf_in,n_r_t,nk_k_sup,nrs_ns_r,ns_s_spe,ns_s_sup,ns_sub_r,r_ar_sup,s_k_sub,s_ns_sub,s_nsup_k,sub_r_r,t_k_sup,total_time
80,4,0.00083910021930933,8.330028504133224e-05,0.001182400155812502,7.4999406933784485e-06,0.0024513998068869114,6.1998143792152405e-06,5.499925464391708e-06,1.1899508535861969e-05,1.1899974197149277e-05,8.430005982518196e-05,0.012826200108975172,0.025333300232887268,0.002136200200766325,1.9399914890527725e-05,0.015916500240564346,0.06091510038822889
