percentage,execution,ar_r_sub,k_s_sup,ks_sf_in,n_r_t,nk_k_sup,nrs_ns_r,ns_s_spe,ns_s_sup,ns_sub_r,r_ar_sup,s_k_sub,s_ns_sub,s_nsup_k,sub_r_r,t_k_sup,total_time
20,9,7.120000009308569e-05,7.499999992433004e-05,9.100000170292333e-06,5.399999281507917e-06,0.00119769999946584,6.199999916134402e-06,4.5000006139162e-06,9.299998964706901e-06,9.40000063565094e-06,7.139999979699496e-05,0.006728099999236292,0.030821299999843177,0.0009872999999060994,1.1399999493733048e-05,0.007733699999334931,0.04774099999667669
