percentage,execution,ar_r_sub,k_s_sup,ks_sf_in,n_r_t,nk_k_sup,nrs_ns_r,ns_s_spe,ns_s_sup,ns_sub_r,r_ar_sup,s_k_sub,s_ns_sub,s_nsup_k,sub_r_r,t_k_sup,total_time
20,6,0.0002669999375939369,8.970021735876799e-05,1.8300022929906845e-05,1.1699972674250603e-05,0.011293800082057714,1.4499877579510212e-05,9.200070053339005e-06,1.8399907276034355e-05,2.010003663599491e-05,8.389994036406279e-05,0.006796199711970985,0.028741000103764236,0.0014140000566840172,2.329994458705187e-05,0.00782640022225678,0.05662750010378659
