percentage,execution,k_s_sup,s_k_sub,t_k_sup,ns_s_sup,s_ns_sub,r_ar_sup,ar_r_sub,ns_sub_r,ks_sf_in,sub_r_r,n_r_t,ns_s_spe,nk_k_sup,s_nsup_k,nrs_ns_r,total_time
40,7,8.050001633819193e-05,0.012613799990504049,0.015204800001811236,1.0700008715502918e-05,0.046587700009695254,7.470000127796084e-05,0.00041149999015033245,1.1500000255182385e-05,0.0009124000062001869,1.6400008462369442e-05,6.89999433234334e-06,4.999994416721165e-06,0.002551300000050105,0.0019853999983752146,7.199996616691351e-06,0.08047980001720134
