percentage,execution,ar_r_sub,k_s_sup,ks_sf_in,n_r_t,nk_k_sup,nrs_ns_r,ns_s_spe,ns_s_sup,ns_sub_r,r_ar_sup,s_k_sub,s_ns_sub,s_nsup_k,sub_r_r,t_k_sup,total_time
70,8,0.00036449998151510954,7.850001566112041e-05,1.209997572004795e-05,5.899928510189056e-06,0.0012443999294191599,6.00004568696022e-06,4.900037311017513e-06,1.009996049106121e-05,1.0699965059757233e-05,7.73001229390502e-05,0.006393600022420287,0.015655700000934303,0.0010279000271111727,1.1699972674250603e-05,0.0077457999577745795,0.032649099943228066
