percentage,execution,ar_r_sub,k_s_sup,ks_sf_in,n_r_t,nk_k_sup,nrs_ns_r,ns_s_spe,ns_s_sup,ns_sub_r,r_ar_sup,s_k_sub,s_ns_sub,s_nsup_k,sub_r_r,t_k_sup,total_time
80,10,0.00041289999990112847,7.980000009411015e-05,9.299999874201603e-06,5.899999450775795e-06,0.0012018999996143975,5.500000042957254e-06,4.900000021734741e-06,1.0200001270277426e-05,9.800000043469481e-06,7.310000000870787e-05,0.006190900000547117,0.012101100000109,0.0009860000000116997,1.160000010713702e-05,0.007518399999753456,0.02862130000085017
