percentage,execution,k_s_sup,s_k_sub,t_k_sup,ns_s_sup,s_ns_sub,r_ar_sup,ar_r_sub,ns_sub_r,ks_sf_in,sub_r_r,n_r_t,ns_s_spe,nk_k_sup,s_nsup_k,nrs_ns_r,total_time
40,10,8.959999831859022e-05,0.0070848999748704955,0.008058699997491203,2.239999594166875e-05,0.023015600003418513,8.869997691363096e-05,0.0005120000132592395,2.059999678749591e-05,1.8799997633323073e-05,2.3999993572942913e-05,1.239999255631119e-05,1.2499993317760527e-05,0.011484400005429052,0.001530800000182353,1.1999989510513842e-05,0.05198739992920309
