percentage,execution,ar_r_sub,k_s_sup,ks_sf_in,n_r_t,nk_k_sup,nrs_ns_r,ns_s_spe,ns_s_sup,ns_sub_r,r_ar_sup,s_k_sub,s_ns_sub,s_nsup_k,sub_r_r,t_k_sup,total_time
30,10,0.00038509955629706383,8.75992700457573e-05,1.8100254237651825e-05,1.180032268166542e-05,0.011062799952924252,1.1899508535861969e-05,9.199604392051697e-06,1.8700025975704193e-05,1.9200146198272705e-05,8.550100028514862e-05,0.006819800473749638,0.02541710017248988,0.0013745003379881382,2.279970794916153e-05,0.007917799986898899,0.05326190032064915
