percentage,execution,k_s_sup,s_k_sub,t_k_sup,ns_s_sup,s_ns_sub,r_ar_sup,ar_r_sub,ns_sub_r,ks_sf_in,sub_r_r,n_r_t,ns_s_spe,nk_k_sup,s_nsup_k,nrs_ns_r,total_time
10,1,9.090002276934683e-05,0.00723319998360239,0.007986100012203678,2.0799998310394585e-05,0.03266279997478705,8.589999924879521e-05,0.0001548999862279743,1.950003206729889e-05,1.8100006855092943e-05,2.3199987481348217e-05,1.1699972674250603e-05,9.299983503296971e-06,0.011520399988512509,0.0012416999961715192,3.330000618007034e-05,0.061111799950595014
