execution,k_s_sup,s_k_sub,t_k_sup,ns_s_sup,s_ns_sub,r_ar_sup,ar_r_sub,ns_sub_r,ks_sf_in,sub_r_r,n_r_t,ns_s_spe,nk_k_sup,s_nsup_k,nrs_ns_r,total_time
1,0.00010279985144734383,0.001922499854117632,0.0020852000452578068,1.8999911844730377e-05,0.0053879000479355454,0.003521899809129536,2.069980837404728e-05,2.00001522898674e-05,1.880002673715353e-05,2.129992935806513e-05,1.119985245168209e-05,9.300070814788342e-06,0.007214000099338591,0.00043509993702173233,1.5199999324977398e-05,0.0208048993954435
2,9.410013444721699e-05,0.001885400153696537,0.002105699968524277,1.9399914890527725e-05,0.005394899868406355,0.0035577999660745263,2.1200045011937618e-05,2.019992098212242e-05,1.9200146198272705e-05,2.350006252527237e-05,1.0400079190731049e-05,9.09995287656784e-06,0.007173899910412729,0.0004135000053793192,1.27000967040658e-05,0.02076100022532046
3,0.00010880001354962587,0.0018844000296667218,0.0020522000268101692,9.699957445263863e-06,0.008672600029967725,8.330005221068859e-05,9.499955922365189e-06,1.00000761449337e-05,9.500072337687016e-06,1.3799872249364853e-05,5.299923941493034e-06,4.700035788118839e-06,0.00032130000181496143,0.0002663000486791134,5.700043402612209e-06,0.013457100139930844
