percentage,execution,ar_r_sub,k_s_sup,ks_sf_in,n_r_t,nk_k_sup,nrs_ns_r,ns_s_spe,ns_s_sup,ns_sub_r,r_ar_sup,s_k_sub,s_ns_sub,s_nsup_k,sub_r_r,t_k_sup,total_time
30,1,0.048461099970154464,0.0394908000016585,0.0007660998962819576,1.3999990187585354e-05,0.006846299977041781,0.00011929997708648443,0.06539749994408339,0.03375469986349344,0.004153000074438751,0.045517200022004545,0.020060099894180894,0.057958099991083145,0.006114899995736778,0.005582599900662899,0.04322170000523329,0.3774573995033279
