percentage,execution,ar_r_sub,k_s_sup,ks_sf_in,n_r_t,nk_k_sup,nrs_ns_r,ns_s_spe,ns_s_sup,ns_sub_r,r_ar_sup,s_k_sub,s_ns_sub,s_nsup_k,sub_r_r,t_k_sup,total_time
10,9,1.019984483718872e-05,1.00000761449337e-05,9.09995287656784e-06,6.1998143792152405e-06,0.00024189986288547516,6.5998174250125885e-06,4.599802196025848e-06,8.800067007541656e-06,9.499955922365189e-06,0.00443800026550889,8.00001434981823e-05,7.360009476542473e-05,0.00017139967530965805,1.3799872249364853e-05,9.699724614620209e-06,0.005093398969620466
