percentage,execution,k_s_sup,s_k_sub,t_k_sup,ns_s_sup,s_ns_sub,r_ar_sup,ar_r_sub,ns_sub_r,ks_sf_in,sub_r_r,n_r_t,ns_s_spe,nk_k_sup,s_nsup_k,nrs_ns_r,total_time
20,3,9.48999950196594e-05,0.013991699990583584,0.00438560001202859,3.689997538458556e-05,0.044491099994047545,0.014167599991196766,2.1599989850074053e-05,2.1100000594742596e-05,1.9499988411553204e-05,2.8099981136620045e-05,3.4199998481199145e-05,1.0100018698722124e-05,0.00901410001097247,0.0024511999945389107,1.4700010069645941e-05,0.08878239995101467
