percentage,execution,ar_r_sub,k_s_sup,ks_sf_in,n_r_t,nk_k_sup,nrs_ns_r,ns_s_spe,ns_s_sup,ns_sub_r,r_ar_sup,s_k_sub,s_ns_sub,s_nsup_k,sub_r_r,t_k_sup,total_time
60,8,9.40000063565094e-06,7.609999920532573e-05,8.999999408842996e-06,5.099999725644011e-06,0.0007891000004747184,5.000000783184078e-06,4.300000000512227e-06,8.999999408842996e-06,9.40000063565094e-06,0.002494999999726133,0.00461159999940719,0.010995999999977357,0.0005432999996628496,1.0700000530050602e-05,0.0019081999998888932,0.021481199999470846
