percentage,execution,k_s_sup,s_k_sub,t_k_sup,ns_s_sup,s_ns_sub,r_ar_sup,ar_r_sub,ns_sub_r,ks_sf_in,sub_r_r,n_r_t,ns_s_spe,nk_k_sup,s_nsup_k,nrs_ns_r,total_time
30,6,9.039998985826969e-05,0.016114500002004206,0.012221999990288168,2.1599989850074053e-05,0.06297559999802615,0.014766200023586862,2.2799998987466097e-05,2.2299995180219412e-05,2.0700026652775705e-05,3.29999893438071e-05,1.4000004739500582e-05,1.069999416358769e-05,0.009822100008022971,0.003143800000543706,1.720000000204891e-05,0.11929690001124982
