percentage,execution,ar_r_sub,k_s_sup,ks_sf_in,n_r_t,nk_k_sup,nrs_ns_r,ns_s_spe,ns_s_sup,ns_sub_r,r_ar_sup,s_k_sub,s_ns_sub,s_nsup_k,sub_r_r,t_k_sup,total_time
40,7,2.1400046534836292e-05,8.919986430555582e-05,1.910002902150154e-05,1.209997572004795e-05,0.009066099999472499,1.3200100511312485e-05,9.999959729611874e-06,2.0200037397444248e-05,2.1000043489038944e-05,0.013580699916929007,0.0161892999894917,0.03760199993848801,0.0027163999620825052,2.7399975806474686e-05,0.004390700021758676,0.08377879986073822
