percentage,execution,ar_r_sub,k_s_sup,ks_sf_in,n_r_t,nk_k_sup,nrs_ns_r,ns_s_spe,ns_s_sup,ns_sub_r,r_ar_sup,s_k_sub,s_ns_sub,s_nsup_k,sub_r_r,t_k_sup,total_time
20,8,9.800000043469481e-06,0.007845300000553834,9.399999726156238e-06,5.599999894911889e-06,5.500000042957254e-06,5.4000001910026185e-06,0.001855999999861524,0.0016716999998607207,0.0002584000003480469,0.00618060000033438,7.689999983995222e-05,7.400000049528899e-05,4.70000031782547e-06,1.2399999832268804e-05,8.729999990464421e-05,0.018103000001246983
