percentage,execution,ar_r_sub,k_s_sup,ks_sf_in,n_r_t,nk_k_sup,nrs_ns_r,ns_s_spe,ns_s_sup,ns_sub_r,r_ar_sup,s_k_sub,s_ns_sub,s_nsup_k,sub_r_r,t_k_sup,total_time
70,9,2.5999965146183968e-05,9.130011312663555e-05,1.9599799998104572e-05,1.5600002370774746e-05,0.010003500035963953,1.2199976481497288e-05,1.0400079190731049e-05,2.059992402791977e-05,2.2400054149329662e-05,0.023959900136105716,0.01963399990927428,0.028110799961723387,0.00329220003914088,2.8400099836289883e-05,0.004618800012394786,0.08986570010893047
