percentage,execution,ar_r_sub,k_s_sup,ks_sf_in,n_r_t,nk_k_sup,nrs_ns_r,ns_s_spe,ns_s_sup,ns_sub_r,r_ar_sup,s_k_sub,s_ns_sub,s_nsup_k,sub_r_r,t_k_sup,total_time
40,2,0.0019415999995544553,0.03319299999930081,0.0009082000005946611,1.2600000445672777e-05,0.007926999999654072,1.1699999959091656e-05,0.05941449999954784,0.03292340000098193,0.006017799999426643,0.050521399999524874,0.014124300000730727,0.052545000000463915,0.006821299999501207,4.8299999434675556e-05,0.04234380000070814,0.3087538999998287
