percentage,execution,ar_r_sub,k_s_sup,ks_sf_in,n_r_t,nk_k_sup,nrs_ns_r,ns_s_spe,ns_s_sup,ns_sub_r,r_ar_sup,s_k_sub,s_ns_sub,s_nsup_k,sub_r_r,t_k_sup,total_time
60,10,1.0300000212737359e-05,0.0032935999997789622,9.100000170292333e-06,5.500000042957254e-06,5.500000042957254e-06,5.000000783184078e-06,0.0017554000005475245,0.001700199999504548,1.0200000360782724e-05,0.004761999999573163,0.0001384999995934777,0.00013589999980467837,4.900000021734741e-06,1.2299999980314169e-05,0.0001584999999977299,0.012006900000415044
