percentage,execution,ar_r_sub,k_s_sup,ks_sf_in,n_r_t,nk_k_sup,nrs_ns_r,ns_s_spe,ns_s_sup,ns_sub_r,r_ar_sup,s_k_sub,s_ns_sub,s_nsup_k,sub_r_r,t_k_sup,total_time
80,7,1.2099998457415495e-05,8.309999975608662e-05,1.120000069931848e-05,6.799999937356915e-06,0.0027786999999079853,6.50000038149301e-06,5.599999894911889e-06,1.1900000572495628e-05,1.1500000255182385e-05,0.015856600000006438,0.015137800000047719,0.027282699999886972,0.002353900000343856,1.7400001524947584e-05,0.011941299999307375,0.07551710000097955
