percentage,execution,ar_r_sub,k_s_sup,ks_sf_in,n_r_t,nk_k_sup,nrs_ns_r,ns_s_spe,ns_s_sup,ns_sub_r,r_ar_sup,s_k_sub,s_ns_sub,s_nsup_k,sub_r_r,t_k_sup,total_time
80,6,7.399999958579428e-05,7.660000028408831e-05,9.100000170292333e-06,4.900000021734741e-06,0.0006143999999039806,4.999999873689376e-06,6.699999175907578e-06,1.140000040322775e-05,9.40000063565094e-06,0.0016686000008121482,0.003907700000127079,0.007030300000224088,0.0005362000001696288,1.0299999303242657e-05,0.0027772999992521363,0.01674189999994269
