percentage,execution,ar_r_sub,k_s_sup,ks_sf_in,n_r_t,nk_k_sup,nrs_ns_r,ns_s_spe,ns_s_sup,ns_sub_r,r_ar_sup,s_k_sub,s_ns_sub,s_nsup_k,sub_r_r,t_k_sup,total_time
60,1,2.1599997126031667e-05,0.000112599998828955,1.9499999325489625e-05,1.2500000593718141e-05,0.009338699999716482,1.2099999366910197e-05,9.60000033956021e-06,2.0400000721565448e-05,2.0900000890833326e-05,0.02483629999915138,0.015764100000524195,0.029697899999518995,0.0031355999999505,2.9099999665049836e-05,0.004389000001538079,0.08741989999725774
