percentage,execution,ar_r_sub,k_s_sup,ks_sf_in,n_r_t,nk_k_sup,nrs_ns_r,ns_s_spe,ns_s_sup,ns_sub_r,r_ar_sup,s_k_sub,s_ns_sub,s_nsup_k,sub_r_r,t_k_sup,total_time
60,8,2.310052514076233e-05,8.979998528957367e-05,2.090027555823326e-05,1.2999400496482849e-05,0.009810999501496553,1.3700220733880997e-05,1.0699965059757233e-05,2.149958163499832e-05,2.169981598854065e-05,0.02093400014564395,0.01881800079718232,0.03190269926562905,0.0033517000265419483,2.910057082772255e-05,0.004403800703585148,0.08946470078080893
