percentage,execution,ar_r_sub,k_s_sup,ks_sf_in,n_r_t,nk_k_sup,nrs_ns_r,ns_s_spe,ns_s_sup,ns_sub_r,r_ar_sup,s_k_sub,s_ns_sub,s_nsup_k,sub_r_r,t_k_sup,total_time
40,7,2.2499822080135345e-05,9.050033986568451e-05,2.079969272017479e-05,1.3900455087423325e-05,0.010742399841547012,1.4299992471933365e-05,1.070043072104454e-05,2.2499822080135345e-05,2.2299587726593018e-05,0.01586510008201003,0.020651199854910374,0.05574699956923723,0.00400119973346591,3.510015085339546e-05,0.012733700219541788,0.11999319959431887
