percentage,execution,k_s_sup,s_k_sub,t_k_sup,ns_s_sup,s_ns_sub,r_ar_sup,ar_r_sub,ns_sub_r,ks_sf_in,sub_r_r,n_r_t,ns_s_spe,nk_k_sup,s_nsup_k,nrs_ns_r,total_time
85,5,0.07058049994520843,0.05031090008560568,0.10986279998905957,0.08807879977393895,0.06746059993747622,0.2404814000474289,0.035748499911278486,0.005811600247398019,0.0009642998920753598,0.003217700053937733,2.719997428357601e-05,0.17109339986927807,0.028245800058357418,0.017229099990800023,1.670012716203928e-05,0.8891292999032885
