percentage,execution,ar_r_sub,k_s_sup,ks_sf_in,n_r_t,nk_k_sup,nrs_ns_r,ns_s_spe,ns_s_sup,ns_sub_r,r_ar_sup,s_k_sub,s_ns_sub,s_nsup_k,sub_r_r,t_k_sup,total_time
30,9,2.2499938495457172e-05,8.929998148232698e-05,2.0299921743571758e-05,1.309998333454132e-05,0.010087999980896711,1.479999627918005e-05,1.0500079952180386e-05,2.1400046534836292e-05,2.210005186498165e-05,0.013752600061707199,0.020563700003549457,0.061426399974152446,0.0035647000186145306,3.2400013878941536e-05,0.01184430019930005,0.12148610025178641
