percentage,execution,ar_r_sub,k_s_sup,ks_sf_in,n_r_t,nk_k_sup,nrs_ns_r,ns_s_spe,ns_s_sup,ns_sub_r,r_ar_sup,s_k_sub,s_ns_sub,s_nsup_k,sub_r_r,t_k_sup,total_time
70,5,1.200009137392044e-05,8.529983460903168e-05,1.0699965059757233e-05,6.6999346017837524e-06,0.002858799882233143,6.600283086299896e-06,5.499925464391708e-06,1.1399853974580765e-05,1.1500436812639236e-05,0.011212900280952454,0.017458800226449966,0.035476400051265955,0.0024385000579059124,1.620035618543625e-05,0.012323000002652407,0.08193430118262768
