percentage,execution,ar_r_sub,k_s_sup,ks_sf_in,n_r_t,nk_k_sup,nrs_ns_r,ns_s_spe,ns_s_sup,ns_sub_r,r_ar_sup,s_k_sub,s_ns_sub,s_nsup_k,sub_r_r,t_k_sup,total_time
40,9,2.0799998310394585e-05,8.589999924879521e-05,1.8999999156221747e-05,1.190000148199033e-05,0.008876500000042142,1.3399998351815157e-05,9.500001397100277e-06,2.0000001313746907e-05,2.0400000721565448e-05,0.015599900001689093,0.01632949999839184,0.03894650000074762,0.003002899999046349,2.7999998565064743e-05,0.0042579000000841916,0.08724209999854793
