percentage,execution,ar_r_sub,k_s_sup,ks_sf_in,n_r_t,nk_k_sup,nrs_ns_r,ns_s_spe,ns_s_sup,ns_sub_r,r_ar_sup,s_k_sub,s_ns_sub,s_nsup_k,sub_r_r,t_k_sup,total_time
40,7,2.1600164473056793e-05,8.939951658248901e-05,1.9400380551815033e-05,1.2600328773260117e-05,0.008937799837440252,1.2799631804227829e-05,1.0100193321704865e-05,2.0300038158893585e-05,2.0998995751142502e-05,0.017165600322186947,0.01398290041834116,0.038821599911898375,0.0027713999152183533,2.7099624276161194e-05,0.004531701095402241,0.08644530037418008
