percentage,execution,ar_r_sub,k_s_sup,ks_sf_in,n_r_t,nk_k_sup,nrs_ns_r,ns_s_spe,ns_s_sup,ns_sub_r,r_ar_sup,s_k_sub,s_ns_sub,s_nsup_k,sub_r_r,t_k_sup,total_time
80,10,1.100008375942707e-05,8.320005144923925e-05,1.0400079190731049e-05,6.700051017105579e-06,0.0027852000202983618,6.600050255656242e-06,5.300040356814861e-06,1.1499971151351929e-05,1.170008908957243e-05,0.01639700005762279,0.014791299821808934,0.026916899951174855,0.0023906000424176455,1.7299898900091648e-05,0.011760900029912591,0.07520560023840517
