percentage,execution,k_s_sup,s_k_sub,t_k_sup,ns_s_sup,s_ns_sub,r_ar_sup,ar_r_sub,ns_sub_r,ks_sf_in,sub_r_r,n_r_t,ns_s_spe,nk_k_sup,s_nsup_k,nrs_ns_r,total_time
20,7,1.0299991117790341e-05,0.000195999993593432,9.800001862458885e-06,8.999995770864189e-06,0.0001905999961309135,0.010165899991989136,1.0100018698722124e-05,1.0200004908256233e-05,9.300012607127428e-06,1.4000004739500582e-05,6.199989002197981e-06,4.699992132373154e-06,0.0006891000084578991,0.0004878999898210168,6.499991286545992e-06,0.011819599982118234
