percentage,execution,ar_r_sub,k_s_sup,ks_sf_in,n_r_t,nk_k_sup,nrs_ns_r,ns_s_spe,ns_s_sup,ns_sub_r,r_ar_sup,s_k_sub,s_ns_sub,s_nsup_k,sub_r_r,t_k_sup,total_time
50,10,0.028627400752156973,0.0522516998462379,0.0014137998223304749,2.5499612092971802e-05,0.029780100099742413,2.150004729628563e-05,0.13155419984832406,0.07136369962245226,0.006985800340771675,0.14429229963570833,0.028952899854630232,0.054306799080222845,0.01579350046813488,0.002667900174856186,0.05344069981947541,0.6214777990244329
