percentage,execution,k_s_sup,s_k_sub,t_k_sup,ns_s_sup,s_ns_sub,r_ar_sup,ar_r_sub,ns_sub_r,ks_sf_in,sub_r_r,n_r_t,ns_s_spe,nk_k_sup,s_nsup_k,nrs_ns_r,total_time
10,2,9.339989628642797e-05,0.016135400044731796,0.011966999853029847,2.0000035874545574e-05,0.07107480021659285,0.004719199845567346,2.1600164473056793e-05,2.219993621110916e-05,1.95999164134264e-05,3.310013562440872e-05,1.279998105019331e-05,9.999959729611874e-06,0.009046000079251826,0.002577299950644374,3.560003824532032e-05,0.11578800005372614
