percentage,execution,k_s_sup,s_k_sub,t_k_sup,ns_s_sup,s_ns_sub,r_ar_sup,ar_r_sub,ns_sub_r,ks_sf_in,sub_r_r,n_r_t,ns_s_spe,nk_k_sup,s_nsup_k,nrs_ns_r,total_time
40,10,8.070000330917537e-05,0.01538569999684114,0.012082000001100823,1.1600001016631722e-05,0.055462600008468144,0.009219600004144013,1.2499993317760527e-05,1.1600001016631722e-05,1.0799994925037026e-05,1.7400016076862812e-05,6.600006599910557e-06,5.49999822396785e-06,0.002838600004906766,0.002425700004096143,7.099995855242014e-06,0.09757800002989825
