percentage,execution,k_s_sup,s_k_sub,t_k_sup,ns_s_sup,s_ns_sub,r_ar_sup,ar_r_sub,ns_sub_r,ks_sf_in,sub_r_r,n_r_t,ns_s_spe,nk_k_sup,s_nsup_k,nrs_ns_r,total_time
90,1,8.13999940874055e-05,0.01362399999925401,0.004867599986027926,1.1900003300979733e-05,0.016052699997089803,0.013847900001564994,1.1900003300979733e-05,1.1100011761300266e-05,1.0100004146806896e-05,1.4700010069645941e-05,6.100002792663872e-06,4.999994416721165e-06,0.002253400001791306,0.0017674999980954453,6.599992047995329e-06,0.052571899999747984
