percentage,execution,ar_r_sub,k_s_sup,ks_sf_in,n_r_t,nk_k_sup,nrs_ns_r,ns_s_spe,ns_s_sup,ns_sub_r,r_ar_sup,s_k_sub,s_ns_sub,s_nsup_k,sub_r_r,t_k_sup,total_time
20,9,1.1199999789823778e-05,7.300000015675323e-05,8.299999535665847e-06,4.800000169780105e-06,0.0006696000000374625,5.199999577598646e-06,4.399999852466863e-06,9.000000318337698e-06,9.300000783696305e-06,7.410000034724362e-05,0.003832200000033481,0.0158860999999888,0.0005523999998331419,1.0199999451288022e-05,0.0017826000002969522,0.022932400000172493
