percentage,execution,ar_r_sub,k_s_sup,ks_sf_in,n_r_t,nk_k_sup,nrs_ns_r,ns_s_spe,ns_s_sup,ns_sub_r,r_ar_sup,s_k_sub,s_ns_sub,s_nsup_k,sub_r_r,t_k_sup,total_time
20,10,0.00010509999992791563,9.199999112752266e-06,0.0002678000000742031,5.200000487093348e-06,0.00023289999990083743,5.300000339047983e-06,4.300000000512227e-06,7.699999514443334e-06,8.69999985297909e-06,8.800000614428427e-06,7.340000047406647e-05,6.960000064282212e-05,0.0001843999998527579,1.160000010713702e-05,9.399999726156238e-06,0.0010034000006271526
