percentage,execution,k_s_sup,s_k_sub,t_k_sup,ns_s_sup,s_ns_sub,r_ar_sup,ar_r_sub,ns_sub_r,ks_sf_in,sub_r_r,n_r_t,ns_s_spe,nk_k_sup,s_nsup_k,nrs_ns_r,total_time
30,8,0.03356840000196826,0.008172300003934652,0.03515690000494942,0.0923618999804603,0.01876660001289565,0.1359509000030812,0.01744590001180768,0.010233600012725219,5.439999222289771e-05,0.00012250000145286322,2.5599991204217076e-05,0.1422376999835251,0.025680999984615482,0.006900899999891408,2.7699992642737925e-05,0.5267062999773771
