percentage,execution,ar_r_sub,k_s_sup,ks_sf_in,n_r_t,nk_k_sup,nrs_ns_r,ns_s_spe,ns_s_sup,ns_sub_r,r_ar_sup,s_k_sub,s_ns_sub,s_nsup_k,sub_r_r,t_k_sup,total_time
50,1,0.020493899821303785,0.04684570000972599,0.00051099993288517,2.6399968191981316e-05,0.025820899987593293,2.2499938495457172e-05,0.12350349989719689,0.06643919995985925,0.00317680009175092,0.15104719996452332,0.020784600055776536,0.04654350015334785,0.012268399936147034,0.001450599986128509,0.05235960008576512,0.5712937997886911
