percentage,execution,ar_r_sub,k_s_sup,ks_sf_in,n_r_t,nk_k_sup,nrs_ns_r,ns_s_spe,ns_s_sup,ns_sub_r,r_ar_sup,s_k_sub,s_ns_sub,s_nsup_k,sub_r_r,t_k_sup,total_time
60,5,2.220040187239647e-05,9.070010855793953e-05,1.9700266420841217e-05,1.2599863111972809e-05,0.009698299691081047,1.3799872249364853e-05,9.999610483646393e-06,2.1000392735004425e-05,2.090027555823326e-05,0.0247209002263844,0.016867899801582098,0.03151769982650876,0.0031631002202630043,2.7999747544527054e-05,0.00459330016747117,0.09080010047182441
