percentage,execution,ar_r_sub,k_s_sup,ks_sf_in,n_r_t,nk_k_sup,nrs_ns_r,ns_s_spe,ns_s_sup,ns_sub_r,r_ar_sup,s_k_sub,s_ns_sub,s_nsup_k,sub_r_r,t_k_sup,total_time
80,7,1.1000000085914508e-05,7.76999986555893e-05,9.900000804918818e-06,6.000000212225132e-06,0.0019047999994654674,5.899999450775795e-06,4.899999112240039e-06,1.049999991664663e-05,1.0600000678095967e-05,0.010820900000908296,0.012739499999952386,0.022587199999179575,0.0016245999995589955,1.3799999578623101e-05,0.004232299997966038,0.05405959999552579
