percentage,execution,k_s_sup,s_k_sub,t_k_sup,ns_s_sup,s_ns_sub,r_ar_sup,ar_r_sub,ns_sub_r,ks_sf_in,sub_r_r,n_r_t,ns_s_spe,nk_k_sup,s_nsup_k,nrs_ns_r,total_time
30,10,0.037225499996566214,0.012546700003440492,0.03199160001531709,0.03449289999844041,0.04418629998690449,0.05075510000460781,0.000375300005543977,0.0010753999958978966,0.0002629999944474548,4.870000702794641e-05,1.2799995602108538e-05,0.061149599991040304,0.006251400001929142,0.0054466000001411885,1.2400007108226418e-05,0.28583330000401475
