percentage,execution,ar_r_sub,k_s_sup,ks_sf_in,n_r_t,nk_k_sup,nrs_ns_r,ns_s_spe,ns_s_sup,ns_sub_r,r_ar_sup,s_k_sub,s_ns_sub,s_nsup_k,sub_r_r,t_k_sup,total_time
60,2,0.013176999986171722,0.036135800182819366,0.0003794003278017044,2.6300083845853806e-05,0.02697090059518814,0.0002418002113699913,0.1868112999945879,0.07354179956018925,0.003190100658684969,0.12544160010293126,0.03582669934257865,0.08444659970700741,0.019134200178086758,0.00010719941928982735,0.07684459956362844,0.6822752999141812
