percentage,execution,ar_r_sub,k_s_sup,ks_sf_in,n_r_t,nk_k_sup,nrs_ns_r,ns_s_spe,ns_s_sup,ns_sub_r,r_ar_sup,s_k_sub,s_ns_sub,s_nsup_k,sub_r_r,t_k_sup,total_time
20,9,0.014484299999821815,0.059479199999259436,0.0004837000005863956,2.4400000256719068e-05,0.03019769999991695,2.4599999960628338e-05,0.08475250000083179,0.02711749999980384,0.010073499999634805,0.06476550000024872,0.04327940000075614,0.11359309999988909,0.01419039999927918,0.002312999999958265,0.09488060000057885,0.5596594000007826
