percentage,execution,k_s_sup,s_k_sub,t_k_sup,ns_s_sup,s_ns_sub,r_ar_sup,ar_r_sub,ns_sub_r,ks_sf_in,sub_r_r,n_r_t,ns_s_spe,nk_k_sup,s_nsup_k,nrs_ns_r,total_time
35,3,9.190000128000975e-05,0.01586189982481301,0.012508700136095285,2.0300154574215412e-05,0.058044300065375865,0.02160609990824014,2.5099958293139935e-05,2.1600048057734966e-05,1.9799917936325073e-05,3.260013181716204e-05,1.309998333454132e-05,1.0200077667832375e-05,0.01042760000564158,0.003447200055234134,1.4699879102408886e-05,0.12214510014746338
