percentage,execution,ar_r_sub,k_s_sup,ks_sf_in,n_r_t,nk_k_sup,nrs_ns_r,ns_s_spe,ns_s_sup,ns_sub_r,r_ar_sup,s_k_sub,s_ns_sub,s_nsup_k,sub_r_r,t_k_sup,total_time
90,6,1.1999974958598614e-05,8.33999365568161e-05,1.0499963536858559e-05,6.199930794537067e-06,0.0020409999415278435,5.599926225841045e-06,5.100038833916187e-06,1.0699848644435406e-05,1.1100084520876408e-05,0.013513499987311661,0.013115999987348914,0.015620500082150102,0.0016743000596761703,1.4200108125805855e-05,0.004274700069800019,0.050398799940012395
