percentage,execution,ar_r_sub,k_s_sup,ks_sf_in,n_r_t,nk_k_sup,nrs_ns_r,ns_s_spe,ns_s_sup,ns_sub_r,r_ar_sup,s_k_sub,s_ns_sub,s_nsup_k,sub_r_r,t_k_sup,total_time
70,7,2.1499814465641975e-05,9.119999594986439e-05,1.9799917936325073e-05,1.279998105019331e-05,0.009675299981608987,1.2100092135369778e-05,1.0100076906383038e-05,2.0600040443241596e-05,2.180004958063364e-05,0.0254852999933064,0.01647699996829033,0.02822480001486838,0.0031064999056980014,2.820009831339121e-05,0.0044232000363990664,0.0876301999669522
