percentage,execution,ar_r_sub,k_s_sup,ks_sf_in,n_r_t,nk_k_sup,nrs_ns_r,ns_s_spe,ns_s_sup,ns_sub_r,r_ar_sup,s_k_sub,s_ns_sub,s_nsup_k,sub_r_r,t_k_sup,total_time
70,10,2.5000423192977905e-05,9.540049359202385e-05,2.2299587726593018e-05,1.4600344002246857e-05,0.011245299596339464,1.3200566172599792e-05,1.1200550943613052e-05,2.3399945348501205e-05,2.389959990978241e-05,0.032443000469356775,0.021546700038015842,0.039735599886626005,0.0043416996486485004,3.479979932308197e-05,0.012578499969094992,0.122154600918293
