percentage,execution,k_s_sup,s_k_sub,t_k_sup,ns_s_sup,s_ns_sub,r_ar_sup,ar_r_sub,ns_sub_r,ks_sf_in,sub_r_r,n_r_t,ns_s_spe,nk_k_sup,s_nsup_k,nrs_ns_r,total_time
55,2,0.00011200015433132648,0.020436299964785576,0.01240130013320595,2.1800165995955467e-05,0.04769079992547631,0.02460200001951307,3.0099996365606785e-05,2.2499822080135345e-05,2.0900159142911434e-05,3.339990507811308e-05,1.379998866468668e-05,1.0800082236528397e-05,0.01169239985756576,0.004355799988843501,1.5400000847876072e-05,0.12145930016413331
