percentage,execution,k_s_sup,s_k_sub,t_k_sup,ns_s_sup,s_ns_sub,r_ar_sup,ar_r_sub,ns_sub_r,ks_sf_in,sub_r_r,n_r_t,ns_s_spe,nk_k_sup,s_nsup_k,nrs_ns_r,total_time
10,1,9.960000170394778e-05,0.017613799980608746,0.012497999996412545,2.1800020476803184e-05,0.07436579998466186,0.004918300008284859,2.340000355616212e-05,2.2099993657320738e-05,2.400000812485814e-05,3.630002902355045e-05,1.4199991710484028e-05,1.0799994925037026e-05,0.0097348000126658,0.0029179999983171,1.7699989257380366e-05,0.12231860001338646
