percentage,execution,k_s_sup,s_k_sub,t_k_sup,ns_s_sup,s_ns_sub,r_ar_sup,ar_r_sub,ns_sub_r,ks_sf_in,sub_r_r,n_r_t,ns_s_spe,nk_k_sup,s_nsup_k,nrs_ns_r,total_time
60,4,0.043601500015938655,0.02797840000130236,0.05835340000339784,0.0660679999855347,0.05254500001319684,0.11848780000582337,0.018220299985841848,0.003671300000860356,0.00040660001104697585,0.0029842000076314434,2.819999644998461e-05,0.14857730000221636,0.024410800004261546,0.016126500006066635,3.429999924264848e-05,0.5814936000388116
