percentage,execution,ar_r_sub,k_s_sup,ks_sf_in,n_r_t,nk_k_sup,nrs_ns_r,ns_s_spe,ns_s_sup,ns_sub_r,r_ar_sup,s_k_sub,s_ns_sub,s_nsup_k,sub_r_r,t_k_sup,total_time
70,5,0.022957599721848965,0.062149299774318933,0.0009700995869934559,2.529984340071678e-05,0.0284105003811419,2.019992098212242e-05,0.14944339962676167,0.07102270051836967,0.0005368003621697426,0.16820419998839498,0.04772450029850006,0.08154459996148944,0.01768089970573783,0.0018520993180572987,0.11023439979180694,0.7627765987999737
