percentage,execution,ar_r_sub,k_s_sup,ks_sf_in,n_r_t,nk_k_sup,nrs_ns_r,ns_s_spe,ns_s_sup,ns_sub_r,r_ar_sup,s_k_sub,s_ns_sub,s_nsup_k,sub_r_r,t_k_sup,total_time
10,7,2.180039882659912e-05,9.320024400949478e-05,1.989956945180893e-05,1.3200100511312485e-05,0.009681000374257565,1.5599653124809265e-05,1.0299962013959885e-05,2.119923010468483e-05,2.1200161427259445e-05,0.004653099924325943,0.019987700041383505,0.07316399971023202,0.003226300235837698,3.319978713989258e-05,0.012629699427634478,0.12359139882028103
