percentage,execution,ar_r_sub,k_s_sup,ks_sf_in,n_r_t,nk_k_sup,nrs_ns_r,ns_s_spe,ns_s_sup,ns_sub_r,r_ar_sup,s_k_sub,s_ns_sub,s_nsup_k,sub_r_r,t_k_sup,total_time
20,6,2.3599830456078053e-05,8.799985516816378e-05,1.9099796190857887e-05,1.209997572004795e-05,0.008723299950361252,1.3400102034211159e-05,9.899958968162537e-06,1.9800150766968727e-05,2.0300154574215412e-05,0.007875400129705667,0.01442270027473569,0.04221849993336946,0.00239140004850924,2.7400092221796513e-05,0.004429499967955053,0.08029440022073686
