percentage,execution,ar_r_sub,k_s_sup,ks_sf_in,n_r_t,nk_k_sup,nrs_ns_r,ns_s_spe,ns_s_sup,ns_sub_r,r_ar_sup,s_k_sub,s_ns_sub,s_nsup_k,sub_r_r,t_k_sup,total_time
80,4,9.999999747378752e-06,0.009303200000431389,9.40000063565094e-06,5.500000042957254e-06,5.699999746866524e-06,4.600000465870835e-06,0.0016959999993559904,0.0016739000002417015,0.002823300000272866,0.009172099999886996,0.0002544999997553532,0.0002445999998599291,4.900000021734741e-06,1.1299999641778413e-05,0.0002716999997574021,0.025490699999863864
