percentage,execution,ar_r_sub,k_s_sup,ks_sf_in,n_r_t,nk_k_sup,nrs_ns_r,ns_s_spe,ns_s_sup,ns_sub_r,r_ar_sup,s_k_sub,s_ns_sub,s_nsup_k,sub_r_r,t_k_sup,total_time
80,8,9.500000487605575e-06,7.650000043213367e-05,9.000000318337698e-06,4.999999873689376e-06,0.0006647000000157277,5.099999725644011e-06,4.300000000512227e-06,9.399999726156238e-06,9.299999874201603e-06,0.00317319999976462,0.0035811999996440136,0.006592599998839432,0.0007119000001694076,1.0199999451288022e-05,0.0043307999994794955,0.019192699997802265
