percentage,execution,ar_r_sub,k_s_sup,ks_sf_in,n_r_t,nk_k_sup,nrs_ns_r,ns_s_spe,ns_s_sup,ns_sub_r,r_ar_sup,s_k_sub,s_ns_sub,s_nsup_k,sub_r_r,t_k_sup,total_time
20,1,2.1699999706470408e-05,8.86999996509985e-05,2.0700000277429353e-05,1.2800000149582047e-05,0.009262399999897752,1.4800000826653559e-05,1.0400000064691994e-05,2.1299999389157165e-05,2.1299999389157165e-05,0.011296900000161259,0.016944400000284077,0.06361889999971027,0.002952499999992142,3.3799999073380604e-05,0.011870800000906456,0.11619139999947947
