percentage,execution,ar_r_sub,k_s_sup,ks_sf_in,n_r_t,nk_k_sup,nrs_ns_r,ns_s_spe,ns_s_sup,ns_sub_r,r_ar_sup,s_k_sub,s_ns_sub,s_nsup_k,sub_r_r,t_k_sup,total_time
40,4,7.070000083331252e-05,8.210000032704556e-05,0.00022620000072492985,5.099999725644011e-06,0.0008096999999906984,5.599999894911889e-06,4.499999704421498e-06,9.200000022246968e-06,9.200000022246968e-06,7.389999973383965e-05,0.005095199999232136,0.018306000000848144,0.0007153000005928334,1.1300000551273115e-05,0.001933900000040012,0.027357900002243696
