percentage,execution,ar_r_sub,k_s_sup,ks_sf_in,n_r_t,nk_k_sup,nrs_ns_r,ns_s_spe,ns_s_sup,ns_sub_r,r_ar_sup,s_k_sub,s_ns_sub,s_nsup_k,sub_r_r,t_k_sup,total_time
30,4,1.0499847121536732e-05,8.060003165155649e-05,9.399955160915852e-06,6.00004568696022e-06,0.0019839999731630087,6.800051778554916e-06,4.900037311017513e-06,1.0600080713629723e-05,1.0300078429281712e-05,0.0033466999884694815,0.011691000079736114,0.03989789995830506,0.0016946999821811914,1.3599987141788006e-05,0.004386899876408279,0.06315389997325838
