percentage,execution,k_s_sup,s_k_sub,t_k_sup,ns_s_sup,s_ns_sub,r_ar_sup,ar_r_sub,ns_sub_r,ks_sf_in,sub_r_r,n_r_t,ns_s_spe,nk_k_sup,s_nsup_k,nrs_ns_r,total_time
20,5,0.031841599964536726,0.03446039988193661,0.06768140010535717,0.05326039995998144,0.09028200001921505,0.07712480006739497,0.00620800000615418,0.00707459996920079,0.0005246000364422798,9.699992369860411e-05,2.3799948394298553e-05,0.10252260009292513,0.01944879989605397,0.011932400055229664,2.559996210038662e-05,0.5025079998886213
