percentage,execution,ar_r_sub,k_s_sup,ks_sf_in,n_r_t,nk_k_sup,nrs_ns_r,ns_s_spe,ns_s_sup,ns_sub_r,r_ar_sup,s_k_sub,s_ns_sub,s_nsup_k,sub_r_r,t_k_sup,total_time
80,5,2.5100000129896216e-05,8.850000085658394e-05,2.13999992411118e-05,1.3099999705445953e-05,0.010840800000551098,1.2299999980314169e-05,1.0799999472510535e-05,2.2399999579647556e-05,2.3100000362319406e-05,0.03352259999974194,0.020302500000980217,0.028882700000394834,0.004386100000374427,3.299999934824882e-05,0.011738999999579391,0.10992340000029799
