percentage,execution,ar_r_sub,k_s_sup,ks_sf_in,n_r_t,nk_k_sup,nrs_ns_r,ns_s_spe,ns_s_sup,ns_sub_r,r_ar_sup,s_k_sub,s_ns_sub,s_nsup_k,sub_r_r,t_k_sup,total_time
20,2,2.0800158381462097e-05,8.909963071346283e-05,1.8499325960874557e-05,1.2800097465515137e-05,0.008699599653482437,1.2999866157770157e-05,9.600073099136353e-06,1.9799917936325073e-05,2.000061795115471e-05,0.010095399804413319,0.013762600719928741,0.04360520001500845,0.002410300076007843,2.750009298324585e-05,0.004505700431764126,0.08330990048125386
