percentage,execution,ar_r_sub,k_s_sup,ks_sf_in,n_r_t,nk_k_sup,nrs_ns_r,ns_s_spe,ns_s_sup,ns_sub_r,r_ar_sup,s_k_sub,s_ns_sub,s_nsup_k,sub_r_r,t_k_sup,total_time
20,6,9.199999112752266e-06,8.900002285372466e-06,8.800001523923129e-06,4.800000169780105e-06,0.00023669999973208178,5.199999577598646e-06,4.100000296602957e-06,8.099999831756577e-06,8.900002285372466e-06,0.004267099999196944,7.310000000870787e-05,6.949999988137279e-05,0.0001627000001462875,1.06999996205559e-05,8.799999704933725e-06,0.004886600003374042
