percentage,execution,ar_r_sub,k_s_sup,ks_sf_in,n_r_t,nk_k_sup,nrs_ns_r,ns_s_spe,ns_s_sup,ns_sub_r,r_ar_sup,s_k_sub,s_ns_sub,s_nsup_k,sub_r_r,t_k_sup,total_time
70,3,1.12997367978096e-05,8.13002698123455e-05,1.039961352944374e-05,6.0996972024440765e-06,0.002042400185018778,6.400048732757568e-06,5.000270903110504e-06,1.0800082236528397e-05,1.1100433766841888e-05,0.0122489002533257,0.012717499863356352,0.02553920028731227,0.0017266999930143356,1.4699995517730713e-05,0.004482499789446592,0.05891430051997304
