percentage,execution,ar_r_sub,k_s_sup,ks_sf_in,n_r_t,nk_k_sup,nrs_ns_r,ns_s_spe,ns_s_sup,ns_sub_r,r_ar_sup,s_k_sub,s_ns_sub,s_nsup_k,sub_r_r,t_k_sup,total_time
60,8,1.179997343569994e-05,8.109991904348135e-05,1.019984483718872e-05,6.5999338403344154e-06,0.002791099948808551,6.7999353632330894e-06,5.500041879713535e-06,1.1299969628453255e-05,1.1400086805224419e-05,0.009971700143069029,0.016127599985338748,0.04056509991642088,0.0023421000223606825,1.6300007700920105e-05,0.011747000040486455,0.08370559976901859
