percentage,execution,ar_r_sub,k_s_sup,ks_sf_in,n_r_t,nk_k_sup,nrs_ns_r,ns_s_spe,ns_s_sup,ns_sub_r,r_ar_sup,s_k_sub,s_ns_sub,s_nsup_k,sub_r_r,t_k_sup,total_time
20,9,1.1200085282325745e-05,8.039968088269234e-05,1.0299962013959885e-05,6.6999346017837524e-06,0.0028419001027941704,7.700175046920776e-06,4.999805241823196e-06,1.0899733752012253e-05,1.1000316590070724e-05,0.003000000026077032,0.015699199866503477,0.06501740030944347,0.0023949001915752888,1.8999911844730377e-05,0.01208700006827712,0.10120260016992688
