percentage,execution,ar_r_sub,k_s_sup,ks_sf_in,n_r_t,nk_k_sup,nrs_ns_r,ns_s_spe,ns_s_sup,ns_sub_r,r_ar_sup,s_k_sub,s_ns_sub,s_nsup_k,sub_r_r,t_k_sup,total_time
20,9,2.0899999071843922e-05,8.589999924879521e-05,1.9499999325489625e-05,1.2099999366910197e-05,0.00894229999903473,1.3299999409355223e-05,9.700001101009548e-06,1.9900002371286973e-05,2.0599998606485315e-05,0.009610400000383379,0.01636319999852276,0.04450149999865971,0.002794199997879332,2.8000000384054147e-05,0.0043215000005147886,0.08676299999387993
