percentage,execution,k_s_sup,s_k_sub,t_k_sup,ns_s_sup,s_ns_sub,r_ar_sup,ar_r_sub,ns_sub_r,ks_sf_in,sub_r_r,n_r_t,ns_s_spe,nk_k_sup,s_nsup_k,nrs_ns_r,total_time
80,3,8.320005144923925e-05,0.016678799991495907,0.011916400049813092,1.1299969628453255e-05,0.028812199947424233,0.015112800057977438,1.1699972674250603e-05,1.1599971912801266e-05,1.0699965059757233e-05,1.6000005416572094e-05,6.4999330788850784e-06,5.300040356814861e-06,0.0028708999743685126,0.0024290999863296747,6.300047971308231e-06,0.07798279996495694
