percentage,execution,ar_r_sub,k_s_sup,ks_sf_in,n_r_t,nk_k_sup,nrs_ns_r,ns_s_spe,ns_s_sup,ns_sub_r,r_ar_sup,s_k_sub,s_ns_sub,s_nsup_k,sub_r_r,t_k_sup,total_time
80,7,9.09999835130293e-06,9.299999874201603e-05,1.1099999028374441e-05,4.999999873689376e-06,0.0006334000008791918,4.999999873689376e-06,4.400000761961564e-06,8.999999408842996e-06,8.800001523923129e-06,0.004067399999257759,0.0043648000009852694,0.007746299997961614,0.0005793000000267057,1.320000046689529e-05,0.0019307000002299901,0.019480499997371226
