percentage,execution,k_s_sup,s_k_sub,t_k_sup,ns_s_sup,s_ns_sub,r_ar_sup,ar_r_sub,ns_sub_r,ks_sf_in,sub_r_r,n_r_t,ns_s_spe,nk_k_sup,s_nsup_k,nrs_ns_r,total_time
10,7,0.01899050000065472,0.005558799995924346,0.0079880000121193,0.014410599993425421,0.028672799991909415,0.02180470002349466,0.025817000001552515,0.0006969999958528206,0.00027230000705458224,0.0049119000032078475,1.2500007869675756e-05,0.03165560000343248,0.00335139999515377,0.0026482999965082854,1.3299999409355223e-05,0.1668047000275692
