percentage,execution,ar_r_sub,k_s_sup,ks_sf_in,n_r_t,nk_k_sup,nrs_ns_r,ns_s_spe,ns_s_sup,ns_sub_r,r_ar_sup,s_k_sub,s_ns_sub,s_nsup_k,sub_r_r,t_k_sup,total_time
10,3,0.011225000023841858,0.016068500000983477,1.5300116501748562e-05,1.1999974958598614e-05,0.001470700022764504,1.379998866468668e-05,0.02730289997998625,0.005614700028672814,0.0005485001020133495,0.032002000021748245,0.00030610000248998404,0.0002676999429240823,0.0012279999209567904,5.059991963207722e-05,9.820004925131798e-05,0.09622400009538978
