percentage,execution,ar_r_sub,k_s_sup,ks_sf_in,n_r_t,nk_k_sup,nrs_ns_r,ns_s_spe,ns_s_sup,ns_sub_r,r_ar_sup,s_k_sub,s_ns_sub,s_nsup_k,sub_r_r,t_k_sup,total_time
10,5,2.2300053387880325e-05,8.899997919797897e-05,1.9999686628580093e-05,1.3399869203567505e-05,0.008992699906229973,3.390014171600342e-05,1.0100193321704865e-05,2.1200161427259445e-05,2.1301209926605225e-05,0.0083444993942976,0.015974199399352074,0.07056789984926581,0.0027415002696216106,3.260001540184021e-05,0.012471699621528387,0.11935629975050688
