percentage,execution,k_s_sup,s_k_sub,t_k_sup,ns_s_sup,s_ns_sub,r_ar_sup,ar_r_sub,ns_sub_r,ks_sf_in,sub_r_r,n_r_t,ns_s_spe,nk_k_sup,s_nsup_k,nrs_ns_r,total_time
70,4,0.07890459999907762,0.06836079998174682,0.1552166000037687,0.11101029999554157,0.09873399999924004,0.23755539998819586,0.03140669999993406,0.009699399990495294,0.0006293000042205676,0.0029476000054273754,2.6900001103058457e-05,0.17408930000965483,0.025694799987832084,0.017927199995028786,1.8699996871873736e-05,1.0122215999581385
