percentage,execution,k_s_sup,s_k_sub,t_k_sup,ns_s_sup,s_ns_sub,r_ar_sup,ar_r_sub,ns_sub_r,ks_sf_in,sub_r_r,n_r_t,ns_s_spe,nk_k_sup,s_nsup_k,nrs_ns_r,total_time
50,6,8.030001481529325e-05,0.013065699997241609,0.004298200001358055,1.0899995686486363e-05,0.034682799989241175,0.005388999998103827,1.3299999409355223e-05,1.0199990356341004e-05,1.2999997125007212e-05,1.3899989426136017e-05,6.100002792663872e-06,4.8000074457377195e-06,0.0019651000038720667,0.0016668999887770042,6.50000583846122e-06,0.06122669998148922
