percentage,execution,ar_r_sub,k_s_sup,ks_sf_in,n_r_t,nk_k_sup,nrs_ns_r,ns_s_spe,ns_s_sup,ns_sub_r,r_ar_sup,s_k_sub,s_ns_sub,s_nsup_k,sub_r_r,t_k_sup,total_time
90,9,1.1700205504894257e-05,7.989956066012383e-05,1.0999850928783417e-05,6.4997002482414246e-06,0.0031599998474121094,8.19982960820198e-06,5.400273948907852e-06,1.1499971151351929e-05,1.12997367978096e-05,0.016826399601995945,0.016320600174367428,0.0223318999633193,0.0027474001981317997,1.5700235962867737e-05,0.012038099579513073,0.07358559872955084
