percentage,execution,ar_r_sub,k_s_sup,ks_sf_in,n_r_t,nk_k_sup,nrs_ns_r,ns_s_spe,ns_s_sup,ns_sub_r,r_ar_sup,s_k_sub,s_ns_sub,s_nsup_k,sub_r_r,t_k_sup,total_time
80,1,1.1199999789823778e-05,7.699999969190685e-05,1.0400000064691994e-05,6.400000529538374e-06,0.0026727000004029833,6.000000212225132e-06,5.200000487093348e-06,1.160000010713702e-05,1.0699998711061198e-05,0.015177500000390864,0.014521200000672252,0.026259100000061153,0.0022604999994655373,1.6400000276917126e-05,0.011657399999421614,0.0727033000002848
