percentage,execution,ar_r_sub,k_s_sup,ks_sf_in,n_r_t,nk_k_sup,nrs_ns_r,ns_s_spe,ns_s_sup,ns_sub_r,r_ar_sup,s_k_sub,s_ns_sub,s_nsup_k,sub_r_r,t_k_sup,total_time
90,1,1.7399899661540985e-05,5.380006041377783e-05,1.5199999324977398e-05,1.2399978004395962e-05,0.010099100065417588,1.0199961252510548e-05,1.009996049106121e-05,1.550000160932541e-05,1.6600009985268116e-05,0.02441209997050464,0.011765599949285388,0.01189740002155304,0.0034740999108180404,2.1499930880963802e-05,0.0021663999650627375,0.06398739968426526
