percentage,execution,ar_r_sub,k_s_sup,ks_sf_in,n_r_t,nk_k_sup,nrs_ns_r,ns_s_spe,ns_s_sup,ns_sub_r,r_ar_sup,s_k_sub,s_ns_sub,s_nsup_k,sub_r_r,t_k_sup,total_time
50,10,2.1399930119514465e-05,8.889974560588598e-05,1.9499915651977062e-05,1.2100092135369778e-05,0.009733899962157011,1.309998333454132e-05,1.0299962013959885e-05,2.050003968179226e-05,2.410006709396839e-05,0.015548700117506087,0.018627100042067468,0.03754970000591129,0.0031324001029133797,2.7499976567924023e-05,0.004357399884611368,0.08918659982737154
