percentage,execution,ar_r_sub,k_s_sup,ks_sf_in,n_r_t,nk_k_sup,nrs_ns_r,ns_s_spe,ns_s_sup,ns_sub_r,r_ar_sup,s_k_sub,s_ns_sub,s_nsup_k,sub_r_r,t_k_sup,total_time
60,6,1.0199999451288022e-05,7.530000220867805e-05,9.199999112752266e-06,5.799998689326458e-06,0.0018874999987019692,5.899999450775795e-06,4.799998350790702e-06,9.999999747378752e-06,9.800000043469481e-06,0.010262699999657343,0.012171899999884772,0.027413300000262097,0.0016144000001077075,1.3900000340072438e-05,0.004155299999183626,0.05764999999519205
