percentage,execution,k_s_sup,s_k_sub,t_k_sup,ns_s_sup,s_ns_sub,r_ar_sup,ar_r_sub,ns_sub_r,ks_sf_in,sub_r_r,n_r_t,ns_s_spe,nk_k_sup,s_nsup_k,nrs_ns_r,total_time
30,3,0.008005099996807985,0.0002096000243909657,9.259999205823988e-05,0.0024430999910691753,0.0001976000057766214,0.005453500009025447,0.00019639999663922936,0.0002767999976640567,1.0200019460171461e-05,1.4299992471933365e-05,7.299997378140688e-06,0.002965899999253452,0.0005633999971905723,0.00041459999920334667,6.900008884258568e-06,0.020857300027273595
