percentage,execution,ar_r_sub,k_s_sup,ks_sf_in,n_r_t,nk_k_sup,nrs_ns_r,ns_s_spe,ns_s_sup,ns_sub_r,r_ar_sup,s_k_sub,s_ns_sub,s_nsup_k,sub_r_r,t_k_sup,total_time
60,7,9.899999895424116e-06,7.649999952263897e-05,9.399999726156238e-06,4.999999873689376e-06,0.0006991000000198255,5.4000001910026185e-06,4.399999852466863e-06,9.299999874201603e-06,9.800000043469481e-06,0.002454299999953946,0.003698600000461738,0.010056000000076892,0.0005701000000044587,1.0599999768601265e-05,0.0043888000000151806,0.022007199999279692
