percentage,execution,k_s_sup,s_k_sub,t_k_sup,ns_s_sup,s_ns_sub,r_ar_sup,ar_r_sub,ns_sub_r,ks_sf_in,sub_r_r,n_r_t,ns_s_spe,nk_k_sup,s_nsup_k,nrs_ns_r,total_time
20,7,0.004911700001684949,0.004439299984369427,0.004840800000238232,0.0008787000115262344,0.013911100002587773,0.004365700006019324,0.01027409998641815,0.00014319998444989324,1.2099990271963179e-05,0.0020615999965230003,7.499998901039362e-06,0.0020478000078583136,0.0010437000019010156,0.0009396000095875934,6.89999433234334e-06,0.04988379997666925
