percentage,execution,ar_r_sub,k_s_sup,ks_sf_in,n_r_t,nk_k_sup,nrs_ns_r,ns_s_spe,ns_s_sup,ns_sub_r,r_ar_sup,s_k_sub,s_ns_sub,s_nsup_k,sub_r_r,t_k_sup,total_time
70,6,0.016345600015483797,0.004054200020618737,1.009996049106121e-05,6.700051017105579e-06,0.0011882999679073691,5.599926225841045e-06,0.0038017999613657594,0.002577599952928722,1.2800097465515137e-05,0.004724699887447059,0.005322500015608966,0.01486650004517287,0.0010607000440359116,0.0020167999900877476,0.006843200069852173,0.06283710000570863
