percentage,execution,k_s_sup,s_k_sub,t_k_sup,ns_s_sup,s_ns_sub,r_ar_sup,ar_r_sub,ns_sub_r,ks_sf_in,sub_r_r,n_r_t,ns_s_spe,nk_k_sup,s_nsup_k,nrs_ns_r,total_time
90,8,0.004203600008622743,0.005676899992977269,0.00678650000190828,0.004950200003804639,0.008349000010639429,0.0051395999907981604,0.0038432999863289297,1.300001167692244e-05,1.0499992640689015e-05,0.000258700005360879,7.199996616691351e-06,0.004734800008009188,0.0012045000039506704,0.0010754000104498118,5.599998985417187e-06,0.04625880002276972
