percentage,execution,ar_r_sub,k_s_sup,ks_sf_in,n_r_t,nk_k_sup,nrs_ns_r,ns_s_spe,ns_s_sup,ns_sub_r,r_ar_sup,s_k_sub,s_ns_sub,s_nsup_k,sub_r_r,t_k_sup,total_time
40,6,0.0001548000009279349,8.429999888903694e-05,1.7699999261822086e-05,1.0599999768601265e-05,0.0071731000007275725,1.0900000233959872e-05,8.400000297115184e-06,2.1100001504237298e-05,1.9099999008176383e-05,0.003542000001289125,0.00809200000094279,0.01782790000015666,0.0012723999989248114,2.2600002012040932e-05,0.0019207999994250713,0.040177700003368955
