percentage,execution,ar_r_sub,k_s_sup,ks_sf_in,n_r_t,nk_k_sup,nrs_ns_r,ns_s_spe,ns_s_sup,ns_sub_r,r_ar_sup,s_k_sub,s_ns_sub,s_nsup_k,sub_r_r,t_k_sup,total_time
50,5,0.010907799936830997,0.0015602000057697296,2.0700041204690933e-05,1.4999881386756897e-05,0.011827199952676892,1.3500102795660496e-05,0.008154200040735304,0.008927199989557266,0.00032189988996833563,0.0037101999623700976,0.005757299950346351,0.005599999916739762,0.0018498999997973442,0.0005525997839868069,0.004721200093626976,0.06393889954779297
