percentage,execution,k_s_sup,s_k_sub,t_k_sup,ns_s_sup,s_ns_sub,r_ar_sup,ar_r_sub,ns_sub_r,ks_sf_in,sub_r_r,n_r_t,ns_s_spe,nk_k_sup,s_nsup_k,nrs_ns_r,total_time
50,6,0.008029599994188175,0.0061279000074137,0.008367000002181157,0.011661299999104813,0.015508399999816902,0.0068946000101277605,0.0005000999954063445,0.0005439999949885532,2.1100000594742596e-05,3.090000245720148e-05,1.479999627918005e-05,0.009532299998681992,0.011501800006954,0.0016873000131454319,1.3299999409355223e-05,0.08043440002074931
