percentage,execution,ar_r_sub,k_s_sup,ks_sf_in,n_r_t,nk_k_sup,nrs_ns_r,ns_s_spe,ns_s_sup,ns_sub_r,r_ar_sup,s_k_sub,s_ns_sub,s_nsup_k,sub_r_r,t_k_sup,total_time
80,2,0.004912900272756815,0.00695009995251894,1.930026337504387e-05,1.470046117901802e-05,0.012311999686062336,1.3299752026796341e-05,0.009570599533617496,0.007514500059187412,0.00023530051112174988,0.005923399701714516,0.007101399824023247,0.006800900213420391,0.0022088000550866127,0.00037029990926384926,0.008429400157183409,0.07237690035253763
