percentage,execution,ar_r_sub,k_s_sup,ks_sf_in,n_r_t,nk_k_sup,nrs_ns_r,ns_s_spe,ns_s_sup,ns_sub_r,r_ar_sup,s_k_sub,s_ns_sub,s_nsup_k,sub_r_r,t_k_sup,total_time
80,8,0.00013339999986783369,0.0016807000001790584,9.60000033956021e-06,5.699999746866524e-06,0.000811200000498502,5.4000001910026185e-06,0.0019066000004386296,0.00164889999996376,1.0799999472510535e-05,0.005403699999988021,0.004257400000824418,0.010295799999767041,0.0007131000002118526,1.1799999811046291e-05,0.0032737000001361594,0.030167800001436262
