percentage,execution,ar_r_sub,k_s_sup,ks_sf_in,n_r_t,nk_k_sup,nrs_ns_r,ns_s_spe,ns_s_sup,ns_sub_r,r_ar_sup,s_k_sub,s_ns_sub,s_nsup_k,sub_r_r,t_k_sup,total_time
30,3,0.00014109991025179625,0.00829849997535348,1.070008147507906e-05,6.8999361246824265e-06,0.0012357999803498387,6.7999353632330894e-06,0.004836099920794368,0.007306999992579222,0.0003937000874429941,0.005616000038571656,0.004753299988806248,0.020608600112609565,0.0011073000496253371,1.7499900422990322e-05,0.006521700066514313,0.0608609999762848
