percentage,execution,ar_r_sub,k_s_sup,ks_sf_in,n_r_t,nk_k_sup,nrs_ns_r,ns_s_spe,ns_s_sup,ns_sub_r,r_ar_sup,s_k_sub,s_ns_sub,s_nsup_k,sub_r_r,t_k_sup,total_time
50,7,0.0003815998788923025,0.006815599976107478,1.5900004655122757e-05,1.3899989426136017e-05,0.010368499904870987,1.2099859304726124e-05,0.0094200000166893,0.01004369999282062,0.003105300012975931,0.006740999990142882,0.0008379000937566161,0.0007605999708175659,0.0008508000755682588,2.1600048057734966e-05,0.0010191000765189528,0.050407599890604615
