percentage,execution,ar_r_sub,k_s_sup,ks_sf_in,n_r_t,nk_k_sup,nrs_ns_r,ns_s_spe,ns_s_sup,ns_sub_r,r_ar_sup,s_k_sub,s_ns_sub,s_nsup_k,sub_r_r,t_k_sup,total_time
20,7,7.670046761631966e-05,8.379993960261345e-05,1.0299962013959885e-05,6.9998204708099365e-06,0.00019699987024068832,6.899703294038773e-06,0.004060199949890375,0.00903450045734644,0.00027869967743754387,0.002942000050097704,0.0009665000252425671,0.004089899826794863,0.00016439985483884811,1.490022987127304e-05,0.0017478005029261112,0.023680600337684155
