percentage,execution,ar_r_sub,k_s_sup,ks_sf_in,n_r_t,nk_k_sup,nrs_ns_r,ns_s_spe,ns_s_sup,ns_sub_r,r_ar_sup,s_k_sub,s_ns_sub,s_nsup_k,sub_r_r,t_k_sup,total_time
20,1,0.00019369996152818203,1.079996582120657e-05,9.500072337687016e-06,6.800051778554916e-06,0.0009532000403851271,6.600050255656242e-06,4.900037311017513e-06,9.299954399466515e-06,1.0300078429281712e-05,1.0499963536858559e-05,0.00019329995848238468,0.00019240006804466248,0.0007220999104902148,1.3999990187585354e-05,1.0599964298307896e-05,0.0023480000672861934
