percentage,execution,ar_r_sub,k_s_sup,ks_sf_in,n_r_t,nk_k_sup,nrs_ns_r,ns_s_spe,ns_s_sup,ns_sub_r,r_ar_sup,s_k_sub,s_ns_sub,s_nsup_k,sub_r_r,t_k_sup,total_time
20,3,0.0001382000009471085,0.008064999999987776,1.0099999599333387e-05,6.8999997893115506e-06,0.0012628000004042406,6.799999937356915e-06,0.0019947000000684056,0.0009009999994304962,0.00027209999916522065,0.00553089999993972,0.003928799999812327,0.013860299999578274,0.0010790999995151651,1.5499999790336005e-05,0.004885900000772381,0.04195809999873745
