percentage,execution,ar_r_sub,k_s_sup,ks_sf_in,n_r_t,nk_k_sup,nrs_ns_r,ns_s_spe,ns_s_sup,ns_sub_r,r_ar_sup,s_k_sub,s_ns_sub,s_nsup_k,sub_r_r,t_k_sup,total_time
30,8,0.007653800188563764,0.0015492000384256244,2.050003968179226e-05,1.3999990187585354e-05,0.010613200138323009,1.6600009985268116e-05,0.007864800048992038,0.008943400112912059,0.00030610000248998404,0.0035786001244559884,0.00380500010214746,0.013141500065103173,0.0011307998793199658,2.889998722821474e-05,0.004761499701999128,0.06342790042981505
