percentage,execution,ar_r_sub,k_s_sup,ks_sf_in,n_r_t,nk_k_sup,nrs_ns_r,ns_s_spe,ns_s_sup,ns_sub_r,r_ar_sup,s_k_sub,s_ns_sub,s_nsup_k,sub_r_r,t_k_sup,total_time
70,10,0.001755700446665287,0.0017087995074689388,1.00000761449337e-05,7.200054824352264e-06,0.0011971998028457165,6.00004568696022e-06,0.002867099829018116,0.0024002003483474255,1.2599863111972809e-05,0.002458099741488695,0.004982000216841698,0.005000600125640631,0.0010779998265206814,0.0002457005903124809,0.006468799896538258,0.030198000371456146
