percentage,execution,ar_r_sub,k_s_sup,ks_sf_in,n_r_t,nk_k_sup,nrs_ns_r,ns_s_spe,ns_s_sup,ns_sub_r,r_ar_sup,s_k_sub,s_ns_sub,s_nsup_k,sub_r_r,t_k_sup,total_time
40,9,2.0900000890833326e-05,8.429999979853164e-05,1.739999970595818e-05,1.0000000656873453e-05,0.007034899999780464,1.0600000678095967e-05,8.50000014906982e-06,2.0700000277429353e-05,1.849999898695387e-05,0.004896199999166129,0.0035309000004417612,0.010511000001315551,0.0007132999999157619,2.069999936793465e-05,0.0038640000002487795,0.030761900001380127
