percentage,execution,k_s_sup,s_k_sub,t_k_sup,ns_s_sup,s_ns_sub,r_ar_sup,ar_r_sub,ns_sub_r,ks_sf_in,sub_r_r,n_r_t,ns_s_spe,nk_k_sup,s_nsup_k,nrs_ns_r,total_time
80,4,0.0033715000172378495,0.004925599991111085,0.0050635999941732734,0.0038067999994382262,0.004940099999657832,0.004388900022604503,0.009245399982319213,1.8099992303177714e-05,1.4999983250163496e-05,0.00037090000114403665,1.4200006262399256e-05,0.007829700014553964,0.012333599996054545,0.002163600001949817,1.2899996363557875e-05,0.05849989999842364
