percentage,execution,k_s_sup,s_k_sub,t_k_sup,ns_s_sup,s_ns_sub,r_ar_sup,ar_r_sub,ns_sub_r,ks_sf_in,sub_r_r,n_r_t,ns_s_spe,nk_k_sup,s_nsup_k,nrs_ns_r,total_time
40,1,0.007894099995610304,0.005834099996718578,0.004895599995506927,0.012252999993506819,0.012386499991407618,0.006835000007413328,0.007778000013786368,0.000563900000997819,2.1299987565726042e-05,0.0013740999711444601,1.7800004570744932e-05,0.010095300007378682,0.011232000004383735,0.0018270000000484288,1.309998333454132e-05,0.08302079995337408
