percentage,execution,k_s_sup,s_k_sub,t_k_sup,ns_s_sup,s_ns_sub,r_ar_sup,ar_r_sub,ns_sub_r,ks_sf_in,sub_r_r,n_r_t,ns_s_spe,nk_k_sup,s_nsup_k,nrs_ns_r,total_time
90,5,0.004006400005891919,0.005386800010455772,0.007035700007691048,0.0030761999951209873,0.0050832999986596406,0.004756599984830245,0.0031860000017331913,1.2599994079209864e-05,1.069999416358769e-05,0.0002865999995265156,7.499998901039362e-06,0.00394629999937024,0.0012012999941362068,0.0010760000004665926,5.800000508315861e-06,0.03907779998553451
