percentage,execution,ar_r_sub,k_s_sup,ks_sf_in,n_r_t,nk_k_sup,nrs_ns_r,ns_s_spe,ns_s_sup,ns_sub_r,r_ar_sup,s_k_sub,s_ns_sub,s_nsup_k,sub_r_r,t_k_sup,total_time
40,7,7.60000002628658e-05,0.0017012000007525785,9.100000170292333e-06,5.699999746866524e-06,0.0007992999999260064,5.9000003602704965e-06,0.0013055999997959589,0.0008781999995335354,1.0599998859106563e-05,0.0017208000008395175,0.00393640000038431,0.015905799999927694,0.0007071999998515821,1.2100000276404899e-05,0.003396699999939301,0.03047060000062629
