percentage,execution,ar_r_sub,k_s_sup,ks_sf_in,n_r_t,nk_k_sup,nrs_ns_r,ns_s_spe,ns_s_sup,ns_sub_r,r_ar_sup,s_k_sub,s_ns_sub,s_nsup_k,sub_r_r,t_k_sup,total_time
40,1,1.8599999748403206e-05,8.370000068680383e-05,1.7500000467407517e-05,1.0100000508828089e-05,0.0066028000010192045,1.0500000826141331e-05,9.100000170292333e-06,1.7699999261822086e-05,1.810000048863003e-05,0.004778999999871303,0.0030876999990141485,0.009179899999253394,0.0006989000003159163,2.0899999071843922e-05,0.003529200001139543,0.02808370000184368
