percentage,execution,ar_r_sub,k_s_sup,ks_sf_in,n_r_t,nk_k_sup,nrs_ns_r,ns_s_spe,ns_s_sup,ns_sub_r,r_ar_sup,s_k_sub,s_ns_sub,s_nsup_k,sub_r_r,t_k_sup,total_time
70,2,0.00920219998806715,0.00950749998446554,1.6400008462369442e-05,1.500011421740055e-05,0.0024572998518124223,0.0010599000379443169,0.007762999972328544,0.00468800007365644,0.0002535000676289201,0.008140599937178195,0.008059400133788586,0.0142663000151515,0.002204200020059943,0.0003820001147687435,0.009906199993565679,0.07792150031309575
