percentage,execution,ar_r_sub,k_s_sup,ks_sf_in,n_r_t,nk_k_sup,nrs_ns_r,ns_s_spe,ns_s_sup,ns_sub_r,r_ar_sup,s_k_sub,s_ns_sub,s_nsup_k,sub_r_r,t_k_sup,total_time
60,7,0.00011170000198035268,0.0004278999995221966,1.4199999895936344e-05,1.140000040322775e-05,0.007498400000258698,1.1999999514955562e-05,0.002681599999050377,0.0013199000004533445,1.5700000403739978e-05,0.009973100000024715,0.0038011999995433143,0.006800699999075732,0.0014658999998573563,1.8400000044493936e-05,0.0016750000004321919,0.03582710000046063
