percentage,execution,ar_r_sub,k_s_sup,ks_sf_in,n_r_t,nk_k_sup,nrs_ns_r,ns_s_spe,ns_s_sup,ns_sub_r,r_ar_sup,s_k_sub,s_ns_sub,s_nsup_k,sub_r_r,t_k_sup,total_time
10,7,7.309997454285622e-05,1.0699499398469925e-05,9.199604392051697e-06,6.90016895532608e-06,0.00025739986449480057,7.199589163064957e-06,4.699919372797012e-06,1.1200085282325745e-05,9.699724614620209e-06,1.019984483718872e-05,7.680011913180351e-05,7.789954543113708e-05,0.00017250003293156624,1.3499986380338669e-05,1.0100193321704865e-05,0.0007510981522500515
