percentage,execution,ar_r_sub,k_s_sup,ks_sf_in,n_r_t,nk_k_sup,nrs_ns_r,ns_s_spe,ns_s_sup,ns_sub_r,r_ar_sup,s_k_sub,s_ns_sub,s_nsup_k,sub_r_r,t_k_sup,total_time
40,10,0.01125129999127239,0.00576800003182143,1.5900004655122757e-05,1.3699987903237343e-05,0.0010359000880271196,0.001025700126774609,0.007840500096790493,0.0038564001442864537,0.00020839995704591274,0.005606800084933639,0.0014683998888358474,0.004547600052319467,0.0008309998083859682,2.219993621110916e-05,0.0025409001391381025,0.0460327003384009
