execution,k_s_sup,s_k_sub,t_k_sup,ns_s_sup,s_ns_sub,r_ar_sup,ar_r_sub,ns_sub_r,ks_sf_in,sub_r_r,n_r_t,ns_s_spe,nk_k_sup,s_nsup_k,nrs_ns_r,total_time
1,8.600007276982069e-06,7.559999357908964e-05,8.500064723193645e-06,8.000002708286047e-06,7.179996464401484e-05,0.0022795999539084733,9.500014130026102e-06,1.600012183189392e-06,8.90000956133008e-06,9.999959729611874e-06,5.099980626255274e-06,4.399975296109915e-06,0.00019340001745149493,0.0001534000039100647,5.599984433501959e-06,0.0028439999441616237
2,7.890001870691776e-05,0.0018573999986983836,0.0019168999860994518,9.199953638017178e-06,0.00826739997137338,7.98000255599618e-05,8.899951353669167e-06,2.100015990436077e-06,8.79995059221983e-06,1.0000017937272787e-05,4.699977580457926e-06,4.299974534660578e-06,0.0002972999936901033,0.00023790000705048442,5.199981387704611e-06,0.01278879982419312
3,9.200070053339005e-06,7.740000728517771e-05,9.199953638017178e-06,8.199946023523808e-06,7.789995288476348e-05,0.002343100029975176,9.800016414374113e-06,1.800013706088066e-06,9.09995287656784e-06,1.0200077667832375e-05,5.099980626255274e-06,4.399975296109915e-06,0.00019990000873804092,0.00013320002472028136,5.199981387704611e-06,0.0029036999912932515
