percentage,execution,ar_r_sub,k_s_sup,ks_sf_in,n_r_t,nk_k_sup,nrs_ns_r,ns_s_spe,ns_s_sup,ns_sub_r,r_ar_sup,s_k_sub,s_ns_sub,s_nsup_k,sub_r_r,t_k_sup,total_time
80,4,0.00013310000031196978,0.016760900000008405,1.0399999155197293e-05,6.100000064179767e-06,0.00044379999962984584,6.100000064179767e-06,0.003178400000251713,0.0017094000004362897,1.7000002117129043e-06,0.013141600000381004,0.000422499999331194,0.0004123999997318606,0.0003126999999949476,1.8200000340584666e-05,0.0003389000003153342,0.03689620000022842
