percentage,execution,ar_r_sub,k_s_sup,ks_sf_in,n_r_t,nk_k_sup,nrs_ns_r,ns_s_spe,ns_s_sup,ns_sub_r,r_ar_sup,s_k_sub,s_ns_sub,s_nsup_k,sub_r_r,t_k_sup,total_time
40,7,7.430000005115289e-05,0.0062747000010858756,1.0400000064691994e-05,6.399999620043673e-06,0.00022900000021763844,6.499999471998308e-06,0.002115600000252016,0.0008485999996992177,2.0000006770715117e-06,0.005837799999426352,0.00019149999934597872,0.00018520000048738439,0.00016030000006139744,1.5100000382517464e-05,0.0001486000010118005,0.016106000001855136
