percentage,execution,ar_r_sub,k_s_sup,ks_sf_in,n_r_t,nk_k_sup,nrs_ns_r,ns_s_spe,ns_s_sup,ns_sub_r,r_ar_sup,s_k_sub,s_ns_sub,s_nsup_k,sub_r_r,t_k_sup,total_time
10,8,1.070043072104454e-05,1.0699499398469925e-05,9.899958968162537e-06,6.100162863731384e-06,5.499925464391708e-06,5.7998113334178925e-06,0.003193299751728773,0.015210000332444906,1.9995495676994324e-06,0.008607999887317419,9.300187230110168e-06,1.0099727660417557e-05,4.800036549568176e-06,1.380033791065216e-05,9.700190275907516e-06,0.02710969978943467
