percentage,execution,ar_r_sub,k_s_sup,ks_sf_in,n_r_t,nk_k_sup,nrs_ns_r,ns_s_spe,ns_s_sup,ns_sub_r,r_ar_sup,s_k_sub,s_ns_sub,s_nsup_k,sub_r_r,t_k_sup,total_time
20,7,1.200009137392044e-05,1.219986006617546e-05,1.0100193321704865e-05,6.1998143792152405e-06,5.200039595365524e-06,5.7998113334178925e-06,0.003808800131082535,0.016902100294828415,1.6996636986732483e-06,0.011872999835759401,9.600073099136353e-06,1.1399853974580765e-05,4.599802196025848e-06,1.7400365322828293e-05,1.0800082236528397e-05,0.03269089991226792
