percentage,execution,ar_r_sub,k_s_sup,ks_sf_in,n_r_t,nk_k_sup,nrs_ns_r,ns_s_spe,ns_s_sup,ns_sub_r,r_ar_sup,s_k_sub,s_ns_sub,s_nsup_k,sub_r_r,t_k_sup,total_time
30,1,1.0599847882986069e-05,1.090019941329956e-05,1.0099727660417557e-05,6.400048732757568e-06,5.400273948907852e-06,6.100162863731384e-06,0.003915300127118826,0.014664300251752138,1.700129359960556e-06,0.011118699796497822,9.399838745594025e-06,1.3400334864854813e-05,4.800036549568176e-06,1.4299526810646057e-05,1.5099998563528061e-05,0.029806500300765038
