percentage,execution,k_s_sup,s_k_sub,t_k_sup,ns_s_sup,s_ns_sub,r_ar_sup,ar_r_sub,ns_sub_r,ks_sf_in,sub_r_r,n_r_t,ns_s_spe,nk_k_sup,s_nsup_k,nrs_ns_r,total_time
20,3,1.3300013961270452e-05,1.1900003300979733e-05,1.300001167692244e-05,0.021121899990248494,1.3600016245618463e-05,0.01400629999989178,1.3999990187585354e-05,2.6000052457675338e-06,1.309999788645655e-05,1.7099999240599573e-05,7.999988156370819e-06,0.005057799993664958,1.2100004823878407e-05,6.100002792663872e-06,7.700000423938036e-06,0.04031850001774728
