percentage,execution,ar_r_sub,k_s_sup,ks_sf_in,n_r_t,nk_k_sup,nrs_ns_r,ns_s_spe,ns_s_sup,ns_sub_r,r_ar_sup,s_k_sub,s_ns_sub,s_nsup_k,sub_r_r,t_k_sup,total_time
30,4,1.0500196367502213e-05,1.0299962013959885e-05,9.80030745267868e-06,5.899928510189056e-06,5.2996911108493805e-06,5.600042641162872e-06,0.0037854001857340336,0.013733199797570705,1.80024653673172e-06,0.008756800089031458,8.999835699796677e-06,1.3200566172599792e-05,4.699919372797012e-06,1.3299752026796341e-05,9.600073099136353e-06,0.026374400593340397
