percentage,execution,k_s_sup,s_k_sub,t_k_sup,ns_s_sup,s_ns_sub,r_ar_sup,ar_r_sub,ns_sub_r,ks_sf_in,sub_r_r,n_r_t,ns_s_spe,nk_k_sup,s_nsup_k,nrs_ns_r,total_time
80,2,1.2500007869675756e-05,1.1099997209385037e-05,1.2300006346777081e-05,0.017667500011157244,1.3600001693703234e-05,0.01713029999518767,1.2999982573091984e-05,2.2999884095042944e-06,1.2199991033412516e-05,1.589999010320753e-05,7.599999662488699e-06,0.008433199996943586,6.799993570894003e-06,6.200003554113209e-06,1.030000566970557e-05,0.04335479997098446
