percentage,execution,ar_r_sub,k_s_sup,ks_sf_in,n_r_t,nk_k_sup,nrs_ns_r,ns_s_spe,ns_s_sup,ns_sub_r,r_ar_sup,s_k_sub,s_ns_sub,s_nsup_k,sub_r_r,t_k_sup,total_time
20,9,1.1400086805224419e-05,1.1400086805224419e-05,1.0600080713629723e-05,6.299931555986404e-06,5.900044925510883e-06,6.100046448409557e-06,0.0033614999847486615,0.012850800063461065,2.399901859462261e-06,0.007976599968969822,9.599956683814526e-06,1.1400086805224419e-05,5.09992241859436e-06,1.4400109648704529e-05,1.0599964298307896e-05,0.024294100236147642
