percentage,execution,ar_r_sub,k_s_sup,ks_sf_in,n_r_t,nk_k_sup,nrs_ns_r,ns_s_spe,ns_s_sup,ns_sub_r,r_ar_sup,s_k_sub,s_ns_sub,s_nsup_k,sub_r_r,t_k_sup,total_time
60,2,1.0599999768601265e-05,1.089999932446517e-05,1.049999991664663e-05,6.400000529538374e-06,5.500000042957254e-06,5.300000339047983e-06,0.005255500000203028,0.015172299999903771,2.0999987100367434e-06,0.012154699998973229,9.300000783696305e-06,1.0400000064691994e-05,4.999999873689376e-06,1.3600000784208532e-05,1.0300000212737359e-05,0.032682399999430345
