percentage,execution,ar_r_sub,k_s_sup,ks_sf_in,n_r_t,nk_k_sup,nrs_ns_r,ns_s_spe,ns_s_sup,ns_sub_r,r_ar_sup,s_k_sub,s_ns_sub,s_nsup_k,sub_r_r,t_k_sup,total_time
60,9,1.0200000360782724e-05,1.0599999768601265e-05,1.0100000508828089e-05,6.000000212225132e-06,8.199999683711212e-06,5.100000635138713e-06,0.004389499999888358,0.009392700000717014,1.600000359758269e-06,0.009283599999434955,8.999999408842996e-06,1.0199999451288022e-05,4.900000021734741e-06,1.249999968422344e-05,9.900000804918818e-06,0.02316410000094038
