percentage,execution,ar_r_sub,k_s_sup,ks_sf_in,n_r_t,nk_k_sup,nrs_ns_r,ns_s_spe,ns_s_sup,ns_sub_r,r_ar_sup,s_k_sub,s_ns_sub,s_nsup_k,sub_r_r,t_k_sup,total_time
90,1,1.2100092135369778e-05,1.200009137392044e-05,1.1400086805224419e-05,6.700051017105579e-06,5.900044925510883e-06,5.300040356814861e-06,0.008163499995134771,0.02425199991557747,2.100015990436077e-06,0.022077599889598787,1.300009898841381e-05,1.1499971151351929e-05,5.499925464391708e-06,1.3999990187585354e-05,1.070008147507906e-05,0.05460330029018223
