percentage,execution,k_s_sup,s_k_sub,t_k_sup,ns_s_sup,s_ns_sub,r_ar_sup,ar_r_sub,ns_sub_r,ks_sf_in,sub_r_r,n_r_t,ns_s_spe,nk_k_sup,s_nsup_k,nrs_ns_r,total_time
80,8,1.3199998647905886e-05,1.1299998732283711e-05,1.2300006346777081e-05,0.02132620001793839,1.3800003216601908e-05,0.018694200000027195,1.410000550094992e-05,2.4999899324029684e-06,1.2400007108226418e-05,1.6400008462369442e-05,7.400012691505253e-06,0.007998700006282888,6.89999433234334e-06,9.800001862458885e-06,1.0099989594891667e-05,0.04814930004067719
