percentage,execution,ar_r_sub,k_s_sup,ks_sf_in,n_r_t,nk_k_sup,nrs_ns_r,ns_s_spe,ns_s_sup,ns_sub_r,r_ar_sup,s_k_sub,s_ns_sub,s_nsup_k,sub_r_r,t_k_sup,total_time
80,2,1.200009137392044e-05,1.1499854736030102e-05,1.0999967344105244e-05,6.500049494206905e-06,6.500049494206905e-06,5.599926225841045e-06,0.0075746000511571765,0.022233300027437508,2.200016751885414e-06,0.020029000006616116,1.0600080713629723e-05,1.2200092896819115e-05,5.200039595365524e-06,1.4399993233382702e-05,1.0699965059757233e-05,0.04994530021212995
