percentage,execution,ar_r_sub,k_s_sup,ks_sf_in,n_r_t,nk_k_sup,nrs_ns_r,ns_s_spe,ns_s_sup,ns_sub_r,r_ar_sup,s_k_sub,s_ns_sub,s_nsup_k,sub_r_r,t_k_sup,total_time
60,2,1.0699965059757233e-05,1.0500196367502213e-05,1.0100193321704865e-05,6.100162863731384e-06,5.200039595365524e-06,5.300156772136688e-06,0.004567800089716911,0.009714399930089712,1.600012183189392e-06,0.00983689958229661,9.399838745594025e-06,1.0299962013959885e-05,4.699919372797012e-06,1.2999866157770157e-05,9.700190275907516e-06,0.02421570010483265
