percentage,execution,k_s_sup,s_k_sub,t_k_sup,ns_s_sup,s_ns_sub,r_ar_sup,ar_r_sub,ns_sub_r,ks_sf_in,sub_r_r,n_r_t,ns_s_spe,nk_k_sup,s_nsup_k,nrs_ns_r,total_time
20,5,1.340000017080456e-05,1.4999997802078724e-05,1.2300006346777081e-05,0.0012664000096265227,1.2600008631125093e-05,0.001254899994819425,1.3199998647905886e-05,2.7999922167509794e-06,1.300001167692244e-05,1.6699996194802225e-05,7.700000423938036e-06,0.0021255999890854582,6.50000583846122e-06,6.300004315562546e-06,9.700001101009548e-06,0.004776100016897544
