percentage,execution,k_s_sup,s_k_sub,t_k_sup,ns_s_sup,s_ns_sub,r_ar_sup,ar_r_sub,ns_sub_r,ks_sf_in,sub_r_r,n_r_t,ns_s_spe,nk_k_sup,s_nsup_k,nrs_ns_r,total_time
90,4,1.3600016245618463e-05,1.1900003300979733e-05,1.3100012438371778e-05,0.02310609999403823,1.8499995348975062e-05,0.02266510001209099,1.4200020814314485e-05,2.3000029614195228e-06,1.720000000204891e-05,1.6999998479150236e-05,7.800001185387373e-06,0.009883200007607229,7.099995855242014e-06,1.0900010238401592e-05,6.999995093792677e-06,0.05579500006570015
