percentage,execution,ar_r_sub,k_s_sup,ks_sf_in,n_r_t,nk_k_sup,nrs_ns_r,ns_s_spe,ns_s_sup,ns_sub_r,r_ar_sup,s_k_sub,s_ns_sub,s_nsup_k,sub_r_r,t_k_sup,total_time
40,4,1.7399899661540985e-05,1.0800082236528397e-05,1.2699514627456665e-05,6.399583071470261e-06,5.499925464391708e-06,5.700159817934036e-06,0.005402100272476673,0.021314300131052732,3.200024366378784e-06,0.016325900331139565,9.399838745594025e-06,1.0699965059757233e-05,4.999805241823196e-06,2.090027555823326e-05,1.0099727660417557e-05,0.043160099536180496
