percentage,execution,k_s_sup,s_k_sub,t_k_sup,ns_s_sup,s_ns_sub,r_ar_sup,ar_r_sub,ns_sub_r,ks_sf_in,sub_r_r,n_r_t,ns_s_spe,nk_k_sup,s_nsup_k,nrs_ns_r,total_time
60,4,1.3800003216601908e-05,1.2200005585327744e-05,1.2900010915473104e-05,0.019745099983992986,1.440000778529793e-05,0.016684699978213757,1.550000160932541e-05,2.900007530115545e-06,1.3700002455152571e-05,1.7700018361210823e-05,8.400005754083395e-06,0.007027300001936965,7.199996616691351e-06,6.400005077011883e-06,6.999995093792677e-06,0.04358920002414379
