percentage,execution,k_s_sup,s_k_sub,t_k_sup,ns_s_sup,s_ns_sub,r_ar_sup,ar_r_sub,ns_sub_r,ks_sf_in,sub_r_r,n_r_t,ns_s_spe,nk_k_sup,s_nsup_k,nrs_ns_r,total_time
10,9,1.3100012438371778e-05,1.1799987987615168e-05,1.2500007869675756e-05,0.018017199996393174,1.3900003978051245e-05,0.011634700014838018,1.580000389367342e-05,2.4999899324029684e-06,1.2599994079209864e-05,1.720000000204891e-05,7.90000194683671e-06,0.004393600000184961,6.699992809444666e-06,6.099988240748644e-06,7.799986633472145e-06,0.0341733999812277
