execution,k_s_sup,s_k_sub,t_k_sup,ns_s_sup,s_ns_sub,r_ar_sup,ar_r_sub,ns_sub_r,ks_sf_in,sub_r_r,n_r_t,ns_s_spe,nk_k_sup,s_nsup_k,nrs_ns_r,total_time
1,9.499955922365189e-06,7.690000347793102e-05,9.70007386058569e-06,8.699949830770493e-06,7.339997682720423e-05,9.09995287656784e-06,7.599999662488699e-05,1.6999547369778156e-06,9.000010322779417e-06,1.4699995517730713e-05,5.799985956400633e-06,4.299974534660578e-06,0.00031619996298104525,0.00022600003285333514,6.299989763647318e-06,0.0008472998160868883
2,2.4600012693554163e-05,0.0025451999972574413,1.4699995517730713e-05,9.899958968162537e-06,0.00853710004594177,1.1999974958598614e-05,0.011635200004093349,2.0999577827751637e-06,1.1400028597563505e-05,0.0021759000374004245,6.499991286545992e-06,4.799978341907263e-06,0.0008648000075481832,0.0006214000168256462,6.799993570894003e-06,0.026472400000784546
3,1.0000017937272787e-05,8.369993884116411e-05,9.700015652924776e-06,9.000010322779417e-06,7.660000119358301e-05,9.90001717582345e-06,8.019997039809823e-05,1.800013706088066e-06,9.700015652924776e-06,1.2500036973506212e-05,5.799985956400633e-06,4.499976057559252e-06,0.00033119996078312397,0.0002319000195711851,6.399990525096655e-06,0.0008828999707475305
4,0.004427500010933727,0.0040701000252738595,0.003456799953710288,7.810001261532307e-05,0.01784729998325929,0.0028770999633707106,1.0899966582655907e-05,2.200016751885414e-06,9.699957445263863e-06,1.3299984857439995e-05,5.89998671784997e-06,0.0007216999656520784,0.0008814000175334513,0.0008770999847911298,7.90000194683671e-06,0.03528699983144179
