percentage,execution,ar_r_sub,k_s_sup,ks_sf_in,n_r_t,nk_k_sup,nrs_ns_r,ns_s_spe,ns_s_sup,ns_sub_r,r_ar_sup,s_k_sub,s_ns_sub,s_nsup_k,sub_r_r,t_k_sup,total_time
40,7,1.9999999494757503e-05,0.005536200000278768,1.8599999748403206e-05,1.089999932446517e-05,0.008022900000469235,1.0999999176419806e-05,0.0011124999991807272,0.00014879999889672035,0.0029420999981084606,0.011744600000383798,0.004653199999665958,0.010578900000837166,0.0011175999998158659,2.330000097572338e-05,0.00973720000092726,0.05567779999728373
