percentage,execution,ar_r_sub,k_s_sup,ks_sf_in,n_r_t,nk_k_sup,nrs_ns_r,ns_s_spe,ns_s_sup,ns_sub_r,r_ar_sup,s_k_sub,s_ns_sub,s_nsup_k,sub_r_r,t_k_sup,total_time
20,3,0.00013679999392479658,1.100008375942707e-05,0.0002738999901339412,6.00004568696022e-06,0.00048100005369633436,6.500049494206905e-06,4.599918611347675e-06,9.00006853044033e-06,2.00001522898674e-06,9.999959729611874e-06,0.0001436000457033515,0.00013519986532628536,0.0003418999258428812,1.2499862350523472e-05,9.699957445263863e-06,0.0015836998354643583
