percentage,execution,k_s_sup,s_k_sub,t_k_sup,ns_s_sup,s_ns_sub,r_ar_sup,ar_r_sub,ns_sub_r,ks_sf_in,sub_r_r,n_r_t,ns_s_spe,nk_k_sup,s_nsup_k,nrs_ns_r,total_time
80,9,8.289999095723033e-05,0.008930199997848831,0.0018963999900734052,1.0200019460171461e-05,0.016249899999820627,8.169999637175351e-05,0.00042830000165849924,1.7999991541728377e-06,0.001068700003088452,1.2500007869675756e-05,6.000002031214535e-06,4.9000082071870565e-06,0.0015906000044196844,0.0013932000001659617,5.699999746866524e-06,0.03176300002087373
