percentage,execution,ar_r_sub,k_s_sup,ks_sf_in,n_r_t,nk_k_sup,nrs_ns_r,ns_s_spe,ns_s_sup,ns_sub_r,r_ar_sup,s_k_sub,s_ns_sub,s_nsup_k,sub_r_r,t_k_sup,total_time
60,1,0.00031530007254332304,8.329993579536676e-05,0.0006484999321401119,5.599926225841045e-06,0.001528099994175136,5.700043402612209e-06,4.500034265220165e-06,9.599956683814526e-06,2.00001522898674e-06,7.789989467710257e-05,0.008766199927777052,0.021960000041872263,0.001326399971731007,1.2400094419717789e-05,0.00180159998126328,0.036547099822200835
