percentage,execution,ar_r_sub,k_s_sup,ks_sf_in,n_r_t,nk_k_sup,nrs_ns_r,ns_s_spe,ns_s_sup,ns_sub_r,r_ar_sup,s_k_sub,s_ns_sub,s_nsup_k,sub_r_r,t_k_sup,total_time
40,8,0.0002531004138290882,1.3399869203567505e-05,0.0006705997511744499,6.500165909528732e-06,0.0009868000634014606,6.4997002482414246e-06,4.8996880650520325e-06,9.200070053339005e-06,2.000480890274048e-06,1.0400079190731049e-05,0.0002589002251625061,0.00025460030883550644,0.0006559998728334904,1.3099517673254013e-05,9.80030745267868e-06,0.003155800513923168
