percentage,execution,k_s_sup,s_k_sub,t_k_sup,ns_s_sup,s_ns_sub,r_ar_sup,ar_r_sub,ns_sub_r,ks_sf_in,sub_r_r,n_r_t,ns_s_spe,nk_k_sup,s_nsup_k,nrs_ns_r,total_time
30,5,0.00931650004349649,0.022810399997979403,0.022097800043411553,0.00016470008995383978,0.07266870001330972,0.0358200998743996,0.00016279995907098055,2.700020559132099e-06,2.310005947947502e-05,4.6600005589425564e-05,1.1699972674250603e-05,0.005029099993407726,0.007352999993599951,0.006138300057500601,1.1499971151351929e-05,0.1816570000955835
