percentage,execution,k_s_sup,s_k_sub,t_k_sup,ns_s_sup,s_ns_sub,r_ar_sup,ar_r_sub,ns_sub_r,ks_sf_in,sub_r_r,n_r_t,ns_s_spe,nk_k_sup,s_nsup_k,nrs_ns_r,total_time
80,4,0.0029012000013608485,0.025482300014118664,0.03031820000614971,0.0001942999952007085,0.03452849999302998,0.06054690000019036,0.00020059999951627105,1.7999991541728377e-06,1.2999997125007212e-05,2.47000134550035e-05,9.599985787644982e-06,0.00640489999204874,0.006879399996250868,0.006038099993020296,7.599999662488699e-06,0.17355109998607077
