percentage,execution,k_s_sup,s_k_sub,t_k_sup,ns_s_sup,s_ns_sub,r_ar_sup,ar_r_sub,ns_sub_r,ks_sf_in,sub_r_r,n_r_t,ns_s_spe,nk_k_sup,s_nsup_k,nrs_ns_r,total_time
10,5,1.2699980288743973e-05,0.005045400001108646,2.3499829694628716e-05,1.3900105841457844e-05,0.024770300020463765,0.020714899874292314,1.4999997802078724e-05,5.100038833916187e-06,1.209997572004795e-05,2.9099988751113415e-05,9.100069291889668e-06,5.900044925510883e-06,0.0033265999518334866,0.002589800045825541,1.0299962013959885e-05,0.0565836998866871
