percentage,execution,ar_r_sub,k_s_sup,ks_sf_in,n_r_t,nk_k_sup,nrs_ns_r,ns_s_spe,ns_s_sup,ns_sub_r,r_ar_sup,s_k_sub,s_ns_sub,s_nsup_k,sub_r_r,t_k_sup,total_time
40,4,2.6200000320386607e-05,0.0014273000006141956,3.7400000110210385e-05,1.4500000361294951e-05,0.011229300000195508,2.190000031987438e-05,0.007413799999994808,0.000220400000216614,2.6000016077887267e-06,0.0715900999994119,0.034468899999410496,0.11803220000001602,0.008342499999344,4.569999964587623e-05,0.010111399999914283,0.26298420000148326
