percentage,execution,k_s_sup,s_k_sub,t_k_sup,ns_s_sup,s_ns_sub,r_ar_sup,ar_r_sub,ns_sub_r,ks_sf_in,sub_r_r,n_r_t,ns_s_spe,nk_k_sup,s_nsup_k,nrs_ns_r,total_time
95,1,0.0038485999684780836,0.03216139995492995,0.035227600019425154,0.0001938999630510807,0.03840780013706535,0.06717939989175647,0.00015799992252141237,2.100015990436077e-06,1.5500118024647236e-05,2.359994687139988e-05,9.100069291889668e-06,0.0062284000450745225,0.0068310999777168036,0.006214700057171285,6.9999368861317635e-06,0.19650820002425462
