percentage,execution,ar_r_sub,k_s_sup,ks_sf_in,n_r_t,nk_k_sup,nrs_ns_r,ns_s_spe,ns_s_sup,ns_sub_r,r_ar_sup,s_k_sub,s_ns_sub,s_nsup_k,sub_r_r,t_k_sup,total_time
80,10,0.00019800011068582535,0.00612360006198287,1.3300101272761822e-05,9.399955160915852e-06,0.007441799971275032,7.100054062902927e-06,0.0065237999660894275,0.00020809995476156473,2.100015990436077e-06,0.06450129998847842,0.0272792000323534,0.04018259991426021,0.0064332999754697084,2.41999514400959e-05,0.030791400000452995,0.18973920005373657
