percentage,execution,ar_r_sub,k_s_sup,ks_sf_in,n_r_t,nk_k_sup,nrs_ns_r,ns_s_spe,ns_s_sup,ns_sub_r,r_ar_sup,s_k_sub,s_ns_sub,s_nsup_k,sub_r_r,t_k_sup,total_time
20,5,8.359993807971478e-05,0.007964600110426545,1.2400094419717789e-05,9.100069291889668e-06,0.005309100029990077,9.800074622035027e-06,0.004545500036329031,0.00014659995213150978,1.999898813664913e-06,0.027758400072343647,0.013225600006990135,0.05372880003415048,0.004463899997062981,2.95999925583601e-05,0.018741799984127283,0.13603080029133707
