percentage,execution,ar_r_sub,k_s_sup,ks_sf_in,n_r_t,nk_k_sup,nrs_ns_r,ns_s_spe,ns_s_sup,ns_sub_r,r_ar_sup,s_k_sub,s_ns_sub,s_nsup_k,sub_r_r,t_k_sup,total_time
40,3,0.00014210003428161144,0.004229200072586536,1.2500095181167126e-05,9.199953638017178e-06,0.005853299982845783,8.699949830770493e-06,0.00227600010111928,8.249992970377207e-05,2.00001522898674e-06,0.041448600008152425,0.0118841000366956,0.03096100001130253,0.004852500045672059,2.859998494386673e-05,0.004166399943642318,0.10595670016482472
