percentage,execution,k_s_sup,s_k_sub,t_k_sup,ns_s_sup,s_ns_sub,r_ar_sup,ar_r_sub,ns_sub_r,ks_sf_in,sub_r_r,n_r_t,ns_s_spe,nk_k_sup,s_nsup_k,nrs_ns_r,total_time
50,1,0.0025528999976813793,0.022691400023177266,0.023602599976584315,0.0001526998821645975,0.06006710010115057,0.04718650004360825,8.890009485185146e-05,2.600019797682762e-06,1.680001150816679e-05,2.8799986466765404e-05,1.0199961252510548e-05,0.004602900007739663,0.007362099946476519,0.006397699937224388,1.0100076906383038e-05,0.1747733000665903
