percentage,execution,ar_r_sub,k_s_sup,ks_sf_in,n_r_t,nk_k_sup,nrs_ns_r,ns_s_spe,ns_s_sup,ns_sub_r,r_ar_sup,s_k_sub,s_ns_sub,s_nsup_k,sub_r_r,t_k_sup,total_time
20,10,2.0500000573520083e-05,2.1599999854515772e-05,1.779999911377672e-05,1.3800000488117803e-05,0.0036460000001170556,2.1099999685247894e-05,0.006500800000139861,0.0004883999999947264,2.4000000848900527e-06,0.03293160000066564,0.0045325999990382115,0.02113069999995787,0.002693100000215054,4.619999981514411e-05,3.5599999137048144e-05,0.07210219999888068
