percentage,execution,k_s_sup,s_k_sub,t_k_sup,ns_s_sup,s_ns_sub,r_ar_sup,ar_r_sub,ns_sub_r,ks_sf_in,sub_r_r,n_r_t,ns_s_spe,nk_k_sup,s_nsup_k,nrs_ns_r,total_time
60,7,0.006965199994738214,0.02988270000787452,0.034882899999502115,0.00019630001042969525,0.06346220000705216,0.03822280000895262,7.939999341033399e-05,1.800013706088066e-06,1.2299991794861853e-05,2.379999205004424e-05,9.199997293762863e-06,0.006455900002038106,0.006888400006573647,0.006230500002857298,7.800001185387373e-06,0.19332120002945885
