percentage,execution,ar_r_sub,k_s_sup,ks_sf_in,n_r_t,nk_k_sup,nrs_ns_r,ns_s_spe,ns_s_sup,ns_sub_r,r_ar_sup,s_k_sub,s_ns_sub,s_nsup_k,sub_r_r,t_k_sup,total_time
90,5,0.0002082999562844634,0.003839000011794269,1.3200100511312485e-05,9.899958968162537e-06,0.007318299962207675,6.7999353632330894e-06,0.0067411999916657805,0.00020229991059750319,1.9000144675374031e-06,0.06472379993647337,0.03170679998584092,0.04103019996546209,0.006621400010772049,2.4300068616867065e-05,0.03538550005760044,0.19783289986662567
