percentage,execution,ar_r_sub,k_s_sup,ks_sf_in,n_r_t,nk_k_sup,nrs_ns_r,ns_s_spe,ns_s_sup,ns_sub_r,r_ar_sup,s_k_sub,s_ns_sub,s_nsup_k,sub_r_r,t_k_sup,total_time
70,8,0.00014500005636364222,0.007531899958848953,1.4399993233382702e-05,9.400071576237679e-06,0.007253299932926893,7.699942216277122e-06,0.006808600039221346,0.00024690001737326384,1.999898813664913e-06,0.06062690005637705,0.02987799991387874,0.05686280003283173,0.006653400021605194,2.589996438473463e-05,0.03635860001668334,0.21242479991633445
