percentage,execution,ar_r_sub,k_s_sup,ks_sf_in,n_r_t,nk_k_sup,nrs_ns_r,ns_s_spe,ns_s_sup,ns_sub_r,r_ar_sup,s_k_sub,s_ns_sub,s_nsup_k,sub_r_r,t_k_sup,total_time
70,3,0.00013779988512396812,0.005601999815553427,1.2299977242946625e-05,9.400304406881332e-06,0.006672400049865246,7.6000578701496124e-06,0.004278100095689297,0.0001346995122730732,1.600012183189392e-06,0.05783750023692846,0.02428019978106022,0.03618550021201372,0.005808599758893251,2.3999251425266266e-05,0.016775500029325485,0.15776719897985458
