percentage,execution,k_s_sup,s_k_sub,t_k_sup,ns_s_sup,s_ns_sub,r_ar_sup,ar_r_sub,ns_sub_r,ks_sf_in,sub_r_r,n_r_t,ns_s_spe,nk_k_sup,s_nsup_k,nrs_ns_r,total_time
20,9,0.003949899997678585,0.00842289999127388,0.004026200011139736,7.910000567790121e-05,0.029613299993798137,0.024688800011062995,7.949999417178333e-05,1.9000144675374031e-06,1.1799987987615168e-05,2.579999272711575e-05,8.899995009414852e-06,0.0021736999915447086,0.00351879998925142,0.002945300002465956,9.300012607127428e-06,0.07955519999086391
