execution,k_s_sup,s_k_sub,t_k_sup,ns_s_sup,s_ns_sub,r_ar_sup,ar_r_sub,ns_sub_r,ks_sf_in,sub_r_r,n_r_t,ns_s_spe,nk_k_sup,s_nsup_k,nrs_ns_r,total_time
1,9.14999982342124e-05,0.0018261000514030457,0.0020010999869555235,1.8300022929906845e-05,0.005047000013291836,0.003416400053538382,1.9400031305849552e-05,1.8600025214254856e-05,1.8200022168457508e-05,2.0399922505021095e-05,1.0200019460171461e-05,9.000010322779417e-06,0.006724700040649623,0.00040440005250275135,1.0900082997977734e-05,0.019636200333479792
2,8.590001380071044e-05,0.0018034001113846898,0.0019991000299341977,1.799996243789792e-05,0.004960099991876632,0.0033485000603832304,1.8900027498602867e-05,1.880002673715353e-05,1.7899961676448584e-05,2.0399922505021095e-05,1.0200077667832375e-05,9.200011845678091e-06,0.0065327000338584185,0.0003905000048689544,1.0800024028867483e-05,0.019244400260504335
3,8.270004764199257e-05,0.0018146999645978212,0.0019450999097898602,9.599956683814526e-06,0.008208800049033016,8.049991447478533e-05,9.300070814788342e-06,9.500072337687016e-06,9.900075383484364e-06,1.160003012046218e-05,5.600042641162872e-06,4.299974534660578e-06,0.00031400000443682075,0.0002445999998599291,5.499983672052622e-06,0.012755700096022338
