percentage,execution,ar_r_sub,k_s_sup,ks_sf_in,n_r_t,nk_k_sup,nrs_ns_r,ns_s_spe,ns_s_sup,ns_sub_r,r_ar_sup,s_k_sub,s_ns_sub,s_nsup_k,sub_r_r,t_k_sup,total_time
20,6,9.599999430065509e-06,9.800000043469481e-06,9.499999578110874e-06,5.7999995988211595e-06,0.0004835999998249463,6.100000064179767e-06,4.499999704421498e-06,9.099999260797631e-06,1.8999999156221747e-06,0.002259800000501855,0.0010197000001426204,0.004104499999812106,0.0003341000001455541,1.2700000297627412e-05,1.049999991664663e-05,0.008281199998236843
