percentage,execution,ar_r_sub,k_s_sup,ks_sf_in,n_r_t,nk_k_sup,nrs_ns_r,ns_s_spe,ns_s_sup,ns_sub_r,r_ar_sup,s_k_sub,s_ns_sub,s_nsup_k,sub_r_r,t_k_sup,total_time
60,9,0.00543400000060501,1.0400000064691994e-05,1.0800000382005237e-05,5.7999995988211595e-06,0.0010683999998946092,5.2999994295532815e-06,4.599999556376133e-06,1.3699999726668466e-05,2.4000009943847544e-06,0.0021708000012949924,0.0031433000003744382,0.005681200000253739,0.0007884999995440012,0.0010831999989022734,1.160000010713702e-05,0.0194340000007287
