percentage,execution,ar_r_sub,k_s_sup,ks_sf_in,n_r_t,nk_k_sup,nrs_ns_r,ns_s_spe,ns_s_sup,ns_sub_r,r_ar_sup,s_k_sub,s_ns_sub,s_nsup_k,sub_r_r,t_k_sup,total_time
60,2,0.010237699999379402,7.850000019971048e-05,9.900000804918818e-06,5.599999894911889e-06,0.001006000000415952,5.200000487093348e-06,4.499999704421498e-06,9.800000043469481e-06,1.8000000636675395e-06,7.749999986117473e-05,0.00667890000022453,0.01579649999985122,0.0008631000000605127,0.0021051000003353693,0.002672999999958847,0.0395531000012852
