percentage,execution,ar_r_sub,k_s_sup,ks_sf_in,n_r_t,nk_k_sup,nrs_ns_r,ns_s_spe,ns_s_sup,ns_sub_r,r_ar_sup,s_k_sub,s_ns_sub,s_nsup_k,sub_r_r,t_k_sup,total_time
80,5,0.00019120000069960952,7.679999998799758e-05,1.2100000276404899e-05,5.100000635138713e-06,0.0006466999993790523,4.999999873689376e-06,4.600000465870835e-06,1.2600000445672777e-05,1.9000008251168765e-06,7.640000058017904e-05,0.0036823000000367756,0.006664000000455417,0.0005486999998538522,1.0900000233959872e-05,0.0018263000001752516,0.013764600003923988
