percentage,execution,ar_r_sub,k_s_sup,ks_sf_in,n_r_t,nk_k_sup,nrs_ns_r,ns_s_spe,ns_s_sup,ns_sub_r,r_ar_sup,s_k_sub,s_ns_sub,s_nsup_k,sub_r_r,t_k_sup,total_time
40,3,1.0300001122232061e-05,0.004948099999637634,9.399998816661537e-06,5.399999281507917e-06,5.699999746866524e-06,4.999999873689376e-06,0.00042489999941608403,7.410000034724362e-05,1.8000000636675395e-06,0.003668199999992794,0.0001430000002073939,0.00013940000008005882,4.999999873689376e-06,1.0599999768601265e-05,0.0001573999998072395,0.009608299998035363
