percentage,execution,ar_r_sub,k_s_sup,ks_sf_in,n_r_t,nk_k_sup,nrs_ns_r,ns_s_spe,ns_s_sup,ns_sub_r,r_ar_sup,s_k_sub,s_ns_sub,s_nsup_k,sub_r_r,t_k_sup,total_time
40,6,0.00012520000018412247,9.399999726156238e-06,8.800000614428427e-06,5.599999894911889e-06,0.00041760000021895394,5.500000042957254e-06,4.300000000512227e-06,8.299999535665847e-06,1.6999993022182025e-06,9.000000318337698e-06,0.00013029999990976648,0.00012689999948634068,0.00027850000060425373,9.899999895424116e-06,9.299999874201603e-06,0.0011502999996082508
