percentage,execution,ar_r_sub,k_s_sup,ks_sf_in,n_r_t,nk_k_sup,nrs_ns_r,ns_s_spe,ns_s_sup,ns_sub_r,r_ar_sup,s_k_sub,s_ns_sub,s_nsup_k,sub_r_r,t_k_sup,total_time
80,4,0.0015949000007822178,8.069999967119657e-05,9.800000043469481e-06,5.4000001910026185e-06,0.0006454999993366073,5.300000339047983e-06,4.499999704421498e-06,9.800000043469481e-06,2.099999619531445e-06,7.789999926899327e-05,0.004411599999912141,0.0074680999996417086,0.0005485000001499429,0.0002442999993945705,0.001892200000838784,0.017000599998937105
