percentage,execution,ar_r_sub,k_s_sup,ks_sf_in,n_r_t,nk_k_sup,nrs_ns_r,ns_s_spe,ns_s_sup,ns_sub_r,r_ar_sup,s_k_sub,s_ns_sub,s_nsup_k,sub_r_r,t_k_sup,total_time
10,1,1.2499978765845299e-05,0.01576269988436252,1.1800089851021767e-05,8.300063200294971e-06,0.0007978000212460756,8.299946784973145e-06,0.005240699974820018,0.004396699951030314,2.500019036233425e-06,0.010672399890609086,0.0020760000916197896,0.009902099962346256,0.0007252000505104661,1.880002673715353e-05,0.009198599960654974,0.05883439991157502
