percentage,execution,ar_r_sub,k_s_sup,ks_sf_in,n_r_t,nk_k_sup,nrs_ns_r,ns_s_spe,ns_s_sup,ns_sub_r,r_ar_sup,s_k_sub,s_ns_sub,s_nsup_k,sub_r_r,t_k_sup,total_time
70,1,0.01153580006211996,0.003364400123246014,0.0003241999074816704,8.100061677396297e-06,0.002404300030320883,0.0002183000324293971,0.0046524000354111195,0.004067800124175847,2.300017513334751e-06,0.02019869990181178,0.004287700052373111,0.011145399999804795,0.002088500070385635,1.8499908037483692e-05,0.005055299843661487,0.06937170017044991
