percentage,execution,ar_r_sub,k_s_sup,ks_sf_in,n_r_t,nk_k_sup,nrs_ns_r,ns_s_spe,ns_s_sup,ns_sub_r,r_ar_sup,s_k_sub,s_ns_sub,s_nsup_k,sub_r_r,t_k_sup,total_time
50,9,0.006860600085929036,0.010720900143496692,0.0005498999962583184,7.999944500625134e-06,0.002148900064639747,0.00011150003410875797,0.004679800011217594,0.004202299867756665,2.200016751885414e-06,0.01738059998024255,0.0029395000310614705,0.009837399935349822,0.0017587000038474798,2.0200037397444248e-05,0.001970799872651696,0.06319130002520978
