percentage,execution,ar_r_sub,k_s_sup,ks_sf_in,n_r_t,nk_k_sup,nrs_ns_r,ns_s_spe,ns_s_sup,ns_sub_r,r_ar_sup,s_k_sub,s_ns_sub,s_nsup_k,sub_r_r,t_k_sup,total_time
90,6,0.005976200103759766,0.007172899786382914,0.0004860004410147667,7.400289177894592e-06,0.002072500064969063,0.00010040029883384705,0.004246599972248077,0.0037253997288644314,1.80024653673172e-06,0.01981629990041256,0.006118099670857191,0.009489400312304497,0.0019195000641047955,1.6300007700920105e-05,0.013771700207144022,0.07492050109431148
