percentage,execution,k_s_sup,s_k_sub,t_k_sup,ns_s_sup,s_ns_sub,r_ar_sup,ar_r_sub,ns_sub_r,ks_sf_in,sub_r_r,n_r_t,ns_s_spe,nk_k_sup,s_nsup_k,nrs_ns_r,total_time
80,5,0.011076699986006133,0.0058791000046767294,0.013991200001328252,0.004062699998030439,0.005972899991320446,0.0210497999942163,0.0016244999860646203,2.1000014385208488e-06,0.0006954999989829957,1.6099991626106203e-05,6.999995093792677e-06,0.004317200000514276,0.0020060000097146258,0.0018909000064013526,5.800000508315861e-06,0.07259749996592291
