percentage,execution,k_s_sup,s_k_sub,t_k_sup,ns_s_sup,s_ns_sub,r_ar_sup,ar_r_sub,ns_sub_r,ks_sf_in,sub_r_r,n_r_t,ns_s_spe,nk_k_sup,s_nsup_k,nrs_ns_r,total_time
40,5,0.011761999994632788,0.001749800008838065,0.007794999997713603,0.0038410999986808747,0.004944999993313104,0.01966510000056587,1.0799994925037026e-05,1.9999861251562834e-06,1.0599993402138352e-05,1.5299985534511507e-05,7.199996616691351e-06,0.004306100003304891,0.0008788999984972179,0.00082970000221394,6.699992809444666e-06,0.055825299947173335
