percentage,execution,k_s_sup,s_k_sub,t_k_sup,ns_s_sup,s_ns_sub,r_ar_sup,ar_r_sub,ns_sub_r,ks_sf_in,sub_r_r,n_r_t,ns_s_spe,nk_k_sup,s_nsup_k,nrs_ns_r,total_time
70,4,0.010348499999963678,0.006018799991579726,0.01385219999065157,0.0036779000074602664,0.008978099984233268,0.017199299996718764,0.001769200011040084,2.2000021999701858e-06,0.0006998000026214868,1.6300007700920105e-05,7.299997378140688e-06,0.004199000002699904,0.002017100006924011,0.0018893000087700784,8.799994247965515e-06,0.07068380000418983
