percentage,execution,ar_r_sub,k_s_sup,ks_sf_in,n_r_t,nk_k_sup,nrs_ns_r,ns_s_spe,ns_s_sup,ns_sub_r,r_ar_sup,s_k_sub,s_ns_sub,s_nsup_k,sub_r_r,t_k_sup,total_time
10,6,1.170008908957243e-05,0.009805499925278127,1.0900082997977734e-05,7.900060154497623e-06,6.3999323174357414e-06,7.2999391704797745e-06,0.003657400025986135,0.0017334000440314412,2.100015990436077e-06,0.00691620004363358,8.749996777623892e-05,8.769996929913759e-05,5.799927748739719e-06,1.6900012269616127e-05,0.00010390009265393019,0.022460600128397346
