percentage,execution,ar_r_sub,k_s_sup,ks_sf_in,n_r_t,nk_k_sup,nrs_ns_r,ns_s_spe,ns_s_sup,ns_sub_r,r_ar_sup,s_k_sub,s_ns_sub,s_nsup_k,sub_r_r,t_k_sup,total_time
20,3,0.010574500000075204,0.013202600001022802,0.00028669999937847024,7.40000086807413e-06,0.0012117999995098216,0.00019969999993918464,0.003190599999470578,0.0016277999993690173,2.3000002329354174e-06,0.008992400000352063,0.00397030000021914,0.010173100000429258,0.0011309000001347158,1.6900000446185004e-05,0.004852900000514637,0.05943990000196209
