percentage,execution,k_s_sup,s_k_sub,t_k_sup,ns_s_sup,s_ns_sub,r_ar_sup,ar_r_sub,ns_sub_r,ks_sf_in,sub_r_r,n_r_t,ns_s_spe,nk_k_sup,s_nsup_k,nrs_ns_r,total_time
70,2,0.006129800007329322,0.003838100004941225,0.009023699996760115,0.004805800010217354,0.007313499998417683,0.01375529999495484,0.0015796000079717487,2.0000006770715117e-06,0.0006939000013517216,1.5199999324977398e-05,7.199996616691351e-06,0.004482699994696304,0.002206600009230897,0.001856600007158704,6.699992809444666e-06,0.0557167000224581
