percentage,execution,ar_r_sub,k_s_sup,ks_sf_in,n_r_t,nk_k_sup,nrs_ns_r,ns_s_spe,ns_s_sup,ns_sub_r,r_ar_sup,s_k_sub,s_ns_sub,s_nsup_k,sub_r_r,t_k_sup,total_time
20,1,1.1300202459096909e-05,0.009839300066232681,1.0800082236528397e-05,7.200054824352264e-06,0.0012815003283321857,7.6000578701496124e-06,0.003239300101995468,0.0016917996108531952,1.7997808754444122e-06,0.007188199553638697,0.0032527996227145195,0.013533400371670723,0.0011713998392224312,1.5999656170606613e-05,0.004793600179255009,0.04604599950835109
