percentage,execution,ar_r_sub,k_s_sup,ks_sf_in,n_r_t,nk_k_sup,nrs_ns_r,ns_s_spe,ns_s_sup,ns_sub_r,r_ar_sup,s_k_sub,s_ns_sub,s_nsup_k,sub_r_r,t_k_sup,total_time
90,9,0.0016097999177873135,0.010377500206232071,0.0007311999797821045,7.300172001123428e-06,0.0021031997166574,5.7998113334178925e-06,0.004196099936962128,0.003829800058156252,1.700129359960556e-06,0.019915900193154812,0.007005500141531229,0.006029000040143728,0.00188770005479455,1.9500497728586197e-05,0.014213400427252054,0.07193340128287673
