percentage,execution,ar_r_sub,k_s_sup,ks_sf_in,n_r_t,nk_k_sup,nrs_ns_r,ns_s_spe,ns_s_sup,ns_sub_r,r_ar_sup,s_k_sub,s_ns_sub,s_nsup_k,sub_r_r,t_k_sup,total_time
80,6,0.0017333999276161194,0.00658559997100383,0.0007426000665873289,7.699942216277122e-06,0.0024383000563830137,7.0999376475811005e-06,0.004601099994033575,0.004103299928829074,2.200016751885414e-06,0.014648700132966042,0.0044216999085620046,0.011554499971680343,0.002085799933411181,1.7900019884109497e-05,0.010097199934534729,0.0630470997421071
