percentage,execution,ar_r_sub,k_s_sup,ks_sf_in,n_r_t,nk_k_sup,nrs_ns_r,ns_s_spe,ns_s_sup,ns_sub_r,r_ar_sup,s_k_sub,s_ns_sub,s_nsup_k,sub_r_r,t_k_sup,total_time
60,9,7.279999954334926e-05,0.00609950000034587,0.00022990000070421956,6.900000698806252e-06,0.001352700000097684,6.400000529538374e-06,0.003970400000071095,0.0035823000007439987,1.600000359758269e-06,0.01533489999928861,0.0011378999988664873,0.004109400000743335,0.0010955999996440369,1.6199999663513154e-05,0.0016900999999052146,0.038706600001205516
