execution,ar_r_sub,k_s_sup,ks_sf_in,n_r_t,nk_k_sup,nrs_ns_r,ns_s_spe,ns_s_sup,ns_sub_r,r_ar_sup,s_k_sub,s_ns_sub,s_nsup_k,sub_r_r,t_k_sup,total_time
1,1.1899974197149277e-05,0.00011009955778717995,1.1999625712633133e-05,6.899703294038773e-06,0.0007750000804662704,7.799826562404633e-06,5.8002769947052e-06,1.2499745935201645e-05,2.800021320581436e-06,0.0001012999564409256,0.004527899902313948,0.022194199729710817,0.0006305002607405186,1.4599878340959549e-05,0.0050848000682890415,0.033498098608106375
2,1.3999640941619873e-05,1.29002146422863e-05,1.71000137925148e-05,7.400289177894592e-06,0.0002757003530859947,7.4999406933784485e-06,6.00004568696022e-06,1.380033791065216e-05,2.6994384825229645e-06,0.003388399723917246,0.000107599887996912,0.0001083998940885067,0.00017219968140125275,1.4699995517730713e-05,1.6500242054462433e-05,0.0041648996993899345
3,1.3600103557109833e-05,1.9600149244070053e-05,1.2500211596488953e-05,7.500406354665756e-06,0.00027169985696673393,7.199589163064957e-06,6.1998143792152405e-06,1.930026337504387e-05,2.4996697902679443e-06,0.006296100094914436,0.00017650006338953972,0.00018090009689331055,0.00017669983208179474,1.9200611859560013e-05,2.6399735361337662e-05,0.0072359004989266396
4,0.00011010048910975456,1.2800097465515137e-05,0.0004188995808362961,7.899943739175797e-06,0.00041159987449645996,8.799601346254349e-06,6.500165909528732e-06,1.1499971151351929e-05,2.4996697902679443e-06,1.2699980288743973e-05,0.00013040006160736084,0.00012010009959340096,0.00019979989156126976,1.5900470316410065e-05,1.2800097465515137e-05,0.0014822999946773052
5,9.879982098937035e-05,1.29002146422863e-05,0.00040170038118958473,7.899943739175797e-06,0.000269399955868721,8.00006091594696e-06,6.00004568696022e-06,1.1599622666835785e-05,2.6999041438102722e-06,1.2299511581659317e-05,0.00011239992454648018,0.00010140007361769676,0.00016850000247359276,1.5399884432554245e-05,1.3200566172599792e-05,0.0012421999126672745
