percentage,execution,ar_r_sub,k_s_sup,ks_sf_in,n_r_t,nk_k_sup,nrs_ns_r,ns_s_spe,ns_s_sup,ns_sub_r,r_ar_sup,s_k_sub,s_ns_sub,s_nsup_k,sub_r_r,t_k_sup,total_time
60,8,0.03249740000046586,0.0024871999994502403,0.00210010000046168,2.7200000658922363e-05,0.03557520000049408,0.000985900000159745,0.012458200000764919,0.00027829999999084976,3.390000074432464e-05,0.024530600000616687,0.06958380000014586,0.11794370000006893,0.013367900000048394,0.0037573999998130603,0.03895079999983864,0.3545776000037222
