percentage,execution,ar_r_sub,k_s_sup,ks_sf_in,n_r_t,nk_k_sup,nrs_ns_r,ns_s_spe,ns_s_sup,ns_sub_r,r_ar_sup,s_k_sub,s_ns_sub,s_nsup_k,sub_r_r,t_k_sup,total_time
80,7,0.041442000307142735,0.003891200292855501,0.0027578002773225307,2.5599729269742966e-05,0.017584000248461962,0.001308200415223837,0.013834799639880657,0.00022040028125047684,3.009941428899765e-05,0.024965399876236916,0.07150379987433553,0.10971709992736578,0.015031100250780582,0.002791299484670162,0.053122300654649734,0.35822510067373514
