percentage,execution,k_s_sup,s_k_sub,t_k_sup,ns_s_sup,s_ns_sub,r_ar_sup,ar_r_sub,ns_sub_r,ks_sf_in,sub_r_r,n_r_t,ns_s_spe,nk_k_sup,s_nsup_k,nrs_ns_r,total_time
40,3,0.0043240999802947044,0.07650709990411997,0.05585390015039593,0.00017929996829479933,0.15994010004214942,0.021505399839952588,0.06274720001965761,3.3499905839562416e-05,0.0016918000765144825,0.0044775999849662185,2.7399975806474686e-05,0.00654549989849329,0.020827800035476685,0.012681800057180226,0.0027616999577730894,0.43010419979691505
