percentage,execution,k_s_sup,s_k_sub,t_k_sup,ns_s_sup,s_ns_sub,r_ar_sup,ar_r_sub,ns_sub_r,ks_sf_in,sub_r_r,n_r_t,ns_s_spe,nk_k_sup,s_nsup_k,nrs_ns_r,total_time
30,2,0.006556599997566082,0.06221689999802038,0.037637199988239445,0.000281700020423159,0.1371322000195505,0.009887000007438473,0.06598119999398477,0.00031109998235478997,0.0017685999919194728,0.005748199997469783,2.4600012693554163e-05,0.013012800001888536,0.01967629998398479,0.011611499998252839,0.0016347999917343259,0.3734806999855209
