percentage,execution,ar_r_sub,k_s_sup,ks_sf_in,n_r_t,nk_k_sup,nrs_ns_r,ns_s_spe,ns_s_sup,ns_sub_r,r_ar_sup,s_k_sub,s_ns_sub,s_nsup_k,sub_r_r,t_k_sup,total_time
70,2,0.017017799895256758,0.00752510002348572,0.003012400004081428,2.550007775425911e-05,0.021932000061497092,0.0010132999159395695,0.012703800108283758,0.0002861001994460821,0.0003085000207647681,0.028376800008118153,0.0802144999615848,0.11853980005253106,0.013905600062571466,0.0005315000889822841,0.054411500110290945,0.35980420059058815
