percentage,execution,k_s_sup,s_k_sub,t_k_sup,ns_s_sup,s_ns_sub,r_ar_sup,ar_r_sub,ns_sub_r,ks_sf_in,sub_r_r,n_r_t,ns_s_spe,nk_k_sup,s_nsup_k,nrs_ns_r,total_time
65,1,0.0042109000496566296,0.08414439996704459,0.054433600045740604,0.0002767998958006501,0.13541650003753603,0.02517089992761612,0.0331575000891462,3.2499898225069046e-05,0.003408099990338087,0.0013708998449146748,2.3499946109950542e-05,0.012488999986089766,0.02126700000371784,0.013483999879099429,0.00020350003615021706,0.38908909959718585
