percentage,execution,k_s_sup,s_k_sub,t_k_sup,ns_s_sup,s_ns_sub,r_ar_sup,ar_r_sub,ns_sub_r,ks_sf_in,sub_r_r,n_r_t,ns_s_spe,nk_k_sup,s_nsup_k,nrs_ns_r,total_time
80,3,0.0021861998829990625,0.0568198001710698,0.03477670007850975,0.00022670009639114141,0.08066910004708916,0.019208800164051354,0.025915700127370656,2.659996971487999e-05,0.0028114999877288938,0.0018051000079140067,2.5399960577487946e-05,0.012770099914632738,0.03160720004234463,0.014472499955445528,0.0010383998742327094,0.2843598002800718
