percentage,execution,ar_r_sub,k_s_sup,ks_sf_in,n_r_t,nk_k_sup,nrs_ns_r,ns_s_spe,ns_s_sup,ns_sub_r,r_ar_sup,s_k_sub,s_ns_sub,s_nsup_k,sub_r_r,t_k_sup,total_time
50,10,0.016230900189839303,0.00010300008580088615,0.0017849999712780118,2.759997732937336e-05,0.020744899986311793,2.259993925690651e-05,0.006414500065147877,0.00016400020103901625,3.259989898651838e-05,0.01638209994416684,0.025467900093644857,0.0527803999138996,0.009456100058741868,0.0007775000995025039,0.006556399865075946,0.1569455002900213
