percentage,execution,k_s_sup,s_k_sub,t_k_sup,ns_s_sup,s_ns_sub,r_ar_sup,ar_r_sub,ns_sub_r,ks_sf_in,sub_r_r,n_r_t,ns_s_spe,nk_k_sup,s_nsup_k,nrs_ns_r,total_time
75,1,0.005642200005240738,0.04157270002178848,0.032201599911786616,0.0001360001042485237,0.07529690000228584,0.01980300003197044,0.015809399890713394,0.0001501000951975584,0.0015447000041604042,0.0011057999217882752,1.179997343569994e-05,0.006221499992534518,0.00816199998371303,0.006886500050313771,0.00010389997623860836,0.2146480999654159
