percentage,execution,k_s_sup,s_k_sub,t_k_sup,ns_s_sup,s_ns_sub,r_ar_sup,ar_r_sub,ns_sub_r,ks_sf_in,sub_r_r,n_r_t,ns_s_spe,nk_k_sup,s_nsup_k,nrs_ns_r,total_time
80,5,0.006506899997475557,0.06517040000471752,0.04269029998977203,0.00031350000062957406,0.08601469999121036,0.03631890000542626,0.03389429998060223,0.0003167000104440376,0.0038789000100223348,0.0005773000011686236,2.549999044276774e-05,0.012840400013374165,0.037051900013466366,0.014090199998463504,0.0004454000008990988,0.3401353000081144
