percentage,execution,k_s_sup,s_k_sub,t_k_sup,ns_s_sup,s_ns_sub,r_ar_sup,ar_r_sub,ns_sub_r,ks_sf_in,sub_r_r,n_r_t,ns_s_spe,nk_k_sup,s_nsup_k,nrs_ns_r,total_time
90,3,0.0025285000447183847,0.04491409985348582,0.032957599963992834,0.00014130002819001675,0.060619099996984005,0.017051100032404065,0.019869399955496192,1.819990575313568e-05,0.002420000033453107,0.0014742000494152308,1.2599979527294636e-05,0.0065778999123722315,0.008285899995826185,0.007215499994345009,7.6000578701496124e-06,0.20409299980383366
