percentage,execution,k_s_sup,s_k_sub,t_k_sup,ns_s_sup,s_ns_sub,r_ar_sup,ar_r_sub,ns_sub_r,ks_sf_in,sub_r_r,n_r_t,ns_s_spe,nk_k_sup,s_nsup_k,nrs_ns_r,total_time
5,5,1.3799872249364853e-05,0.00014130002819001675,2.859998494386673e-05,2.1099927835166454e-05,0.00018039997667074203,1.4599994756281376e-05,0.0001382000045850873,1.2299977242946625e-05,1.1499971151351929e-05,3.570003900676966e-05,1.0899966582655907e-05,6.100046448409557e-06,0.0006447000196203589,0.0004597000079229474,1.7400016076862812e-05,0.0017362998332828283
