percentage,execution,k_s_sup,s_k_sub,t_k_sup,ns_s_sup,s_ns_sub,r_ar_sup,ar_r_sub,ns_sub_r,ks_sf_in,sub_r_r,n_r_t,ns_s_spe,nk_k_sup,s_nsup_k,nrs_ns_r,total_time
90,1,0.0037283001001924276,0.06503940001130104,0.04834619991015643,0.00020910007879137993,0.08022639981936663,0.026896800030954182,0.030361399985849857,2.6799971237778664e-05,0.0025459000607952476,0.0007145999697968364,2.519995905458927e-05,0.01269600004889071,0.016285200021229684,0.013947799918241799,0.0011657000286504626,0.30221479991450906
