percentage,execution,ar_r_sub,k_s_sup,ks_sf_in,n_r_t,nk_k_sup,nrs_ns_r,ns_s_spe,ns_s_sup,ns_sub_r,r_ar_sup,s_k_sub,s_ns_sub,s_nsup_k,sub_r_r,t_k_sup,total_time
40,10,0.05635130009613931,0.006603399873711169,0.0018196000019088387,2.510007470846176e-05,0.03164550010114908,0.0022760999854654074,0.01290210010483861,0.0002847999567165971,0.0003337998641654849,0.026388899888843298,0.0597948000067845,0.13959849998354912,0.012407399946823716,0.0046626998810097575,0.03766540007200092,0.39275939983781427
