percentage,execution,ar_r_sub,k_s_sup,ks_sf_in,n_r_t,nk_k_sup,nrs_ns_r,ns_s_spe,ns_s_sup,ns_sub_r,r_ar_sup,s_k_sub,s_ns_sub,s_nsup_k,sub_r_r,t_k_sup,total_time
80,5,0.040280899964272976,0.004677500110119581,0.004478000104427338,2.8999987989664078e-05,0.02280039992183447,1.659989356994629e-05,0.013587099965661764,0.0003144005313515663,3.640027716755867e-05,0.03361689951270819,0.08809969993308187,0.11944079957902431,0.015124399680644274,0.003258099313825369,0.059131099842488766,0.40489129861816764
