percentage,execution,ar_r_sub,k_s_sup,ks_sf_in,n_r_t,nk_k_sup,nrs_ns_r,ns_s_spe,ns_s_sup,ns_sub_r,r_ar_sup,s_k_sub,s_ns_sub,s_nsup_k,sub_r_r,t_k_sup,total_time
50,4,0.035002699587494135,0.007749100215733051,0.0022676996886730194,2.5900546461343765e-05,0.022252399940043688,0.00042849965393543243,0.006744599435478449,0.00017550028860569,0.0003327997401356697,0.0270732999779284,0.08798150019720197,0.15325260069221258,0.014239999931305647,0.0023857997730374336,0.057796099688857794,0.4177084993571043
