percentage,execution,ar_r_sub,k_s_sup,ks_sf_in,n_r_t,nk_k_sup,nrs_ns_r,ns_s_spe,ns_s_sup,ns_sub_r,r_ar_sup,s_k_sub,s_ns_sub,s_nsup_k,sub_r_r,t_k_sup,total_time
20,9,0.025956599973142147,0.006402300205081701,0.0013172002509236336,2.5000423192977905e-05,0.026081899646669626,2.3500528186559677e-05,0.006749600172042847,0.0001713004894554615,0.0003214995376765728,0.01837549963966012,0.04429699992761016,0.12086380086839199,0.00898500019684434,0.004474100191146135,0.03813730040565133,0.3021816024556756
