percentage,execution,k_s_sup,s_k_sub,t_k_sup,ns_s_sup,s_ns_sub,r_ar_sup,ar_r_sub,ns_sub_r,ks_sf_in,sub_r_r,n_r_t,ns_s_spe,nk_k_sup,s_nsup_k,nrs_ns_r,total_time
25,3,0.003576100105419755,0.04688860021997243,0.03878699988126755,0.000279300264082849,0.15877619991078973,0.027719700010493398,0.01389139995444566,3.250001464039087e-05,0.0009998002788051963,7.739989086985588e-05,2.389994915574789e-05,0.013205600087530911,0.03261539991945028,0.009949099970981479,0.0011862000683322549,0.3480082005262375
