percentage,execution,ar_r_sub,k_s_sup,ks_sf_in,n_r_t,nk_k_sup,nrs_ns_r,ns_s_spe,ns_s_sup,ns_sub_r,r_ar_sup,s_k_sub,s_ns_sub,s_nsup_k,sub_r_r,t_k_sup,total_time
50,3,0.005930499639362097,0.004447499755769968,0.0014270995743572712,2.4800654500722885e-05,0.022850600071251392,2.059992402791977e-05,0.006712800357490778,0.00017120083793997765,3.319932147860527e-05,0.03355640033259988,0.08429110003635287,0.1581456996500492,0.014648799784481525,0.0006069997325539589,0.05957840057089925,0.3924457002431154
