percentage,execution,k_s_sup,s_k_sub,t_k_sup,ns_s_sup,s_ns_sub,r_ar_sup,ar_r_sub,ns_sub_r,ks_sf_in,sub_r_r,n_r_t,ns_s_spe,nk_k_sup,s_nsup_k,nrs_ns_r,total_time
60,7,0.0034828999923774973,0.07655090000480413,0.04976070001430344,0.00034090002009179443,0.13327819998085033,0.027680899991537444,0.0328836999979103,3.430001379456371e-05,0.002555800005211495,0.0011723999923560768,2.5100016500800848e-05,0.012780900011421181,0.03089739999268204,0.01374549999309238,0.002320299987331964,0.38750990001426544
