percentage,execution,k_s_sup,s_k_sub,t_k_sup,ns_s_sup,s_ns_sub,r_ar_sup,ar_r_sub,ns_sub_r,ks_sf_in,sub_r_r,n_r_t,ns_s_spe,nk_k_sup,s_nsup_k,nrs_ns_r,total_time
85,3,0.003952599945478141,0.06554270000196993,0.05141200008802116,0.0002400000812485814,0.0887207998894155,0.02380090008955449,0.026015099952928722,3.090000245720148e-05,0.0033647000091150403,0.0017935000360012054,2.8199981898069382e-05,0.013512799981981516,0.017131500062532723,0.015389200067147613,0.0012172999558970332,0.31215220014564693
