percentage,execution,ar_r_sub,k_s_sup,ks_sf_in,n_r_t,nk_k_sup,nrs_ns_r,ns_s_spe,ns_s_sup,ns_sub_r,r_ar_sup,s_k_sub,s_ns_sub,s_nsup_k,sub_r_r,t_k_sup,total_time
50,8,0.04349199961870909,0.007532899733632803,0.001533700618892908,2.3599714040756226e-05,0.017859699670225382,0.0012907995842397213,0.013971600215882063,0.0002222997136414051,0.000295800156891346,0.02383549977093935,0.07126930030062795,0.15316860005259514,0.015787499956786633,0.00497830007225275,0.05481910053640604,0.41008069971576333
