percentage,execution,k_s_sup,s_k_sub,t_k_sup,ns_s_sup,s_ns_sub,r_ar_sup,ar_r_sub,ns_sub_r,ks_sf_in,sub_r_r,n_r_t,ns_s_spe,nk_k_sup,s_nsup_k,nrs_ns_r,total_time
30,1,0.002484300173819065,0.04232619993854314,0.03293399990070611,0.00027310021687299013,0.13696100004017353,0.01745360007043928,0.0200901998905465,3.23000131174922e-05,0.0008355999598279595,0.002267100033350289,2.3499946109950542e-05,0.012789100059308112,0.04179709986783564,0.010004900046624243,0.00011349993292242289,0.32038550009019673
