percentage,execution,ar_r_sub,k_s_sup,ks_sf_in,n_r_t,nk_k_sup,nrs_ns_r,ns_s_spe,ns_s_sup,ns_sub_r,r_ar_sup,s_k_sub,s_ns_sub,s_nsup_k,sub_r_r,t_k_sup,total_time
10,3,0.04130559996701777,0.005504800123162568,0.0005188999930396676,2.289994154125452e-05,0.027437700075097382,0.001738899969495833,0.006280999863520265,0.0001902001677080989,0.00029859994538128376,0.004264800110831857,0.04346239997539669,0.1336286999285221,0.008188899955712259,0.0019792000530287623,0.02613580017350614,0.30095840024296194
