percentage,execution,ar_r_sub,k_s_sup,ks_sf_in,n_r_t,nk_k_sup,nrs_ns_r,ns_s_spe,ns_s_sup,ns_sub_r,r_ar_sup,s_k_sub,s_ns_sub,s_nsup_k,sub_r_r,t_k_sup,total_time
60,3,0.0002490999995643506,0.004055800000060117,9.800000043469481e-06,6.000000212225132e-06,0.000908299999537121,5.699999746866524e-06,0.0006450000000768341,7.330000062211184e-05,1.5999994502635673e-06,0.0027494000005390262,0.0003136000004815287,0.0003091000007771072,0.000645299999632698,1.1799999811046291e-05,9.669999963080045e-05,0.010080500000185566
