percentage,execution,ar_r_sub,k_s_sup,ks_sf_in,n_r_t,nk_k_sup,nrs_ns_r,ns_s_spe,ns_s_sup,ns_sub_r,r_ar_sup,s_k_sub,s_ns_sub,s_nsup_k,sub_r_r,t_k_sup,total_time
60,8,0.00024230000053648837,1.0200000360782724e-05,9.700000191514846e-06,5.599999894911889e-06,0.0008421999991696794,5.699999746866524e-06,0.0006727999998474843,7.129999994504033e-05,1.8000000636675395e-06,7.139999979699496e-05,0.0002506000000721542,0.00027289999979984714,0.0005900999994992162,1.1099999937869143e-05,9.700000191514846e-06,0.0030673999990540324
