percentage,execution,ar_r_sub,k_s_sup,ks_sf_in,n_r_t,nk_k_sup,nrs_ns_r,ns_s_spe,ns_s_sup,ns_sub_r,r_ar_sup,s_k_sub,s_ns_sub,s_nsup_k,sub_r_r,t_k_sup,total_time
60,9,0.00019329999940964626,0.0008653000004414935,9.800000043469481e-06,6.000000212225132e-06,0.00089159999970434,5.699999746866524e-06,0.0006287999995038263,7.569999979750719e-05,1.7999991541728377e-06,0.0008711999998922693,0.003019200000380806,0.009107599999879312,0.0007474000003639958,1.160000010713702e-05,0.006418099998882099,0.022853099997519166
