percentage,execution,ar_r_sub,k_s_sup,ks_sf_in,n_r_t,nk_k_sup,nrs_ns_r,ns_s_spe,ns_s_sup,ns_sub_r,r_ar_sup,s_k_sub,s_ns_sub,s_nsup_k,sub_r_r,t_k_sup,total_time
60,10,0.0001356999991912744,0.001771799999914947,9.899999895424116e-06,5.9000003602704965e-06,0.0007284000002982793,5.599999894911889e-06,0.0006037000002834247,7.710000045335619e-05,1.999998858082108e-06,0.001673399999162939,0.003024899999218178,0.009143300000687304,0.0006350000003294554,1.1499999345687684e-05,0.006495499999800813,0.024323699997694348
