percentage,execution,ar_r_sub,k_s_sup,ks_sf_in,n_r_t,nk_k_sup,nrs_ns_r,ns_s_spe,ns_s_sup,ns_sub_r,r_ar_sup,s_k_sub,s_ns_sub,s_nsup_k,sub_r_r,t_k_sup,total_time
80,10,0.001725199998872995,1.0200000360782724e-05,9.800000043469481e-06,5.7999995988211595e-06,0.00045399999999062857,5.200000487093348e-06,0.0009079000001293025,0.00013179999950807542,1.6999993022182025e-06,7.450000066455686e-05,0.000138800000968331,0.00013409999974101083,0.0003259999994043028,1.1199999789823778e-05,1.1099999937869143e-05,0.003947299998799281
