percentage,execution,ar_r_sub,k_s_sup,ks_sf_in,n_r_t,nk_k_sup,nrs_ns_r,ns_s_spe,ns_s_sup,ns_sub_r,r_ar_sup,s_k_sub,s_ns_sub,s_nsup_k,sub_r_r,t_k_sup,total_time
80,10,0.00025099999947997276,0.0009437999997317092,1.0000000656873453e-05,5.9000003602704965e-06,0.0008987000001070555,5.700000656361226e-06,0.0006346000000121421,8.029999935388332e-05,1.8999999156221747e-06,0.0008795999992798897,0.0029708000001846813,0.006002300000545802,0.000745199999983015,1.160000010713702e-05,0.006451799999922514,0.01989320000029693
