percentage,execution,ar_r_sub,k_s_sup,ks_sf_in,n_r_t,nk_k_sup,nrs_ns_r,ns_s_spe,ns_s_sup,ns_sub_r,r_ar_sup,s_k_sub,s_ns_sub,s_nsup_k,sub_r_r,t_k_sup,total_time
60,3,0.022991000001638895,0.00014760000067326473,1.4199998986441642e-05,1.2200001037854236e-05,0.0019623999987743446,0.00042839999969146447,0.011675499999910244,0.0013131000005159876,1.649999921937706e-05,0.0001756999999997788,0.003227199998946162,0.009158300000308373,0.0017877999998745508,1.8199999431089964e-05,0.009025199999996403,0.06195329999900423
