percentage,execution,ar_r_sub,k_s_sup,ks_sf_in,n_r_t,nk_k_sup,nrs_ns_r,ns_s_spe,ns_s_sup,ns_sub_r,r_ar_sup,s_k_sub,s_ns_sub,s_nsup_k,sub_r_r,t_k_sup,total_time
60,6,0.007613800000399351,0.0002161999991585617,1.959999917744426e-05,1.1899999663000926e-05,0.0015626000003976515,0.00019249999968451448,0.011777200000324228,0.004284599999664351,0.0002641000000949134,0.00020430000131455017,0.004464899999220506,0.009176199999274104,0.0014280999994298327,2.530000074330019e-05,0.013747500000135915,0.054988799998682225
