percentage,execution,ar_r_sub,k_s_sup,ks_sf_in,n_r_t,nk_k_sup,nrs_ns_r,ns_s_spe,ns_s_sup,ns_sub_r,r_ar_sup,s_k_sub,s_ns_sub,s_nsup_k,sub_r_r,t_k_sup,total_time
60,2,0.005793899999844143,0.0001353999996354105,1.2599999536178075e-05,5.9000003602704965e-06,0.000888900000063586,0.00010199999996984843,0.0012840999997933977,0.003316199999062519,0.00013610000041808235,0.0001283999999941443,0.0030677999993713456,0.009014600000227802,0.0007968999998411164,1.2400000741763506e-05,0.009079599999495258,0.033774799998354865
