percentage,execution,ar_r_sub,k_s_sup,ks_sf_in,n_r_t,nk_k_sup,nrs_ns_r,ns_s_spe,ns_s_sup,ns_sub_r,r_ar_sup,s_k_sub,s_ns_sub,s_nsup_k,sub_r_r,t_k_sup,total_time
60,8,0.026382000000921835,0.0002085999985865783,1.9299999621580355e-05,1.1899999663000926e-05,0.0015592999998261803,0.00029229999927338213,0.011642399998891051,0.0017126999991887715,2.1899999410379678e-05,0.00020250000034138793,0.004522000000179105,0.012028800000734918,0.0014031000009708805,2.4200000552809797e-05,0.013410699999440112,0.07344169999760197
