percentage,execution,ar_r_sub,k_s_sup,ks_sf_in,n_r_t,nk_k_sup,nrs_ns_r,ns_s_spe,ns_s_sup,ns_sub_r,r_ar_sup,s_k_sub,s_ns_sub,s_nsup_k,sub_r_r,t_k_sup,total_time
40,1,0.0031270999998014304,0.00021050000032118987,1.880000036180718e-05,1.2100000276404899e-05,0.0108382000007623,1.1899999663000926e-05,0.0027370999996492174,0.004303699999582022,0.00026979999984177994,0.00020649999987654155,0.0046639000001960085,0.010906500000601227,0.0014917999997123843,2.5600000299164094e-05,0.014087499999732245,0.05291100000067672
