percentage,execution,ar_r_sub,k_s_sup,ks_sf_in,n_r_t,nk_k_sup,nrs_ns_r,ns_s_spe,ns_s_sup,ns_sub_r,r_ar_sup,s_k_sub,s_ns_sub,s_nsup_k,sub_r_r,t_k_sup,total_time
20,7,0.00014170000122248894,0.00021410000044852495,1.8200000340584666e-05,1.2100000276404899e-05,0.010779000000184169,1.1999999514955562e-05,8.800000614428427e-06,1.920000067912042e-05,1.8699999600357842e-05,0.00020980000044801272,0.004741400000057183,0.013800200000332552,0.0014172999999573221,2.4200000552809797e-05,0.013900900000408,0.045317600004636915
