percentage,execution,ar_r_sub,k_s_sup,ks_sf_in,n_r_t,nk_k_sup,nrs_ns_r,ns_s_spe,ns_s_sup,ns_sub_r,r_ar_sup,s_k_sub,s_ns_sub,s_nsup_k,sub_r_r,t_k_sup,total_time
40,8,0.019574200000533892,0.00013529999978345586,9.700000191514846e-06,5.600000804406591e-06,0.0009064000005309936,0.00038860000040585874,0.0026726000005510286,0.004487300000619143,0.00015019999864307465,0.00012850000075559365,0.0032272999987981166,0.015181899999333837,0.0008013999995455379,1.2900000001536682e-05,0.00903550000020914,0.05671740000070713
