percentage,execution,ar_r_sub,k_s_sup,ks_sf_in,n_r_t,nk_k_sup,nrs_ns_r,ns_s_spe,ns_s_sup,ns_sub_r,r_ar_sup,s_k_sub,s_ns_sub,s_nsup_k,sub_r_r,t_k_sup,total_time
40,7,0.003138700000818062,0.00023020000026008347,1.9099999917671084e-05,1.1800000720540993e-05,0.010577500000181317,1.1499999345687684e-05,0.0026201999999102554,0.004239200001393328,0.0002674999996088445,0.00019999999949504854,0.0045601999991049524,0.010749600000963255,0.0014019000000189408,2.5600000299164094e-05,0.01371359999939159,0.05176660000142874
