execution,ar_r_sub,k_s_sup,ks_sf_in,n_r_t,nk_k_sup,nrs_ns_r,ns_s_spe,ns_s_sup,ns_sub_r,r_ar_sup,s_k_sub,s_ns_sub,s_nsup_k,sub_r_r,t_k_sup,total_time
1,1.2999866157770157e-05,0.0004639006219804287,1.29002146422863e-05,9.499955922365189e-06,1.0299962013959885e-05,8.599832653999329e-06,0.010190499946475029,0.00011600041761994362,1.3699755072593689e-05,0.0005186996422708035,4.690047353506088e-05,4.539964720606804e-05,9.200070053339005e-06,1.4100223779678345e-05,5.3600408136844635e-05,0.01152630103752017
2,7.54999928176403e-05,9.09995287656784e-06,9.09995287656784e-06,4.800036549568176e-06,4.90015372633934e-06,4.400033503770828e-06,0.000515699852257967,0.0042754001915454865,0.00013959966599941254,9.200070053339005e-06,8.299946784973145e-06,9.80030745267868e-06,4.299916326999664e-06,1.019984483718872e-05,8.999835699796677e-06,0.005089299753308296
