execution,ar_r_sub,k_s_sup,ks_sf_in,n_r_t,nk_k_sup,nrs_ns_r,ns_s_spe,ns_s_sup,ns_sub_r,r_ar_sup,s_k_sub,s_ns_sub,s_nsup_k,sub_r_r,t_k_sup,total_time
1,1.4499993994832039e-05,0.0005906999576836824,1.4299992471933365e-05,1.119985245168209e-05,1.1899974197149277e-05,9.7999582067132e-06,0.01229750004131347,0.00013489997945725918,1.6100122593343258e-05,0.0006087999790906906,5.689996760338545e-05,5.579995922744274e-05,1.0299962013959885e-05,1.6900012269616127e-05,6.340001709759235e-05,0.013912999769672751
2,1.0100076906383038e-05,9.599956683814526e-06,1.0600080713629723e-05,5.300040356814861e-06,5.200039595365524e-06,4.599918611347675e-06,0.0006071000825613737,0.00472490000538528,0.003300500102341175,0.003217000048607588,9.199953638017178e-06,1.00000761449337e-05,4.900037311017513e-06,1.0999967344105244e-05,9.999843314290047e-06,0.011940000229515135
