execution,k_s_sup,s_k_sub,t_k_sup,ns_s_sup,s_ns_sub,r_ar_sup,ar_r_sub,ns_sub_r,ks_sf_in,sub_r_r,n_r_t,ns_s_spe,nk_k_sup,s_nsup_k,nrs_ns_r,total_time
1,9.300070814788342e-06,7.960002403706312e-05,9.200070053339005e-06,8.79995059221983e-06,7.220008410513401e-05,0.0023036999627947807,9.400071576237679e-06,1.800013706088066e-06,9.200070053339005e-06,1.1200085282325745e-05,5.400041118264198e-06,4.400033503770828e-06,0.00019719998817890882,0.00012250000145286322,5.600042641162872e-06,0.0028495005099102855
2,9.699957445263863e-06,7.550010923296213e-05,9.09995287656784e-06,8.600065484642982e-06,7.299997378140688e-05,0.0022184000117704272,9.899958968162537e-06,1.600012183189392e-06,9.00006853044033e-06,1.109996810555458e-05,5.200039595365524e-06,4.299916326999664e-06,0.00019010005053132772,0.00012149999383836985,5.799927748739719e-06,0.0027528000064194202
3,9.499839507043362e-06,7.610011380165815e-05,9.499839507043362e-06,8.600065484642982e-06,7.319985888898373e-05,0.0022169998846948147,9.500072337687016e-06,1.700012944638729e-06,8.900067768990993e-06,1.0599964298307896e-05,5.500041879713535e-06,7.1999384090304375e-06,0.00021899992134422064,0.00012830004561692476,5.799927748739719e-06,0.00279039959423244
4,7.749989163130522e-05,0.003929400001652539,0.004450600012205541,9.70007386058569e-06,0.01944429997820407,7.71000050008297e-05,1.109996810555458e-05,1.9000144675374031e-06,9.299954399466515e-06,1.1300086043775082e-05,5.100038833916187e-06,4.699919372797012e-06,0.0007107000565156341,0.0005663000047206879,6.100046448409557e-06,0.02931510005146265
5,9.300070814788342e-06,7.589987944811583e-05,9.200070053339005e-06,8.599949069321156e-06,7.320009171962738e-05,0.002248300123028457,9.800074622035027e-06,1.600012183189392e-06,8.899951353669167e-06,1.1199968867003918e-05,5.299923941493034e-06,4.300032742321491e-06,0.0001889999257400632,0.00012610002886503935,5.599926225841045e-06,0.0027863000286743045
6,9.299954399466515e-06,7.489998824894428e-05,8.999952115118504e-06,8.399947546422482e-06,7.470010314136744e-05,0.002225400065071881,9.499839507043362e-06,1.500011421740055e-06,8.70006624609232e-06,1.3799872249364853e-05,5.600042641162872e-06,4.200031980872154e-06,0.00020250002853572369,0.00012169999536126852,5.599926225841045e-06,0.002774799824692309
