execution,k_s_sup,s_k_sub,t_k_sup,ns_s_sup,s_ns_sub,r_ar_sup,ar_r_sub,ns_sub_r,ks_sf_in,sub_r_r,n_r_t,ns_s_spe,nk_k_sup,s_nsup_k,nrs_ns_r,total_time
1,9.600014891475439e-06,8.289999095723033e-05,9.399955160915852e-06,8.600065484642982e-06,7.54999928176403e-05,0.0024660000926814973,9.800016414374113e-06,2.300017513334751e-06,9.199953638017178e-06,1.0700023267418146e-05,5.099980626255274e-06,4.399975296109915e-06,0.00020140002015978098,0.00013319996651262045,5.199981387704611e-06,0.0030333000468090177
2,8.099991828203201e-05,0.002047999994829297,0.002048299997113645,9.400013368576765e-06,0.008325400005560368,7.940002251416445e-05,9.000010322779417e-06,2.100015990436077e-06,9.599956683814526e-06,1.0399962775409222e-05,4.8999791033566e-06,4.499976057559252e-06,0.0003024999750778079,0.0002462000120431185,5.499983672052622e-06,0.013186199823394418
3,9.300012607127428e-06,7.84999574534595e-05,8.800067007541656e-06,2.2000051103532314e-05,8.839997462928295e-05,0.0024927000049501657,9.699957445263863e-06,1.9000144675374031e-06,9.399955160915852e-06,1.0599964298307896e-05,5.599984433501959e-06,4.599976819008589e-06,0.00020650000078603625,0.00013109995052218437,5.499983672052622e-06,0.0030845998553559184
