execution,k_s_sup,s_k_sub,t_k_sup,ns_s_sup,s_ns_sub,r_ar_sup,ar_r_sub,ns_sub_r,ks_sf_in,sub_r_r,n_r_t,ns_s_spe,nk_k_sup,s_nsup_k,nrs_ns_r,total_time
1,1.0499963536858559e-05,9.139999747276306e-05,1.0800024028867483e-05,9.800016414374113e-06,0.00012320000678300858,0.0028646999853663146,1.1599971912801266e-05,2.200016751885414e-06,1.1399970389902592e-05,1.179997343569994e-05,5.800044164061546e-06,5.300040356814861e-06,0.00023819995112717152,0.00015430001076310873,5.999987479299307e-06,0.0035569999599829316
2,1.0999967344105244e-05,9.679998038336635e-05,1.1300027836114168e-05,9.90001717582345e-06,8.899997919797897e-05,0.0031482999911531806,1.160003012046218e-05,2.200016751885414e-06,1.090002479031682e-05,1.2499978765845299e-05,6.100046448409557e-06,5.200039595365524e-06,0.00024209998082369566,0.00017529999604448676,6.199989002197981e-06,0.003838400065433234
3,9.6399977337569e-05,0.002142300014384091,0.002301399945281446,1.0600080713629723e-05,0.010384999972302467,9.519996820017695e-05,1.0400079190731049e-05,2.300017513334751e-06,1.0399962775409222e-05,1.2500036973506212e-05,5.89998671784997e-06,8.899951353669167e-06,0.0003507999936118722,0.0002878000377677381,6.099988240748644e-06,0.01572600001236424
