percentage,execution,ar_r_sub,k_s_sup,ks_sf_in,n_r_t,nk_k_sup,nrs_ns_r,ns_s_spe,ns_s_sup,ns_sub_r,r_ar_sup,s_k_sub,s_ns_sub,s_nsup_k,sub_r_r,t_k_sup,total_time
10,2,0.0001640998525545001,0.01395479985512793,2.7199857868254185e-05,2.1900050342082977e-05,0.015761599992401898,2.6900088414549828e-05,0.03514220006763935,0.010681799845770001,0.0009316001087427139,0.020600399933755398,0.012789299944415689,0.057013200130313635,0.003077999921515584,7.470010314136744e-05,0.024756999919191003,0.19502469967119396
