percentage,execution,ar_r_sub,k_s_sup,ks_sf_in,n_r_t,nk_k_sup,nrs_ns_r,ns_s_spe,ns_s_sup,ns_sub_r,r_ar_sup,s_k_sub,s_ns_sub,s_nsup_k,sub_r_r,t_k_sup,total_time
80,4,0.0010853999992832541,0.032015599999795086,0.0013513000003513298,2.3399999918183312e-05,0.020032800000080897,1.630000042496249e-05,0.08261549999951967,0.025028600000950973,0.0030707000005349983,0.07235339999988355,0.017271499998969375,0.029356099999858998,0.007459999999809952,5.919999966863543e-05,0.045742799999970885,0.33748259999902075
