percentage,execution,ar_r_sub,k_s_sup,ks_sf_in,n_r_t,nk_k_sup,nrs_ns_r,ns_s_spe,ns_s_sup,ns_sub_r,r_ar_sup,s_k_sub,s_ns_sub,s_nsup_k,sub_r_r,t_k_sup,total_time
40,8,0.0006496001733466983,0.016756400000303984,0.000506300013512373,2.3399945348501205e-05,0.02557560009881854,2.110004425048828e-05,0.060436800005845726,0.021026199916377664,0.0003597999457269907,0.048412800184451044,0.023689800058491528,0.06402240006718785,0.007056299946270883,9.290012530982494e-05,0.05935700028203428,0.32798640080727637
