percentage,execution,k_s_sup,s_k_sub,t_k_sup,ns_s_sup,s_ns_sub,r_ar_sup,ar_r_sub,ns_sub_r,ks_sf_in,sub_r_r,n_r_t,ns_s_spe,nk_k_sup,s_nsup_k,nrs_ns_r,total_time
30,4,0.025395700009539723,0.02197599981445819,0.058202900108881295,0.01800119993276894,0.059483899967744946,0.05637829995248467,0.0006797000532969832,0.0013093999586999416,0.001025900011882186,7.720012217760086e-05,4.12999652326107e-05,0.046219300013035536,0.01852040004450828,0.006632399861700833,2.300017513334751e-05,0.3139665999915451
