percentage,execution,k_s_sup,s_k_sub,t_k_sup,ns_s_sup,s_ns_sub,r_ar_sup,ar_r_sub,ns_sub_r,ks_sf_in,sub_r_r,n_r_t,ns_s_spe,nk_k_sup,s_nsup_k,nrs_ns_r,total_time
85,1,0.03479959990363568,0.02456670009996742,0.06662179995328188,0.0415928999427706,0.04356710007414222,0.09697770013008267,0.0015255999751389027,3.660004585981369e-05,0.0014795998577028513,9.459990542382002e-05,2.3399945348501205e-05,0.09806660003960133,0.02059419988654554,0.007560500060208142,1.6200006939470768e-05,0.43752309982664883
