percentage,execution,k_s_sup,s_k_sub,t_k_sup,ns_s_sup,s_ns_sub,r_ar_sup,ar_r_sub,ns_sub_r,ks_sf_in,sub_r_r,n_r_t,ns_s_spe,nk_k_sup,s_nsup_k,nrs_ns_r,total_time
60,6,0.02549699999508448,0.024411300008068793,0.06042619999789167,0.02766769999288954,0.04965339999762364,0.07456039999669883,0.0012934999831486493,0.00040770000487100333,0.0019419999880483374,7.759999425616115e-05,2.3999993572942913e-05,0.07515459999558516,0.026387999998405576,0.00757180001528468,2.020000829361379e-05,0.3750953999697231
