percentage,execution,ar_r_sub,k_s_sup,ks_sf_in,n_r_t,nk_k_sup,nrs_ns_r,ns_s_spe,ns_s_sup,ns_sub_r,r_ar_sup,s_k_sub,s_ns_sub,s_nsup_k,sub_r_r,t_k_sup,total_time
20,6,0.0002836999483406544,0.013414200046099722,0.0004854999715462327,2.1799933165311813e-05,0.011771799996495247,2.2900057956576347e-05,0.03246540005784482,0.009377500042319298,0.0008598001440986991,0.03312739997636527,0.0177657000022009,0.06051520013716072,0.0050672999350354075,7.619999814778566e-05,0.03493780014105141,0.22019220038782805
