percentage,execution,ar_r_sub,k_s_sup,ks_sf_in,n_r_t,nk_k_sup,nrs_ns_r,ns_s_spe,ns_s_sup,ns_sub_r,r_ar_sup,s_k_sub,s_ns_sub,s_nsup_k,sub_r_r,t_k_sup,total_time
10,2,0.00030669989064335823,0.011652699671685696,0.0010180999524891376,2.5099609047174454e-05,0.02051210030913353,2.7199741452932358e-05,0.014030700083822012,0.0018225000239908695,0.0007409993559122086,0.02519600046798587,0.013001700397580862,0.05484840041026473,0.003938599955290556,7.860036566853523e-05,0.025418899953365326,0.1726183001883328
