percentage,execution,k_s_sup,s_k_sub,t_k_sup,ns_s_sup,s_ns_sub,r_ar_sup,ar_r_sub,ns_sub_r,ks_sf_in,sub_r_r,n_r_t,ns_s_spe,nk_k_sup,s_nsup_k,nrs_ns_r,total_time
40,10,0.032959100004518405,0.016798700016806833,0.03959920001216233,0.020795399977941997,0.04693690000567585,0.04829139998764731,0.0009883000166155398,0.0038314000121317804,0.0019299000123282894,7.699998968746513e-05,2.3600005079060793e-05,0.05942960000538733,0.027519699986441992,0.0053884999942965806,2.139998832717538e-05,0.30459010001504794
