percentage,execution,ar_r_sub,k_s_sup,ks_sf_in,n_r_t,nk_k_sup,nrs_ns_r,ns_s_spe,ns_s_sup,ns_sub_r,r_ar_sup,s_k_sub,s_ns_sub,s_nsup_k,sub_r_r,t_k_sup,total_time
60,1,0.0013627000153064728,0.03454750031232834,0.0018257000483572483,2.329982817173004e-05,0.02030619978904724,1.950003206729889e-05,0.08247430017217994,0.031493800692260265,0.0009769001044332981,0.08318550046533346,0.024191499687731266,0.05016930028796196,0.007240999955683947,7.910002022981644e-05,0.06672589993104339,0.40462220134213567
