percentage,execution,k_s_sup,s_k_sub,t_k_sup,ns_s_sup,s_ns_sub,r_ar_sup,ar_r_sub,ns_sub_r,ks_sf_in,sub_r_r,n_r_t,ns_s_spe,nk_k_sup,s_nsup_k,nrs_ns_r,total_time
25,5,0.022459099884144962,0.014781200094148517,0.03213720000348985,0.014645899995230138,0.053334200056269765,0.04547650006134063,0.000671899993903935,0.0009555999422445893,0.0009889999637380242,9.299989324063063e-05,2.22999369725585e-05,0.04713019996415824,0.028179800021462142,0.004677799995988607,2.3099943064153194e-05,0.26557679974939674
