percentage,execution,k_s_sup,s_k_sub,t_k_sup,ns_s_sup,s_ns_sub,r_ar_sup,ar_r_sub,ns_sub_r,ks_sf_in,sub_r_r,n_r_t,ns_s_spe,nk_k_sup,s_nsup_k,nrs_ns_r,total_time
80,8,0.035485300002619624,0.0251021000003675,0.06509730000107083,0.03826509999635164,0.04338319999806117,0.0946206000080565,0.0014576999965356663,3.71999922208488e-05,0.0014479000237770379,7.619999814778566e-05,2.4600012693554163e-05,0.09341519999725278,0.013975800000480376,0.007216800004243851,1.7399986973032355e-05,0.4196224000188522
