percentage,execution,k_s_sup,s_k_sub,t_k_sup,ns_s_sup,s_ns_sub,r_ar_sup,ar_r_sub,ns_sub_r,ks_sf_in,sub_r_r,n_r_t,ns_s_spe,nk_k_sup,s_nsup_k,nrs_ns_r,total_time
80,5,0.02660059987101704,0.02142720005940646,0.05691869999282062,0.041259000077843666,0.02842889993917197,0.09587680001277477,0.0016129999421536922,0.00048750010319054127,0.0017706999788060784,7.489987183362246e-05,2.2699940018355846e-05,0.09733959997538477,0.019917999976314604,0.007384399999864399,1.6100122593343258e-05,0.39913809986319393
