percentage,execution,k_s_sup,s_k_sub,t_k_sup,ns_s_sup,s_ns_sub,r_ar_sup,ar_r_sub,ns_sub_r,ks_sf_in,sub_r_r,n_r_t,ns_s_spe,nk_k_sup,s_nsup_k,nrs_ns_r,total_time
50,4,0.026038600015453994,0.017860399995697662,0.04652439999335911,0.024426199990557507,0.04791450001357589,0.06473079998977482,0.0011371000146027654,0.0006046999915270135,0.0018003000150201842,7.559997902717441e-05,2.7700007194653153e-05,0.06475980000686832,0.029812499997206032,0.006012700017890893,1.9100014469586313e-05,0.3317444000422256
