percentage,execution,k_s_sup,s_k_sub,t_k_sup,ns_s_sup,s_ns_sub,r_ar_sup,ar_r_sub,ns_sub_r,ks_sf_in,sub_r_r,n_r_t,ns_s_spe,nk_k_sup,s_nsup_k,nrs_ns_r,total_time
60,7,0.031602599992766045,0.02342800000042189,0.052679200016427785,0.024591499983216636,0.050675499995122664,0.07285000001138542,0.0009952999971574172,0.002934000003733672,0.0009821999992709607,7.850000110920519e-05,2.3900007363408804e-05,0.0737066000001505,0.018962300004204735,0.0062009000102989376,1.920000067912042e-05,0.3597297000233084
