percentage,execution,ar_r_sub,k_s_sup,ks_sf_in,n_r_t,nk_k_sup,nrs_ns_r,ns_s_spe,ns_s_sup,ns_sub_r,r_ar_sup,s_k_sub,s_ns_sub,s_nsup_k,sub_r_r,t_k_sup,total_time
50,3,0.0009858999401330948,0.023111699614673853,0.0005093999207019806,2.2099819034337997e-05,0.020886499900370836,1.910049468278885e-05,0.07288009952753782,0.02561999950557947,0.0007138000801205635,0.06442459998652339,0.016644099727272987,0.0410279999487102,0.005101299844682217,7.309997454285622e-05,0.03878589952364564,0.31080559780821204
