percentage,execution,ar_r_sub,k_s_sup,ks_sf_in,n_r_t,nk_k_sup,nrs_ns_r,ns_s_spe,ns_s_sup,ns_sub_r,r_ar_sup,s_k_sub,s_ns_sub,s_nsup_k,sub_r_r,t_k_sup,total_time
60,7,1.9500000234984327e-05,8.55999996929313e-05,1.8199999431089964e-05,1.049999991664663e-05,0.007169599999542697,1.0400000064691994e-05,9.200000022246968e-06,1.8599999748403206e-05,1.889999839477241e-05,0.008038099999794213,0.004612400000041816,0.010766200000034587,0.001130199999352044,2.1600001673505176e-05,0.005203400000937108,0.03713239999888174
