percentage,execution,ar_r_sub,k_s_sup,ks_sf_in,n_r_t,nk_k_sup,nrs_ns_r,ns_s_spe,ns_s_sup,ns_sub_r,r_ar_sup,s_k_sub,s_ns_sub,s_nsup_k,sub_r_r,t_k_sup,total_time
60,2,0.001003399956971407,0.03125890006776899,0.0013785000192001462,2.2700056433677673e-05,0.025398500030860305,1.8600025214254856e-05,0.06596570007968694,0.024753800011239946,0.003205799963325262,0.0912116999970749,0.017387200030498207,0.0371868999209255,0.006659800070337951,8.059991523623466e-05,0.045700599905103445,0.35123270004987717
