percentage,execution,k_s_sup,s_k_sub,t_k_sup,ns_s_sup,s_ns_sub,r_ar_sup,ar_r_sub,ns_sub_r,ks_sf_in,sub_r_r,n_r_t,ns_s_spe,nk_k_sup,s_nsup_k,nrs_ns_r,total_time
40,1,0.0368512001587078,0.02018860005773604,0.056703299982473254,0.01855099992826581,0.06797229999210685,0.0658276000758633,0.0005280001787468791,0.0007003998616710305,0.0006504999473690987,7.970014121383429e-05,2.2900057956576347e-05,0.055017500068061054,0.02355589997023344,0.006113799987360835,2.1700048819184303e-05,0.352784400456585
