percentage,execution,k_s_sup,s_k_sub,t_k_sup,ns_s_sup,s_ns_sub,r_ar_sup,ar_r_sub,ns_sub_r,ks_sf_in,sub_r_r,n_r_t,ns_s_spe,nk_k_sup,s_nsup_k,nrs_ns_r,total_time
45,5,0.008208500104956329,0.019004400121048093,0.042663499945774674,0.029294799896888435,0.04835800000000745,0.07572609989438206,0.0008265998912975192,0.0003974999999627471,0.0005438999505713582,8.919998072087765e-05,2.5400076992809772e-05,0.0752911000745371,0.045096299960277975,0.0069775000447407365,3.070000093430281e-05,0.35253349994309247
