percentage,execution,ar_r_sub,k_s_sup,ks_sf_in,n_r_t,nk_k_sup,nrs_ns_r,ns_s_spe,ns_s_sup,ns_sub_r,r_ar_sup,s_k_sub,s_ns_sub,s_nsup_k,sub_r_r,t_k_sup,total_time
50,5,0.00064439931884408,0.03343299962580204,0.0010177004151046276,2.2800173610448837e-05,0.01998889958485961,2.0899809896945953e-05,0.053753099869936705,0.01693810010328889,0.0033693001605570316,0.08211220055818558,0.023030500393360853,0.05615170020610094,0.007006499916315079,9.75998118519783e-05,0.05883330013602972,0.3564200000837445
