percentage,execution,k_s_sup,s_k_sub,t_k_sup,ns_s_sup,s_ns_sub,r_ar_sup,ar_r_sub,ns_sub_r,ks_sf_in,sub_r_r,n_r_t,ns_s_spe,nk_k_sup,s_nsup_k,nrs_ns_r,total_time
10,4,0.01040820000343956,0.0055204000091180205,0.01169050000316929,0.015710099978605285,0.018111600002157502,0.015518499989411794,0.0002859999949578196,0.001181600004201755,0.0004946000117342919,7.669998740311712e-05,2.260001201648265e-05,0.0342499999969732,0.008390499991946854,0.0016050000122049823,2.5999994250014424e-05,0.12329229999158997
