execution,k_s_sup,s_k_sub,t_k_sup,ns_s_sup,s_ns_sub,r_ar_sup,ar_r_sub,ns_sub_r,ks_sf_in,sub_r_r,n_r_t,ns_s_spe,nk_k_sup,s_nsup_k,nrs_ns_r,total_time
1,5.0399801693856716e-05,0.0006443999009206891,0.0006214000750333071,1.3699871487915516e-05,0.0005480000982061028,4.970002919435501e-05,0.00011640007141977549,1.7999904230237007e-05,1.3500102795660496e-05,1.5299883671104908e-05,1.5900004655122757e-05,9.200070053339005e-06,0.011306499945931137,0.00030969991348683834,1.0300078429281712e-05,0.013742399751208723
2,8.690007962286472e-05,0.0011316001182422042,0.001150099909864366,9.899958968162537e-06,0.004759200033731759,8.709996473044157e-05,9.599956683814526e-06,9.999959729611874e-06,9.199953638017178e-06,1.389987301081419e-05,4.900037311017513e-06,4.600035026669502e-06,0.00017609994392842054,0.00013830000534653664,5.699926987290382e-06,0.00759709975682199
