percentage,execution,ar_r_sub,k_s_sup,ks_sf_in,n_r_t,nk_k_sup,nrs_ns_r,ns_s_spe,ns_s_sup,ns_sub_r,r_ar_sup,s_k_sub,s_ns_sub,s_nsup_k,sub_r_r,t_k_sup,total_time
90,3,1.1999625712633133e-05,1.0999850928783417e-05,1.019984483718872e-05,6.5998174250125885e-06,0.0033868001773953438,5.600042641162872e-06,5.200039595365524e-06,1.00000761449337e-05,1.700129359960556e-06,0.029913200065493584,0.024066699668765068,0.027940399944782257,0.002611299976706505,1.400010660290718e-05,1.090019941329956e-05,0.088005599565804
