percentage,execution,k_s_sup,s_k_sub,t_k_sup,ns_s_sup,s_ns_sub,r_ar_sup,ar_r_sub,ns_sub_r,ks_sf_in,sub_r_r,n_r_t,ns_s_spe,nk_k_sup,s_nsup_k,nrs_ns_r,total_time
50,5,1.030000566970557e-05,0.021667499997420236,1.09999964479357e-05,9.199982741847634e-06,0.04046740000194404,0.01515609999478329,9.900002623908222e-06,1.9999861251562834e-06,9.400013368576765e-06,1.300001167692244e-05,6.000002031214535e-06,5.099995178170502e-06,0.003369600002770312,0.00247950000630226,6.000002031214535e-06,0.0832220000011148
