percentage,execution,ar_r_sub,k_s_sup,ks_sf_in,n_r_t,nk_k_sup,nrs_ns_r,ns_s_spe,ns_s_sup,ns_sub_r,r_ar_sup,s_k_sub,s_ns_sub,s_nsup_k,sub_r_r,t_k_sup,total_time
70,8,1.109996810555458e-05,1.0800082236528397e-05,1.00000761449337e-05,6.400048732757568e-06,0.0034596999175846577,6.400048732757568e-06,5.000270903110504e-06,2.840021625161171e-05,1.80024653673172e-06,0.018650799989700317,0.0246355002745986,0.03602629993110895,0.00253109959885478,1.5099998563528061e-05,1.1600088328123093e-05,0.08541000075638294
