percentage,execution,ar_r_sub,k_s_sup,ks_sf_in,n_r_t,nk_k_sup,nrs_ns_r,ns_s_spe,ns_s_sup,ns_sub_r,r_ar_sup,s_k_sub,s_ns_sub,s_nsup_k,sub_r_r,t_k_sup,total_time
20,3,1.170008908957243e-05,1.170008908957243e-05,1.0899966582655907e-05,6.900052540004253e-06,0.003254299983382225,7.6000578701496124e-06,5.499925464391708e-06,1.0900082997977734e-05,2.00001522898674e-06,0.013738099951297045,0.012693499913439155,0.042032299912534654,0.0024427000898867846,1.759990118443966e-05,1.279998105019331e-05,0.0742585000116378
