percentage,execution,ar_r_sub,k_s_sup,ks_sf_in,n_r_t,nk_k_sup,nrs_ns_r,ns_s_spe,ns_s_sup,ns_sub_r,r_ar_sup,s_k_sub,s_ns_sub,s_nsup_k,sub_r_r,t_k_sup,total_time
20,2,1.090019941329956e-05,1.070043072104454e-05,1.0200310498476028e-05,6.00004568696022e-06,0.0008962997235357761,6.899703294038773e-06,5.200039595365524e-06,9.300187230110168e-06,1.80024653673172e-06,0.014415999874472618,0.00020589958876371384,0.00019570020958781242,0.000660100020468235,1.5399884432554245e-05,1.0400079190731049e-05,0.016460800543427467
