percentage,execution,k_s_sup,s_k_sub,t_k_sup,ns_s_sup,s_ns_sub,r_ar_sup,ar_r_sub,ns_sub_r,ks_sf_in,sub_r_r,n_r_t,ns_s_spe,nk_k_sup,s_nsup_k,nrs_ns_r,total_time
60,9,0.00409659999422729,0.003887999992002733,0.10492529998009559,0.4553285000001779,0.01003269998182077,0.0027985000051558018,0.5704043000005186,2.3000029614195228e-06,2.1200001356191933e-05,4.2100000428035855e-05,1.300001167692244e-05,0.1423439999925904,0.011382199998479337,0.010573300009127706,0.00011809999705292284,1.3159700999676716
