percentage,execution,ar_r_sub,k_s_sup,ks_sf_in,n_r_t,nk_k_sup,nrs_ns_r,ns_s_spe,ns_s_sup,ns_sub_r,r_ar_sup,s_k_sub,s_ns_sub,s_nsup_k,sub_r_r,t_k_sup,total_time
40,1,1.2400094419717789e-05,1.219986006617546e-05,1.1500087566673756e-05,7.400056347250938e-06,0.002658099983818829,7.800059393048286e-06,5.899928510189056e-06,1.1599971912801266e-05,2.100015990436077e-06,0.01171550014987588,0.0054079999681562185,0.019102499936707318,0.001933799940161407,1.7100130207836628e-05,1.2599979527294636e-05,0.040918500162661076
