percentage,execution,ar_r_sub,k_s_sup,ks_sf_in,n_r_t,nk_k_sup,nrs_ns_r,ns_s_spe,ns_s_sup,ns_sub_r,r_ar_sup,s_k_sub,s_ns_sub,s_nsup_k,sub_r_r,t_k_sup,total_time
70,7,1.1599622666835785e-05,1.1100433766841888e-05,1.0400079190731049e-05,6.4997002482414246e-06,0.003177900332957506,6.00004568696022e-06,5.09992241859436e-06,9.600073099136353e-06,1.7997808754444122e-06,0.02393190050497651,0.015329299960285425,0.02265780046582222,0.0022896002046763897,1.550000160932541e-05,1.0800082236528397e-05,0.06747490121051669
