percentage,execution,ar_r_sub,k_s_sup,ks_sf_in,n_r_t,nk_k_sup,nrs_ns_r,ns_s_spe,ns_s_sup,ns_sub_r,r_ar_sup,s_k_sub,s_ns_sub,s_nsup_k,sub_r_r,t_k_sup,total_time
30,1,1.0299962013959885e-05,1.0799616575241089e-05,1.0099727660417557e-05,6.300397217273712e-06,0.002361699938774109,6.70040026307106e-06,4.90015372633934e-06,9.900424629449844e-06,1.700129359960556e-06,0.015013299882411957,0.004398399963974953,0.014271699823439121,0.0018037999980151653,1.4500226825475693e-05,1.109996810555458e-05,0.03793520061299205
