percentage,execution,ar_r_sub,k_s_sup,ks_sf_in,n_r_t,nk_k_sup,nrs_ns_r,ns_s_spe,ns_s_sup,ns_sub_r,r_ar_sup,s_k_sub,s_ns_sub,s_nsup_k,sub_r_r,t_k_sup,total_time
40,9,1.0999850928783417e-05,1.0800082236528397e-05,1.0400079190731049e-05,6.00004568696022e-06,0.0026699001900851727,6.6999346017837524e-06,4.90015372633934e-06,9.999610483646393e-06,1.700129359960556e-06,0.01643040031194687,0.008141499944031239,0.020576300099492073,0.0020061000250279903,1.4999881386756897e-05,1.0999385267496109e-05,0.04991169972345233
