percentage,execution,k_s_sup,s_k_sub,t_k_sup,ns_s_sup,s_ns_sub,r_ar_sup,ar_r_sub,ns_sub_r,ks_sf_in,sub_r_r,n_r_t,ns_s_spe,nk_k_sup,s_nsup_k,nrs_ns_r,total_time
90,9,1.1399999493733048e-05,0.020954799998435192,1.2099990271963179e-05,2.9000002541579306e-05,0.026981199989677407,0.026684499986004084,1.1500000255182385e-05,2.0000006770715117e-06,9.99998883344233e-06,1.4399993233382702e-05,6.200003554113209e-06,4.999994416721165e-06,0.003329500003019348,0.0024615000002086163,5.199995939619839e-06,0.08051829994656146
