percentage,execution,ar_r_sub,k_s_sup,ks_sf_in,n_r_t,nk_k_sup,nrs_ns_r,ns_s_spe,ns_s_sup,ns_sub_r,r_ar_sup,s_k_sub,s_ns_sub,s_nsup_k,sub_r_r,t_k_sup,total_time
10,2,1.2800097465515137e-05,1.29002146422863e-05,1.109996810555458e-05,6.4997002482414246e-06,0.00027240021154284477,8.00006091594696e-06,5.100388079881668e-06,1.0100193321704865e-05,1.8998980522155762e-06,0.005054499953985214,9.84002836048603e-05,8.12998041510582e-05,0.00018800003454089165,1.8500257283449173e-05,1.1699739843606949e-05,0.005793200805783272
