percentage,execution,k_s_sup,s_k_sub,t_k_sup,ns_s_sup,s_ns_sub,r_ar_sup,ar_r_sub,ns_sub_r,ks_sf_in,sub_r_r,n_r_t,ns_s_spe,nk_k_sup,s_nsup_k,nrs_ns_r,total_time
70,6,1.780001912266016e-05,0.00044219999108463526,1.7800004570744932e-05,0.40040540001064073,0.0004419000033522025,2.2299995180219412e-05,0.5531529000145383,2.2999884095042944e-06,1.7800004570744932e-05,4.0099985199049115e-05,1.2899996363557875e-05,0.1403431999933673,0.01370330000645481,0.013133400003425777,8.59999272506684e-06,1.1217619000090053
