percentage,execution,k_s_sup,s_k_sub,t_k_sup,ns_s_sup,s_ns_sub,r_ar_sup,ar_r_sub,ns_sub_r,ks_sf_in,sub_r_r,n_r_t,ns_s_spe,nk_k_sup,s_nsup_k,nrs_ns_r,total_time
70,3,1.0800009476952255e-05,0.01497899999958463,1.6300007700920105e-05,1.1400014045648277e-05,0.026856600001337938,0.023812700004782528,1.1399999493733048e-05,2.3000029614195228e-06,1.0499992640689015e-05,1.4900011592544615e-05,6.50000583846122e-06,5.299996701069176e-06,0.0032845999958226457,0.0024923000019043684,6.699992809444666e-06,0.07152130003669299
