percentage,execution,k_s_sup,s_k_sub,t_k_sup,ns_s_sup,s_ns_sub,r_ar_sup,ar_r_sub,ns_sub_r,ks_sf_in,sub_r_r,n_r_t,ns_s_spe,nk_k_sup,s_nsup_k,nrs_ns_r,total_time
80,1,8.260000322479755e-05,0.020838199998252094,0.010076399994431995,1.1099997209385037e-05,0.030259200008003972,0.019396100018639117,1.170000177808106e-05,2.1000014385208488e-06,1.0799994925037026e-05,1.4899997040629387e-05,6.50000583846122e-06,5.299996701069176e-06,0.002703799997107126,0.0023909000010462478,6.199989002197981e-06,0.08581580000463873
