percentage,execution,k_s_sup,s_k_sub,t_k_sup,ns_s_sup,s_ns_sub,r_ar_sup,ar_r_sub,ns_sub_r,ks_sf_in,sub_r_r,n_r_t,ns_s_spe,nk_k_sup,s_nsup_k,nrs_ns_r,total_time
30,1,1.680001150816679e-05,0.0002562000881880522,1.619989052414894e-05,0.25689400010742247,0.00025939999613910913,2.0399922505021095e-05,0.6293888000072911,2.400018274784088e-06,1.7700018361210823e-05,4.069996066391468e-05,1.2299977242946625e-05,0.07955559995025396,0.007897500065155327,0.007300700061023235,1.0199961252510548e-05,0.981688900035806
