percentage,execution,ar_r_sub,k_s_sup,ks_sf_in,n_r_t,nk_k_sup,nrs_ns_r,ns_s_spe,ns_s_sup,ns_sub_r,r_ar_sup,s_k_sub,s_ns_sub,s_nsup_k,sub_r_r,t_k_sup,total_time
80,9,1.140000040322775e-05,7.780000032653334e-05,1.0400000974186696e-05,6.299999768089037e-06,0.002573300000221934,5.7999995988211595e-06,5.199999577598646e-06,1.120000069931848e-05,1.8000000636675395e-06,0.019132600000375533,0.019087800000306743,0.028475500000240572,0.002269999999953143,1.5300000086426735e-05,0.00938650000080088,0.08107090000339667
