percentage,execution,k_s_sup,s_k_sub,t_k_sup,ns_s_sup,s_ns_sub,r_ar_sup,ar_r_sub,ns_sub_r,ks_sf_in,sub_r_r,n_r_t,ns_s_spe,nk_k_sup,s_nsup_k,nrs_ns_r,total_time
40,8,8.140000863932073e-05,0.010242099990136921,0.001917500005220063,1.0100018698722124e-05,0.031343299997388385,0.0077132000005804,1.0100004146806896e-05,2.0000006770715117e-06,9.800001862458885e-06,1.300001167692244e-05,6.000002031214535e-06,4.8000074457377195e-06,0.0017426999984309077,0.0015112999972188845,6.100002792663872e-06,0.05461340004694648
