percentage,execution,ar_r_sub,k_s_sup,ks_sf_in,n_r_t,nk_k_sup,nrs_ns_r,ns_s_spe,ns_s_sup,ns_sub_r,r_ar_sup,s_k_sub,s_ns_sub,s_nsup_k,sub_r_r,t_k_sup,total_time
60,4,9.800000952964183e-06,9.599999430065509e-06,8.89999955688836e-06,5.199999577598646e-06,0.0008259000005637063,5.199999577598646e-06,4.300000000512227e-06,1.0999999176419806e-05,1.5999994502635673e-06,0.004528700000264507,0.001772799999343988,0.004917000000205007,0.0005767000002379064,1.0800000382005237e-05,1.1900000572495628e-05,0.012699399999291927
