percentage,execution,ar_r_sub,k_s_sup,ks_sf_in,n_r_t,nk_k_sup,nrs_ns_r,ns_s_spe,ns_s_sup,ns_sub_r,r_ar_sup,s_k_sub,s_ns_sub,s_nsup_k,sub_r_r,t_k_sup,total_time
60,7,1.019984483718872e-05,1.0599847882986069e-05,9.60053876042366e-06,6.00004568696022e-06,0.0017241998575627804,6.100162863731384e-06,4.699919372797012e-06,9.09995287656784e-06,1.700129359960556e-06,0.013033399824053049,0.0025483998470008373,0.005633200518786907,0.0012165000662207603,1.2600328773260117e-05,1.0400079190731049e-05,0.02423670096322894
