percentage,execution,ar_r_sub,k_s_sup,ks_sf_in,n_r_t,nk_k_sup,nrs_ns_r,ns_s_spe,ns_s_sup,ns_sub_r,r_ar_sup,s_k_sub,s_ns_sub,s_nsup_k,sub_r_r,t_k_sup,total_time
80,5,1.27000967040658e-05,1.179997343569994e-05,1.1399970389902592e-05,6.800051778554916e-06,0.0035290000960230827,6.200047209858894e-06,5.500041879713535e-06,1.100008375942707e-05,2.299901098012924e-06,0.03295590006746352,0.01224410010036081,0.015265399939380586,0.002729100058786571,1.5399884432554245e-05,1.2900098226964474e-05,0.06681950041092932
