percentage,execution,ar_r_sub,k_s_sup,ks_sf_in,n_r_t,nk_k_sup,nrs_ns_r,ns_s_spe,ns_s_sup,ns_sub_r,r_ar_sup,s_k_sub,s_ns_sub,s_nsup_k,sub_r_r,t_k_sup,total_time
10,4,1.2499978765845299e-05,1.209997572004795e-05,1.1699856258928776e-05,8.00006091594696e-06,0.0018394000362604856,8.899951353669167e-06,5.800044164061546e-06,1.1199968867003918e-05,1.9000144675374031e-06,0.004745900048874319,0.00553799991030246,0.021522199967876077,0.0014714999124407768,1.780001912266016e-05,1.3200100511312485e-05,0.03522009984590113
