percentage,execution,ar_r_sub,k_s_sup,ks_sf_in,n_r_t,nk_k_sup,nrs_ns_r,ns_s_spe,ns_s_sup,ns_sub_r,r_ar_sup,s_k_sub,s_ns_sub,s_nsup_k,sub_r_r,t_k_sup,total_time
80,7,1.0500000826141331e-05,7.920000098238233e-05,9.999999747378752e-06,5.599999894911889e-06,0.0008570999998482876,5.500000042957254e-06,4.699999408330768e-06,9.800000043469481e-06,2.100000529026147e-06,0.004792599999746017,0.005096200000480167,0.008020000000215077,0.0007267000000865664,1.1899999663000926e-05,0.00436840000020311,0.024000300001716823
