percentage,execution,ar_r_sub,k_s_sup,ks_sf_in,n_r_t,nk_k_sup,nrs_ns_r,ns_s_spe,ns_s_sup,ns_sub_r,r_ar_sup,s_k_sub,s_ns_sub,s_nsup_k,sub_r_r,t_k_sup,total_time
40,8,1.090019941329956e-05,1.0800082236528397e-05,1.0299962013959885e-05,6.299931555986404e-06,0.0013358001597225666,6.800051778554916e-06,5.200039595365524e-06,9.700190275907516e-06,1.8998980522155762e-06,0.012126099783927202,0.00037869997322559357,0.0003725001588463783,0.000871600117534399,1.5099998563528061e-05,1.0600313544273376e-05,0.015172300860285759
