percentage,execution,k_s_sup,s_k_sub,t_k_sup,ns_s_sup,s_ns_sub,r_ar_sup,ar_r_sub,ns_sub_r,ks_sf_in,sub_r_r,n_r_t,ns_s_spe,nk_k_sup,s_nsup_k,nrs_ns_r,total_time
20,2,0.00011999999696854502,0.018909299993538298,0.009480699998675846,1.0599993402138352e-05,0.0595026999944821,0.005042500008130446,1.0900010238401592e-05,2.0000006770715117e-06,9.69998654909432e-06,1.5199999324977398e-05,6.300004315562546e-06,5.1000097300857306e-06,0.0027666999958455563,0.0024028000043472275,7.300011930055916e-06,0.0982918000081554
