percentage,execution,ar_r_sub,k_s_sup,ks_sf_in,n_r_t,nk_k_sup,nrs_ns_r,ns_s_spe,ns_s_sup,ns_sub_r,r_ar_sup,s_k_sub,s_ns_sub,s_nsup_k,sub_r_r,t_k_sup,total_time
20,8,1.06999996205559e-05,1.1099999937869143e-05,1.0500000826141331e-05,6.100000064179767e-06,0.0010769999998956337,6.799999937356915e-06,4.900000021734741e-06,9.700000191514846e-06,1.7000002117129043e-06,0.0184265999996569,0.0002023999995799386,0.00018800000088958768,0.0008146000000124332,1.500000053056283e-05,1.0800000382005237e-05,0.020795900001758127
