percentage,execution,ar_r_sub,k_s_sup,ks_sf_in,n_r_t,nk_k_sup,nrs_ns_r,ns_s_spe,ns_s_sup,ns_sub_r,r_ar_sup,s_k_sub,s_ns_sub,s_nsup_k,sub_r_r,t_k_sup,total_time
10,4,1.1600088328123093e-05,1.090019941329956e-05,1.0599847882986069e-05,7.300172001123428e-06,0.0021181004121899605,1.0800082236528397e-05,5.100388079881668e-06,9.700190275907516e-06,1.8998980522155762e-06,0.005439600441604853,0.004294099751859903,0.02056409977376461,0.0015894998796284199,1.600012183189392e-05,1.109996810555458e-05,0.03410040121525526
