percentage,execution,ar_r_sub,k_s_sup,ks_sf_in,n_r_t,nk_k_sup,nrs_ns_r,ns_s_spe,ns_s_sup,ns_sub_r,r_ar_sup,s_k_sub,s_ns_sub,s_nsup_k,sub_r_r,t_k_sup,total_time
40,1,1.2899748980998993e-05,8.449982851743698e-05,1.0600313544273376e-05,6.500165909528732e-06,0.002755899913609028,7.6000578701496124e-06,5.2996911108493805e-06,1.0799616575241089e-05,1.80024653673172e-06,0.009976299945265055,0.01903219986706972,0.05352299986407161,0.002453099936246872,1.5900470316410065e-05,0.009969400241971016,0.09786579990759492
