percentage,execution,ar_r_sub,k_s_sup,ks_sf_in,n_r_t,nk_k_sup,nrs_ns_r,ns_s_spe,ns_s_sup,ns_sub_r,r_ar_sup,s_k_sub,s_ns_sub,s_nsup_k,sub_r_r,t_k_sup,total_time
60,1,1.12997367978096e-05,1.0699965059757233e-05,1.0500196367502213e-05,6.299931555986404e-06,0.0034072999842464924,6.200280040502548e-06,5.09992241859436e-06,9.899958968162537e-06,1.8998980522155762e-06,0.018535300623625517,0.024038999807089567,0.040964600164443254,0.0025776997208595276,1.5200115740299225e-05,1.1799857020378113e-05,0.08961280016228557
