percentage,execution,ar_r_sub,k_s_sup,ks_sf_in,n_r_t,nk_k_sup,nrs_ns_r,ns_s_spe,ns_s_sup,ns_sub_r,r_ar_sup,s_k_sub,s_ns_sub,s_nsup_k,sub_r_r,t_k_sup,total_time
50,5,1.1500087566673756e-05,1.1499971151351929e-05,1.0999967344105244e-05,6.700051017105579e-06,0.0016417999286204576,6.8999361246824265e-06,5.09992241859436e-06,1.0299962013959885e-05,2.00001522898674e-06,0.01258770003914833,0.0027309999568387866,0.006278799846768379,0.0011877999641001225,1.4200108125805855e-05,1.179997343569994e-05,0.024518099729903042
