percentage,execution,ar_r_sub,k_s_sup,ks_sf_in,n_r_t,nk_k_sup,nrs_ns_r,ns_s_spe,ns_s_sup,ns_sub_r,r_ar_sup,s_k_sub,s_ns_sub,s_nsup_k,sub_r_r,t_k_sup,total_time
60,9,1.1800089851021767e-05,8.859997615218163e-05,1.1300086043775082e-05,6.299931555986404e-06,0.0019221999682486057,6.5999338403344154e-06,5.299923941493034e-06,1.0600080713629723e-05,1.999898813664913e-06,0.013437600107863545,0.012015999993309379,0.02602900005877018,0.0016614999622106552,1.4299992471933365e-05,0.0020488001173362136,0.0572719001211226
