percentage,execution,ar_r_sub,k_s_sup,ks_sf_in,n_r_t,nk_k_sup,nrs_ns_r,ns_s_spe,ns_s_sup,ns_sub_r,r_ar_sup,s_k_sub,s_ns_sub,s_nsup_k,sub_r_r,t_k_sup,total_time
50,8,1.2100092135369778e-05,1.2399861589074135e-05,1.1300086043775082e-05,6.9999368861317635e-06,0.003211700008250773,8.800067007541656e-06,5.299923941493034e-06,1.100008375942707e-05,2.00001522898674e-06,0.021492799976840615,0.00881539995316416,0.023071200004778802,0.0024477000115439296,1.6900128684937954e-05,1.2699980288743973e-05,0.05913830013014376
