percentage,execution,ar_r_sub,k_s_sup,ks_sf_in,n_r_t,nk_k_sup,nrs_ns_r,ns_s_spe,ns_s_sup,ns_sub_r,r_ar_sup,s_k_sub,s_ns_sub,s_nsup_k,sub_r_r,t_k_sup,total_time
50,1,1.489988062530756e-05,9.50000248849392e-05,1.3900105841457844e-05,6.5999338403344154e-06,0.0019865999929606915,7.00005330145359e-06,5.599926225841045e-06,1.1099851690232754e-05,2.200016751885414e-06,0.010232399916276336,0.01394790003541857,0.032914499985054135,0.00174840004183352,1.4299992471933365e-05,0.002112099900841713,0.06311249965801835
