percentage,execution,ar_r_sub,k_s_sup,ks_sf_in,n_r_t,nk_k_sup,nrs_ns_r,ns_s_spe,ns_s_sup,ns_sub_r,r_ar_sup,s_k_sub,s_ns_sub,s_nsup_k,sub_r_r,t_k_sup,total_time
20,3,1.049999991664663e-05,1.089999932446517e-05,1.0199999451288022e-05,6.100000064179767e-06,0.002988799999911862,6.50000038149301e-06,4.900000021734741e-06,9.700000191514846e-06,1.999998858082108e-06,0.007098900000528374,0.008574599999519705,0.03459409999959462,0.002306000000316999,1.4000000192027073e-05,1.0900000233959872e-05,0.05564809999850695
