percentage,execution,ar_r_sub,k_s_sup,ks_sf_in,n_r_t,nk_k_sup,nrs_ns_r,ns_s_spe,ns_s_sup,ns_sub_r,r_ar_sup,s_k_sub,s_ns_sub,s_nsup_k,sub_r_r,t_k_sup,total_time
80,9,1.2300000889808871e-05,8.129999969241908e-05,1.0399999155197293e-05,5.7999995988211595e-06,0.0018183000001954497,6.200000825629104e-06,4.900000021734741e-06,1.0200000360782724e-05,1.9000008251168765e-06,0.01858189999984461,0.009707900000648806,0.015692699999817705,0.001490699999521894,1.320000046689529e-05,0.0018282000000908738,0.04926590000195574
