percentage,execution,k_s_sup,s_k_sub,t_k_sup,ns_s_sup,s_ns_sub,r_ar_sup,ar_r_sub,ns_sub_r,ks_sf_in,sub_r_r,n_r_t,ns_s_spe,nk_k_sup,s_nsup_k,nrs_ns_r,total_time
70,3,1.0900010238401592e-05,0.005893499997910112,1.069999416358769e-05,1.0199990356341004e-05,0.012198399999761023,0.018504200008464977,1.5199999324977398e-05,1.8999853637069464e-06,1.0300020221620798e-05,1.5300000086426735e-05,6.300004315562546e-06,5.2000104915350676e-06,0.0030122000025585294,0.002120599994668737,7.099995855242014e-06,0.04182200001378078
