percentage,execution,ar_r_sub,k_s_sup,ks_sf_in,n_r_t,nk_k_sup,nrs_ns_r,ns_s_spe,ns_s_sup,ns_sub_r,r_ar_sup,s_k_sub,s_ns_sub,s_nsup_k,sub_r_r,t_k_sup,total_time
40,8,1.4299876056611538e-05,1.1599971912801266e-05,1.4099990949034691e-05,6.500049494206905e-06,0.0018124000634998083,1.0399962775409222e-05,5.500041879713535e-06,1.0300078429281712e-05,2.00001522898674e-06,0.022554100025445223,0.00035539991222321987,0.00034929998219013214,0.0015108000952750444,1.8999911844730377e-05,1.1300086043775082e-05,0.02668700006324798
