percentage,execution,k_s_sup,s_k_sub,t_k_sup,ns_s_sup,s_ns_sub,r_ar_sup,ar_r_sub,ns_sub_r,ks_sf_in,sub_r_r,n_r_t,ns_s_spe,nk_k_sup,s_nsup_k,nrs_ns_r,total_time
10,4,0.012411499978043139,0.02028009993955493,0.4555746999103576,0.30102290015202016,0.10194660001434386,0.005175599944777787,0.00044270011130720377,3.700028173625469e-06,3.160000778734684e-05,8.309993427246809e-05,1.5600002370774746e-05,0.060924099991098046,0.022348999977111816,0.02192950004246086,2.0499923266470432e-05,1.002211199956946
