percentage,execution,ar_r_sub,k_s_sup,ks_sf_in,n_r_t,nk_k_sup,nrs_ns_r,ns_s_spe,ns_s_sup,ns_sub_r,r_ar_sup,s_k_sub,s_ns_sub,s_nsup_k,sub_r_r,t_k_sup,total_time
80,1,1.2499862350523472e-05,9.169999975711107e-05,1.0999850928783417e-05,6.600050255656242e-06,0.0019383999751880765,6.600050255656242e-06,5.600042641162872e-06,1.1200085282325745e-05,2.100015990436077e-06,0.014068400021642447,0.014062099973671138,0.021209900034591556,0.0016634000930935144,1.4299876056611538e-05,0.002017799997702241,0.05512159992940724
