percentage,execution,ar_r_sub,k_s_sup,ks_sf_in,n_r_t,nk_k_sup,nrs_ns_r,ns_s_spe,ns_s_sup,ns_sub_r,r_ar_sup,s_k_sub,s_ns_sub,s_nsup_k,sub_r_r,t_k_sup,total_time
70,9,1.0800082236528397e-05,1.0600313544273376e-05,1.019984483718872e-05,6.400048732757568e-06,0.0033451002091169357,6.00004568696022e-06,5.09992241859436e-06,1.019984483718872e-05,1.6996636986732483e-06,0.022757600527256727,0.021248900331556797,0.03343959990888834,0.0025185002014040947,1.5000347048044205e-05,1.1600088328123093e-05,0.08339730137959123
