percentage,execution,k_s_sup,s_k_sub,t_k_sup,ns_s_sup,s_ns_sub,r_ar_sup,ar_r_sub,ns_sub_r,ks_sf_in,sub_r_r,n_r_t,ns_s_spe,nk_k_sup,s_nsup_k,nrs_ns_r,total_time
40,7,1.0400006431154907e-05,0.00032640001154504716,9.90001717582345e-06,9.000010322779417e-06,0.00027060000866185874,0.012167499997303821,1.2999997125007212e-05,2.0000006770715117e-06,9.799987310543656e-06,1.3100012438371778e-05,5.800000508315861e-06,4.699992132373154e-06,0.0010173000046052039,0.0007681999995838851,5.800000508315861e-06,0.014633500046329573
