percentage,execution,ar_r_sub,k_s_sup,ks_sf_in,n_r_t,nk_k_sup,nrs_ns_r,ns_s_spe,ns_s_sup,ns_sub_r,r_ar_sup,s_k_sub,s_ns_sub,s_nsup_k,sub_r_r,t_k_sup,total_time
50,10,1.2299977242946625e-05,1.2400094419717789e-05,1.1699972674250603e-05,7.100054062902927e-06,0.0022160999942570925,7.5999414548277855e-06,6.00004568696022e-06,1.1499971151351929e-05,2.00001522898674e-06,0.0165747000137344,0.002221600036136806,0.005640699993818998,0.001562700024805963,1.719989813864231e-05,1.2600095942616463e-05,0.028316200128756464
