percentage,execution,ar_r_sub,k_s_sup,ks_sf_in,n_r_t,nk_k_sup,nrs_ns_r,ns_s_spe,ns_s_sup,ns_sub_r,r_ar_sup,s_k_sub,s_ns_sub,s_nsup_k,sub_r_r,t_k_sup,total_time
20,9,0.599600399999872,1.5800000255694613e-05,1.609999981155852e-05,1.160000010713702e-05,0.002889600000344217,0.00014199999986885814,0.0559333000001061,0.13309429999935674,1.8999999156221747e-06,0.004740000000310829,0.00097740000092017,0.003990799999883166,0.002669699999387376,4.150000040681334e-05,1.5999999959603883e-05,0.8041404000005059
