percentage,execution,k_s_sup,s_k_sub,t_k_sup,ns_s_sup,s_ns_sub,r_ar_sup,ar_r_sub,ns_sub_r,ks_sf_in,sub_r_r,n_r_t,ns_s_spe,nk_k_sup,s_nsup_k,nrs_ns_r,total_time
40,10,1.0199990356341004e-05,0.0055511999962618575,1.0499992640689015e-05,9.100011084228754e-06,0.02111430000513792,0.014093499994487502,1.0700008715502918e-05,1.700012944638729e-06,9.800001862458885e-06,1.3699987903237343e-05,6.000002031214535e-06,4.8000074457377195e-06,0.0030753000028198585,0.0023135000083129853,6.399990525096655e-06,0.04623070001252927
