percentage,execution,ar_r_sub,k_s_sup,ks_sf_in,n_r_t,nk_k_sup,nrs_ns_r,ns_s_spe,ns_s_sup,ns_sub_r,r_ar_sup,s_k_sub,s_ns_sub,s_nsup_k,sub_r_r,t_k_sup,total_time
40,2,1.0599999768601265e-05,1.0800000382005237e-05,1.0400000064691994e-05,6.199999916134402e-06,0.0032080999999379856,6.400000529538374e-06,5.099999725644011e-06,9.899999895424116e-06,1.600000359758269e-06,0.013253899999654095,0.009949999999662396,0.030357299999195675,0.002459899999848858,1.4199999895936344e-05,1.1499999345687684e-05,0.05931589999818243
