percentage,execution,ar_r_sub,k_s_sup,ks_sf_in,n_r_t,nk_k_sup,nrs_ns_r,ns_s_spe,ns_s_sup,ns_sub_r,r_ar_sup,s_k_sub,s_ns_sub,s_nsup_k,sub_r_r,t_k_sup,total_time
20,1,0.2707338999998683,1.6599999071331695e-05,1.5999999959603883e-05,1.2100000276404899e-05,8.200000593205914e-06,1.0099999599333387e-05,0.08021649999955116,0.2624737999994977,2.599999788799323e-06,2.28000008064555e-05,1.3800000488117803e-05,1.6599999980826396e-05,7.300000106624793e-06,4.2100000428035855e-05,3.389999983482994e-05,0.6136262999998507
