percentage,execution,ar_r_sub,k_s_sup,ks_sf_in,n_r_t,nk_k_sup,nrs_ns_r,ns_s_spe,ns_s_sup,ns_sub_r,r_ar_sup,s_k_sub,s_ns_sub,s_nsup_k,sub_r_r,t_k_sup,total_time
80,2,1.1900439858436584e-05,2.6999972760677338e-05,1.0800082236528397e-05,6.800051778554916e-06,0.0033995001576840878,6.500165909528732e-06,5.2996911108493805e-06,1.0500196367502213e-05,1.80024653673172e-06,0.01850039977580309,0.008420399855822325,0.013897200115025043,0.002401100005954504,1.620035618543625e-05,1.2399628758430481e-05,0.046727800741791725
