percentage,execution,ar_r_sub,k_s_sup,ks_sf_in,n_r_t,nk_k_sup,nrs_ns_r,ns_s_spe,ns_s_sup,ns_sub_r,r_ar_sup,s_k_sub,s_ns_sub,s_nsup_k,sub_r_r,t_k_sup,total_time
60,6,1.1599999197642319e-05,8.239999988290947e-05,1.1099999937869143e-05,6.300000677583739e-06,0.0026443999995535705,6.70000008540228e-06,8.199999683711212e-06,1.1300001460767817e-05,2.3000011424301192e-06,0.015461700000741985,0.018970299999637064,0.038740799999686715,0.002292999999554013,1.610000072105322e-05,0.009390499999426538,0.08765670000138925
