percentage,execution,k_s_sup,s_k_sub,t_k_sup,ns_s_sup,s_ns_sub,r_ar_sup,ar_r_sub,ns_sub_r,ks_sf_in,sub_r_r,n_r_t,ns_s_spe,nk_k_sup,s_nsup_k,nrs_ns_r,total_time
10,5,1.0199990356341004e-05,7.870000263210386e-05,9.800016414374113e-06,8.59999272506684e-06,7.509998977184296e-05,0.0073558000003686175,9.800016414374113e-06,1.7999846022576094e-06,9.700015652924776e-06,1.3700002455152571e-05,5.800000508315861e-06,4.6000059228390455e-06,0.00035519999801181257,0.00027269999554846436,6.600006599910557e-06,0.008218100017984398
