percentage,execution,ar_r_sub,k_s_sup,ks_sf_in,n_r_t,nk_k_sup,nrs_ns_r,ns_s_spe,ns_s_sup,ns_sub_r,r_ar_sup,s_k_sub,s_ns_sub,s_nsup_k,sub_r_r,t_k_sup,total_time
30,9,1.0999850928783417e-05,1.1200085282325745e-05,1.0600313544273376e-05,6.5998174250125885e-06,0.0019156001508235931,7.3998235166072845e-06,5.09992241859436e-06,9.900424629449844e-06,1.80024653673172e-06,0.007600199896842241,0.005391800310462713,0.014601199887692928,0.0013759001158177853,1.529976725578308e-05,1.1399853974580765e-05,0.030975000467151403
