percentage,execution,ar_r_sub,k_s_sup,ks_sf_in,n_r_t,nk_k_sup,nrs_ns_r,ns_s_spe,ns_s_sup,ns_sub_r,r_ar_sup,s_k_sub,s_ns_sub,s_nsup_k,sub_r_r,t_k_sup,total_time
60,3,1.0900000233959872e-05,1.0799999472510535e-05,1.0399999155197293e-05,6.100000064179767e-06,0.0020942000001014094,6.399999620043673e-06,8.50000014906982e-06,1.0099999599333387e-05,1.7000002117129043e-06,0.010160399999222136,0.007502500000555301,0.016932799999267445,0.0014607000002797577,1.340000017080456e-05,1.1199999789823778e-05,0.038240099997892685
