percentage,execution,ar_r_sub,k_s_sup,ks_sf_in,n_r_t,nk_k_sup,nrs_ns_r,ns_s_spe,ns_s_sup,ns_sub_r,r_ar_sup,s_k_sub,s_ns_sub,s_nsup_k,sub_r_r,t_k_sup,total_time
80,1,1.0599999768601265e-05,1.0300000212737359e-05,9.999999747378752e-06,6.000000212225132e-06,0.003217699999368051,6.50000038149301e-06,4.699999408330768e-06,9.899998985929415e-06,2.1999985619913787e-06,0.02258979999987787,0.023333300000558665,0.030450199999904726,0.0026883999998972286,1.3099999705445953e-05,1.1699999959091656e-05,0.08236439999654976
