percentage,execution,ar_r_sub,k_s_sup,ks_sf_in,n_r_t,nk_k_sup,nrs_ns_r,ns_s_spe,ns_s_sup,ns_sub_r,r_ar_sup,s_k_sub,s_ns_sub,s_nsup_k,sub_r_r,t_k_sup,total_time
60,10,1.1199999789823778e-05,1.0900001143454574e-05,1.06999996205559e-05,6.600000233447645e-06,0.0029119999999238644,6.600000233447645e-06,5.2999994295532815e-06,1.0099999599333387e-05,2.0000006770715117e-06,0.017625299999053823,0.006670799999483279,0.016177099999367783,0.002008399999795074,1.4999999621068127e-05,1.1799999811046291e-05,0.045483799997782626
