percentage,execution,ar_r_sub,k_s_sup,ks_sf_in,n_r_t,nk_k_sup,nrs_ns_r,ns_s_spe,ns_s_sup,ns_sub_r,r_ar_sup,s_k_sub,s_ns_sub,s_nsup_k,sub_r_r,t_k_sup,total_time
50,7,1.2400094419717789e-05,1.2599979527294636e-05,1.1500087566673756e-05,7.400056347250938e-06,0.0023527999874204397,7.400056347250938e-06,5.800044164061546e-06,1.1100084520876408e-05,2.00001522898674e-06,0.01947010005824268,0.002217800007201731,0.005574400071054697,0.0017047000583261251,1.7299898900091648e-05,1.3199984095990658e-05,0.03142050048336387
