percentage,execution,ar_r_sub,k_s_sup,ks_sf_in,n_r_t,nk_k_sup,nrs_ns_r,ns_s_spe,ns_s_sup,ns_sub_r,r_ar_sup,s_k_sub,s_ns_sub,s_nsup_k,sub_r_r,t_k_sup,total_time
20,6,1.170008908957243e-05,1.1300086043775082e-05,1.100008375942707e-05,6.700051017105579e-06,0.0021162000484764576,7.5999414548277855e-06,5.300040356814861e-06,1.0200077667832375e-05,1.9000144675374031e-06,0.00867500004824251,0.004166000057011843,0.017970499931834638,0.0017206999473273754,1.5399884432554245e-05,1.1600088328123093e-05,0.03474110038951039
