percentage,execution,k_s_sup,s_k_sub,t_k_sup,ns_s_sup,s_ns_sub,r_ar_sup,ar_r_sub,ns_sub_r,ks_sf_in,sub_r_r,n_r_t,ns_s_spe,nk_k_sup,s_nsup_k,nrs_ns_r,total_time
50,3,1.0800009476952255e-05,0.023233500003698282,1.1499985703267157e-05,1.0000003385357559e-05,0.045421700007864274,0.012580800001160242,1.1600001016631722e-05,2.0000006770715117e-06,1.0100004146806896e-05,1.4299992471933365e-05,6.199989002197981e-06,5.199995939619839e-06,0.003369800004293211,0.0025317999970866367,6.400005077011883e-06,0.0872257000009995
