percentage,execution,ar_r_sub,k_s_sup,ks_sf_in,n_r_t,nk_k_sup,nrs_ns_r,ns_s_spe,ns_s_sup,ns_sub_r,r_ar_sup,s_k_sub,s_ns_sub,s_nsup_k,sub_r_r,t_k_sup,total_time
60,8,1.0900000233959872e-05,1.140000040322775e-05,1.06999996205559e-05,6.70000008540228e-06,0.003325800000311574,6.600000233447645e-06,5.500000042957254e-06,1.0199999451288022e-05,1.600000359758269e-06,0.019296999999824038,0.005120099999658123,0.008017300000574323,0.0018566000007922412,1.52000002344721e-05,1.160000010713702e-05,0.037707200001932506
