percentage,execution,k_s_sup,s_k_sub,t_k_sup,ns_s_sup,s_ns_sub,r_ar_sup,ar_r_sub,ns_sub_r,ks_sf_in,sub_r_r,n_r_t,ns_s_spe,nk_k_sup,s_nsup_k,nrs_ns_r,total_time
40,4,8.159999561030418e-05,0.010309299992513843,0.001927099991007708,9.400013368576765e-06,0.03097759999218397,0.00874380000459496,9.800016414374113e-06,1.7999991541728377e-06,9.199997293762863e-06,1.3300013961270452e-05,5.900001269765198e-06,4.599991370923817e-06,0.0016957000043476,0.0014636999985668808,5.800000508315861e-06,0.055258600012166426
