percentage,execution,k_s_sup,s_k_sub,t_k_sup,ns_s_sup,s_ns_sub,r_ar_sup,ar_r_sub,ns_sub_r,ks_sf_in,sub_r_r,n_r_t,ns_s_spe,nk_k_sup,s_nsup_k,nrs_ns_r,total_time
50,2,1.1400014045648277e-05,0.00535669999953825,1.1199997970834374e-05,1.0100004146806896e-05,0.011559000005945563,0.015547400005743839,1.1399999493733048e-05,2.1000014385208488e-06,1.0399991879239678e-05,1.5700003132224083e-05,6.600006599910557e-06,5.099995178170502e-06,0.002349700007471256,0.0017570999916642904,6.89999433234334e-06,0.03666080001858063
