percentage,execution,ar_r_sub,k_s_sup,ks_sf_in,n_r_t,nk_k_sup,nrs_ns_r,ns_s_spe,ns_s_sup,ns_sub_r,r_ar_sup,s_k_sub,s_ns_sub,s_nsup_k,sub_r_r,t_k_sup,total_time
80,7,1.1500436812639236e-05,1.1199619621038437e-05,1.0099727660417557e-05,6.5998174250125885e-06,0.003486699890345335,6.299931555986404e-06,4.999805241823196e-06,1.019984483718872e-05,1.8998980522155762e-06,0.02488519949838519,0.023677099961787462,0.03333349945023656,0.0025258995592594147,1.5099998563528061e-05,1.1900439858436584e-05,0.08799819787964225
