percentage,execution,ar_r_sub,k_s_sup,ks_sf_in,n_r_t,nk_k_sup,nrs_ns_r,ns_s_spe,ns_s_sup,ns_sub_r,r_ar_sup,s_k_sub,s_ns_sub,s_nsup_k,sub_r_r,t_k_sup,total_time
60,3,1.1500087566673756e-05,8.860009256750345e-05,1.1100084520876408e-05,6.300047971308231e-06,0.0019153000321239233,6.7999353632330894e-06,4.899920895695686e-06,1.1299969628453255e-05,1.9000144675374031e-06,0.012630400015041232,0.013254599994979799,0.02824039990082383,0.0016730999341234565,1.4500110410153866e-05,0.0020329998806118965,0.059903700021095574
