percentage,execution,k_s_sup,s_k_sub,t_k_sup,ns_s_sup,s_ns_sub,r_ar_sup,ar_r_sub,ns_sub_r,ks_sf_in,sub_r_r,n_r_t,ns_s_spe,nk_k_sup,s_nsup_k,nrs_ns_r,total_time
50,2,1.1000010999850929e-05,0.0018722000095294788,1.0700008715502918e-05,9.700001101009548e-06,0.004988199987565167,0.019822499991278164,1.0800009476952255e-05,1.800013706088066e-06,9.90001717582345e-06,1.3199998647905886e-05,6.100002792663872e-06,4.899993655271828e-06,0.002191899999161251,0.0018088000069838017,6.400005077011883e-06,0.030768100055865943
