percentage,execution,ar_r_sub,k_s_sup,ks_sf_in,n_r_t,nk_k_sup,nrs_ns_r,ns_s_spe,ns_s_sup,ns_sub_r,r_ar_sup,s_k_sub,s_ns_sub,s_nsup_k,sub_r_r,t_k_sup,total_time
20,6,1.179997343569994e-05,1.2999866157770157e-05,1.1200085282325745e-05,8.699949830770493e-06,0.000824199989438057,7.699942216277122e-06,5.600042641162872e-06,1.079996582120657e-05,1.9000144675374031e-06,0.012542600044980645,0.0002466000150889158,0.0002180000301450491,0.000604500062763691,1.7200014553964138e-05,1.179997343569994e-05,0.014535599970258772
