percentage,execution,ar_r_sub,k_s_sup,ks_sf_in,n_r_t,nk_k_sup,nrs_ns_r,ns_s_spe,ns_s_sup,ns_sub_r,r_ar_sup,s_k_sub,s_ns_sub,s_nsup_k,sub_r_r,t_k_sup,total_time
30,5,1.2599863111972809e-05,1.2499978765845299e-05,1.1899974197149277e-05,7.4999406933784485e-06,0.002771100029349327,8.300063200294971e-06,5.799927748739719e-06,1.1299969628453255e-05,2.100015990436077e-06,0.010103299864567816,0.004927299916744232,0.02283259993419051,0.001988500007428229,1.6999896615743637e-05,1.2699980288743973e-05,0.042724499362520874
