percentage,execution,ar_r_sub,k_s_sup,ks_sf_in,n_r_t,nk_k_sup,nrs_ns_r,ns_s_spe,ns_s_sup,ns_sub_r,r_ar_sup,s_k_sub,s_ns_sub,s_nsup_k,sub_r_r,t_k_sup,total_time
30,9,1.1000316590070724e-05,1.070043072104454e-05,1.019984483718872e-05,6.600283086299896e-06,0.0029763998463749886,7.200054824352264e-06,4.90015372633934e-06,9.799841791391373e-06,1.7997808754444122e-06,0.01603439962491393,0.011957100126892328,0.033236199989914894,0.0022466001100838184,1.569977030158043e-05,1.109996810555458e-05,0.06653970014303923
