percentage,execution,ar_r_sub,k_s_sup,ks_sf_in,n_r_t,nk_k_sup,nrs_ns_r,ns_s_spe,ns_s_sup,ns_sub_r,r_ar_sup,s_k_sub,s_ns_sub,s_nsup_k,sub_r_r,t_k_sup,total_time
20,6,0.5214267000010295,1.9699999938893598e-05,1.6200000573007856e-05,1.2200000128359534e-05,0.0023896999991848134,1.0799999472510535e-05,0.07727090000025783,0.25647399999888876,2.100000529026147e-06,0.004701700000623532,0.00013809999927616445,0.00014280000050348463,0.0022226999999475083,4.379999973025406e-05,1.5499999790336005e-05,0.864886899999874
