percentage,execution,k_s_sup,s_k_sub,t_k_sup,ns_s_sup,s_ns_sub,r_ar_sup,ar_r_sub,ns_sub_r,ks_sf_in,sub_r_r,n_r_t,ns_s_spe,nk_k_sup,s_nsup_k,nrs_ns_r,total_time
70,1,1.0399991879239678e-05,0.019760200011660345,1.1100011761300266e-05,9.700001101009548e-06,0.03212590000475757,0.026056000002427027,1.0799994925037026e-05,1.8999999156221747e-06,1.0099989594891667e-05,1.4099990949034691e-05,6.400005077011883e-06,4.9000082071870565e-06,0.003254499999457039,0.002523000002838671,5.900001269765198e-06,0.08380490001582075
