percentage,execution,ar_r_sub,k_s_sup,ks_sf_in,n_r_t,nk_k_sup,nrs_ns_r,ns_s_spe,ns_s_sup,ns_sub_r,r_ar_sup,s_k_sub,s_ns_sub,s_nsup_k,sub_r_r,t_k_sup,total_time
10,1,0.18160940008237958,1.529976725578308e-05,1.6899779438972473e-05,1.2400094419717789e-05,8.100178092718124e-06,1.0799616575241089e-05,0.05991030018776655,0.15400050021708012,2.100132405757904e-06,1.820037141442299e-05,1.3399869203567505e-05,1.7200130969285965e-05,7.200054824352264e-06,4.299962893128395e-05,1.4800112694501877e-05,0.39569960022345185
