percentage,execution,ar_r_sub,k_s_sup,ks_sf_in,n_r_t,nk_k_sup,nrs_ns_r,ns_s_spe,ns_s_sup,ns_sub_r,r_ar_sup,s_k_sub,s_ns_sub,s_nsup_k,sub_r_r,t_k_sup,total_time
70,1,1.2600095942616463e-05,1.2499862350523472e-05,1.170008908957243e-05,1.0599964298307896e-05,0.003953299950808287,6.600050255656242e-06,9.09995287656784e-06,1.109996810555458e-05,2.100015990436077e-06,0.02623019996099174,0.02257199992891401,0.03738360002171248,0.0029826000100001693,2.1600048057734966e-05,1.3399869203567505e-05,0.09323299978859723
