percentage,execution,ar_r_sub,k_s_sup,ks_sf_in,n_r_t,nk_k_sup,nrs_ns_r,ns_s_spe,ns_s_sup,ns_sub_r,r_ar_sup,s_k_sub,s_ns_sub,s_nsup_k,sub_r_r,t_k_sup,total_time
60,5,0.45247589999962656,0.00403089999963413,1.6900000446185004e-05,1.2399999832268804e-05,0.013667299999724491,1.1700000868586358e-05,0.1313809000002948,0.39581230000021606,2.0000006770715117e-06,0.002682000000277185,0.0036576000002241926,0.0066178999995827326,0.012139000000388478,4.040000021632295e-05,0.10212419999970734,1.1246714000017164
