percentage,execution,k_s_sup,s_k_sub,t_k_sup,ns_s_sup,s_ns_sub,r_ar_sup,ar_r_sub,ns_sub_r,ks_sf_in,sub_r_r,n_r_t,ns_s_spe,nk_k_sup,s_nsup_k,nrs_ns_r,total_time
40,8,1.030000566970557e-05,0.005376000015530735,1.0700008715502918e-05,9.499985026195645e-06,0.020866599996224977,0.01381010000477545,1.0499992640689015e-05,1.6999838408082724e-06,1.0000003385357559e-05,1.3199998647905886e-05,5.900001269765198e-06,4.899993655271828e-06,0.003191199997672811,0.0024182000051951036,6.700007361359894e-06,0.04574549999961164
