percentage,execution,ar_r_sub,k_s_sup,ks_sf_in,n_r_t,nk_k_sup,nrs_ns_r,ns_s_spe,ns_s_sup,ns_sub_r,r_ar_sup,s_k_sub,s_ns_sub,s_nsup_k,sub_r_r,t_k_sup,total_time
30,2,0.13043429993558675,0.0010080001084133983,1.7400016076862812e-05,1.3200100511312485e-05,0.0104010000359267,0.0003709999145939946,0.12094220006838441,0.37163040006998926,2.600019797682762e-06,0.0009865999454632401,0.004222699906677008,0.01841749995946884,0.010217400034889579,4.4800108298659325e-05,0.11478140007238835,0.783490500296466
