percentage,execution,ar_r_sub,k_s_sup,ks_sf_in,n_r_t,nk_k_sup,nrs_ns_r,ns_s_spe,ns_s_sup,ns_sub_r,r_ar_sup,s_k_sub,s_ns_sub,s_nsup_k,sub_r_r,t_k_sup,total_time
10,6,1.5500118024647236e-05,1.170008908957243e-05,1.079996582120657e-05,7.0999376475811005e-06,0.00047149998135864735,1.1899974197149277e-05,5.599926225841045e-06,1.4100107364356518e-05,2.00001522898674e-06,0.006346400128677487,0.00015440001152455807,0.0001998000079765916,0.0003229000139981508,1.670012716203928e-05,1.0999967344105244e-05,0.007601400371640921
