percentage,execution,k_s_sup,s_k_sub,t_k_sup,ns_s_sup,s_ns_sub,r_ar_sup,ar_r_sub,ns_sub_r,ks_sf_in,sub_r_r,n_r_t,ns_s_spe,nk_k_sup,s_nsup_k,nrs_ns_r,total_time
50,6,1.0199990356341004e-05,0.02206020000448916,1.060000795405358e-05,9.700015652924776e-06,0.041306200000690296,0.018049399979645386,1.1299998732283711e-05,2.1000014385208488e-06,9.600014891475439e-06,1.4100020052865148e-05,6.000002031214535e-06,4.8000074457377195e-06,0.0033294000022578984,0.002685699990252033,7.200011168606579e-06,0.0875165000470588
