percentage,execution,ar_r_sub,k_s_sup,ks_sf_in,n_r_t,nk_k_sup,nrs_ns_r,ns_s_spe,ns_s_sup,ns_sub_r,r_ar_sup,s_k_sub,s_ns_sub,s_nsup_k,sub_r_r,t_k_sup,total_time
90,8,1.170008908957243e-05,9.270000737160444e-05,1.0600080713629723e-05,6.700051017105579e-06,0.0019663000712171197,6.900052540004253e-06,5.500041879713535e-06,1.0799849405884743e-05,2.299901098012924e-06,0.013716500019654632,0.014136900077573955,0.017659599892795086,0.0016783000901341438,1.389987301081419e-05,0.0020257000578567386,0.051344400155358016
