percentage,execution,ar_r_sub,k_s_sup,ks_sf_in,n_r_t,nk_k_sup,nrs_ns_r,ns_s_spe,ns_s_sup,ns_sub_r,r_ar_sup,s_k_sub,s_ns_sub,s_nsup_k,sub_r_r,t_k_sup,total_time
10,9,1.0599847882986069e-05,1.0699965059757233e-05,9.900424629449844e-06,6.500165909528732e-06,0.001175799872726202,7.6000578701496124e-06,4.90015372633934e-06,9.499955922365189e-06,1.700129359960556e-06,0.006630999967455864,0.0017873002216219902,0.008044200018048286,0.0008956999517977238,1.5599653124809265e-05,1.1499971151351929e-05,0.018622500356286764
