percentage,execution,ar_r_sub,k_s_sup,ks_sf_in,n_r_t,nk_k_sup,nrs_ns_r,ns_s_spe,ns_s_sup,ns_sub_r,r_ar_sup,s_k_sub,s_ns_sub,s_nsup_k,sub_r_r,t_k_sup,total_time
40,1,1.0999850928783417e-05,1.1400319635868073e-05,1.019984483718872e-05,6.500165909528732e-06,0.0019577997736632824,7.000286132097244e-06,5.09992241859436e-06,9.700190275907516e-06,1.80024653673172e-06,0.019522900227457285,0.0035878000780940056,0.006980599835515022,0.0014399997889995575,1.5399884432554245e-05,1.4199409633874893e-05,0.03358139982447028
