percentage,execution,ar_r_sub,k_s_sup,ks_sf_in,n_r_t,nk_k_sup,nrs_ns_r,ns_s_spe,ns_s_sup,ns_sub_r,r_ar_sup,s_k_sub,s_ns_sub,s_nsup_k,sub_r_r,t_k_sup,total_time
90,6,1.1600088328123093e-05,8.779997006058693e-05,1.070043072104454e-05,6.800051778554916e-06,0.002719900105148554,5.499925464391708e-06,5.300156772136688e-06,1.090019941329956e-05,1.7997808754444122e-06,0.022878799587488174,0.01822949992492795,0.026369800325483084,0.0023748003877699375,1.4600344002246857e-05,0.009422100614756346,0.08214990189298987
