percentage,execution,ar_r_sub,k_s_sup,ks_sf_in,n_r_t,nk_k_sup,nrs_ns_r,ns_s_spe,ns_s_sup,ns_sub_r,r_ar_sup,s_k_sub,s_ns_sub,s_nsup_k,sub_r_r,t_k_sup,total_time
20,4,1.0800082236528397e-05,1.0300427675247192e-05,9.999610483646393e-06,5.899928510189056e-06,0.0010941000655293465,6.500165909528732e-06,5.300156772136688e-06,9.200535714626312e-06,1.700129359960556e-06,0.007166700437664986,0.0024826000444591045,0.008882200345396996,0.0008066003210842609,1.3000331819057465e-05,1.0599847882986069e-05,0.0205155024304986
