percentage,execution,k_s_sup,s_k_sub,t_k_sup,ns_s_sup,s_ns_sub,r_ar_sup,ar_r_sub,ns_sub_r,ks_sf_in,sub_r_r,n_r_t,ns_s_spe,nk_k_sup,s_nsup_k,nrs_ns_r,total_time
60,5,1.069999416358769e-05,0.015152000007219613,1.1200012522749603e-05,9.69998654909432e-06,0.02135419999831356,0.02109070000005886,1.1399999493733048e-05,2.0000006770715117e-06,1.0100004146806896e-05,1.5099998563528061e-05,6.199989002197981e-06,4.9000082071870565e-06,0.0031211000023176894,0.002290699994773604,6.50000583846122e-06,0.06309650000184774
