percentage,execution,ar_r_sub,k_s_sup,ks_sf_in,n_r_t,nk_k_sup,nrs_ns_r,ns_s_spe,ns_s_sup,ns_sub_r,r_ar_sup,s_k_sub,s_ns_sub,s_nsup_k,sub_r_r,t_k_sup,total_time
60,8,1.0200000360782724e-05,1.0400000064691994e-05,9.899999895424116e-06,5.9000003602704965e-06,0.0020102999997106963,5.599999894911889e-06,4.999999873689376e-06,9.399999726156238e-06,1.6999993022182025e-06,0.01242290000027424,0.006150700000034703,0.01619600000049104,0.0014393000001291512,1.3100000614940654e-05,1.0300001122232061e-05,0.03830070000185515
