percentage,execution,ar_r_sub,k_s_sup,ks_sf_in,n_r_t,nk_k_sup,nrs_ns_r,ns_s_spe,ns_s_sup,ns_sub_r,r_ar_sup,s_k_sub,s_ns_sub,s_nsup_k,sub_r_r,t_k_sup,total_time
10,5,1.4199875295162201e-05,8.400017395615578e-05,1.0400544852018356e-05,6.6999346017837524e-06,0.0027471999637782574,7.700175046920776e-06,5.09992241859436e-06,1.0500196367502213e-05,1.600012183189392e-06,0.0008883001282811165,0.017431099899113178,0.06554270023480058,0.0023919004015624523,1.4599878340959549e-05,0.009584000334143639,0.0987400016747415
