percentage,execution,k_s_sup,s_k_sub,t_k_sup,ns_s_sup,s_ns_sub,r_ar_sup,ar_r_sub,ns_sub_r,ks_sf_in,sub_r_r,n_r_t,ns_s_spe,nk_k_sup,s_nsup_k,nrs_ns_r,total_time
5,4,1.8300022929906845e-05,0.0011290000984445214,1.5500118024647236e-05,1.2299860827624798e-05,0.004204199998639524,0.004317100043408573,0.00015279988292604685,1.700012944638729e-06,1.2699980288743973e-05,4.1899969801306725e-05,1.0599964298307896e-05,6.299931555986404e-06,0.007050600019283593,0.006627699942328036,1.2399978004395962e-05,0.023613099823705852
